## typecheck :: bun run typecheck
$ tsgo --noEmit

## vendor :: node scripts/verify-vendor.mjs
[verify-vendor] commit OK: 8c57e463e62ddc8d2c7b4a6770dcd2927e91ef29
[verify-vendor] version OK: 5.0.0-beta.20
[verify-vendor] stats OK: 9131 files / 1470231 loc
[verify-vendor] asset OK: skills 317 files
[verify-vendor] asset OK: packages/mpd-agent-teams-plugin/_deps 635 files
[verify-vendor] asset OK: packages/mpd-mcp-astgrep/dist/cli.js 1 files
[verify-vendor] asset OK: packages/mpd-mcp-gitbash/dist/cli.js 1 files
[verify-vendor] asset OK: packages/mpd-mcp-lsp/dist/cli.js 1 files
[verify-vendor] asset OK: packages/mpd-mcp-codegraph/dist/serve.js 1 files
[verify-vendor] PASS

## unit-tests :: bun test packages
bun test v1.3.14 (0d9b296a)

packages/mpd-mcp-shared/bin-resolve.test.mjs:
(pass) ast-grep: $MPD_AST_GREP_BIN_DIR tier wins and prefers ast-grep over sg [2.20ms]
(pass) ast-grep: a candidate that fails the ast-grep probe is skipped, never accepted by name [0.21ms]
(pass) ast-grep: createRequire tier resolves the packed optionalDependency [0.23ms]
(pass) ast-grep: <bundle>/.toolchain tier resolves the link: checkout layout [0.16ms]
(pass) ast-grep: precedence is bin-dir > require > toolchain [0.29ms]
(pass) ast-grep: nothing resolvable returns null and never throws [0.13ms]
(pass) codegraph: <bundle>/.toolchain tier resolves the link: checkout layout [0.41ms]
(pass) codegraph: createRequire tier reads the package's own bin entry [0.61ms]
(pass) bundleRootFrom: <bundle>/packages/<pkg>/launch.mjs -> <bundle> [0.08ms]
(pass) REAL toolchain probe: ast-grep passes, the deprecated sg wrapper fails [9.35ms]

packages/mpd-ulw-plugin/test/engine.test.ts:
(pass) engine policy: plan -> round -> verify -> quality gate with ledger [4.80ms]
(pass) engine alias and 2-fruitless-waves stop [0.52ms]
(pass) DeepSeek V4 / DSH contract: role text in prompt (no persona field), pro for planner/reviewer, compact handoff [0.82ms]

packages/mpd-memory-plugin/test/memory.test.ts:
(pass) git backend: write -> commit -> read -> reflection due [34.15ms]
(pass) svn backend REAL svn CLI: repo create, checkout, commit, log [98.86ms]
(pass) both vcs: commits to git and svn [143.19ms]
(pass) svn backend wiring with fake svn CLIs [13.24ms]

packages/mpd-config-plugin/test/settings-wiring.test.ts:
[mpd-config] settings bridge: registered the "mpd" namespace with the file-derived base (applies:'restart', design §10.1)
[mpd-config] settings bridge: migrated 1 saved settings value(s) into /tmp/mpd-wiring-XTBxiF/ws/.mpd/mpd.jsonc (marker bridge.migratedRevision=2).
(pass) namespace ownership (design §10.1): THIS package registers, with the file-derived base > one registration, applies:'restart', and the base is the FILE layer — never the resolved value [5.72ms]
[mpd-config] settings bridge: could not register the "mpd" namespace (settings namespace "mpd" is already registered) — the TUI fallback owns it now.
(pass) namespace ownership (design §10.1): THIS package registers, with the file-derived base > a refused registration names the host's reason and leaves the TUI fallback to own it [0.31ms]
[mpd-config] settings bridge: 2 live workspaces (/tmp/mpd-wiring-PTeCEr/ws, /tmp/mpd-wiring-8qmx9o/ws) — the namespace base is NOT derived from a file, because the file is per-workspace and the namespace is host-global; both front doors will show the schema defaults until exactly one workspace is live.
[mpd-config] settings bridge: registered the "mpd" namespace with the file-derived base (applies:'restart', design §10.1)
[mpd-config] settings bridge: saved to settings — NOT written to any file: 2 live workspaces, so the target is ambiguous. Candidates: /tmp/mpd-wiring-PTeCEr/ws, /tmp/mpd-wiring-8qmx9o/ws. Keep one session live, or edit that workspace's .mpd/mpd.jsonc directly.
[mpd-config] settings bridge: saved to settings — NOT written to any file: 2 live workspaces, so the target is ambiguous. Candidates: /tmp/mpd-wiring-PTeCEr/ws, /tmp/mpd-wiring-8qmx9o/ws. Keep one session live, or edit that workspace's .mpd/mpd.jsonc directly.
[mpd-config] settings bridge ambiguous-multi-root: {"writtenTo":[],"skipped":"ambiguous-multi-root","candidates":["/tmp/mpd-wiring-PTeCEr/ws","/tmp/mpd-wiring-8qmx9o/ws"],"results":[],"applies":"restart","source":"update","revision":2}
(pass) namespace ownership (design §10.1): THIS package registers, with the file-derived base > A3 'not a lost edit': with N roots refused, the READ-IN still resolves the new value for every workspace [1.15ms]
[mpd-config] settings bridge: registered the "mpd" namespace with the file-derived base (applies:'restart', design §10.1)
[mpd-config] settings bridge: migrated 1 saved settings value(s) into /tmp/mpd-wiring-FSaiI2/ws/.mpd/mpd.jsonc (marker bridge.migratedRevision=2).
(pass) read-in precedence (design §1.1/§10.4, U12) > L3 outranks the file layers, and a missing L3 key falls back to the file [0.98ms]
[mpd-config] settings bridge: registered the "mpd" namespace with the file-derived base (applies:'restart', design §10.1)
[mpd-config] settings bridge: migrated 1 saved settings value(s) into /tmp/mpd-wiring-vlhndL/ws/.mpd/mpd.jsonc (marker bridge.migratedRevision=2).
(pass) read-in precedence (design §1.1/§10.4, U12) > the in-namespace marker never becomes config and never reaches the file [0.65ms]
[mpd-config] settings bridge: registered the "mpd" namespace with the file-derived base (applies:'restart', design §10.1)
(pass) read-in precedence (design §1.1/§10.4, U12) > with the namespace unserved the file layers still resolve (degraded, not fatal) [0.33ms]
[mpd-config] settings bridge: registered the "mpd" namespace with the file-derived base (applies:'restart', design §10.1)
[mpd-config] settings bridge WROTE: {"writtenTo":["/tmp/mpd-wiring-TbXCt0/ws/.mpd/mpd.jsonc"],"skipped":null,"candidates":[],"results":[{"root":"/tmp/mpd-wiring-TbXCt0/ws","file":"/tmp/mpd-wiring-TbXCt0/ws/.mpd/mpd.jsonc","outcome":"written"}],"applies":"restart","source":"update","revision":3}
[mpd-config] settings bridge: migrated 1 saved settings value(s) into /tmp/mpd-wiring-TbXCt0/ws/.mpd/mpd.jsonc (marker bridge.migratedRevision=2).
(pass) the write-back target rules (design §A.1/§10.5) > U1/A2: one live root — a front-door edit rewrites exactly that file, comments intact [1.69ms]
[mpd-config] settings bridge: registered the "mpd" namespace with the file-derived base (applies:'restart', design §10.1)
[mpd-config] settings bridge: migration deferred — no live session workspace to migrate into (nothing was written to process.cwd()).
[mpd-config] settings bridge: saved to settings — not yet written to any .mpd/mpd.jsonc (no live session). Start a session in the intended workspace to persist it.
[mpd-config] settings bridge no-live-session: {"writtenTo":[],"skipped":"no-live-session","candidates":[],"results":[],"applies":"restart","source":"update","revision":2}
(pass) the write-back target rules (design §A.1/§10.5) > U13: zero live roots writes NOTHING anywhere and says so [0.38ms]
[mpd-config] settings bridge: 2 live workspaces (/tmp/mpd-wiring-nqMRgZ/ws, /tmp/mpd-wiring-JBrcME/ws) — the namespace base is NOT derived from a file, because the file is per-workspace and the namespace is host-global; both front doors will show the schema defaults until exactly one workspace is live.
[mpd-config] settings bridge: registered the "mpd" namespace with the file-derived base (applies:'restart', design §10.1)
[mpd-config] settings bridge: saved to settings — NOT written to any file: 2 live workspaces, so the target is ambiguous. Candidates: /tmp/mpd-wiring-nqMRgZ/ws, /tmp/mpd-wiring-JBrcME/ws. Keep one session live, or edit that workspace's .mpd/mpd.jsonc directly.
[mpd-config] settings bridge: saved to settings — NOT written to any file: 2 live workspaces, so the target is ambiguous. Candidates: /tmp/mpd-wiring-nqMRgZ/ws, /tmp/mpd-wiring-JBrcME/ws. Keep one session live, or edit that workspace's .mpd/mpd.jsonc directly.
[mpd-config] settings bridge ambiguous-multi-root: {"writtenTo":[],"skipped":"ambiguous-multi-root","candidates":["/tmp/mpd-wiring-nqMRgZ/ws","/tmp/mpd-wiring-JBrcME/ws"],"results":[],"applies":"restart","source":"update","revision":2}
(pass) the write-back target rules (design §A.1/§10.5) > U14 must-fail-on-fanout: two live roots REFUSE, name both, and touch no file [0.84ms]
[mpd-config] settings bridge: registered the "mpd" namespace with the file-derived base (applies:'restart', design §10.1)
[mpd-config] settings bridge: write-back is DISABLED by config (settingsBridge.writeBack=false or MPD_DSH_TUI_SETTINGS_BRIDGE=off) — the settings value took effect, no file was written.
[mpd-config] settings bridge DISABLED: {"writtenTo":[],"skipped":"disabled","candidates":[],"results":[],"applies":"restart","source":"update","revision":2}
(pass) the write-back target rules (design §A.1/§10.5) > A6 negative control: the switch disables the FILE write only, never the value [0.66ms]
[mpd-config] settings bridge: registered the "mpd" namespace with the file-derived base (applies:'restart', design §10.1)
[mpd-config] settings bridge: write-back is DISABLED by config (settingsBridge.writeBack=false or MPD_DSH_TUI_SETTINGS_BRIDGE=off) — the settings value took effect, no file was written.
[mpd-config] settings bridge DISABLED: {"writtenTo":[],"skipped":"disabled","candidates":[],"results":[],"applies":"restart","source":"update","revision":2}
(pass) the write-back target rules (design §A.1/§10.5) > the design's flat key (`writeBack:false`) disables it too, and both spellings are reported [0.48ms]
[mpd-config] settings bridge: registered the "mpd" namespace with the file-derived base (applies:'restart', design §10.1)
[mpd-config] settings bridge: write-back is DISABLED by config (settingsBridge.writeBack=false or MPD_DSH_TUI_SETTINGS_BRIDGE=off) — the settings value took effect, no file was written.
[mpd-config] settings bridge DISABLED: {"writtenTo":[],"skipped":"disabled","candidates":[],"results":[],"applies":"restart","source":"update","revision":2}
(pass) the write-back target rules (design §A.1/§10.5) > the env lever disables it too (MPD_DSH_TUI_SETTINGS_BRIDGE=off) [0.46ms]
[mpd-config] settings bridge: registered the "mpd" namespace with the file-derived base (applies:'restart', design §10.1)
[mpd-config] settings bridge: migrated 1 saved settings value(s) into /tmp/mpd-wiring-iHHm44/ws/.mpd/mpd.jsonc (marker bridge.migratedRevision=2).
(pass) the write-back target rules (design §A.1/§10.5) > a provider reload is a READ-IN only: it never echoes into a file write [0.62ms]
[mpd-config] settings bridge: registered the "mpd" namespace with the file-derived base (applies:'restart', design §10.1)
[mpd-config] settings bridge: migrated 1 saved settings value(s) into /tmp/mpd-wiring-l2DtsZ/ws/.mpd/mpd.jsonc (marker bridge.migratedRevision=2).
(pass) the write-back target rules (design §A.1/§10.5) > a raw-section change with NO new leaf writes nothing (the loop gate) [0.58ms]
[mpd-config] settings bridge: registered the "mpd" namespace with the file-derived base (applies:'restart', design §10.1)
[mpd-config] settings bridge: migrated 1 saved settings value(s) into /tmp/mpd-wiring-OMmnJU/ws/.mpd/mpd.jsonc (marker bridge.migratedRevision=5).
(pass) migration (design §6, U15) > a pre-seeded user section migrates into the file once and records the marker [3.50ms]
[mpd-config] settings bridge: registered the "mpd" namespace with the file-derived base (applies:'restart', design §10.1)
(pass) migration (design §6, U15) > idempotence: a second boot at the recorded revision writes nothing [1.77ms]
[mpd-config] settings bridge: registered the "mpd" namespace with the file-derived base (applies:'restart', design §10.1)
[mpd-config] settings bridge: migration deferred — no live session workspace to migrate into (nothing was written to process.cwd()).
(pass) migration (design §6, U15) > with no live root the migration is DEFERRED and nothing is written to process.cwd() [1.56ms]
[mpd-config] settings bridge: 2 live workspaces (/tmp/mpd-wiring-49ZYJT/ws, /tmp/mpd-wiring-0jHsRE/ws) — the namespace base is NOT derived from a file, because the file is per-workspace and the namespace is host-global; both front doors will show the schema defaults until exactly one workspace is live.
[mpd-config] settings bridge: registered the "mpd" namespace with the file-derived base (applies:'restart', design §10.1)
[mpd-config] settings bridge: saved to settings — NOT written to any file: 2 live workspaces, so the target is ambiguous. Candidates: /tmp/mpd-wiring-49ZYJT/ws, /tmp/mpd-wiring-0jHsRE/ws. Keep one session live, or edit that workspace's .mpd/mpd.jsonc directly.
(pass) migration (design §6, U15) > two live roots defer the migration with the ambiguous reason, not a guess [1.54ms]
[mpd-config] settings bridge: registered the "mpd" namespace with the file-derived base (applies:'restart', design §10.1)
[mpd-config] settings bridge: migration did NOT complete (unparsable unparsable for /tmp/mpd-wiring-qZ31EF/ws/.mpd/mpd.jsonc); the settings document is left untouched so nothing is lost.
(pass) migration (design §6, U15) > a refusing target aborts the migration loudly and leaves the document alone [1.84ms]
[mpd-config] settings bridge: registered the "mpd" namespace with the file-derived base (applies:'restart', design §10.1)
[mpd-config] settings bridge WROTE: {"writtenTo":["/tmp/mpd-wiring-LRWuBb/ws/.mpd/mpd.jsonc"],"skipped":null,"candidates":[],"results":[{"root":"/tmp/mpd-wiring-LRWuBb/ws","file":"/tmp/mpd-wiring-LRWuBb/ws/.mpd/mpd.jsonc","outcome":"written"}],"applies":"restart","source":"update","revision":6}
[mpd-config] settings bridge: migrated 1 saved settings value(s) into /tmp/mpd-wiring-LRWuBb/ws/.mpd/mpd.jsonc (marker bridge.migratedRevision=5).
[mpd-config] settings bridge: a file edit won — cleared the overlapping settings override(s) ulw.maxRounds so the file's new value applies.
(pass) the §1.2 clearing rule (a fresh FILE edit wins over a stale override) > a file value the bridge recorded is unset from the user section under the revision fence [2.49ms]
[mpd-config] settings bridge: registered the "mpd" namespace with the file-derived base (applies:'restart', design §10.1)
(pass) the file-derived base under the captain's cardinality rule (§10.1 + ruling) > ONE live root: the base is that workspace's file (a file value that differs from the schema default) [0.34ms]
[mpd-config] settings bridge: registered the "mpd" namespace with the file-derived base (applies:'restart', design §10.1)
(pass) the file-derived base under the captain's cardinality rule (§10.1 + ruling) > ZERO live roots: the mount-time root is used, and no file there means an empty base (schema defaults) [0.14ms]
[mpd-config] settings bridge: 2 live workspaces (/tmp/mpd-wiring-6w04Fq/ws, /tmp/mpd-wiring-UibLI2/ws) — the namespace base is NOT derived from a file, because the file is per-workspace and the namespace is host-global; both front doors will show the schema defaults until exactly one workspace is live.
[mpd-config] settings bridge: registered the "mpd" namespace with the file-derived base (applies:'restart', design §10.1)
(pass) the file-derived base under the captain's cardinality rule (§10.1 + ruling) > N live roots: NO base is invented, the ambiguity is surfaced, and the schema defaults stand [0.47ms]

packages/mpd-config-plugin/test/config.test.ts:
(pass) stripJsonc removes comments and trailing commas [0.21ms]
(pass) stripJsonc keeps comments inside strings [0.03ms]
(pass) deepMerge project wins, nested merged, pollution safe [0.23ms]
[mpd-config] settings bridge: could not register the "mpd" namespace (settings service is unavailable) — the TUI fallback owns it now.
(pass) mpd_config_get result is lossless JSON for a missing key (value null, never undefined) [1.09ms]
[mpd-config] settings bridge: could not register the "mpd" namespace (settings service is unavailable) — the TUI fallback owns it now.
(pass) mpdConfig service get resolves dot-paths (consistent with mpd_config_get) [0.52ms]

packages/mpd-config-plugin/test/bridge.test.ts:
(pass) target set (design §A.1 — never a guessed root) > U14: exactly one live root is written; two live roots REFUSE and name both candidates [1.03ms]
(pass) target set (design §A.1 — never a guessed root) > U14 (must-fail-if-fanout): two live roots touch NO file, the settings write is untouched [0.46ms]
(pass) target set (design §A.1 — never a guessed root) > zero live roots writes NOTHING anywhere and reports no-live-session [0.06ms]
(pass) target set (design §A.1 — never a guessed root) > the negative-control switch refuses to write even with a live root [0.20ms]
(pass) happy paths > U1: a live root gets the value written with comments, order and trailing commas intact [0.49ms]
(pass) happy paths > U11: a missing target is created with the header comment, and a repeat run is unchanged [0.63ms]
(pass) happy paths > the writer reports per root when handed several targets (the DECIDER never hands it more than one) [1.01ms]
(pass) loud failure paths (design §B.2/§7) > U10: a read-only target is reported denied, byte-untouched, and names the file [0.26ms]
(pass) loud failure paths (design §B.2/§7) > U9: an unparsable target is skipped without writing a byte [0.23ms]
(pass) loud failure paths (design §B.2/§7) > a duplicate key in the target refuses with both line numbers and no write [0.41ms]
(pass) loud failure paths (design §B.2/§7) > U8: a human edit landing mid-write ends as conflict, leaving the human's bytes [0.58ms]
(pass) section leaves and the change diff > a front-door edit yields only the added/changed leaves; a reset yields none [0.19ms]
(pass) section leaves and the change diff > U12 helper: an unchanged section produces no write (the deep-equal gate cannot drop a raw change) [0.08ms]
(pass) leavesFromSection > only declared paths become leaves, and absent paths are skipped [0.14ms]
(pass) the settled duplicate-key ruling reaches the writer's report (nothing silent) > a duplicated leaf key is WRITTEN (last occurrence) and the per-root result carries the loud note [0.50ms]
(pass) the settled duplicate-key ruling reaches the writer's report (nothing silent) > a duplicated INTERMEDIATE is still refused byte-untouched [0.33ms]

packages/mpd-config-plugin/test/jsonc-edit.test.ts:
(pass) U1 byte fidelity > only the edited value span changes; comments, order, trailing comma and final newline survive [0.26ms]
(pass) U1 byte fidelity > an identical edit is a byte-level no-op (idempotence, U11) [0.11ms]
(pass) U2 escapes and decoded keys (E1) > a neighbouring escaped string is untouched and a dotted key matches decoded text [0.17ms]
(pass) U3/E6 nested insert > a missing intermediate object is materialised and appended as the LAST member [0.14ms]
(pass) U3/E6 nested insert > a missing leaf inside an existing object is appended as the last member [0.11ms]
(pass) U3/E6 nested insert > without the insert option a missing path refuses and returns no text [0.06ms]
(pass) U4/E3 deletion span arithmetic > deleting the only member leaves valid JSONC with no dangling comma [0.56ms]
(pass) U4/E3 deletion span arithmetic > deleting a middle member keeps the remaining members valid and ordered [0.15ms]
(pass) U5 arrays (E4) > replace, append and delete an element, including deleting to an empty array [0.49ms]
(pass) U6 duplicate keys — the settled ruling: SET updates the LAST, UNSET removes ALL > set: the LAST occurrence is updated, the first is byte-identical, and the note names every line [0.24ms]
(pass) U6 duplicate keys — the settled ruling: SET updates the LAST, UNSET removes ALL > set: a top-level duplicated leaf behaves the same way (the design's U6 fixture) [0.14ms]
(pass) U6 duplicate keys — the settled ruling: SET updates the LAST, UNSET removes ALL > set: a single occurrence carries NO note (nothing to warn about) [0.06ms]
(pass) U6 duplicate keys — the settled ruling: SET updates the LAST, UNSET removes ALL > unset: EVERY occurrence is removed, so the key is genuinely gone from the parsed document [0.16ms]
(pass) U6 duplicate keys — the settled ruling: SET updates the LAST, UNSET removes ALL > unset via the DELETE sentinel removes every occurrence too [0.11ms]
(pass) U6 duplicate keys — the settled ruling: SET updates the LAST, UNSET removes ALL > a duplicated INTERMEDIATE still refuses as `ambiguous-intermediate`, byte-untouched, for BOTH set and unset [0.15ms]
(pass) U7 CRLF (E7) > existing endings are preserved and an inserted line uses CRLF [0.29ms]
(pass) E3 trailing-comma style on insert > a document that uses a trailing comma does not gain a dangling or doubled comma [0.19ms]
(pass) U9 unparsable (E9) > a malformed document refuses with 'unparsable' and returns no text [0.30ms]
(pass) reader parity > stripJsoncText tolerates comments and trailing commas exactly like the shipped reader [0.04ms]
(pass) regression: the shipped reader's trailing-comma probe (found by these tests) > a trailing comma followed by a comment no longer breaks JSON.parse [0.07ms]
(pass) the design-named API surface (§10.2): locateValueSpan, DELETE, EditRefusal/EditResult > locateValueSpan proves the exact value span and reports the comma/eol facts [0.21ms]
(pass) the design-named API surface (§10.2): locateValueSpan, DELETE, EditRefusal/EditResult > locateValueSpan refuses with the named reasons instead of guessing [0.13ms]
(pass) the design-named API surface (§10.2): locateValueSpan, DELETE, EditRefusal/EditResult > the DELETE sentinel is accepted by surgicalEdit and equals surgicalDelete [0.12ms]

packages/mpd-roles-plugin/test/roles.test.ts:
(pass) roster: 11 roles, unique ids, non-empty chains and fields [0.98ms]
(pass) persona assets exist for every role and contain real instructions [0.73ms]
(pass) normalizeRoleKey: canonical, chain keys and legacy mpd- ids [0.14ms]
(pass) normalizeRoleKey: team-style normal names resolve to the same role as their id [0.32ms]
(pass) a one-shot spawn is labelled with the team-style normal name, not the id [2.65ms]
(pass) no surface advertises an upstream alias: names plus what a role does [3.24ms]
(pass) the roster tool payloads carry no id field (an alias is not part of a result) [1.28ms]
(pass) mpdRoles service: list 11, get resolves aliases, unknown is null [1.35ms]
(pass) mpd_role_persona returns the extracted persona text under the role's NAME [0.58ms]
(pass) mpd_role_spawn: read-only roles get write-deny toolFilter, workers none [1.40ms]
(pass) mpd_roles_list returns the full roster summary [0.68ms]
(pass) read-only deny list covers every write-capable tool (no shell/AST/LSP write bypass) [0.63ms]
(pass) read-only deny list carries no dead tool name (the defect that broke every read-only spawn) [0.06ms]
(pass) the same dead names must not reappear in the roles source or its built dist [0.30ms]
(pass) the built dist renders no role as `Name (upstream-alias)` [0.64ms]
(pass) roles and workmate read-only deny lists are exactly equal (drift guard) [0.30ms]
[mpd-ext] mpdExtensions provided (apiVersion 1) | tools: mpd_ext_list, mpd_ext_show, mpd_flow_list, mpd_flow_show | skill providers: mpd-ext:mpd-ext-example, mpd-ext:project-plane | project plane: <session workspace>/.mpd/extensions (per call)
(pass) extension roles: a real mpd-ext registration joins the roster with its owning extension [16.52ms]
[mpd-ext] mpdExtensions provided (apiVersion 1) | tools: mpd_ext_list, mpd_ext_show, mpd_flow_list, mpd_flow_show | skill providers: mpd-ext:mpd-ext-example, mpd-ext:project-plane | project plane: <session workspace>/.mpd/extensions (per call)
(pass) extension roles: resolved PER CALL — later registration and disabled extensions take effect next call [2.96ms]
[mpd-ext] mpdExtensions provided (apiVersion 1) | tools: mpd_ext_list, mpd_ext_show, mpd_flow_list, mpd_flow_show | skill providers: mpd-ext:mpd-ext-example, mpd-ext:project-plane | project plane: <session workspace>/.mpd/extensions (per call)
(pass) extension roles: a name colliding with a base role or another extension is refused loudly, never fatally [5.21ms]
[mpd-ext] mpdExtensions provided (apiVersion 1) | tools: mpd_ext_list, mpd_ext_show, mpd_flow_list, mpd_flow_show | skill providers: mpd-ext:mpd-ext-example, mpd-ext:project-plane | project plane: <session workspace>/.mpd/extensions (per call)
(pass) extension roles: usable as a workmate BASE template (real mpd_workmate_init) [3.61ms]
(pass) extension roles: an absent or broken mpdExtensions service leaves the base roster answering [2.25ms]
[mpd-ext] mpdExtensions provided (apiVersion 1) | tools: mpd_ext_list, mpd_ext_show, mpd_flow_list, mpd_flow_show | skill providers: mpd-ext:mpd-ext-example, mpd-ext:project-plane | project plane: <session workspace>/.mpd/extensions (per call)
(pass) extension roles do NOT enter the agent-teams `mpd` profile member list (documented limit) [1.75ms]
(pass) the built dist carries the extension-role wiring (a src-only change would ship dead) [0.31ms]
[mpd-ext] mpdExtensions provided (apiVersion 1) | tools: mpd_ext_list, mpd_ext_show, mpd_flow_list, mpd_flow_show | skill providers: mpd-ext:mpd-ext-example, mpd-ext:project-plane | project plane: <session workspace>/.mpd/extensions (per call)
(pass) extension roles: a PROJECT-plane extension's role is refused (the contract rejects it) [3.41ms]

packages/mpd-codegraph-plugin/src/index.test.ts:
(pass) O-1 apply-time project root > no session and no override falls back to process.cwd() [1.66ms]
(pass) O-1 apply-time project root > a session workspace (exec-less DSH_WORKSPACE_ROOT) beats the process cwd [0.59ms]
(pass) O-1 apply-time project root > the explicit project-cwd override wins over the session workspace [0.59ms]
(pass) O-1 apply-time project root > the status line names the session workspace, and the home skip still applies [0.44ms]
(pass) O-1 call-time /mpd-codegraph handler > resolves the invocation's session workspace, not the apply-time root [0.87ms]
(pass) O-1 call-time /mpd-codegraph handler > returns the harness CommandResult shape (kind), never the legacy success flag [0.42ms]
(pass) O-1 call-time /mpd-codegraph handler > re-resolves per invocation: two sessions, two targets [0.40ms]

packages/mpd-team-watchdog-plugin/test/pre-step-waterfall.test.ts:
(pass) agent/pre-step is a waterfall (the decision must survive a heartbeat) > the pre-step listener DELEGATES: the decision reaches the harness unchanged [14.06ms]
(pass) agent/pre-step is a waterfall (the decision must survive a heartbeat) > the listener delegates DOWNSTREAM: a later listener still runs and its decision wins [3.14ms]
(pass) agent/pre-step is a waterfall (the decision must survive a heartbeat) > NEGATIVE CONTROL: the retired shape really does clobber the decision [1.31ms]
(pass) agent/pre-step is a waterfall (the decision must survive a heartbeat) > no listener we install returns a value on a non-waterfall dispatch (emit/serial) [1.82ms]
(pass) agent/pre-step is a waterfall (the decision must survive a heartbeat) > a THROWING stamp still delegates: a heartbeat failure never vetoes the step [1.38ms]

packages/mpd-team-watchdog-plugin/test/heartbeat.test.ts:
(pass) heartbeat store > a model step stamps the member AND the task the member owns [0.72ms]
(pass) heartbeat store > the captain is stamped under its own key by the same code path [0.49ms]
(pass) heartbeat store > an agent outside every team still stamps, under a per-session key [0.54ms]
(pass) heartbeat store > the tool pair: the PRE hook opens the call (tool-start), the POST hook closes it (tool) [1.08ms]
(pass) heartbeat store > turn boundaries are stamped and an old generation is rotated away [2.67ms]
(pass) heartbeat store > timestamps advance across a turn (>= 3 distinct lastSeen values) [15.03ms]
(pass) heartbeat store > r2: rotation is PER TEAM, so one team's turnover cannot evict the other team's evidence [0.79ms]
(pass) heartbeat store > a torn last line does not hide the stamps before it [0.45ms]

packages/mpd-team-watchdog-plugin/test/holds.test.ts:
(pass) the mpdWatchdog reader (A2-1 option (b)) > an unknown team is not held, and a recorded hold makes it held [0.81ms]
(pass) the mpdWatchdog reader (A2-1 option (b)) > the file fallback answers for a hold ANOTHER process wrote (the cross-process caveat) [0.59ms]
[mpd-team-watchdog] applied: enabled=true warnSilenceMs=7200000 tickIntervalMs=3600000 warnStreakToEscalate=3 actionOnEscalate=pause stateDir=.mpd/team disposers=6 holdService=mpdWatchdog hydratedHolds=1 deadTeamGraceMs=86400000 toolInFlightMaxMs=900000
(pass) the mpdWatchdog reader (A2-1 option (b)) > hydrate at apply loads the holds that already exist on disk [1.64ms]
[mpd-team-watchdog] applied: enabled=true warnSilenceMs=7200000 tickIntervalMs=3600000 warnStreakToEscalate=3 actionOnEscalate=pause stateDir=.mpd/team disposers=6 holdService=mpdWatchdog hydratedHolds=0 deadTeamGraceMs=86400000 toolInFlightMaxMs=900000
(pass) the mpdWatchdog reader (A2-1 option (b)) > the documented gate call shape returns exactly what a decline gate branches on [1.20ms]
[mpd-team-watchdog] ctx.provide is unavailable — the hold reader is not published and the w7 gates stay fail-open
[mpd-team-watchdog] applied: enabled=true warnSilenceMs=7200000 tickIntervalMs=3600000 warnStreakToEscalate=3 actionOnEscalate=pause stateDir=.mpd/team disposers=6 holdService=none hydratedHolds=0 deadTeamGraceMs=86400000 toolInFlightMaxMs=900000
(pass) the mpdWatchdog reader (A2-1 option (b)) > FAIL-OPEN: a context without ctx.provide publishes no service, and the gate expression is simply false [0.30ms]
(pass) the mpdWatchdog reader (A2-1 option (b)) > never throws on a hostile path: the gates call it on every dispatch [0.26ms]
[mpd-team-watchdog] applied: enabled=true warnSilenceMs=7200000 tickIntervalMs=3600000 warnStreakToEscalate=3 actionOnEscalate=pause stateDir=.mpd/team disposers=6 holdService=mpdWatchdog hydratedHolds=0 deadTeamGraceMs=86400000 toolInFlightMaxMs=900000
(pass) the mpdWatchdog reader (A2-1 option (b)) > a mutation through the plugin's own actions keeps the reader in step, both ways [0.88ms]
(pass) the mpdWatchdog reader (A2-1 option (b)) > a direct applyResume with no registry argument still works (the registry is optional) [0.30ms]
[mpd-team-watchdog] knob watchdog.tickIntervalMs: must be < watchdog.warnSilenceMs (90000); clamped — using 30000
[mpd-team-watchdog] applied: enabled=true warnSilenceMs=90000 tickIntervalMs=30000 warnStreakToEscalate=3 actionOnEscalate=pause stateDir=.mpd/team disposers=6 holdService=mpdWatchdog hydratedHolds=0 deadTeamGraceMs=86400000 toolInFlightMaxMs=900000
[mpd-team-watchdog] WARN team-a task=t1 member=Architect silence=90001ms streak=1 hold=not-requested scene=/tmp/watchdog-test-UlWCXX/.mpd/team/watchdog/scene/team-a/20260916T025640Z-warn.json
[mpd-team-watchdog] WARN team-a task=t1 member=Architect silence=90002ms streak=2 hold=not-requested scene=/tmp/watchdog-test-UlWCXX/.mpd/team/watchdog/scene/team-a/20260916T025640Z-warn-2.json
[mpd-team-watchdog] ESCALATE team-a task=t1 member=Architect silence=90003ms streak=3 hold=applied scene=/tmp/watchdog-test-UlWCXX/.mpd/team/watchdog/scene/team-a/20260916T025640Z-escalate.json
(pass) the engine keeps the reader in step with its own hold > an ESCALATE hold lands in the registry through the plugin's own tool action [6.51ms]
[mpd-team-watchdog] applied: enabled=true warnSilenceMs=7200000 tickIntervalMs=3600000 warnStreakToEscalate=3 actionOnEscalate=pause stateDir=.mpd/team disposers=6 holdService=mpdWatchdog hydratedHolds=0 deadTeamGraceMs=86400000 toolInFlightMaxMs=900000
[mpd-team-watchdog] WARN team-a task=t1 member=Architect silence=30001ms streak=1 hold=not-requested scene=/tmp/watchdog-test-3OakMx/.mpd/team/watchdog/scene/team-a/20260916T025540Z-warn.json
(pass) the engine keeps the reader in step with its own hold > a namespace that registers AFTER apply still tunes the tick (per-tick knob re-read) [1.57ms]
(pass) the mpdWatchdog service's front-door reads (w6b) > heldTeams lists the live hold index from disk, sorted, and answers [] with no store [0.55ms]
(pass) the mpdWatchdog service's front-door reads (w6b) > view / unread / acknowledge drive the durable watermark (byte-level) and never throw [1.73ms]
[mpd-team-watchdog] applied: enabled=true warnSilenceMs=7200000 tickIntervalMs=3600000 warnStreakToEscalate=3 actionOnEscalate=pause stateDir=.mpd/team disposers=6 holdService=mpdWatchdog hydratedHolds=0 deadTeamGraceMs=86400000 toolInFlightMaxMs=900000
(pass) the mpdWatchdog service's front-door reads (w6b) > the published service carries every front-door member, and holdService is still mpdWatchdog [0.68ms]

packages/mpd-team-watchdog-plugin/test/failsafe.test.ts:
(pass) AC-15 fail-safe > a throwing tick body is caught and counted, and the tick still returns [2.49ms]
[mpd-team-watchdog] applied: enabled=true warnSilenceMs=120000 tickIntervalMs=60000 warnStreakToEscalate=3 actionOnEscalate=pause stateDir=.mpd/team disposers=6 holdService=mpdWatchdog hydratedHolds=0 deadTeamGraceMs=86400000 toolInFlightMaxMs=900000
(pass) AC-15 fail-safe > exactly ONE interval owns the cadence, and a live cadence change replaces it [0.44ms]
(pass) AC-15 fail-safe > a tick with no state change writes nothing (no write loop) [1.67ms]
(pass) AC-15 fail-safe > an unwritable heartbeat location degrades to a counted failure [0.76ms]
[mpd-team-watchdog-test] WARN team-a task=t1 member=Architect silence=90001ms streak=1 hold=not-requested scene=/tmp/watchdog-test-JyEwfu/.mpd/team/watchdog/scene/team-a/20260916T025640Z-warn.json
(pass) AC-15 fail-safe > a tick that starts while the previous one runs is skipped, never queued [1.55ms]
(pass) AC-15 fail-safe > the env kill switch makes the tick observe nothing at all [1.34ms]
[mpd-team-watchdog] disabled by configuration — no heartbeat tick will run
[mpd-team-watchdog] applied: enabled=false warnSilenceMs=7200000 tickIntervalMs=3600000 warnStreakToEscalate=3 actionOnEscalate=pause stateDir=.mpd/team disposers=6 holdService=mpdWatchdog hydratedHolds=0 deadTeamGraceMs=86400000 toolInFlightMaxMs=900000
(pass) AC-15 fail-safe > a row config kill switch also disables the engine [0.50ms]

packages/mpd-team-watchdog-plugin/test/sidecars.test.ts:
(pass) the hold sidecar > lives beside team.json and never changes a byte of it [0.60ms]
(pass) the hold sidecar > is idempotent by id: a second identical write changes no bytes [0.28ms]
(pass) the hold sidecar > re-applying a hold keeps the original id and since (the hold is not restarted) [0.30ms]
(pass) the hold sidecar > a resume of a non-held team is a no-op, and a second resume is a no-op [0.34ms]
(pass) the hold sidecar > a hold without a team_id is refused with a reason, never thrown [0.31ms]
(pass) incidents and the read watermark > a record per incident plus a watermark per reader [0.67ms]
[mpd-team-watchdog] applied: enabled=true warnSilenceMs=7200000 tickIntervalMs=3600000 warnStreakToEscalate=3 actionOnEscalate=pause stateDir=.mpd/team disposers=6 holdService=mpdWatchdog hydratedHolds=0 deadTeamGraceMs=86400000 toolInFlightMaxMs=900000
(pass) the plugin's own actions > apply() registers exactly the three actions on the adapter [0.33ms]
[mpd-team-watchdog] applied: enabled=true warnSilenceMs=7200000 tickIntervalMs=3600000 warnStreakToEscalate=3 actionOnEscalate=pause stateDir=.mpd/team disposers=6 holdService=mpdWatchdog hydratedHolds=0 deadTeamGraceMs=86400000 toolInFlightMaxMs=900000
(pass) the plugin's own actions > the hold and resume actions are reachable through the adapter's internal tool seam [0.88ms]

packages/mpd-team-watchdog-plugin/test/machine.test.ts:
(pass) knobs > an absent namespace resolves to the frozen defaults [0.08ms]
(pass) knobs > the watchdog section is read from the mpd namespace by its exact paths [0.07ms]
(pass) knobs > a cadence at or beyond the silence threshold is clamped loudly, not thrown [0.06ms]
(pass) knobs > a bad knob type falls back with a recorded issue [0.07ms]
(pass) knobs > the env kill switch forces the watchdog off [0.06ms]
(pass) the machine > exactly one WARN per silent tick, and the third WARN escalates once [0.24ms]
(pass) the machine > a new attemptId starts a clean streak [0.09ms]
(pass) the machine > any recent stamp resets the streak [0.05ms]
(pass) the machine > a claimed task whose owner never stamped is never-started, and never escalates [0.08ms]
(pass) the machine > a COMPLETED turn is not a wedge: a turn-end newest stamp never warns or escalates [0.07ms]
(pass) the machine > a stale streak is RESET by the boundary (the completed turn cannot spend it later) [0.13ms]
(pass) the machine > W11-1 REGRESSION (the Reviewer's exact probe shape): two teams, both tasks t1, BOTH with an empty attemptId, each observed once per tick [0.37ms]
(pass) the machine > W11-2: a stamp from ANOTHER attempt does not satisfy the precondition (it is never-started, not silent) [0.13ms]
(pass) the machine > a disabled watchdog observes nothing [0.05ms]
[mpd-team-watchdog-test] WARN team-a task=t1 member=Architect silence=90001ms streak=1 hold=not-requested scene=/tmp/watchdog-test-dfLOpk/.mpd/team/watchdog/scene/team-a/20260916T025640Z-warn.json
[mpd-team-watchdog-test] WARN team-a task=t1 member=Architect silence=90002ms streak=2 hold=not-requested scene=/tmp/watchdog-test-dfLOpk/.mpd/team/watchdog/scene/team-a/20260916T025640Z-warn-2.json
[mpd-team-watchdog-test] the hold action was unreachable through the tool seam (unknown tool session-watchdog-hold) — falling back to a direct write
[mpd-team-watchdog-test] ESCALATE team-a task=t1 member=Architect silence=90003ms streak=3 hold=applied scene=/tmp/watchdog-test-dfLOpk/.mpd/team/watchdog/scene/team-a/20260916T025640Z-escalate.json
(pass) the machine over a real team record > WARN then ESCALATE land on disk with the hold applied through the tool seam [3.41ms]
[mpd-team-watchdog-test] knobs re-read (enabled=true, warnSilenceMs=20000, tickIntervalMs=15000, warnStreakToEscalate=3, actionOnEscalate=pause)
[mpd-team-watchdog-test] WARN team-a task=t1 member=Architect silence=30001ms streak=1 hold=not-requested scene=/tmp/watchdog-test-0NObBT/.mpd/team/watchdog/scene/team-a/20260916T025540Z-warn.json
(pass) the machine over a real team record > a live knob change is picked up without a restart [2.03ms]

packages/mpd-team-watchdog-plugin/test/tool-inflight.test.ts:
(pass) r6 — the in-flight derivation (pure) > a start with no completion is in flight; its completion closes it [0.29ms]
(pass) r6 — the in-flight derivation (pure) > callId pairing: a completed sibling cannot clear a still-running call [0.05ms]
(pass) r6 — the in-flight derivation (pure) > a harness build without callIds falls back to the newest-stamp rule [0.05ms]
(pass) r6 — the predicate: explained activity, the bound, and the falsifier > 3x the threshold inside ONE call produces NO warn, NO escalate and NO hold [0.25ms]
(pass) r6 — the predicate: explained activity, the bound, and the falsifier > FALSIFIER: toolInFlightMaxMs 0 restores the pre-r6 escalation for the SAME input [0.18ms]
(pass) r6 — the predicate: explained activity, the bound, and the falsifier > past the bound the entry STOPS suppressing: one tool-expired report, never an escalate [0.13ms]
(pass) r6 — the predicate: explained activity, the bound, and the falsifier > the WEDGE case is untouched: no in-flight entry still warns then escalates once [0.10ms]
(pass) r6 — the predicate: explained activity, the bound, and the falsifier > a finished tool call is NOT in flight: the call that COMPLETED does not suppress [0.06ms]
[mpd-team-watchdog-test] WARN team-a task=t1 member=Architect silence=301ms streak=1 hold=not-requested scene=/tmp/watchdog-test-DcMqtH/.mpd/team/watchdog/scene/team-a/20260916T025512Z-warn.json
(pass) r6 — the real engine, a real long command, and the durable store > a member 4x the threshold inside ONE real command gets NO warn, NO escalate and NO hold — and is watched again when it completes [1627.09ms]
[mpd-team-watchdog-test] WARN team-a task=t1 member=Architect silence=301ms streak=1 hold=not-requested scene=/tmp/watchdog-test-K7aajA/.mpd/team/watchdog/scene/team-a/20260916T025512Z-warn.json
(pass) r6 — the real engine, a real long command, and the durable store > a tool that THROWS is closed by its POST (the harness routes tool failures through post-execute) [353.96ms]
[mpd-team-watchdog-test] TOOL-EXPIRED team-a task=t1 member=Architect tool=bash inFlight=700ms (since 1789527312221, bound=600ms) — the call outlived the in-flight bound; reported ONCE, NO hold, NO escalation, the team is left alone record=/tmp/watchdog-test-n4Bae6/.mpd/team/watchdog/incidents.jsonl
(pass) r6 — the real engine, a real long command, and the durable store > a PRE with NO POST (a killed call) is bounded: one tool-expired record, no scene, no hold, no repeat [3.70ms]
[mpd-team-watchdog-test] WARN team-a task=t1 member=Architect silence=301ms streak=1 hold=not-requested scene=/tmp/watchdog-test-cBzS6b/.mpd/team/watchdog/scene/team-a/20260916T025512Z-warn.json
[mpd-team-watchdog-test] WARN team-a task=t1 member=Architect silence=302ms streak=2 hold=not-requested scene=/tmp/watchdog-test-cBzS6b/.mpd/team/watchdog/scene/team-a/20260916T025512Z-warn-2.json
[mpd-team-watchdog-test] ESCALATE team-a task=t1 member=Architect silence=303ms streak=3 hold=applied scene=/tmp/watchdog-test-cBzS6b/.mpd/team/watchdog/scene/team-a/20260916T025512Z-escalate.json
(pass) r6 — the real engine, a real long command, and the durable store > a DENIED call is never marked in flight (nothing to explain, nothing leaked) [4.73ms]
[mpd-team-watchdog-test] the adapter exposes no pre-tool hook — a long tool call stays indistinguishable from silence (r6 unavailable)
[mpd-team-watchdog-test] WARN team-a task=t1 member=Architect silence=301ms streak=1 hold=not-requested scene=/tmp/watchdog-test-nIZUt4/.mpd/team/watchdog/scene/team-a/20260916T025512Z-warn.json
[mpd-team-watchdog-test] WARN team-a task=t1 member=Architect silence=302ms streak=2 hold=not-requested scene=/tmp/watchdog-test-nIZUt4/.mpd/team/watchdog/scene/team-a/20260916T025512Z-warn-2.json
[mpd-team-watchdog-test] the hold action was unreachable through the tool seam (unknown tool session-watchdog-hold) — falling back to a direct write
[mpd-team-watchdog-test] ESCALATE team-a task=t1 member=Architect silence=303ms streak=3 hold=applied scene=/tmp/watchdog-test-nIZUt4/.mpd/team/watchdog/scene/team-a/20260916T025512Z-escalate.json
(pass) r6 — the real engine, a real long command, and the durable store > the SEAM is soft-probed: an adapter without the pre hook warns and keeps the pre-r6 behaviour [2.71ms]

packages/mpd-team-watchdog-plugin/test/scene.test.ts:
(pass) the scene document > carries exactly the AC-5 field set [0.73ms]
(pass) the scene document > a halted team's adopted flags are carried verbatim beside the watchdog's own hold [0.37ms]
(pass) the scene document > write -> read round-trips byte-identically and a second identical write changes no bytes [0.68ms]
(pass) the scene document > a scene file name is unique per incident even inside one millisecond [0.46ms]
(pass) the scene document > isoBasic is a file-safe timestamp [0.07ms]
(pass) the scene document > mailboxUnread mirrors the adopted predicate (tombstones and read records are not unread) [0.38ms]
[mpd-team-watchdog-test] WARN team-a task=t1 member=Architect silence=90001ms streak=1 hold=not-requested scene=none
[mpd-team-watchdog-test] WARN team-a task=t1 member=Architect silence=90002ms streak=2 hold=not-requested scene=none
[mpd-team-watchdog-test] ESCALATE team-a task=t1 member=Architect silence=90003ms streak=3 hold=applied scene=none
(pass) an unwritable scene location > degrades LOUDLY, still attempts the hold and still records the incident [2.72ms]
(pass) an unwritable scene location > writeScene returns ok:false instead of throwing [0.34ms]

packages/mpd-ext-plugin/test/core.test.ts:
(pass) apply registers exactly the four tools, no reload, and provides the mpdExtensions service [3.41ms]
[mpd-ext] FATAL: the harness seams this row registers through are unavailable (toolsRegister=false, skillsProvider=false) — the four tools and the skills provider will NOT be registered in this session. This row must declare inject: ["tools","skills"].
[mpd-ext] skill provider for "mpd-ext-example" not registered: mpd-dsh-adapter: harness service "skills" is unavailable — cannot register a skill provider
[mpd-ext] project-plane skill provider not registered: mpd-dsh-adapter: harness service "skills" is unavailable — cannot register a skill provider
[mpd-ext] tool "mpd_ext_list" not registered: mpd-dsh-adapter: harness service "tools" is unavailable — cannot register tool "mpd_ext_list"
[mpd-ext] tool "mpd_ext_show" not registered: mpd-dsh-adapter: harness service "tools" is unavailable — cannot register tool "mpd_ext_show"
[mpd-ext] tool "mpd_flow_list" not registered: mpd-dsh-adapter: harness service "tools" is unavailable — cannot register tool "mpd_flow_list"
[mpd-ext] tool "mpd_flow_show" not registered: mpd-dsh-adapter: harness service "tools" is unavailable — cannot register tool "mpd_flow_show"
[mpd-ext] FATAL: only 0/4 tools registered (missing: mpd_ext_list, mpd_ext_show, mpd_flow_list, mpd_flow_show) — the extension interface is NOT usable in this session; the row declares inject: ["tools","skills"], so check the harness seams above
[mpd-ext] skill provider for "hostile" not registered: skills seam gone
[mpd-ext] skill provider for "mpd-ext-example" not registered: skills seam gone
[mpd-ext] project-plane skill provider not registered: skills seam gone
[mpd-ext] tool "mpd_ext_list" not registered: tools seam gone
[mpd-ext] tool "mpd_ext_show" not registered: tools seam gone
[mpd-ext] tool "mpd_flow_list" not registered: tools seam gone
[mpd-ext] tool "mpd_flow_show" not registered: tools seam gone
[mpd-ext] FATAL: only 0/4 tools registered (missing: mpd_ext_list, mpd_ext_show, mpd_flow_list, mpd_flow_show) — the extension interface is NOT usable in this session; the row declares inject: ["tools","skills"], so check the harness seams above
(pass) apply contains a hostile harness: a throwing tool or skill seam never escapes apply [3.66ms]
(pass) the four tools emit values that satisfy their own output schemas [8.66ms]
(pass) mpd_ext_show and mpd_flow_show report an unknown id as an error naming the known ids [1.27ms]
(pass) descriptor validation rejects unknown keys, bad apiVersion, missing id, escapes and bad rank [0.49ms]
(pass) role provider/model must be paired and persona must stay inside the root [0.19ms]
(pass) effectiveEnabled follows disable > enable > descriptor [0.24ms]
(pass) discovery precedence is project > user > bundle and shadowing is recorded, never fatal [3.65ms]
[mpd-ext] bad-json (/tmp/mpd-ext-ws-qEPpjv/.mpd/extensions/bad-json/mpd-ext.json) rejected: invalid JSON: JSON Parse error: Expected '}'
[mpd-ext] bad-version (/tmp/mpd-ext-ws-qEPpjv/.mpd/extensions/bad-version/mpd-ext.json) rejected: apiVersion must equal 1 (got 9)
[mpd-ext] no-id (/tmp/mpd-ext-ws-qEPpjv/.mpd/extensions/no-id/mpd-ext.json) rejected: id is required and must match ^[a-z0-9][a-z0-9-]{0,63}$
[mpd-ext] bad-json (/tmp/mpd-ext-ws-qEPpjv/.mpd/extensions/bad-json/mpd-ext.json) rejected: invalid JSON: JSON Parse error: Expected '}'
[mpd-ext] bad-version (/tmp/mpd-ext-ws-qEPpjv/.mpd/extensions/bad-version/mpd-ext.json) rejected: apiVersion must equal 1 (got 9)
[mpd-ext] no-id (/tmp/mpd-ext-ws-qEPpjv/.mpd/extensions/no-id/mpd-ext.json) rejected: id is required and must match ^[a-z0-9][a-z0-9-]{0,63}$
(pass) a malformed manifest is reported per item and never aborts apply or another extension [2.71ms]
(pass) the project plane is re-read per call and never leaks across workspaces [2.02ms]
(pass) skill candidates are pre-validated: a bad candidate is skipped, warned and never emitted [2.07ms]
(pass) the provider pre-validates at emit time too, and reports the skip to the owner [0.41ms]
(pass) a loaded candidate is recorded on the extension when its items are unusable [0.65ms]
(pass) the project-plane skill provider resolves per call from provider.list({ cwd }) [1.85ms]
(pass) a skill provider never throws out of list()/get() when discovery fails [0.61ms]
(pass) provider names are unique by construction [0.12ms]
(pass) flows render into skill candidates and a flow id outside the skill grammar is rejected loudly [0.33ms]
(pass) a broken flow file is skipped and recorded while its siblings keep working [0.86ms]
(pass) config is read lazily per use: disable/enable are honoured after apply [3.45ms]
(pass) extensionConfig reads every extensions.* key lazily from mpdConfig (declared process-level limit) [0.26ms]
(pass) mcp.enabled=false is honoured per call and surfaced instead of silently pending [8.35ms]
(pass) a missing mpdConfig degrades to the documented defaults [1.88ms]
(pass) the code plane registers through ctx.get("mpdExtensions") and shares the same validation [2.00ms]
(pass) describe() answers the frozen descriptor shape for a known extension [1.55ms]
(pass) one broken extension of each kind leaves the good ones working [2.84ms]
(pass) mcp is pending until the bridge connects it, while roles are NEVER pending (t14/F3) [3.90ms]
(pass) t14/F3: a live roles contribution reports no pending item and no 'not yet exposed' claim [2.05ms]
(pass) t14/F4: a role colliding with a BASE roster name is refused with the roster's reason, in both paths [3.79ms]
(pass) t14/F4: an unreadable OR empty persona is refused, and the empty case is no longer accepted [2.15ms]
(pass) t14/F4: a CROSS-extension name collision refuses the LATER extension and names the holder [1.87ms]
(pass) t14: a disabled extension's declared roles are reported as not exposed, never as usable [1.74ms]
(pass) t14: refusal notes are idempotent — repeated calls neither duplicate nor lose them [2.06ms]
(pass) t14: the ext report and the ROSTER agree about every role (parity, measured against the resolver) [3.50ms]
(pass) t14: every spelling of a base roster name collides (case- and separator-insensitive) [1.60ms]
(pass) discoverPlane never throws for a missing root [0.22ms]
(pass) t16: the ext report and the ROSTER agree about a PROJECT-plane role (nothing usable, same reason) [1.87ms]
(pass) F4: a same-name skill claimed by two extensions is reported on the loser WITH the winner and both ranks [2.64ms]
(pass) F4: a claim the catalog resolves to a NON-extension provider is reported as not served [1.99ms]
[mpd-ext] skill candidate skipped: duplicate name "style-check" inside provider "mpd-ext:project-plane"
(pass) F4: a duplicate project-plane skill name is attributed to the PROJECT entry that claims it [2.18ms]
(pass) F5: a provider call with NO cwd serves nothing from the project plane (never process.cwd()) [1.35ms]
(pass) F5: a host-wide extension is still served when the caller names no workspace [1.25ms]
(pass) F6: mpd_ext_show redacts author-declared env VALUES in the echoed descriptor [1.44ms]
(pass) F7: a CONFIG-disabled extension claims no role name, so the next claimant is exposed [1.89ms]
(pass) F3: an enumeration failure is reported as an INCOMPLETE observation, never a cacheable empty catalog [0.41ms]
(pass) F5: with no cwd a host-wide extension is SERVED, not silently shadowed by a guessed workspace [1.54ms]

packages/mpd-ext-plugin/test/mcp.test.ts:
(pass) publicToolName replicates the harness algorithm: verbatim, sanitized+hashed, truncated+hashed [1.52ms]
(pass) childEnv inherits only the SDK safe list and never a credential-shaped parent variable [0.29ms]
(pass) the client completes initialize -> initialized -> tools/list against the repo's own stdio MCP server [98.56ms]
(pass) the client reports a non-JSON stdout line as a protocol error instead of dying [70.97ms]
[mpd-ext] extension "fixture-ext" mcp server "fixture": 1 tool(s) published
(pass) apply connects declared servers, publishes their tools before activation completes, and mpd_ext_show reports the state [49.22ms]
[mpd-ext] extension "half-ext" mcp server "fixture" unavailable: mcp-client(fixture): the server process exited (code=3, signal=null)
(pass) apply keeps the extension's pending line truthful while a server is disconnected [104.05ms]
(pass) startup failure is contained: a dead server is unavailable with its stderr tail while its sibling still connects [136.06ms]
[mpd-ext] extension "with-mcp" mcp server "srv" unavailable: mcp-client(srv): initialize timed out after 500ms
(pass) a hanging server is time-boxed and the others still publish in parallel [463.09ms]
(pass) a later tool-list change is swapped in, and a mid-list conflict rolls back to ZERO tools [77.46ms]
(pass) a server-initiated tools/list_changed notification triggers a re-sync [94.68ms]
(pass) a foreign inputSchema is projected for parameters while the wire schema stays untouched [83.44ms]
(pass) an unsupported outputSchema drops the SCHEMA and keeps the tool, while an unprojectable inputSchema skips its tool [74.30ms]
(pass) a non-object-rooted inputSchema is normalized onto an object root instead of being passed through [76.39ms]
(pass) a public-name collision with an existing tool skips that tool and is recorded [72.04ms]
(pass) tools/call maps content, structured content and isError onto the harness result contract [325.28ms]
(pass) the child env carries no credential-shaped variable inherited from the parent, and the child is reaped on dispose [76.50ms]
(pass) a disabled extension never spawns a child and reports state disabled [0.99ms]
(pass) extensions.mcp.enabled=false connects nothing even for an enabled extension [0.68ms]
(pass) a server's relative args and cwd resolve against the EXTENSION ROOT, not the dsh process cwd [81.54ms]
(pass) the shipped example's stdio MCP server starts, lists its tool and answers a real call [72.48ms]
(pass) the shipped example extension is discoverable, disabled, and contributes all four kinds [1.14ms]

packages/mpd-bundle-plugin/test/sidebar-tab.test.mjs:
(pass) client seam policy > declares only services this profile is guaranteed to mount [0.64ms]
(pass) client seam policy > never declares the sidebar statically (that would park the whole entry) [0.22ms]
(pass) client seam policy > waits for the sidebar through ctx.inject instead of a one-shot probe [0.05ms]
(pass) with DSH-better-sidebar installed > registers the AgentTeams page and the workmate library, and no legacy floater [0.13ms]
(pass) with DSH-better-sidebar installed > the adopted client half is never applied (it would re-register the removed surfaces) [0.02ms]
(pass) with DSH-better-sidebar installed > both tab descriptors are valid sidebar pages [0.40ms]
(pass) with DSH-better-sidebar installed > keeps the locale namespaces registered [0.04ms]
(pass) workmate page > renders the library from the host routes [9.88ms]
(pass) workmate page dictionaries > registers the workmate namespace with both dictionaries [1.47ms]
(pass) workmate page dictionaries > zh is the key-set source of truth and en matches it key for key (§L A7) [1.35ms]
(pass) workmate page dictionaries > the mutation surface is localized in BOTH languages, not hardcoded English [1.10ms]
(pass) workmate page dictionaries > the tab-strip label stays hardcoded English (contract §K, deliberate deferral) [1.12ms]
(pass) workmate failure reasons (§D) reach the page as readable messages > every reason code maps to a distinct, readable message [0.79ms]
(pass) workmate failure reasons (§D) reach the page as readable messages > an in-use refusal names the blocking team and member (§E, user decision D2) [0.25ms]
(pass) workmate failure reasons (§D) reach the page as readable messages > an unknown failure falls back to the server text, never to a raw reason key [0.10ms]
(pass) workmate page mutation controls > delete is an explicit two-step confirmation, never one destructive click (D1) [21.09ms]
(pass) workmate page mutation controls > purge cannot be submitted without typing the exact name (§D confirm-required) [27.55ms]
(pass) workmate page mutation controls > the archive confirmation posts that workmate and reports the archived outcome [16.36ms]
(pass) workmate page mutation controls > a rename posts { name, new_name } and follows the new key (§H no stale selection) [16.05ms]
(pass) workmate page mutation controls > an in-use refusal is shown with the blocking team/member, not a generic failure (§E) [16.32ms]
(pass) workmate page mutation controls > a 409 collision is reported as taken, and an unknown key drops the stale selection [16.27ms]
(pass) workmate page mutation controls > a same-key rename is refused locally and explains itself (t8 L1) [14.07ms]
(pass) workmate page mutation controls > a purge never reports itself as a plain delete (t8 L2) [0.92ms]
(pass) workmate page mutation controls > the zh reason strings are complete sentences without a stray gap (t8 L3) [0.54ms]
(pass) workmate page mutation controls > a detail load that fails stops claiming to load (t8 L4) [11.25ms]
(pass) without DSH-better-sidebar > registers no sidebar surface at all — there is no floating fallback [1.11ms]

packages/mpd-bundle-plugin/test/team-page.test.mjs:
(pass) AgentTeams sidebar tab descriptor > registers one single-instance tab with the pinned id and order [0.98ms]
(pass) AgentTeams sidebar tab descriptor > createTab mints a clean tab so the auto-open seed never lands on it [0.75ms]
(pass) AgentTeams sidebar tab descriptor > offers the auto-open switch as a plugin-owned setting [0.85ms]
(pass) AgentTeams page rendering > renders the conversation's teams, members, tasks and archived section [8.47ms]
(pass) AgentTeams page rendering > reproduces the floater's panel interior, class for class [5.69ms]
(pass) AgentTeams page rendering > the head's collapse control closes the sidebar panel through the store [7.10ms]
(pass) AgentTeams page rendering > a missing store still renders the same markup and never throws [7.01ms]
(pass) AgentTeams page rendering > the head's busy dot follows live member activity [12.88ms]
(pass) AgentTeams page rendering > renders the collapse glyph with the platform's own icon component [5.95ms]
(pass) AgentTeams page rendering > falls back to the identical inline chevron when the platform icons are absent [6.70ms]
(pass) AgentTeams page rendering > renders the archived section with the archived label [5.52ms]
(pass) AgentTeams page rendering > filters by the tab's own conversation scope [6.39ms]
(pass) AgentTeams page rendering > shows the floater's own empty hint inside the panel body [7.13ms]
(pass) AgentTeams page rendering > a hidden tab renders no live view (the sidebar CSS-hides collapsed tabs) [5.64ms]
(pass) AgentTeams page rendering > a failing host route degrades to the empty state instead of throwing [7.01ms]
(pass) AgentTeams page rendering > a rejecting poll shows a readable error notice, not a crash [6.04ms]
(pass) staged plan approval > passes a model directory to a staged team when the service provides one [9.93ms]
(pass) staged plan approval > a throwing directoryFor degrades instead of crashing the page [5.90ms]
(pass) badge and polling > badge reports the cached live-team count for its session only [5.87ms]
(pass) badge and polling > mounting the page twice keeps a single polling controller [10.28ms]
(pass) auto-open policy > opens the tab once, with NO content seed, for a team that appears after the baseline [2709.32ms]
(pass) auto-open policy > teams restored with the page never auto-open [2706.74ms]
[mpd-ext] extension "declare-all" mcp server "lint-mcp" unavailable: mcp-client(lint-mcp): initialize timed out after 10000ms
(pass) auto-open policy > the plugin switch turns auto-open off [2707.91ms]
(pass) auto-open policy > a disabled tab type is never auto-opened [2708.05ms]
(pass) boot safety > a missing page module degrades to one warning instead of throwing out of apply [1.91ms]
(pass) boot safety > without better-sidebar nothing is registered and nothing is warned about [1.29ms]

packages/mpd-bundle-plugin/test/sidebar-migration-artifact.test.mjs:
(pass) shipped bundle client after the AgentTeams sidebar migration > registers exactly the four loader modules: the sidebar page plus the isolated settings card [0.70ms]
(pass) shipped bundle client after the AgentTeams sidebar migration > carries the mpd export bridge with every pinned export [0.51ms]
(pass) shipped bundle client after the AgentTeams sidebar migration > no mpd client source registers a removed surface [0.74ms]
(pass) shipped bundle client after the AgentTeams sidebar migration > the page module keeps the pinned tab id and order [0.73ms]

packages/mpd-bundle-plugin/test/settings-card.test.mjs:
(pass) W2 (static): the BUILT and served client carries the SECTION registration > the shipped client registers a settings.section with id 'mpd', an explicit order and a label [0.78ms]
(pass) W2 (static): the BUILT and served client carries the SECTION registration > the Plugins tab's keyed item registration is GONE from the built client (the user's request) [0.53ms]
(pass) W2 (static): the BUILT and served client carries the SECTION registration > NEGATIVE CONTROL: the absence predicate reddens the moment the retired registration returns [0.25ms]
(pass) W2 (static): the BUILT and served client carries the SECTION registration > the mount is DEFERRED (ctx.inject) and the client still declares only the stable seams [0.42ms]
(pass) W2 (static): the BUILT and served client carries the SECTION registration > the disclosure copy is the same sentence the TUI states, and no stale claim survives [0.08ms]
(pass) the registration only happens when the settings scope is served > no settingsScope -> no entry, one warning-free degrade, no throw out of apply [1.31ms]
(pass) the registration only happens when the settings scope is served > settingsScope at apply -> one SECTION entry, and its descriptor passes the whole predicate [2.43ms]
(pass) the registration only happens when the settings scope is served > NEGATIVE CONTROL: the descriptor predicate reddens on every mutant that matters [0.16ms]
(pass) the registration only happens when the settings scope is served > a late-served settingsScope still mounts the section (provideService wakes the fiber) [1.25ms]
(pass) the card's form behaviour > it renders what the namespace reports (values, overridden marker, disclosure) and nothing invented [6.31ms]
(pass) the card's form behaviour > a save writes nested PATHS through scope.mutate with the revision fence [2.28ms]
(pass) the card's form behaviour > resetField asks for the file value (unset), and an invalid draft refuses to save [1.89ms]
(pass) the card's form behaviour > a read-only scope renders read-only with a reason and writes nothing [3.60ms]
(pass) isolation and front-door parity > web-client.js is the ONLY source that requires the card module, and the card does no I/O [0.69ms]
(pass) isolation and front-door parity > the card's twelve fields/labels/zh descriptions are IDENTICAL to the ONE shared declaration (no drift) [1.16ms]

packages/mpd-team-compact-plugin/test/compaction.test.mjs:
(pass) t48 F6 HINGE: every drive goes to the MEMBER's own scoped engine, never a host-plane one [3.32ms]
(pass) t48 F6 IDENTITY: the member engine and the host-plane engine are DIFFERENT objects [0.29ms]
(pass) t48 CAPTAIN EXCLUSION: the captain session is never driven [0.65ms]
(pass) t48 NEGATIVE CONTROL: a team with ONE non-terminal task is REFUSED, nothing is driven [0.49ms]
(pass) t48 NEGATIVE CONTROL: an empty task list is NOT 'finished' [0.35ms]
(pass) t48 BARRIER: a busy member defers the whole pass (wait semantics + timeout outcome) [4.80ms]
(pass) t48 BARRIER: an idle member is compacted once every member is idle [0.67ms]
(pass) t48 NULL IS NOT AN ERROR: a null result is recorded as no-safe-range [0.66ms]
(pass) t48 F5: an engine failure code and the lifecycle error class are classified DIFFERENTLY [0.44ms]
(pass) t48 F5: a lifecycle error mid-pass is recorded against the member and does not abort the pass [0.66ms]
(pass) t48 STAGED: a member with no session id is skipped EXPLICITLY, never silently [0.53ms]
(pass) t48 NOT-LIVE: a dormant team is recorded, not ignored [0.44ms]
(pass) t48 AUDIT: written under .mpd/team-compact and NEVER under .mpd/team [0.83ms]
(pass) t48 AUDIT: a second pass is a second FILE — an earlier destructive pass is never hidden [0.47ms]
(pass) t48 TERMINAL SET: taken from the owning plugin, not re-declared [3.39ms]
(pass) t48: listTeamIds ignores the archive directory and dotfiles [0.54ms]
(pass) t48: a malformed team record reads as undefined, never a throw [0.34ms]
(pass) t48 NO SILENT NOTIFICATION: the pass writes an audit and returns; it never messages a member [0.64ms]
(pass) t48 plugin: apply() registers both tools and subscribes to the status edge [0.34ms]
(pass) t48 plugin: every registered tool declares an OBJECT-ROOTED parameters schema [0.24ms]

packages/mpd-tui-plugin/test/state.test.ts:
(pass) state projection > reads the newest team record, the task ledger, boulder, plans and workmates [2.69ms]
(pass) state projection > a missing state tree degrades to empty sections without throwing [0.78ms]
(pass) state projection > a broken team record is reported as a note, not as a crash [0.79ms]
(pass) state projection > the status line is one bounded line [0.70ms]
(pass) sanitizer > accepts scalars only and drops everything else [0.15ms]
(pass) sanitizer > strips control characters and collapses whitespace [0.07ms]
(pass) sanitizer > clamps by terminal cell, not by code-unit count [0.19ms]
(pass) sanitizer > scalarLines bounds the line count and per-line width [1.18ms]
(pass) transcript renderers > every declared type has a renderer and maps a payload to text rows [0.48ms]
(pass) transcript renderers > renderers never throw and always emit strings, whatever the payload [0.68ms]
(pass) transcript renderers > renderer output is clamped (a huge payload cannot flood the transcript) [0.40ms]
(pass) log-only event registration > registerInto reports and mutates truthfully [0.20ms]
(pass) log-only event registration > candidateAnchors is deduplicated and never empty [0.46ms]
(pass) log-only event registration > appendBoardOpened refuses to write an unregistered type [0.45ms]
(pass) log-only event registration > a throwing session.append is contained [0.11ms]
[mpd-tui-test] info
[mpd-tui-test] warn
(pass) logging > never writes to stdout and falls back to stderr only for info/warn [0.78ms]

packages/mpd-tui-plugin/test/watchdog-frontdoor.test.ts:
(pass) watchdog front door — notice composition > the notice is COMPOSED into the value the status publisher emits, and disappears once the team is resumed [3.76ms]
(pass) watchdog front door — notice composition > watchdogNotice states the live condition and the replay separately; composeNotices joins providers [0.12ms]
(pass) watchdog front door — notice composition > heldTeams reads the durable hold index through the service, not a cache [0.60ms]
(pass) watchdog front door — dialog and acknowledge > the dialog carries the notice text and an acknowledge option, and acknowledging advances the watermark [1.05ms]
(pass) watchdog front door — dialog and acknowledge > a second start does not surface an acknowledged incident (the replay is watermark-driven) [0.87ms]
(pass) watchdog front door — dialog and acknowledge > choosing Later keeps the incident unread: the replay is permanent re-display BY DESIGN [0.69ms]
(pass) watchdog front door — dialog and acknowledge > the attach-time replay runs once, when BOTH the service and the dialog seam are composed [0.50ms]
(pass) watchdog front door — dialog and acknowledge > no dialog service and nothing unread are both no-ops (never a hang, never a phantom dialog) [0.37ms]
(pass) watchdog front door — dialog and acknowledge > readWatchdogView is a live read through the service (and empty without one) [0.51ms]
(pass) watchdog front door — the absent-service path > with no mpdWatchdog service: no notice, no dialog, no fake acknowledge, one warning — and apply does not throw [0.80ms]

packages/mpd-tui-plugin/test/plugin.test.ts:
(pass) plugin contract > exports name / Config (type + schema) / apply and NO default export [0.10ms]
(pass) plugin contract > every config key has a default in the schema [1.16ms]
(pass) plugin contract > the schema rejects a wrong type instead of silently dropping it [0.32ms]
(pass) plugin contract > resolveConfig defaults every key and repairs an invalid interval [0.27ms]
(pass) T4-INERT-1: activation requires the inject form > a ctx WITHOUT inject registers nothing, even when get() would answer [22.97ms]
(pass) T4-INERT-1: activation requires the inject form > with inject supported but no service composed, nothing is registered and nothing throws [0.48ms]
(pass) T4-INERT-1: activation requires the inject form > apply survives a throwing ctx.get and a ctx without effect() [0.38ms]
(pass) full composition (every service injected) > every seam activates through ctx.inject and reports an honest outcome [24.31ms]
(pass) full composition (every service injected) > cleanup runs on the injected scope: status cleared, registrations released [20.21ms]
(pass) full composition (every service injected) > each seam can be disabled by config, and disabling keeps apply inert [0.53ms]
(pass) honest outcomes (no disposer-type inference) > a refused shortcut registration is reported refused, never confirmed [0.81ms]
(pass) honest outcomes (no disposer-type inference) > a refused renderer registration is reported requested, never confirmed [0.57ms]
(pass) honest outcomes (no disposer-type inference) > a missing decision grant with a no-op disposer is refused, and the disposer is not called as a probe [0.76ms]
(pass) honest outcomes (no disposer-type inference) > a granted decision subscription is confirmed [0.55ms]
(pass) honest outcomes (no disposer-type inference) > without tuiPluginHost the seam is absent and no refusal is claimed [18.80ms]
(pass) honest outcomes (no disposer-type inference) > admin: the four intercept points are the only decision attempts [0.16ms]
(pass) /mpd command grammar (bare = picker, value = direct, status = print) > bare /mpd uses the picker, then applies the chosen action [31.03ms]
(pass) /mpd command grammar (bare = picker, value = direct, status = print) > bare /mpd falls back to the board when no dialog seam is composed [14.20ms]
(pass) /mpd command grammar (bare = picker, value = direct, status = print) > direct actions and the unknown-action error [44.04ms]
(pass) settings section disclosure (t21) > every mpd.jsonc-referencing hint states that a save is NOT bridged [0.18ms]
(pass) settings section disclosure (t21) > the marker itself says the save does not rewrite the config file [0.06ms]
(pass) the §D.2 runtime notice (a save with no live session workspace) > the notice constant is the design's exact sentence and matches the exported one [13.48ms]
(pass) the §D.2 runtime notice (a save with no live session workspace) > the status line publishes the notice only while the last write-back was skipped for no-live-session [49.86ms]

packages/mpd-tui-plugin/test/two-plugin-ownership.test.ts:
[mpd-config] settings bridge: registered the "mpd" namespace with the file-derived base (applies:'restart', design §10.1)
(pass) exactly ONE successful registration per composition (design §10.1) > mpd-config present: it registers, the TUI skips its fallback and says so [2.58ms]
(pass) exactly ONE successful registration per composition (design §10.1) > mpd-config present but its registration still pending: the fallback still yields (deterministic owner check) [0.44ms]
(pass) exactly ONE successful registration per composition (design §10.1) > mpd-config absent: the TUI's fallback registers the namespace (the composition still works) [0.43ms]
[mpd-config] settings bridge: could not register the "mpd" namespace (settings namespace "mpd" is already registered) — the TUI fallback owns it now.
(pass) exactly ONE successful registration per composition (design §10.1) > both plugins in ONE composition: still exactly one registration, whoever runs first [0.69ms]

packages/mpd-agent-teams-plugin/self-fix-tests/scope-semantics.test.mjs:
(pass) B5: a directory pattern covers its contents WITHOUT a trailing slash [1.60ms]
(pass) B5: trailing slash and non-trailing slash are equivalent [0.06ms]
(pass) B5: exact file patterns still match exactly, siblings and suffixes do not [0.06ms]
(pass) B5: root pattern matches everything; illegal/absolute patterns never match [0.07ms]
(pass) B5: classifyChangedPath — directory inScope covers files, outOfScope wins [0.34ms]
(pass) B6: completion reports ALL undeclared paths at once with the owning task id and a fix hint [0.71ms]
(pass) B6: completion passes when a directory pattern (no trailing slash) covers every changed path [0.08ms]

packages/mpd-agent-teams-plugin/self-fix-tests/scope-glob-and-contract.test.mjs:
(pass) DEFECT 1: a declared glob covers the files beneath it [1.95ms]
(pass) DEFECT 1 negative control: globs do not over-match [0.13ms]
(pass) DEFECT 1: every no-wildcard declaration keeps the pre-delta B5 semantics [0.15ms]
(pass) DEFECT 1: the completion gate accepts a glob-declared changedPath and still rejects an undeclared one [0.31ms]
(pass) DEFECT 2 reproduction: the pre-fix generator listed one path in BOTH lists [0.87ms]
(pass) DEFECT 2 fix: the finding's required path is CARVED OUT of the inherited prohibition [0.46ms]
(pass) DEFECT 2 fix, REAL wave-1 inputs (team mpd-default-7332aba4 t7 + t10): the required edit is in scope [0.50ms]
(pass) DEFECT 2 falsifiability: the contradiction guard must not reject legitimate carve-outs [0.20ms]
(pass) DEFECT 2 falsifiability: the write-task overlap guard is a real may-two-writers-touch-it relation [0.49ms]
(pass) durability: the guard refuses when a delta region is missing (observed failure) [5.57ms]
(pass) durability: the guard is idempotent on the real tree and restores a stripped tree [262.96ms]
(pass) F2: every t4-changed line in lib/quality-gates.js sits inside a registered mpd-delta region [59.59ms]
(pass) F3: healing a RE-MATERIALIZED upstream file refuses instead of emitting a broken module [3.38ms]
(pass) F3: a clean (region-carrying) tree still heals successfully [107.38ms]
(pass) F4: stripping every region and healing reproduces the canonical file byte-for-byte [103.15ms]
(pass) F4: the anchor-indent class is gone with the line keys [0.23ms]

packages/mpd-agent-teams-plugin/self-fix-tests/dispatch-stall-region.test.mjs:
(pass) t13: every dispatch-stall edit is region-registered (nothing unmarked survives a strip) [1.94ms]
(pass) t13: a re-materialized scheduler.js (upstream guard restored) is REFUSED byte-untouched [68.27ms]
(pass) t13: stripping every scheduler.js region heals byte-for-byte back to the canonical file [104.45ms]

packages/mpd-agent-teams-plugin/self-fix-tests/pool-capability-guard.test.mjs:
(pass) a pooled write task is LEFT IN THE POOL for a read-only member and reported [1.88ms]
(pass) a write-capable member still gets the pooled write task (the guard is not a blanket refusal) [0.12ms]
(pass) a member whose deny blocks nothing relevant is unaffected by an unrelated deny entry [0.05ms]
(pass) an EXPLICIT assignment is still dispatched to a restricted member, and says so [0.09ms]
(pass) a member's own ready task outranks a pooled task it could also run [0.08ms]
(pass) nothing executable is left: undefined, and every withheld candidate is reported [0.12ms]
(pass) the guard is region-registered and its replacement is REFUSED after a re-materialize [80.22ms]

packages/mpd-agent-teams-plugin/self-fix-tests/quality-loop.test.mjs:
(pass) Fix1: review auto-wires reviewedTaskId into dependencies (premature dispatch) [1.25ms]
(pass) Fix1: repair auto-wires sourceTaskId into dependencies [0.14ms]
(pass) Fix2 + OPT-1: cancelled and FAILED deps are non-blocking; pending still blocks [0.12ms]
(pass) Fix2: pending dependents blocked only by cancelled deps are cascaded (no deadlock) [0.82ms]
(pass) Fix3: planQualityFollowUp links reasonTaskId and reason reaches the repair prompt [1.53ms]
(pass) Fix4: reject without a completed source notifies the captain only (no repair, no escalation) [0.11ms]
(pass) Fix4: genuine reject of a completed source still escalates [0.08ms]
(pass) Fix3b: reasonTaskId / reassignReason survive task validation [0.28ms]
(pass) Fix3c: assignmentPrompt renders reassignReason and captain guidance digest [0.39ms]

packages/mpd-agent-teams-plugin/self-fix-tests/registry-context-heal.test.mjs:
(pass) t2: strip-healing ALL adopted files from the same state is byte-identical [183.79ms]
(pass) t2: a stripped tools.js heals byte-for-byte and the task-contract region lands at its canonical line [122.69ms]
(pass) t2: quality-gates.js strip-heal stays byte-identical (no trade between the two files) [92.23ms]
(pass) t2: a region heals to its canonical position under partial insertion histories [2462.51ms]
(pass) t2: every colliding pair is a real prefix collision (the fixture is meaningful) [4.22ms]
(pass) t2: a nested colliding pair resolves the OUTER region to its OWN end marker [0.27ms]
(pass) t2: intact control — the resolved span equals the independently grepped lines [5.57ms]
(pass) t2: a dangling outer END marker is a partially stripped region, never a half-open pair [25.69ms]
(pass) t2: a dangling outer BEGIN marker is a partially stripped region, never a half-open pair [24.09ms]
(pass) t2: --write re-brackets a partially stripped region byte-faithfully (both dangling shapes) [653.49ms]
(pass) t2: the registry carries context pairs and no line-keyed anchor fields [0.60ms]
(pass) t9 R1: both markers present but inverted is the ONLY row that may say 'half-open marker pair' [3.53ms]
(pass) t9 R2: begin present + end absent + body byte-equal re-brackets in place (all three pairs) [258.34ms]
(pass) t9 R3: begin present + end absent + body DRIFTED refuses, naming the region and the line [4.68ms]
(pass) t9 R4: end present + begin absent + body byte-equal re-brackets in place (all three pairs) [240.51ms]
(pass) t9 R5: end present + begin absent + NOTHING survived drops the orphan line and heals [96.23ms]
(pass) t9 (A): assertRegistryFormat refuses the OLD anchor format with the migration message [0.63ms]
(pass) t9 (A): the CLI refuses a pre-migration registry by name, and --write-registry still migrates [195.72ms]
(pass) t9: all four states of the ONLY shared seam heal byte-identically [309.21ms]
(pass) t9: a re-materialized tools.js is REFUSED, byte-untouched, with key counts unchanged [21.96ms]
(pass) t9: the targeted re-materialize shape (upstream twins restored at the literal) is REFUSED too [28.14ms]

packages/mpd-agent-teams-plugin/test/opt1-failed-dependency.test.mjs:
(pass) OPT-1: a FAILED dependency no longer blocks its dependent (three-state) [1.28ms]
(pass) OPT-1 reverse control: a RUNNING dependency still blocks exactly as before [0.28ms]
(pass) OPT-1: B stays CLAIMABLE after A fails, and its view names the failed dependency [21.40ms]
(pass) OPT-1: the captain-takeover path (reassign_task) also stops blocking on a failed dep [15.73ms]
(pass) OPT-1: B dispatches within the scheduler readiness path after A fails [0.18ms]
(pass) OPT-1: after A is retried to completed, B proceeds on the dependency result [7.36ms]

packages/mpd-agent-teams-plugin/test/opt2-residual-and-ordering.test.mjs:
{
  "workspace": "/root/dshProj/my-power-dsh",
  "stateRoot": "/root/dshProj/my-power-dsh/.mpd/team",
  "apply": false,
  "scanned": 6,
  "reclaimable": 0,
  "reclaimed": 0,
  "manifest": [
    {
      "teamId": "mpd-default",
      "phase": "running",
      "tasks": 86,
      "approved": true,
      "residual": false,
      "archived": false
    },
    {
      "teamId": "agent-teams-sidebar-migration",
      "phase": "running",
      "tasks": 10,
      "approved": true,
      "residual": false,
      "archived": false
    },
    {
      "teamId": "mpd-default-d92bc69a",
      "phase": "running",
      "tasks": 32,
      "approved": true,
      "residual": false,
      "archived": false
    },
    {
      "teamId": "mpd-default-e1f54e18",
      "phase": "running",
      "tasks": 18,
      "approved": true,
      "residual": false,
      "archived": false
    },
    {
      "teamId": "mpd-default-db53f0d4",
      "phase": "running",
      "tasks": 54,
      "approved": true,
      "residual": false,
      "archived": false
    },
    {
      "teamId": "mpd-default-84e50f06",
      "phase": "staged",
      "tasks": 8,
      "approved": false,
      "residual": false,
      "archived": false
    }
  ]
}
[reclaim-staged-teams] DRY RUN: 0 residual of 6 live team(s) (nothing changed)
(pass) OPT-2 classification: only empty staged unapproved teams are residual [1.49ms]
(pass) OPT-2: reclamation archives residue, protects live teams, and emits a manifest [50.74ms]
(pass) OPT-2: a dry run reclaims nothing [49.30ms]
(pass) OPT-2 ordering: the preset puts the gate BEFORE the sizing doctrine [0.43ms]

packages/mpd-agent-teams-plugin/test/workmate-key.test.ts:
(pass) workmateKey maps the five multi-word roster members to kebab keys [0.20ms]
(pass) workmateKey mirrors sanitizeName edge cases [0.10ms]

packages/mpd-agent-teams-plugin/test/r3-auto-reclaim.test.mjs:
(pass) R3 assertion 1: three stale empty staged teams are ARCHIVED, not deleted [6.56ms]
(pass) R3 assertion 2: staged-with-tasks, approved, and running teams are byte-identical [2.41ms]
(pass) R3 assertion 3: the calling session's OWN stale staged team is never archived [1.24ms]
(pass) R3: a FRESH staged team is not residue (age threshold is real) [0.97ms]
(pass) R3 assertion (contract): threshold 0 DISABLES the age gate but still protects live work [1.57ms]
(pass) R3: the threshold comes from config with a 1 h default [1.97ms]
(pass) F2 (t22 finalisation): panel view and contract view agree, and a claimable dependent is not blocked [8.15ms]

packages/mpd-agent-teams-plugin/test/session-start.test.ts:
(pass) policyEnabled: off disables unless the autoRoute gate is enabled [0.21ms]
(pass) policyQualifies: child sessions never qualify [0.24ms]
(pass) policyQualifies: allow-list scoping and preset-less coverage [0.13ms]
(pass) availableTeamId: free base, deterministic per-captain suffix, exhaustion [2.45ms]
(pass) notices carry the startup marker, mention the team, and are user-role messages [0.92ms]
(pass) complexity gate: both directions on the frozen prompt sets [1.67ms]
(pass) explicit flag is consumed out of the goal text [0.14ms]
(pass) routeDecision: off+autoRoute gates, auto/instruct keep the legacy paths [1.07ms]
(pass) spliceNotice inserts after the last claimed message and preserves the decision [0.67ms]

packages/mpd-agent-teams-plugin/test/t49-send-dedup-wiring.test.mjs:
(pass) R1 WIRING: two identical agent_teams_send_message calls -> ONE durable record (at-most-once) [10.44ms]
(pass) R1 WIRING NEGATIVE CONTROL: different content is NOT folded [8.96ms]
(pass) R1 WIRING: the captain path dedups too (both append sites are wired) [6.66ms]
(pass) R1 WIRING: two identical sends with live delivery DOWN -> the scheduler delivers exactly ONCE [8.09ms]
(pass) R1 SEAM: the scheduler's last delivery gate drops CLEARED tombstones [7.49ms]
(pass) R1 WIRING: two identical sends -> exactly ONE delivery and exactly ONE task assignment [8.61ms]
(pass) R1 WIRING: a duplicate send AFTER an acknowledged delivery cannot re-open it [3.95ms]

packages/mpd-agent-teams-plugin/test/update-task-diagnostics.test.mjs:
(pass) DEFECT 5: an OMITTED attempt_id is reported as required, never as stale ownership [5.43ms]
(pass) DEFECT 5: a PRESENT but mismatched attempt_id still reports stale ownership [4.40ms]
(pass) DEFECT 6: an omitted status is rejected instead of silently persisting the rest [2.86ms]
(pass) DEFECT 6: a blank or out-of-enum status is refused loudly, never persisted [2.37ms]
(pass) DEFECT 6: the tool contract marks status required and documents the minimal terminal call [2.15ms]
(pass) the happy path still works: status + current attempt_id completes the task [5.02ms]

packages/mpd-agent-teams-plugin/test/t53-dormant-expiry.test.mjs:
(pass) R1 DORMANT: a past-due request is expired and its requester TOLD without any scheduler kick [3.92ms]
(pass) R1 DORMANT NEGATIVE CONTROL: a request still inside its TTL is left ALONE [1.03ms]
(pass) R1 DORMANT NEGATIVE CONTROL: an empty/absent state root is a no-op, never a throw [0.58ms]
(pass) R1 DORMANT: the sweep is ONCE PER SESSION, not once per step [3.03ms]
(pass) R1 DORMANT: the SHIPPED session-start hook runs the sweep (and only the session's own workspace) [1.51ms]
(pass) R1 DORMANT: a failing sweep degrades to a warning and still returns the decision [0.75ms]
(pass) R1 DORMANT: room left for the durable side effect — the notice is an ordinary record [1.18ms]

packages/mpd-agent-teams-plugin/test/r1-message-channel.test.mjs:
(pass) R1 dedup: N identical sends in the window fold to ONE record with dupCount=N [2.80ms]
(pass) R1 dedup NEGATIVE CONTROL: same content, different from/to is NOT folded [1.01ms]
(pass) R1 dedup: a send OUTSIDE the 60 s window is a new record (window is real) [0.94ms]
(pass) R1 clear: archive-first tombstone + recoverable sidecar + audit event [2.79ms]
(pass) R1 clear NEGATIVE CONTROL: no hard-delete path — cleared bytes survive on disk [1.36ms]
(pass) R1 interjection: pending requests are NOT deliverable unread (negative control on the read path) [1.10ms]
(pass) R1 interjection: TTL silence is a DENY (status expired) [1.46ms]
(pass) R1 interjection: approval is recorded and cannot be re-decided [1.98ms]
(pass) REPAIR V1: a request WITHOUT content is NORMALIZED (never silently invisible) [1.43ms]
(pass) REPAIR V1: the content fallback priority is summary -> reason -> location [1.16ms]
(pass) REPAIR V1: identity is REQUIRED and rejected loudly, naming the field [0.83ms]
(pass) REPAIR V1: decide distinguishes MALFORMED-but-present from truly ABSENT [3.43ms]
(pass) REPAIR V1: a normalized request still expires on captain silence (default DENY usable) [1.35ms]
(pass) R1 SEAM: after a clear -> 0 unread and 0 deliverable (tombstones never re-open) [1.55ms]
(pass) R1 SEAM: a clear cannot RE-OPEN an acknowledged record [1.57ms]
(pass) R1: the decision vocabulary is CLOSED — anything but approved|rejected is named loudly [1.19ms]
(pass) R1: an APPROVED interjection is re-posted as an ORDINARY message to the requester [1.71ms]
(pass) R1: expiry notifies the requesting member with an ordinary message [1.20ms]

packages/mpd-agent-teams-plugin/test/export-bridge.test.mjs:
(pass) adopted client export bridge > registers under the adopted module id and keeps apply/inject [0.10ms]
(pass) adopted client export bridge > exposes every bridged symbol at load time [0.15ms]
(pass) adopted client export bridge > exports the panel CSS-module class map, not a renamed copy [0.08ms]
(pass) adopted client export bridge > carries every class the sidebar page renders, and the adopted archivedWrap quirk [0.23ms]
(pass) adopted client export bridge > locale dictionaries and monitor store survive the bridge [0.15ms]
(pass) adopted client export bridge > the bridge is purely additive: exports grow by exactly the pinned list [1.67ms]
(pass) adopted client export bridge > re-running the bridge is a no-op that leaves the file byte-identical [2.48ms]
(pass) adopted client export bridge > drift guard: an unknown symbol is reported as undeclared [0.99ms]
(pass) adopted client export bridge > a re-vendor re-applies the bridge [0.07ms]

packages/mpd-agent-teams-plugin/test/r3-view-parity.test.mjs:
(pass) F2: a dependent of a FAILED dependency is NOT rendered blocked in the panel view [1.07ms]
(pass) F2: panel view and task-contract view agree on the same team record [3.98ms]
(pass) F5: the schema default stateDir is the frozen .mpd/team [0.53ms]
(pass) F6: TEAM_TOOL_NAMES carries the frozen 14-name manual-entry set [0.54ms]

packages/mpd-agent-teams-plugin/test/r3-f1-signal-c.test.mjs:
(pass) F1: C requires its own 2-of-3 majority, and never appears as C1/C2/C3 top-level signals [0.22ms]
(pass) F1: no route from C1/C2/C3 as separate signals (the pre-fix false-positive shape) [0.12ms]
(pass) F1: the frozen two-sided prompt set still behaves 3 silent / 3 complex [0.96ms]
(pass) F1: a plan artifact is its own soft signal and reaches the gate [0.10ms]

packages/mpd-agent-teams-plugin/test/member-readonly-deny.test.mjs:
(pass) the profile parser normalizes `toolDeny` and rejects non-lists or empty entries [1.45ms]
(pass) the member spawn passes the member's deny list to the harness, merged with the captain-only denial [1.26ms]
(pass) the shipped `mpd` profile marks exactly the six read-only members with the canonical names [0.40ms]
(pass) `agent_teams_add_member` exposes `toolDeny` so a runtime-added member can be read-only too [2.16ms]

packages/mpd-agent-teams-plugin/test/backports.test.ts:
(pass) withTeamLock: settled locks release their queue entry > a completed lock leaves no queue entry behind [0.20ms]
(pass) withTeamLock: settled locks release their queue entry > a rejected mutation still releases its entry [0.18ms]
(pass) withTeamLock: settled locks release their queue entry > serialization is preserved and the last waiter cleans up [10.45ms]
(pass) blank optional task fields are normalized to absent > blank scalars are dropped and blank list entries are filtered [0.13ms]
(pass) blank optional task fields are normalized to absent > non-blank values pass through untouched [0.06ms]
(pass) blank optional task fields are normalized to absent > a legacy dirty record still loads instead of bricking the team [1.06ms]
(pass) Web routes: authentication fence and bounded body > a missing Connection service fails closed with 503 [0.52ms]
(pass) Web routes: authentication fence and bounded body > a rejected request never reaches the handler [0.21ms]
(pass) Web routes: authentication fence and bounded body > an admitted request runs the route handler unchanged [0.15ms]
(pass) Web routes: authentication fence and bounded body > readJsonRequest parses objects and refuses arrays, bad JSON, and oversized bodies [3.11ms]

packages/mpd-agent-teams-plugin/test/dispatch-stall-regression.test.mjs:
(pass) the approval-time kick delivers a ready root task to a member whose spawn turn is still running [3.21ms]
(pass) a second kick while the member is mid-turn does not duplicate the queued assignment, and says why [1.64ms]
(pass) the member's own idle edge after the queued assignment does not deliver it twice [122.87ms]
(pass) an idle edge that resolves no team logs the miss instead of returning silently [6.01ms]

packages/mpd-agent-teams-plugin/test/task-contract-tool.test.mjs:
(pass) DEFECT 3: a RUNNING task's contract is readable and matches what was declared [4.18ms]
(pass) DEFECT 3: the full agent-teams tool surface registers, with the contract tool among it [1.97ms]
(pass) DEFECT 3: the read-only surface is available to a member too and rejects unknown ids [5.20ms]

packages/mpd-agent-teams-plugin/test/r4-explicit-team.test.mjs:
(pass) R4: with no team yet the PLUGIN stages one (approval=required, zero members spawned) [4.20ms]
(pass) R4 ask-first: an existing STAGED team yields an inquiry, never a second team [1.44ms]
(pass) R4 silent-failure: an AMBIGUOUS session (two teams) warns instead of guessing [1.54ms]
(pass) R4 silent-failure: a missing profile roster warns instead of staying quiet [0.44ms]

packages/mpd-agent-teams-plugin/test/capabilities.test.ts:
(pass) agent-scoped AgentTeams instructions > the captain gets the activation prompt, the member gets member rules [2.99ms]
(pass) agent-scoped AgentTeams instructions > a member is denied every captain-only business tool [0.24ms]
(pass) agent-scoped AgentTeams instructions > cold-resumed members are recognized from the durable retired index [0.37ms]
(pass) agent-scoped AgentTeams instructions > a live team record decides membership without any spawn filter [0.60ms]
(pass) agent-scoped AgentTeams instructions > damaged state warns and falls back to the captain protocol instead of throwing [0.34ms]
(pass) agent-scoped AgentTeams instructions > agents created after install are attached on agent/session-start [0.21ms]

packages/mpd-agent-teams-plugin/test/harness-compat.test.ts:
(pass) queueMemberPrompt: delivery follows the host generation > 0.1.5-rc.2 host: the public prompt seam carries the team turn as a queued turn [0.38ms]
(pass) queueMemberPrompt: delivery follows the host generation > 0.1.5-rc.2 host: public sendMessage is never used for team work [0.27ms]
(pass) queueMemberPrompt: delivery follows the host generation > Alpha.5 … 0.1.2-rc.1 host: the symbol-keyed FIFO queue still carries the turn [0.26ms]
(pass) queueMemberPrompt: delivery follows the host generation > legacy host: the receiver-bound followup still wins when present [0.22ms]
(pass) queueMemberPrompt: delivery follows the host generation > neither contract: refuses instead of silently dropping the turn [0.20ms]
(pass) deliverToMember: the scheduler's wakeup path > 0.1.5-rc.2 runtime delivers through the public prompt seam and reports success [0.21ms]
(pass) deliverToMember: the scheduler's wakeup path > a host without any delivery contract reports failure instead of throwing [0.17ms]
(pass) installContinuableMemberSetup: setup follows the host generation > legacy host registers the seam directly, never the session-start listener [0.09ms]
(pass) installContinuableMemberSetup: setup follows the host generation > 0.1.5-rc.2 host: setup receives the live Agent and never reads childCtx.agent [0.53ms]
(pass) installContinuableMemberSetup: setup follows the host generation > a host without either seam degrades with a warning instead of aborting apply() [0.07ms]
(pass) sessionOwnEvents: child history excludes the inherited prefix > prefers the modern ownEvents() [0.10ms]
(pass) sessionOwnEvents: child history excludes the inherited prefix > legacy session logs are sliced at seedLength [0.05ms]
(pass) sessionOwnEvents: child history excludes the inherited prefix > an unreadable log is refused loudly [0.26ms]
(pass) retired-member guard covers every resumable face > 0.1.5-rc.2 host: the public prompt seam rejects a retired member and passes others [0.79ms]
(pass) retired-member guard covers every resumable face > Alpha.5 … 0.1.2-rc.1 host: the FIFO queue rejects a retired member and passes others [0.35ms]
(pass) retired-member guard covers every resumable face > legacy host: followup is guarded without inventing the method [0.31ms]
(pass) retired-member guard covers every resumable face > a runtime with no delivery face no longer pretends to guard one [0.10ms]

packages/mpd-agent-teams-plugin/test/t52-root-registration.test.mjs:
(pass) t52 COMPOSITION ROOT: apply() resolves a past-due request even with the team policy OFF [6.05ms]
(pass) t52 COMPOSITION ROOT NEGATIVE CONTROL: with no apply() the request stays pending [0.58ms]

packages/mpd-agent-teams-plugin/test/t52-interjection-tools.test.mjs:
(pass) t52: the three lane tools are REGISTERED on the shipped surface [3.71ms]
(pass) t52 CHAIN: member requests -> captain sees pending -> approves -> ordinary record for the requester [6.05ms]
(pass) t52 CHAIN: the approval reaches the REQUESTER's own session at the next idle edge — addressed, once, and nowhere else [5.35ms]
(pass) t52 CHAIN: the requester's own lane then records the approval once it is collected [6.61ms]
(pass) t52 AUTHZ: a MEMBER cannot decide — refused loudly, with a reason [2.96ms]
(pass) t52 AUTHZ: the decision vocabulary is closed AT THE TOOL BOUNDARY [3.30ms]
(pass) t52 AUTHZ: a member may clear ONLY its own mailbox [3.77ms]
(pass) t52 AUTHZ+F3: the captain may clear ANY mailbox, and a cleared record is not unread after [7.02ms]
(pass) t52 AUTHZ: the captain cannot clear a mailbox that does not exist [2.89ms]
(pass) t52 BOUNDARY: the request carries identity from the CALLER, never from an argument [3.53ms]

packages/mpd-agent-teams-plugin/test/scheduler-dispatch.test.ts:
(pass) scheduler dispatch across a dependency boundary > the first batch is delivered and dependents stay parked [4.14ms]
(pass) scheduler dispatch across a dependency boundary > completing the first batch dispatches the next batch to its idle members [3.04ms]
(pass) scheduler dispatch across a dependency boundary > a member's idle edge delivers its own newly unblocked task [5.75ms]
(pass) scheduler dispatch across a dependency boundary > a real delivery failure is reported, not swallowed as success [2.51ms]

packages/mpd-agent-teams-plugin/test/update-task-amend-lock-and-guards.test.mjs:
(pass) captain amend on a RUNNING task settles instead of self-deadlocking the team lock [6.52ms]
(pass) a MEMBER's amend is refused loudly instead of silently persisting nothing [2.82ms]
(pass) a terminal task refuses EVERY field change loudly, not just status/output [3.72ms]
(pass) a PENDING task is amendable (status enum accepts pending) and the amendment persists [5.65ms]
(pass) inScope/outOfScope are amendable by the captain (contract repair without a fail-and-re-run) [3.72ms]

packages/mpd-agent-teams-plugin/test/s1-s4-semantics.test.mjs:
(pass) S2: amending a definition re-runs the amended task and its TRANSITIVE DEPENDENTS only [5.33ms]
(pass) S2 falsifiability: a NO-OP amendment does not re-run anything [5.08ms]
(pass) S3: the scheduler's REAL readiness predicate never re-dispatches terminal work [0.71ms]
(pass) S4: a bounded notice reaches a RUNNING member without restarting its attempt [3.42ms]
(pass) S1: a terminal failed task is retryable and completed siblings keep their results [4.12ms]

packages/mpd-boulder-plugin/test/boulder.test.ts:
(pass) session ids are dsh-prefixed by default [1.24ms]
(pass) start, timer, complete lifecycle [2.52ms]
(pass) plan progress parses TODOs and verification wave [0.90ms]
(pass) mpd_boulder_status omits planProgress when null (lossless JSON contract) [1.26ms]

packages/mpd-workmate-plugin/test/workmate.test.ts:
(pass) sanitizeName / capText / autoNote / scoreMatch units [0.66ms]
(pass) init → list → reflect → match lifecycle with a sandbox HOME [4.51ms]
(pass) spawn carries persona+memory+note, reflect instruction, readonly deny, own route [1.69ms]
(pass) workmate library root is under HOME and not in cwd [0.39ms]

packages/mpd-workmate-plugin/test/rename-delete.test.ts:
(pass) rename moves the evolved identity and preserves every byte of it [4.80ms]
(pass) renamedFrom accumulates, dedupes, survives a later reflect and is capped [3.99ms]
(pass) A5 note rule: only a LEADING autoNote prefix is rewritten, a custom note keeps its bytes [1.46ms]
(pass) invalid names are rejected BEFORE any filesystem call, on both argument positions [1.57ms]
(pass) same-key rename and case-only rename are refused with no side effect (M2) [0.70ms]
(pass) the library ROOT can never be addressed as an instance (§B) [0.69ms]
(pass) collision guard: ANY lstat hit on the target is a 409 collision and nothing is overwritten (M5) [1.03ms]
(pass) a symlinked instance directory is refused, not resolved (§H) [0.75ms]
(pass) unknown and orphan directories are never touched (M3), repeat delete is 404 [1.09ms]
(pass) delete archives by default: hidden immediately, restorable, index key dropped [1.47ms]
(pass) purge requires confirm === name, then removes the instance for good (D1) [1.39ms]
(pass) a READONLY instance is a valid mutation target: library administration, not self-editing (M1) [0.79ms]
(pass) delete never touches another workmate's bytes and leaves no partial instance [1.31ms]
(pass) in-use gate: a name a team member holds blocks BOTH the rename target and the source (§E, A6) [2.03ms]
(pass) busyTeams reads <cwd>/.mpd/team, skips archived teams and non-directory entries, fails open [0.63ms]
(pass) A3: a stale meta.name cannot shadow the directory key, and a legacy key cannot resurrect a dir [1.45ms]
(pass) an interrupted rename is rolled back: no half-moved instance, the key stays addressable [0.99ms]
(pass) a throwing spawn releases the in-use counter, so it cannot block a later rename [1.06ms]
(pass) no registered output schema uses a type ARRAY, and every surface reports archived: null on purge [3.28ms]
(pass) routes: §D status/reason matrix, headers, no path leakage [4.23ms]
(pass) a headless profile stays tool-only: no webServer, no route work, tools still function [0.83ms]
(pass) the mutation tools' declared output schemas accept the values they return (t15) [14.23ms]
(pass) the OLD return shape is rejected by the harness validator, so this lock can actually fail (t15) [5.41ms]
(pass) the workmate deny list denies bash and the write-capable MCP tools, and carries no dead name [0.99ms]

packages/mpd-dsh-adapter-plugin/test/adapter.test.ts:
(pass) capabilities > reports every seam of a full harness [0.41ms]
(pass) capabilities > reports absent seams without throwing [0.12ms]
(pass) tool plane > registerTool normalizes schema, render and the (args, exec) call shape [0.43ms]
(pass) tool plane > registerTool keeps a caller-supplied schema and render [0.10ms]
(pass) tool plane > services resolve through ctx.get OR a plain ctx property [0.11ms]
(pass) tool plane > registerTools registers every definition and disposes them together [0.21ms]
(pass) tool plane > registerTool without a tools service fails with an actionable error [0.16ms]
(pass) tool plane > guardTool passes the exec through and installs on the tools service [0.17ms]
(pass) tool plane > onPostToolExecute owns next() and passes the downstream decision through [0.31ms]
(pass) tool plane > onPostToolExecute lets a listener replace the decision [0.17ms]
(pass) tool plane > onPostToolExecute is a no-op when the harness has no event bus [0.07ms]
(pass) tool plane > onPreToolExecute OWNS next(): the observer sees the gate and the gate is passed through [0.27ms]
(pass) tool plane > onPreToolExecute cannot alter or veto a call: deny survives, a returned decision is ignored, a throw is contained [0.36ms]
(pass) tool plane > onPreToolExecute hands the observer a FROZEN COPY: the live execution cannot be changed [0.28ms]
(pass) tool plane > onPreToolExecute is a no-op when the harness has no event bus, and capabilities() reports the seam [0.13ms]
(pass) tool plane > hasTool + toolRuntime expose internal tool calls without raw ctx access [0.43ms]
(pass) tool plane > executeTool normalizes success, tool error, thrown error and a missing runtime [0.38ms]
(pass) agent plane > spawnAgent normalizes prompt, flat route and the result shape [0.48ms]
(pass) agent plane > spawnAgent accepts pre-built prompt blocks and agentOptions [0.25ms]
(pass) agent plane > spawnAgent tolerates a harness that returns no result [0.30ms]
(pass) agent plane > spawnAgent without a subagent service fails with an actionable error [0.25ms]
(pass) skill + preset plane > skill provider registration, catalog read and body load [0.47ms]
(pass) skill + preset plane > skill calls without a skills service fail with actionable errors [0.25ms]
(pass) skill + preset plane > resolvePreset returns a normalized preset record [0.37ms]
[mpd-dsh-adapter] mpdDsh provided (harness seams resolved lazily, inject-free)
(pass) row entry > apply provides the mpdDsh service [0.15ms]
(pass) row entry > decision helpers use the harness feedback key [0.07ms]
(pass) settings plane (t34 §2.1 / §1.2, captain ruling 1) > the source of the SAME change is delivered, not the previous one's [2.67ms]
(pass) settings plane (t34 §2.1 / §1.2, captain ruling 1) > a raw-section change whose RESOLVED value did not change reports source undefined [1.29ms]
(pass) settings plane (t34 §2.1 / §1.2, captain ruling 1) > another namespace is ignored, and the disposer stops delivery [2.47ms]
(pass) settings plane (t34 §2.1 / §1.2, captain ruling 1) > a throwing listener never escapes into the host's emit [1.24ms]
(pass) settings plane (t34 §2.1 / §1.2, captain ruling 1) > settingsReader describes the namespace and degrades when it is absent [2.01ms]
(pass) settings plane (t34 §2.1 / §1.2, captain ruling 1) > settingsMutate writes through the service with the revision fence [0.57ms]
(pass) workspaceRootsAll(): the design's stated-unverified facts (§A.1, measured here) > duplicates collapse, relative cwds resolve, a cwd-less agent is skipped, no registry is [] [0.37ms]
(pass) onPreToolExecute on the real cordis waterfall (observe-only, proven by a real call) > a REAL tool call returns the same result with and without the hook, and the gate is unchanged [550.02ms]
(pass) onPreToolExecute on the real cordis waterfall (observe-only, proven by a real call) > a downstream DENY still denies: the observer cannot upgrade a blocked call [1.02ms]
(pass) onPreToolExecute on the real cordis waterfall (observe-only, proven by a real call) > NEGATIVE CONTROL: a listener that returns without delegating DOES veto the gate [1.03ms]

packages/mpd-modelchain-plugin/test/modelchain.test.ts:
(pass) DEFAULT_CHAINS uses kebab-case keys and only deepseek-official providers [0.15ms]
(pass) resolveRole resolves kebab-case and legacy camelCase keys to the same chain [0.28ms]
(pass) mpd_modelchain_resolve resolves kebab keys and drops the dead skipped field [0.71ms]
(pass) modelchain.sisyphus-junior config key is resolved through the mpdConfig service [0.34ms]

packages/mpd-mcp-codegraph/test/daemon-policy.test.mjs:
(pass) parseDaemonSetting: truthy, falsy, unset and invalid stay distinguishable [1.42ms]
(pass) default (no env): serve in-process, and the reason names the measured failure [0.15ms]
(pass) MPD_CODEGRAPH_DAEMON=1 keeps upstream's shared daemon (no opt-out pinned) [0.17ms]
(pass) MPD_CODEGRAPH_DAEMON=0 pins the opt-out explicitly [0.07ms]
(pass) an explicit CODEGRAPH_NO_DAEMON=1 is respected and never overridden [0.08ms]
(pass) an unrecognized value warns and falls back to the safe default [0.10ms]
(pass) the default emits exactly ONE informational line (never stdout) [0.06ms]
(pass) launch.mjs applies the policy before importing the vendored serve.js [0.10ms]
(pass) the vendored bridge forwards CODEGRAPH_NO_DAEMON to the child env [0.79ms]

packages/mpd-tools-plugin/test/tools.test.ts:
(pass) write-guard allows first write to a new file [2.02ms]
(pass) write-guard allows idempotent rewrite of identical content [0.18ms]
(pass) write-guard denies silent overwrite of differing content [0.13ms]
(pass) write-guard allows idempotent rewrite of a >1MB file (full-file compare) [5.17ms]
(pass) truncation output (incl. banner) never exceeds truncateMaxBytes [0.97ms]
(pass) truncation with a budget smaller than the banner adds no head/tail slices [0.12ms]
(pass) truncation keeps head and tail slices plus the banner [0.12ms]
(pass) truncation passes through outputs within the budget unchanged [0.27ms]

packages/mpd-hashline-plugin/test/hashline.test.ts:
(pass) hashline view shows LINE#HASH|content [0.75ms]
(pass) anchored replace on plain content [2.07ms]
(pass) mismatched anchor throws [0.62ms]
(pass) append and prepend anchored [0.38ms]
(pass) replace range with end anchor [0.55ms]
(pass) unified diff shape [0.48ms]

packages/mpd-hashline-plugin/test/tool-schema.test.ts:
(pass) no registered hashline schema uses a type ARRAY (parameters or output) [2.11ms]
(pass) edit.lines is a oneOf union of the string and array-of-string shapes [0.13ms]
(pass) read then edit works with lines as a single string AND as an array of strings [1.76ms]
(pass) the committed src AND dist carry no array-typed schema form, and the dist carries the oneOf fix [0.37ms]
(pass) the guard resolves a RELATIVE file_path against the session workspace, not process.cwd() [1.48ms]

packages/mpd-bootstrap-plugin/test/bootstrap.test.ts:
[mpd-bootstrap] skill corpus served from /root/dshProj/my-power-dsh/skills (provider mpd-bundle, bundle 0.9.1)
[mpd-bootstrap] legacy home-copy cleanup skipped (config)
(pass) bundle skill corpus provider > serves every shipped skill as a bundled-rank candidate [5.42ms]
[mpd-bootstrap] skill corpus served from /root/dshProj/my-power-dsh/skills (provider mpd-bundle, bundle 0.9.1)
[mpd-bootstrap] legacy home-copy cleanup skipped (config)
(pass) bundle skill corpus provider > get() loads the skill body and keeps the resource base [3.19ms]
[mpd-bootstrap] skill corpus served from /tmp/mpd-corpus-CacVwS (provider mpd-bundle, bundle 0.9.1)
[mpd-bootstrap] legacy home-copy cleanup skipped (config)
(pass) bundle skill corpus provider > frontmatter subset: quoted, folded, nested metadata and invocation policy [2.19ms]
[mpd-bootstrap] skill corpus served from /root/dshProj/my-power-dsh/skills (provider mpd-bundle, bundle 0.9.1)
[mpd-bootstrap] legacy home-copy cleanup skipped (config)
[mpd-bootstrap] skill corpus served from /root/dshProj/my-power-dsh/skills (provider mpd-bundle, bundle 0.9.1)
[mpd-bootstrap] legacy home-copy cleanup skipped (config)
(pass) bundle skill corpus provider > registers an fs/observed invalidator scoped to the corpus [0.45ms]
[mpd-bootstrap] skill corpus served from /root/dshProj/my-power-dsh/skills (provider mpd-bundle, bundle 0.9.1)
(pass) legacy home-copy migration > removes only stamped bundle copies and leaves user content alone [1.12ms]
[mpd-bootstrap] skill corpus served from /root/dshProj/my-power-dsh/skills (provider mpd-bundle, bundle 0.9.1)
(pass) legacy home-copy migration > never touches an unstamped home (legacy installer copies survive) [0.35ms]

packages/mpd-comment-checker-plugin/test/comment-checker.test.ts:
(pass) binary resolves from toolchain [7.16ms]
(pass) comment file triggers detection (exit 2) [7.67ms]
(pass) clean file passes (exit 0) [5.68ms]

packages/mpd-mcp-shared/bin-resolve.test.mjs:

packages/mpd-ulw-plugin/test/engine.test.ts:

packages/mpd-memory-plugin/test/memory.test.ts:

packages/mpd-config-plugin/test/settings-wiring.test.ts:

packages/mpd-config-plugin/test/config.test.ts:

packages/mpd-config-plugin/test/bridge.test.ts:

packages/mpd-config-plugin/test/jsonc-edit.test.ts:

packages/mpd-roles-plugin/test/roles.test.ts:

packages/mpd-codegraph-plugin/src/index.test.ts:

packages/mpd-team-watchdog-plugin/test/pre-step-waterfall.test.ts:

packages/mpd-team-watchdog-plugin/test/heartbeat.test.ts:

packages/mpd-team-watchdog-plugin/test/holds.test.ts:

packages/mpd-team-watchdog-plugin/test/failsafe.test.ts:

packages/mpd-team-watchdog-plugin/test/sidecars.test.ts:

packages/mpd-team-watchdog-plugin/test/machine.test.ts:

packages/mpd-team-watchdog-plugin/test/tool-inflight.test.ts:

packages/mpd-team-watchdog-plugin/test/scene.test.ts:

packages/mpd-ext-plugin/test/core.test.ts:

packages/mpd-ext-plugin/test/mcp.test.ts:

packages/mpd-bundle-plugin/test/sidebar-tab.test.mjs:

packages/mpd-bundle-plugin/test/team-page.test.mjs:

packages/mpd-bundle-plugin/test/sidebar-migration-artifact.test.mjs:

packages/mpd-bundle-plugin/test/settings-card.test.mjs:

packages/mpd-team-compact-plugin/test/compaction.test.mjs:

packages/mpd-tui-plugin/test/state.test.ts:

packages/mpd-tui-plugin/test/watchdog-frontdoor.test.ts:

packages/mpd-tui-plugin/test/plugin.test.ts:

packages/mpd-tui-plugin/test/two-plugin-ownership.test.ts:

packages/mpd-agent-teams-plugin/self-fix-tests/scope-semantics.test.mjs:

packages/mpd-agent-teams-plugin/self-fix-tests/scope-glob-and-contract.test.mjs:

packages/mpd-agent-teams-plugin/self-fix-tests/dispatch-stall-region.test.mjs:

packages/mpd-agent-teams-plugin/self-fix-tests/pool-capability-guard.test.mjs:

packages/mpd-agent-teams-plugin/self-fix-tests/quality-loop.test.mjs:

packages/mpd-agent-teams-plugin/self-fix-tests/registry-context-heal.test.mjs:

packages/mpd-agent-teams-plugin/test/opt1-failed-dependency.test.mjs:

packages/mpd-agent-teams-plugin/test/opt2-residual-and-ordering.test.mjs:

packages/mpd-agent-teams-plugin/test/workmate-key.test.ts:

packages/mpd-agent-teams-plugin/test/r3-auto-reclaim.test.mjs:

packages/mpd-agent-teams-plugin/test/session-start.test.ts:

packages/mpd-agent-teams-plugin/test/t49-send-dedup-wiring.test.mjs:

packages/mpd-agent-teams-plugin/test/update-task-diagnostics.test.mjs:

packages/mpd-agent-teams-plugin/test/t53-dormant-expiry.test.mjs:

packages/mpd-agent-teams-plugin/test/r1-message-channel.test.mjs:

packages/mpd-agent-teams-plugin/test/export-bridge.test.mjs:

packages/mpd-agent-teams-plugin/test/r3-view-parity.test.mjs:

packages/mpd-agent-teams-plugin/test/r3-f1-signal-c.test.mjs:

packages/mpd-agent-teams-plugin/test/member-readonly-deny.test.mjs:

packages/mpd-agent-teams-plugin/test/backports.test.ts:

packages/mpd-agent-teams-plugin/test/dispatch-stall-regression.test.mjs:

packages/mpd-agent-teams-plugin/test/task-contract-tool.test.mjs:

packages/mpd-agent-teams-plugin/test/r4-explicit-team.test.mjs:

packages/mpd-agent-teams-plugin/test/capabilities.test.ts:

packages/mpd-agent-teams-plugin/test/harness-compat.test.ts:

packages/mpd-agent-teams-plugin/test/t52-root-registration.test.mjs:

packages/mpd-agent-teams-plugin/test/t52-interjection-tools.test.mjs:

packages/mpd-agent-teams-plugin/test/scheduler-dispatch.test.ts:

packages/mpd-agent-teams-plugin/test/update-task-amend-lock-and-guards.test.mjs:

packages/mpd-agent-teams-plugin/test/s1-s4-semantics.test.mjs:

packages/mpd-boulder-plugin/test/boulder.test.ts:

packages/mpd-workmate-plugin/test/workmate.test.ts:

packages/mpd-workmate-plugin/test/rename-delete.test.ts:

packages/mpd-dsh-adapter-plugin/test/adapter.test.ts:

packages/mpd-modelchain-plugin/test/modelchain.test.ts:

packages/mpd-mcp-codegraph/test/daemon-policy.test.mjs:

packages/mpd-tools-plugin/test/tools.test.ts:

packages/mpd-hashline-plugin/test/hashline.test.ts:

packages/mpd-hashline-plugin/test/tool-schema.test.ts:

packages/mpd-bootstrap-plugin/test/bootstrap.test.ts:

packages/mpd-comment-checker-plugin/test/comment-checker.test.ts:

 732 pass
 0 fail
 5253 expect() calls
Ran 732 tests across 138 files. [23.51s]

## qa-self-tests :: bun run test:qa
$ for f in skills/dsh-qa/scripts/*.mjs; do echo "[test:qa] $f"; bun "$f" --self-test || { echo "[test:qa] FAILED: $f"; exit 1; }; done; bun scripts/mpd-ext.mjs --self-test || { echo "[test:qa] FAILED: scripts/mpd-ext.mjs --self-test"; exit 1; }; bun scripts/mpd-ext.mjs validate extensions/mpd-ext-example || { echo "[test:qa] FAILED: scripts/mpd-ext.mjs validate extensions/mpd-ext-example"; exit 1; }; echo "[test:qa] all self-tests passed"
[test:qa] skills/dsh-qa/scripts/agent-teams-adopt.mjs
[agent-teams-adopt self-test] ok: notice + adopted LICENSE + 0.1.16-rc.3-mpd + _deps + AGENTS.md + installer self-test verified
[test:qa] skills/dsh-qa/scripts/agent-teams-dispatch.mjs
  ok   installed host exposes no subagent followup member
  ok   installed host owns the public subagent prompt seam
  ok   installed host face declares the prompt request/receipt contract
  ok   member delivery uses the audited boundary
  ok   no call site uses ctx.subagents.followup
  ok   modern delivery prefers the public prompt seam
  ok   modern member setup receives the live Agent instead of reading childCtx.agent
  ok   legacy followup/queue remain only as older-generation fallbacks
  ok   task mutations kick the whole team
  ok   member idle edges kick that member
  ok   delivery failure rolls the claim back instead of stranding it
  ok   capabilities deny all captain-only tools for members
  ok   members receive member instructions, not the captain protocol
  ok   real run asserts the wake on the dependent task's assignee only
[agent-teams-dispatch self-test] ok: 14 checks
[test:qa] skills/dsh-qa/scripts/agent-teams-messaging.mjs
[agent-teams-messaging self-test] ok: R1 exports + SHIPPED send/clear/interject wiring + this case drives the tool surface + scheduler exclusion on both reads + RED-arm transform applies + VENDOR_LOCK skills pin current (317 files/9e643d07192f) + SKILL.md row + test:qa glob
[test:qa] skills/dsh-qa/scripts/agent-teams-sidebar.mjs
[agent-teams-sidebar self-test] ok: 17 checks (mpd-agent-teams,mpd-workmate; @nanmicoder/dsh-agent-teams,@mpd-dsh/team-page,@mpd-dsh/settings-card,@mpd-dsh/mpd)
[test:qa] skills/dsh-qa/scripts/bundle-lifecycle.mjs
[bundle-lifecycle self-test] ok: repo root IS the bundle + bundle-served preset row + provider wiring + probe + pnpm
[test:qa] skills/dsh-qa/scripts/codegraph-smoke.mjs
[codegraph-smoke self-test] ok: project-path precondition + composed codegraph server name (mcp__codegraph__codegraph_explore) verified on fixtures
[test:qa] skills/dsh-qa/scripts/dual-track-smoke.mjs
[llm-dual-track self-test] ok: track fixture assertions + devPatch boot operand verified
[test:qa] skills/dsh-qa/scripts/explicit-team-trigger.mjs
[explicit-team-trigger self-test] ok: resolver + both entry points + disabled-surface warning present
[test:qa] skills/dsh-qa/scripts/extension-isolation.mjs
[extension-isolation self-test] ok: stub protocol (tool call, advance, child marker, no-tools text) + descriptor contract + shipped example + boot recipe verified
[test:qa] skills/dsh-qa/scripts/extension-lifecycle.mjs
[extension-lifecycle self-test] ok: composed row + validator rejections (incl. NaN rank via the code plane) + CLI oracle + seam regression (inject declared, failure LOUD, no false success) + fixtures verified
[test:qa] skills/dsh-qa/scripts/extension-mcp-bridge.mjs
[extension-mcp-bridge self-test] ok: lsp server + row + public-name collision premise + fixture scenarios + example server verified
[test:qa] skills/dsh-qa/scripts/mcp-call.mjs
[mcp-call self-test] ok: tool-name detection + composed ast_grep server name + fixture content verified on fixtures
[test:qa] skills/dsh-qa/scripts/memory-smoke.mjs
[memory-smoke self-test] ok: bundle row + dist symbols + unit suite verified
[test:qa] skills/dsh-qa/scripts/mount-assert.mjs
[mount-assert self-test] ok: presence/absence detection verified on fixture
[test:qa] skills/dsh-qa/scripts/plan-c-smoke.mjs
[plan-c-smoke self-test] ok: rows + unit suites verified
[test:qa] skills/dsh-qa/scripts/preset-conformance.mjs
[preset-conformance self-test] ok: 31 harness rows conform against the installed schemas (6 row(s) declare no schema), persona prefix=true, row parity 31/31
[test:qa] skills/dsh-qa/scripts/preset-register.mjs
[preset-register self-test] ok: preset + roster fixtures + web-compat/preset-root/MCP-operand normalization verified
[test:qa] skills/dsh-qa/scripts/readonly-deny.mjs
[readonly-deny self-test] ok: 23 checks
[test:qa] skills/dsh-qa/scripts/relocate-smoke.mjs
[relocate-smoke self-test] ok: staged patch is path-clean
[test:qa] skills/dsh-qa/scripts/session-start-team.mjs
[session-start-team self-test] ok: gate module + bundle patch + installer + persona + BOTH prompt directions verified
[test:qa] skills/dsh-qa/scripts/skill-catalog-probe.mjs
[skill-catalog-probe self-test] ok: staged skill corpus present + provider wiring verified
[test:qa] skills/dsh-qa/scripts/software-smoke.mjs
[software-smoke self-test] ok: fixture semantics + deterministic self-play (winner P1, 11 plies) + 4 oracle probes green, mutation control RED (9 violation(s))
[test:qa] skills/dsh-qa/scripts/team-route-rewire.mjs
[team-route-rewire self-test] ok: 13 checks; staged pack usable
[test:qa] skills/dsh-qa/scripts/team-watchdog-boot.mjs
[self-test] ok   C1: a completed turn passes as `completed`
[self-test] ok   C2: a MODEL-level error passes as `model-error` (the turn reached the model call)
[self-test] ok   C3: the veto signature FAILS as `veto` (veto)
[self-test] ok   C4: an empty session log FAILS as `no-turn`
[self-test] ok   C5: a boot without the row's apply line FAILS
[self-test] ok   C6: a session not created on `mpd` FAILS
[self-test] ok   C10: the GUI-activation checks pass on a clean boot (served 200, both tab ids, bridge, mirrored composition)
[self-test] ok   C11: a boot log carrying `did not activate` REDDENS B8 (["B8"])
[self-test] ok   C12: a `pending (waiting for service` line REDDENS B8
[self-test] ok   C13: a `failed to apply loader entry` line REDDENS B8
[self-test] ok   C14: a client route that 404s REDDENS B9
[self-test] ok   C15: served bytes missing the workmate tab id REDDEN B10
[self-test] ok   C16: served bytes without the export bridge REDDEN B11
[self-test] ok   C17: a boot outside the user's composition REDDENS B12
[self-test] ok   C7: the vendored cordis REALLY vetoes on the retired shape: the listener's return value became the decision ({"kind":"step","at":1})
[self-test] ok   C8: the fixed shape (`return next()`) composes the fallback decision unchanged ({"kind":"enter","messages":["claimed-user-message"]})
[self-test] ok   C9: the cordis control ran against the REAL vendored implementation at packages/mpd-agent-teams-plugin/_deps/cordis/lib/index.js
[self-test] PASS — team-watchdog-boot (17 checks, 0 failed)
[test:qa] skills/dsh-qa/scripts/team-watchdog-config.mjs
[self-test] ok   healthy-observation: 10 checks passed on the healthy observation
[self-test] ok   negative:missing-knob: the mutated observation FAILED its own check(s) ["C4"] — a knob missing from one front door
[self-test] ok   negative:two-declarations: the mutated observation FAILED its own check(s) ["C2"] — a second declaration (the doors would drift)
[self-test] ok   negative:row-ignored: the mutated observation FAILED its own check(s) ["C6"] — a row config that is not the effective default
[self-test] ok   negative:namespace-loses: the mutated observation FAILED its own check(s) ["C7"] — a namespace that does not outrank the row config
[self-test] ok   negative:restart-needed: the mutated observation FAILED its own check(s) ["C8"] — a re-read that only a restart could deliver
[self-test] ok   negative:no-clamp: the mutated observation FAILED its own check(s) ["C9"] — an unclamped cadence beyond the silence threshold
[self-test] ok   negative:halt-action: the mutated observation FAILED its own check(s) ["C10"] — an escalation wired to the halt path
[self-test] PASS — team-watchdog-config (8 checks, 0 failed)
[test:qa] skills/dsh-qa/scripts/team-watchdog-fault.mjs
[self-test] ok   healthy-observation: 11 checks passed on the healthy observation
[self-test] ok   negative:case-failed: the mutated observation FAILED its own check(s) ["F2"] — a fixture case that failed
[self-test] ok   negative:warn-boundary: the mutated observation FAILED its own check(s) ["F3"] — a WARN below the 90 s threshold
[self-test] ok   negative:no-hold: the mutated observation FAILED its own check(s) ["F4"] — an escalation that applied no hold
[self-test] ok   negative:not-preserving: the mutated observation FAILED its own check(s) ["F6"] — a pause that mutated the team record
[self-test] ok   negative:deliveries: the mutated observation FAILED its own check(s) ["F6"] — a dispatch that reached a held team
[self-test] ok   negative:no-contrast: the mutated observation FAILED its own check(s) ["F8"] — a halt control that no longer shows AC-17 going red
[self-test] ok   negative:captain-missed: the mutated observation FAILED its own check(s) ["F5"] — a captain wedge that was not attributed
[self-test] ok   negative:scene-hold-mismatch: the mutated observation FAILED its own check(s) ["F9"] — a scene pointer whose hold disagrees with the sidecar
[self-test] ok   negative:not-claimed-dropped: the mutated observation FAILED its own check(s) ["F10"] — a lane that silently dropped a NOT_CLAIMED entry
[self-test] PASS — team-watchdog-fault (10 checks, 0 failed)
[test:qa] skills/dsh-qa/scripts/team-watchdog-heartbeat.mjs
[self-test] ok   healthy-observation: 13 checks passed on the healthy observation
[self-test] ok   negative:install: the mutated observation FAILED its own check(s) ["H1"] — a row that installed no writers
[self-test] ok   negative:event: the mutated observation FAILED its own check(s) ["H2:tools/post-execute"] — a missing tool hook
[self-test] ok   negative:tool-stamp: the mutated observation FAILED its own check(s) ["H4"] — a tool stamp that is not post-completion-success
[self-test] ok   negative:captain: the mutated observation FAILED its own check(s) ["H8"] — no captain stamp (AC-2 needs both)
[self-test] ok   negative:fresh-read: the mutated observation FAILED its own check(s) ["H9"] — a read that did not come from a fresh process
[self-test] ok   negative:pre-hook-absent: the mutated observation FAILED its own check(s) ["H5"] — the built bytes lost the pre-dispatch hook
[self-test] ok   negative:pre-hook-not-subscribed: the mutated observation FAILED its own check(s) ["H5"] — the row never subscribed tools/pre-execute
[self-test] ok   negative:observe-only-veto: the mutated observation FAILED its own check(s) ["H5"] — a hook that REPLACES the gate decision (veto)
[self-test] ok   negative:observe-only-mutates: the mutated observation FAILED its own check(s) ["H5"] — a live execution object handed to the listener (it could mutate the call)
[self-test] ok   negative:observe-only-write-lands: the mutated observation FAILED its own check(s) ["H5"] — a listener write that was not rejected by the frozen copy
[self-test] ok   negative:observe-only-throws: the mutated observation FAILED its own check(s) ["H5"] — a throwing listener that breaks the call it observes
[self-test] ok   negative:observe-only-after-body: the mutated observation FAILED its own check(s) ["H5"] — a pre stamp that arrived after the tool body started
[self-test] PASS — team-watchdog-heartbeat (13 checks, 0 failed)
[test:qa] skills/dsh-qa/scripts/team-watchdog-notify.mjs
[self-test] ok   healthy-observation: 18 checks passed on the healthy observation
[self-test] ok   negative:web-record-missing: the mutated observation FAILED its own check(s) ["W2"] — a payload with no activity record
[self-test] ok   negative:web-not-top: the mutated observation FAILED its own check(s) ["W4"] — a banner that is not the panel's first child
[self-test] ok   negative:web-no-first-poll: the mutated observation FAILED its own check(s) ["W3"] — a replay that needed a user action
[self-test] ok   negative:web-ack-other-reader: the mutated observation FAILED its own check(s) ["W6"] — an acknowledge that clobbered the OTHER reader's key
[self-test] ok   negative:web-replay-continues: the mutated observation FAILED its own check(s) ["W7"] — a replay that survived the acknowledge
[self-test] ok   negative:tui-reader: the mutated observation FAILED its own check(s) ["T1","T5"] — a TUI front door using the web reader key
[self-test] ok   negative:tui-dialog: the mutated observation FAILED its own check(s) ["T4"] — a dialog with no acknowledge action
[self-test] ok   negative:tui-compose: the mutated observation FAILED its own check(s) ["T3"] — a notice that never reaches the status line
[self-test] ok   negative:tui-ack: the mutated observation FAILED its own check(s) ["T5"] — a TUI acknowledge that did not advance its watermark
[self-test] ok   negative:tui-ack-other: the mutated observation FAILED its own check(s) ["T5"] — a TUI acknowledge that clobbered the web reader's key
[self-test] ok   negative:tui-replay-continues: the mutated observation FAILED its own check(s) ["T6"] — a TUI replay that survived the acknowledge
[self-test] ok   negative:bytes: the mutated observation FAILED its own check(s) ["T7"] — built TUI bytes with no notice/dialog wiring
[self-test] ok   negative:bytes-unchanged: the mutated observation FAILED its own check(s) ["N1"] — a watermark file whose bytes never changed
[self-test] ok   negative:fallback-hidden: the mutated observation FAILED its own check(s) ["N2"] — a lane that hides the permanent-redisplay fallback
[self-test] PASS — team-watchdog-notify (15 checks, 0 failed)
[test:qa] skills/dsh-qa/scripts/team-watchdog-scene.mjs
[self-test] ok   healthy-observation: 10 checks passed on the healthy observation
[self-test] ok   negative:field-set: the mutated observation FAILED its own check(s) ["S2","S5"] — a snapshot missing a contracted field
[self-test] ok   negative:member-fields: the mutated observation FAILED its own check(s) ["S6"] — a member row without its liveness field
[self-test] ok   negative:hold-mismatch: the mutated observation FAILED its own check(s) ["S4"] — a snapshot hold that disagrees with the sidecar
[self-test] ok   negative:log-shorter: the mutated observation FAILED its own check(s) ["S7"] — an incident log with fewer records than the snapshot claims
[self-test] ok   negative:pointer: the mutated observation FAILED its own check(s) ["S9"] — a latest.json pointer that is not the newest scene
[self-test] ok   negative:fresh-process: the mutated observation FAILED its own check(s) ["S1"] — a read that was not made from a fresh process
[self-test] PASS — team-watchdog-scene (7 checks, 0 failed)
[test:qa] skills/dsh-qa/scripts/tool-output-validation.mjs
[tool-output-validation self-test] ok: bundle rows + dist symbols + unit suites verified
[test:qa] skills/dsh-qa/scripts/tui-admission.mjs
[tui-admission self-test] ok: structural rules, pane classification and spec-root resolution are two-sided
[test:qa] skills/dsh-qa/scripts/tui-distribution.mjs
[tui-distribution self-test] ok: descriptor rules + CLI plan are two-sided
[test:qa] skills/dsh-qa/scripts/tui-mount.mjs
[tui-mount self-test] ok: layering, crash-scan, boot-face and isolation predicates are two-sided
[test:qa] skills/dsh-qa/scripts/tui-panels.mjs
[tui-panels self-test] ok: 7 surfaces asserted, negative controls fail as required
[test:qa] skills/dsh-qa/scripts/tui-settings-bridge.mjs
[tui-settings-bridge self-test] ok: 18 web-arm + 7 TUI-arm injected faults each flip their own check; both synthetic green artifacts pass
[test:qa] skills/dsh-qa/scripts/tui-spec-conformance.mjs
[tui-spec-conformance self-test] ok: matrix mapping two-sided, identity table reproduces on 8 files
[test:qa] skills/dsh-qa/scripts/ultrawork-smoke.mjs
[ultrawork-smoke self-test] ok: engine symbols + bundle row verified
[test:qa] skills/dsh-qa/scripts/vision-smoke.mjs
[vision-e2e self-test] ok: fixture generator verified (155 bytes)
[test:qa] skills/dsh-qa/scripts/web-client-adapt.mjs
[web-client-adapt self-test] ok: 14 checks
[test:qa] skills/dsh-qa/scripts/web-settings-bridge.mjs
[web-settings-bridge self-test] ok: 18 web-arm + 7 TUI-arm injected faults each flip their own check; both synthetic green artifacts pass
[test:qa] skills/dsh-qa/scripts/workmate-library.mjs
[workmate-library self-test] ok: 18 checks
[test:qa] skills/dsh-qa/scripts/workmate-team-member.mjs
[workmate-team-member self-test] ok: 6 checks
  ok scaffold exits 0 (got 0): 
  ok scaffold wrote mpd-ext.json
  ok scaffold wrote skills/demo-ext-skill/SKILL.md
  ok scaffold wrote flows/demo-ext-flow.json
  ok scaffold wrote personas/demo-ext-reviewer.md
  ok scaffold wrote server.mjs
  ok validate accepts the scaffold (got 0): 
  ok validate exits 1 on a broken extension (got 1)
  ok the broken run reports "typoKey"
  ok the broken run reports "serverName"
  ok the broken run reports "contributes.skills[0].root"
  ok the broken run reports "escapes are rejected"
  ok the broken run reports "surprise"
  ok the broken run reports "persona file does not exist"
  ok validate accepts extensions/mpd-ext-example (got 0): 
  ok list exits 0 (got 0)
  ok list names the bundle plane
  ok list sees the shipped example
  ok no command prints usage or fails
[mpd-ext] --self-test passed (19 checks)
[mpd-ext] validate /root/dshProj/my-power-dsh/extensions/mpd-ext-example (plane=user)
  extension "mpd-ext-example": loadable
  contributes: 1 skill(s), 1 flow(s), 1 role(s), 1 mcp server(s)
  pending contributes.mcp[0]: pending: server "lint-mcp" is declared and not connected yet (connectTimeoutMs=10000, toolCallTimeoutMs=60000) — the runtime bridge replaces this line with the server's live state
[mpd-ext] ok
[test:qa] all self-tests passed

## docs-pair-gate :: bun run verify:docs
$ node scripts/verify-docs-parity.mjs
ok   README.md
ok   docs/architecture.md
ok   docs/development.md
ok   docs/extensions.md
ok   docs/feature-audit.md
ok   docs/index.md
ok   docs/tui.md
ok   docs/upstream-parity-ledger.md
ok   docs/user-guide.md
ok   extensions/README.md
ok   packages/mpd-bootstrap-plugin/README.md
ok   packages/mpd-boulder-plugin/README.md
ok   packages/mpd-bundle/README.md
ok   packages/mpd-bundle-plugin/README.md
ok   packages/mpd-codegraph-plugin/README.md
ok   packages/mpd-comment-checker-plugin/README.md
ok   packages/mpd-config-plugin/README.md
ok   packages/mpd-dsh-adapter-plugin/README.md
ok   packages/mpd-ext-plugin/README.md
ok   packages/mpd-hashline-plugin/README.md
ok   packages/mpd-mcp-astgrep/README.md
ok   packages/mpd-mcp-codegraph/README.md
ok   packages/mpd-mcp-gitbash/README.md
ok   packages/mpd-mcp-lsp/README.md
ok   packages/mpd-memory-plugin/README.md
ok   packages/mpd-modelchain-plugin/README.md
ok   packages/mpd-qa-roles-probe/README.md
ok   packages/mpd-roles-plugin/README.md
ok   packages/mpd-team-compact-plugin/README.md
ok   packages/mpd-team-watchdog-plugin/README.md
ok   packages/mpd-tools-plugin/README.md
ok   packages/mpd-tui-plugin/README.md
ok   packages/mpd-ulw-plugin/README.md
ok   packages/mpd-workmate-plugin/README.md
skip docs/bline-report.md — EXEMPT: prior-phase report (AGENTS.md §3)
skip docs/decisions.md — EXEMPT: process record (AGENTS.md §3)
skip docs/omo-parity-gap.md — EXEMPT: prior-phase report (AGENTS.md §3)
skip docs/plan-c.md — EXEMPT: process record (AGENTS.md §3: plan-*.md)
skip docs/plan-d.md — EXEMPT: process record (AGENTS.md §3: plan-*.md)
skip docs/plan-e.md — EXEMPT: process record (AGENTS.md §3: plan-*.md)
skip docs/plan-f.md — EXEMPT: process record (AGENTS.md §3: plan-*.md)
skip docs/plan-team-watchdog-report.md — EXEMPT: process record (AGENTS.md §3: plan-*.md)
skip docs/plan-team-watchdog.md — EXEMPT: process record (AGENTS.md §3: plan-*.md)
skip docs/plan-tui-edition.md — EXEMPT: process record (AGENTS.md §3: plan-*.md)
skip docs/review-p0-p3.md — EXEMPT: prior-phase report (AGENTS.md §3)
skip docs/track-a-report.md — EXEMPT: prior-phase report (AGENTS.md §3)
skip docs/tui-edition-report.md — EXEMPT: prior-phase report (the TUI edition delivery report) — named in the AGENTS.md Language-policy enumeration of exempt prior-phase reports (captain ruling on T60-F1)
skip docs/ulw-deepseek-optimization.md — EXEMPT: prior-phase report (AGENTS.md §3)
skip packages/mpd-agent-teams-plugin/README.md — EXEMPT: adopted upstream main code, kept verbatim as provenance
skip packages/mpd-mcp-shared — EXEMPT: ships source and tests only; its README pair is a recorded follow-up

[verify-docs-parity] root=/root/dshProj/my-power-dsh pairs=34 failed=0 violations=0 exempt=16 — PASS

## rows-parity :: node scripts/verify-rows-parity.mjs
[verify-rows-parity] ok: 25 row ids match the bundle patch insert list (agent-teams, mcp-astgrep, mcp-codegraph, mcp-context7, mcp-gitbash, mcp-grepapp, mcp-lsp, mpd-bootstrap, mpd-boulder, mpd-codegraph, mpd-comment-checker, mpd-config, mpd-dsh-adapter, mpd-ext, mpd-hashline, mpd-memory, mpd-modelchain, mpd-roles, mpd-team-compact, mpd-team-watchdog, mpd-tools, mpd-tui, mpd-ulw, mpd-web-compat, mpd-workmate)

## adopted-delta :: node scripts/patch-agent-teams-fixes.mjs --check
[patch-agent-teams-fixes] already applied: 53 mpd delta region(s) across 9 adopted file(s)

## installer-dry :: node scripts/install-profile.mjs --dry-run
[install-profile] dshHome=/root/.dsh profile=mpd write=false
[install-profile] profileDir=/root/.dsh/profiles/mpd
[install-profile] homePatch=/root/.dsh/cordis.patch.yml
[install-profile] presets -> /root/.dsh/.agent-presets/mpd-*
[install-profile] toolchain missing=false (use --skip-toolchain to skip)
[install-profile] rows about to be written to home patch: 25 (id-target=0, insert=25)
- insert:
  - id: mpd-web-compat
    name: "@mpd-dsh/mpd"
  - id: mcp-astgrep
    name: "@deepseek-ai/dsh-mcp-client"
    config:
      serverName: "ast_grep"
      transport: "stdio"
      command: "node"
      args:
        - "/root/dshProj/my-power-dsh/packages/mpd-mcp-astgrep/dist/cli.js"
      env:
        MPD_AST_GREP_SG_PATH: "/root/dshProj/my-power-dsh/.toolchain/node_modules/.bin/sg"
      toolCallTimeoutMs: 60000
  - id: mcp-gitbash
    name: "@deepseek-ai/dsh-mcp-client"
    disabled: true
    config:
      serverName: "git_bash"
      transport: "stdio"
      command: "node"
      args:
        - "/root/dshProj/my-power-dsh/packages/mpd-mcp-gitbash/dist/cli.js"
      toolCallTimeoutMs: 60000
  - id: mcp-lsp
    name: "@deepseek-ai/dsh-mcp-client"
    config:
      serverName: "lsp"
      transport: "stdio"
      command: "node"
      args:
        - "/root/dshProj/my-power-dsh/packages/mpd-mcp-lsp/dist/cli.js"
        - "mcp"
      toolCallTimeoutMs: 60000
  - id: mcp-codegraph
    name: "@deepseek-ai/dsh-mcp-client"
    config:
      serverName: "codegraph"
      transport: "stdio"
      command: "node"
      args:
        - "/root/dshProj/my-power-dsh/packages/mpd-mcp-codegraph/dist/serve.js"
      env:
        MPD_CODEGRAPH_BIN: "/root/dshProj/my-power-dsh/.toolchain/node_modules/.bin/codegraph"
      toolCallTimeoutMs: 60000
  - id: mcp-context7
    name: "@deepseek-ai/dsh-mcp-client"
    config:
      serverName: "context7"
      transport: "streamable-http"
      url: "https://mcp.context7.com/mcp"
      toolCallTimeoutMs: 60000
  - id: mcp-grepapp
    name: "@deepseek-ai/dsh-mcp-client"
    config:
      serverName: "grep_app"
      transport: "streamable-http"
      url: "https://mcp.grep.app"
      toolCallTimeoutMs: 60000
  - id: mpd-codegraph
    name: "/root/dshProj/my-power-dsh/packages/mpd-codegraph-plugin/dist/index.js"
    config:
      autoInit: true
      initTimeoutMs: 60000
      binary: "/root/dshProj/my-power-dsh/.toolchain/node_modules/.bin/codegraph"
  - id: mpd-tools
    name: "/root/dshProj/my-power-dsh/packages/mpd-tools-plugin/dist/index.js"
    config:
      writeGuard: true
      truncateMaxBytes: 8192
  - id: mpd-modelchain
    name: "/root/dshProj/my-power-dsh/packages/mpd-modelchain-plugin/dist/index.js"
  - id: mpd-ulw
    name: "/root/dshProj/my-power-dsh/packages/mpd-ulw-plugin/dist/index.js"
    config:
      maxRounds: 3
  - id: mpd-hashline
    name: "/root/dshProj/my-power-dsh/packages/mpd-hashline-plugin/dist/index.js"
    config:
      guardEditTools: true
  - id: mpd-boulder
    name: "/root/dshProj/my-power-dsh/packages/mpd-boulder-plugin/dist/index.js"
  - id: mpd-dsh-adapter
    name: "/root/dshProj/my-power-dsh/packages/mpd-dsh-adapter-plugin/dist/index.js"
  - id: mpd-config
    name: "/root/dshProj/my-power-dsh/packages/mpd-config-plugin/dist/index.js"
  - id: mpd-comment-checker
    name: "/root/dshProj/my-power-dsh/packages/mpd-comment-checker-plugin/dist/index.js"
    config:
      autoCheck: false
  - id: mpd-memory
    name: "/root/dshProj/my-power-dsh/packages/mpd-memory-plugin/dist/index.js"
    config:
      vcs: "git"
  - id: mpd-ext
    name: "/root/dshProj/my-power-dsh/packages/mpd-ext-plugin/dist/index.js"
    config:
      quiet: false
  - id: mpd-roles
    name: "/root/dshProj/my-power-dsh/packages/mpd-roles-plugin/dist/index.js"
  - id: mpd-workmate
    name: "/root/dshProj/my-power-dsh/packages/mpd-workmate-plugin/dist/index.js"
  - id: mpd-team-compact
    name: "/root/dshProj/my-power-dsh/packages/mpd-team-compact-plugin/dist/index.js"
  - id: mpd-team-watchdog
    name: "/root/dshProj/my-power-dsh/packages/mpd-team-watchdog-plugin/dist/index.js"
    config:
      stateDir: ".mpd/team"
      warnSilenceMs: 90000
      tickIntervalMs: 15000
      warnStreakToEscalate: 3
      actionOnEscalate: "pause"
  - id: mpd-bootstrap
    name: "/root/dshProj/my-power-dsh/packages/mpd-bootstrap-plugin/dist/index.js"
  - id: mpd-tui
    name: "/root/dshProj/my-power-dsh/packages/mpd-tui-plugin/dist/index.js"
  - id: agent-teams
    name: "/root/dshProj/my-power-dsh/packages/mpd-agent-teams-plugin/lib/index.js"
    config:
      stateDir: ".mpd/team"
      memberProvider: "spawn"
      memberMaxDepth: 1
      maxMembers: 16
      maxParallelMembers: 8
      maxMessagesPerRun: 10000
      maxWallClockMinutes: 120
      maxMemberTurns: 500
      messagePayloadMaxBytes: 32768
      recipientUnreadMaxBytes: 262144
      mailboxPollIntervalMs: 3000
      enforcement: "enforce"
      reclaimStaleAfterMs: 3600000
      sessionTeamPolicy:
        mode: "off"
        autoRoute: true
        profile: "mpd"
        presets: ["mpd"]
        name: "MPD Default"
        approval: "required"
      profiles:
        mpd:
          description: "The specialist roster surfaced as normal-named teammate templates — captain-planned (roster only; the captain designs the DAG during the staged plan)."
          protocol: "Read-only members (Architect, Researcher, Planner, Explorer, Plan Reviewer, Vision Analyst) take requirements/review/analysis tasks only and never edit files. Workers (Senior Engineer, Junior Engineer, Deep Worker, Lead, Reviewer) take implementation/verification/integration. The captain leads, designs the DAG, and integrates results. Workmate reuse: before delegating a role task, consult mpd_workmate_list / mpd_workmate_match(task); if a workmate note matches well, delegate to that workmate (member name = workmate name, so its persona/memory are injected), otherwise initialize a fresh workmate with mpd_workmate_init — never force a weak note match."
          taskPlanning: captain
          # fallback.provider is ALWAYS deepseek-official (never the bare
          # "deepseek" compat-track provider): the original layered design
          # intended dsh-llm-pi-ai ("deepseek") as the degradation tier, but
          # that row is OFF by default (install-profile --with-compat-track is
          # gone) and the harness only registers deepseek-official
          # (dsh-llm-deepseek), so a "deepseek" fallback would fail with
          # NO_ADAPTER exactly when the fallback is needed. Models stay
          # tiers: every member is flash — the five that used to default to
          # the pro tier (Architect/Planner/Reviewer/Lead/Senior Engineer)
          # carry an explicit reasoning_effort: max, the highest effort this
          # deployment exposes (off/low/high/max).
          members:
            - name: Architect
              reasoning_effort: max
              role: architecture review / deep debugging / self-review
              provider: deepseek-official
              model: deepseek-v4-flash
              fallback: { provider: deepseek-official, model: deepseek-v4-flash }
              executionPrompt: "Read-only architecture advisor. You advise, others execute — never edit files. Favor simplicity and existing patterns; give one clear recommendation with concise rationale and evidence."
              # Read-only members are MECHANICALLY restricted, not just instructed: these
              # names are the same seven the one-shot roster path denies
              # (mpd-roles-plugin / mpd-workmate-plugin READONLY_DENY), carried as profile
              # data because the adopted plugin cannot import across packages. Without
              # them a "read-only" member in a team kept write/edit/bash (measured
              # 2026-09-14: a member's own session ran `pwd` for real).

              toolDeny: [write, edit, mpd_hashline_edit, bash, mcp__ast_grep__rewrite, mcp__ast_grep__scan, mcp__lsp__rename]
            - name: Researcher
              role: code / open-source evidence search
              provider: deepseek-official
              model: deepseek-v4-flash
              fallback: { provider: deepseek-official, model: deepseek-v4-flash }
              executionPrompt: "Read-only researcher. Gather evidence from the codebase, AST/LSP and web sources; cite file:line and URLs; never edit files or invent findings."
              toolDeny: [write, edit, mpd_hashline_edit, bash, mcp__ast_grep__rewrite, mcp__ast_grep__scan, mcp__lsp__rename]
            - name: Planner
              reasoning_effort: max
              role: planning / task decomposition
              provider: deepseek-official
              model: deepseek-v4-flash
              fallback: { provider: deepseek-official, model: deepseek-v4-flash }
              executionPrompt: "Read-only planner. Produce decision-complete, step-ordered plans with a checklist; never implement."
              toolDeny: [write, edit, mpd_hashline_edit, bash, mcp__ast_grep__rewrite, mcp__ast_grep__scan, mcp__lsp__rename]
            - name: Explorer
              role: read-only codebase exploration
              provider: deepseek-official
              model: deepseek-v4-flash
              fallback: { provider: deepseek-official, model: deepseek-v4-flash }
              executionPrompt: "Read-only explorer. Answer with evidence and absolute file paths; never edit files."
              toolDeny: [write, edit, mpd_hashline_edit, bash, mcp__ast_grep__rewrite, mcp__ast_grep__scan, mcp__lsp__rename]
            - name: Reviewer
              reasoning_effort: max
              role: correctness / risk review
              provider: deepseek-official
              model: deepseek-v4-flash
              fallback: { provider: deepseek-official, model: deepseek-v4-flash }
              executionPrompt: "Deep reviewer. Produce correctness/risk findings with evidence; recommend fixes but do not apply them."
            - name: Plan Reviewer
              role: work-plan QA review / UI-UX critique
              provider: deepseek-official
              model: deepseek-v4-flash
              fallback: { provider: deepseek-official, model: deepseek-v4-flash }
              executionPrompt: "Read-only plan reviewer. Verify plans are executable and references valid; reject only true blockers; UI/UX critique only when explicitly asked; never edit files."
              toolDeny: [write, edit, mpd_hashline_edit, bash, mcp__ast_grep__rewrite, mcp__ast_grep__scan, mcp__lsp__rename]
            - name: Vision Analyst
              role: image / diagram analysis
              provider: deepseek-official
              model: deepseek-v4-flash-vision-exp
              fallback: { provider: deepseek-official, model: deepseek-v4-flash }
              executionPrompt: "Read-only vision analyst. Describe screenshots/diagrams precisely; never edit files or load anything by path."
              toolDeny: [write, edit, mpd_hashline_edit, bash, mcp__ast_grep__rewrite, mcp__ast_grep__scan, mcp__lsp__rename]
            - name: Lead
              reasoning_effort: max
              role: orchestration / integration
              provider: deepseek-official
              model: deepseek-v4-flash
              fallback: { provider: deepseek-official, model: deepseek-v4-flash }
              executionPrompt: "Orchestrator. Plan the macro structure, delegate independent units in parallel, integrate and verify results."
            - name: Deep Worker
              role: autonomous goal-driven implementation
              provider: deepseek-official
              model: deepseek-v4-flash
              fallback: { provider: deepseek-official, model: deepseek-v4-flash }
              executionPrompt: "Autonomous deep worker. Receive goals, execute them end-to-end with tools, verify every change, report evidence-first."
            - name: Senior Engineer
              reasoning_effort: max
              role: primary implementation
              provider: deepseek-official
              model: deepseek-v4-flash
              fallback: { provider: deepseek-official, model: deepseek-v4-flash }
              executionPrompt: "Primary engineer. Plan small, execute with tools, keep diffs minimal, verify every change, report honestly."
            - name: Junior Engineer
              role: small mechanical changes
              provider: deepseek-official
              model: deepseek-v4-flash
              fallback: { provider: deepseek-official, model: deepseek-v4-flash }
              executionPrompt: "Fast executor. Small, well-scoped mechanical changes with quick verification; keep diffs tiny."

[install-profile] DRY-RUN done (nothing written); add --yes to actually install, and --dsh-home to override the target

## ext-cli-selftest :: bun scripts/mpd-ext.mjs --self-test
  ok scaffold exits 0 (got 0): 
  ok scaffold wrote mpd-ext.json
  ok scaffold wrote skills/demo-ext-skill/SKILL.md
  ok scaffold wrote flows/demo-ext-flow.json
  ok scaffold wrote personas/demo-ext-reviewer.md
  ok scaffold wrote server.mjs
  ok validate accepts the scaffold (got 0): 
  ok validate exits 1 on a broken extension (got 1)
  ok the broken run reports "typoKey"
  ok the broken run reports "serverName"
  ok the broken run reports "contributes.skills[0].root"
  ok the broken run reports "escapes are rejected"
  ok the broken run reports "surprise"
  ok the broken run reports "persona file does not exist"
  ok validate accepts extensions/mpd-ext-example (got 0): 
  ok list exits 0 (got 0)
  ok list names the bundle plane
  ok list sees the shipped example
  ok no command prints usage or fails
[mpd-ext] --self-test passed (19 checks)

## ext-cli-validate :: bun scripts/mpd-ext.mjs validate extensions/mpd-ext-example
[mpd-ext] validate /root/dshProj/my-power-dsh/extensions/mpd-ext-example (plane=user)
  extension "mpd-ext-example": loadable
  contributes: 1 skill(s), 1 flow(s), 1 role(s), 1 mcp server(s)
  pending contributes.mcp[0]: pending: server "lint-mcp" is declared and not connected yet (connectTimeoutMs=10000, toolCallTimeoutMs=60000) — the runtime bridge replaces this line with the server's live state
[mpd-ext] ok

## boot-rows :: bun skills/dsh-qa/scripts/bundle-lifecycle.mjs
[bundle-lifecycle] ok=true -> /root/dshProj/my-power-dsh/evidence/dsh-qa/bundle-lifecycle/2026-09-16T02-55-38.803Z
  install: {"ok":true,"exit":0,"dependency":"link:/root/dshProj/my-power-dsh","bundles":["@deepseek-ai/dsh-base","@deepseek-ai/dsh-web-app","@mpd-dsh/mpd"],"oneCommand":"dsh plugin --profile w add <repo root>"}
  composed: {"ok":true,"exit":0}
  boot: {"ok":true,"http":true,"corpus":"/root/dshProj/my-power-dsh/skills","preset":"/root/dshProj/my-power-dsh/.qa-reloc/bundle-lifecycle-2026-09-16T02-55-38.803Z/home/profiles/w/node_modules/@mpd-dsh/mpd/presets/mpd/agent.cordis.yml","trust":"system","bundleReal":"
  noHomeCopy: {"ok":true,"skills":[],"presets":[]}
  layerDurability: {"ok":true,"exit":0,"dependency":true,"bundles":["@deepseek-ai/dsh-base","@deepseek-ai/dsh-web-app","@mpd-dsh/mpd"]}
  uninstall: {"ok":true,"exit":0,"bundles":["@deepseek-ai/dsh-base","@deepseek-ai/dsh-web-app"],"residue":[],"mpdState":[]}
[bundle-lifecycle] PASS

## preset-mount :: node skills/dsh-qa/scripts/preset-conformance.mjs
[preset-conformance] ok=true -> /root/dshProj/my-power-dsh/evidence/dsh-qa/preset-conformance/2026-09-16T02-55-55.272Z
  conformance: {"ok":true,"checked":31,"schemaFree":6,"parity":{"reference":31,"ours":31,"missing":[],"extra":[]},"problems":[]}
  auth: {"ok":true,"tokenSeen":true,"cookieSession":true}
  sessionCreate: {"ok":true,"status":200,"sessionId":"session-8d10c93e-c1b5-48fc-bba6-147b470d2b7c","agentPreset":"mpd"}
  sessionHeader: {"ok":true,"agentPreset":"mpd","log":"/tmp/mpd-preset-main-wlm8qC/home/sessions/--tmp-mpd-preset-main-wlm8qC-ws--/session-8d10c93e-c1b5-48fc-bba6-147b470d2b7c/session.v3.jsonl.zstd"}
  bootLog: {"ok":true,"signatures":[]}
  negativeControl: {"ok":true,"code":"agent-preset/invalid","message":"agent-presets: preset \"mpd\" failed to mount: failed to apply loader entry persona (@deepseek-ai/dsh-persona): invalid config:\n  - $.prefix missing required value (at prefix) (/tmp/mpd-preset-control-2026-09-16T02-55-55.272Z/mpd/agent.cordis.yml)
[preset-conformance] PASS

## lane-heartbeat :: node skills/dsh-qa/scripts/team-watchdog-heartbeat.mjs
[mpd-team-watchdog] applied: enabled=true warnSilenceMs=60000 tickIntervalMs=5000 warnStreakToEscalate=2 actionOnEscalate=pause stateDir=.mpd/team disposers=6 holdService=mpdWatchdog hydratedHolds=0 deadTeamGraceMs=86400000 toolInFlightMaxMs=900000
[team-watchdog-heartbeat] mounted: applied=true disposers=6 events=agent/pre-step,agent/session-start,agent/turn-stopping,tools/post-execute,tools/pre-execute,settings/updated,settings/document-updated
[team-watchdog-heartbeat] tools registered: session-watchdog-hold,session-watchdog-resume,session-watchdog-status
[team-watchdog-heartbeat] observe-only probe: {"gateVerbatim":true,"resultVerbatim":true,"postDecisionVerbatim":true,"commandRanForReal":true,"hookRan":true,"hookSawTheGateDecision":true,"frozenCopy":true,"mutationRejected":true,"observedBeforeTheBody":true,"noHookNoObservation":true,"throwingListenerContained":true,"execUntouched":true}
[team-watchdog-heartbeat] PASS — 13 checks, 0 failed (evidence: /root/dshProj/my-power-dsh/evidence/team-watchdog/lanes/20260916T025627Z-heartbeat/result.json)
[team-watchdog-heartbeat] NOT CLAIMED: No LIVE member turn was driven: this sandbox has no dsh host, no model credential and no network (the fixture's own NOT_CLAIMED #3). The witness is the mounted boot plus the events the host would fire, read back by a fresh process.
[team-watchdog-heartbeat] NOT CLAIMED: The observe-only property is witnessed on the vendored cordis waterfall with the REAL adapter dist and a REAL child-process tool body, but NOT inside a live dsh session: the harness's own dispatch was not driven here.

