================================================================================
t54 — REPAIR evidence (hold-enforcement reader, AMENDMENT 2 / A2-1)
repo: /root/dshProj/my-power-dsh   revision: 3dec3bd2994d78ae64c30e33118642987a0401cf
generated: 2026-09-15T16:29:06Z
every log below was produced after the last source edit and the last dist rebuild, at
the revision above (which already contains the w4 knob-declaration edits).
the FIRST run's evidence is untouched at evidence/team-watchdog/plugin/20260915T160657Z/
================================================================================

── raw/typecheck.log ────────────────────────────────────────────────────────────────
$ tsgo --noEmit
exit=0

── raw/tests-package.log ────────────────────────────────────────────────────────────────
bun test v1.3.14 (0d9b296a)

packages/mpd-team-watchdog-plugin/test/heartbeat.test.ts:
(pass) heartbeat store > a model step stamps the member AND the task the member owns [4.07ms]
(pass) heartbeat store > the captain is stamped under its own key by the same code path [0.69ms]
(pass) heartbeat store > an agent outside every team still stamps, under a per-session key [0.57ms]
(pass) heartbeat store > the POST tool hook stamps a completed tool call, never a pre-dispatch one [0.81ms]
(pass) heartbeat store > turn boundaries are stamped and an old generation is rotated away [2.50ms]
(pass) heartbeat store > timestamps advance across a turn (>= 3 distinct lastSeen values) [14.32ms]
(pass) heartbeat store > a torn last line does not hide the stamps before it [0.49ms]

packages/mpd-team-watchdog-plugin/test/holds.test.ts:
(pass) the mpdWatchdog reader (A2-1 option (b)) > an unknown team is not held, and a recorded hold makes it held [0.79ms]
(pass) the mpdWatchdog reader (A2-1 option (b)) > the file fallback answers for a hold ANOTHER process wrote (the cross-process caveat) [0.65ms]
[mpd-team-watchdog] applied: enabled=true warnSilenceMs=7200000 tickIntervalMs=3600000 warnStreakToEscalate=3 actionOnEscalate=pause stateDir=.mpd/team disposers=5 holdService=mpdWatchdog hydratedHolds=1
(pass) the mpdWatchdog reader (A2-1 option (b)) > hydrate at apply loads the holds that already exist on disk [1.67ms]
[mpd-team-watchdog] applied: enabled=true warnSilenceMs=7200000 tickIntervalMs=3600000 warnStreakToEscalate=3 actionOnEscalate=pause stateDir=.mpd/team disposers=5 holdService=mpdWatchdog hydratedHolds=0
(pass) the mpdWatchdog reader (A2-1 option (b)) > the documented gate call shape returns exactly what a decline gate branches on [1.33ms]
[mpd-team-watchdog] ctx.provide is unavailable — the hold reader is not published and the w7 gates stay fail-open
[mpd-team-watchdog] applied: enabled=true warnSilenceMs=7200000 tickIntervalMs=3600000 warnStreakToEscalate=3 actionOnEscalate=pause stateDir=.mpd/team disposers=5 holdService=none hydratedHolds=0
(pass) the mpdWatchdog reader (A2-1 option (b)) > FAIL-OPEN: a context without ctx.provide publishes no service, and the gate expression is simply false [0.36ms]
(pass) the mpdWatchdog reader (A2-1 option (b)) > never throws on a hostile path: the gates call it on every dispatch [0.26ms]
[mpd-team-watchdog] applied: enabled=true warnSilenceMs=7200000 tickIntervalMs=3600000 warnStreakToEscalate=3 actionOnEscalate=pause stateDir=.mpd/team disposers=5 holdService=mpdWatchdog hydratedHolds=0
(pass) the mpdWatchdog reader (A2-1 option (b)) > a mutation through the plugin's own actions keeps the reader in step, both ways [0.98ms]
(pass) the mpdWatchdog reader (A2-1 option (b)) > a direct applyResume with no registry argument still works (the registry is optional) [0.31ms]
[mpd-team-watchdog] knob watchdog.tickIntervalMs: must be < watchdog.warnSilenceMs (90000); clamped — using 30000
[mpd-team-watchdog] applied: enabled=true warnSilenceMs=90000 tickIntervalMs=30000 warnStreakToEscalate=3 actionOnEscalate=pause stateDir=.mpd/team disposers=5 holdService=mpdWatchdog hydratedHolds=0
[mpd-team-watchdog] WARN team-a task=t1 member=Architect silence=90001ms streak=1 hold=not-requested scene=/tmp/watchdog-test-h1Vie5/.mpd/team/watchdog/scene/team-a/20260915T162909Z-warn.json
[mpd-team-watchdog] WARN team-a task=t1 member=Architect silence=90002ms streak=2 hold=not-requested scene=/tmp/watchdog-test-h1Vie5/.mpd/team/watchdog/scene/team-a/20260915T162909Z-warn-2.json
[mpd-team-watchdog] ESCALATE team-a task=t1 member=Architect silence=90003ms streak=3 hold=applied scene=/tmp/watchdog-test-h1Vie5/.mpd/team/watchdog/scene/team-a/20260915T162909Z-escalate.json
(pass) the engine keeps the reader in step with its own hold > an ESCALATE hold lands in the registry through the plugin's own tool action [6.35ms]
[mpd-team-watchdog] applied: enabled=true warnSilenceMs=7200000 tickIntervalMs=3600000 warnStreakToEscalate=3 actionOnEscalate=pause stateDir=.mpd/team disposers=5 holdService=mpdWatchdog hydratedHolds=0
[mpd-team-watchdog] WARN team-a task=t1 member=Architect silence=30001ms streak=1 hold=not-requested scene=/tmp/watchdog-test-6GDZEO/.mpd/team/watchdog/scene/team-a/20260915T162809Z-warn.json
(pass) the engine keeps the reader in step with its own hold > a namespace that registers AFTER apply still tunes the tick (per-tick knob re-read) [1.34ms]

packages/mpd-team-watchdog-plugin/test/failsafe.test.ts:
(pass) AC-15 fail-safe > a throwing tick body is caught and counted, and the tick still returns [2.21ms]
[mpd-team-watchdog] applied: enabled=true warnSilenceMs=120000 tickIntervalMs=60000 warnStreakToEscalate=3 actionOnEscalate=pause stateDir=.mpd/team disposers=5 holdService=mpdWatchdog hydratedHolds=0
(pass) AC-15 fail-safe > exactly ONE interval owns the cadence, and a live cadence change replaces it [0.44ms]
(pass) AC-15 fail-safe > a tick with no state change writes nothing (no write loop) [1.59ms]
(pass) AC-15 fail-safe > an unwritable heartbeat location degrades to a counted failure [0.62ms]
[mpd-team-watchdog-test] WARN team-a task=t1 member=Architect silence=90001ms streak=1 hold=not-requested scene=/tmp/watchdog-test-3GRtxx/.mpd/team/watchdog/scene/team-a/20260915T162909Z-warn.json
(pass) AC-15 fail-safe > a tick that starts while the previous one runs is skipped, never queued [1.12ms]
(pass) AC-15 fail-safe > the env kill switch makes the tick observe nothing at all [0.74ms]
[mpd-team-watchdog] disabled by configuration — no heartbeat tick will run
[mpd-team-watchdog] applied: enabled=false warnSilenceMs=7200000 tickIntervalMs=3600000 warnStreakToEscalate=3 actionOnEscalate=pause stateDir=.mpd/team disposers=5 holdService=mpdWatchdog hydratedHolds=0
(pass) AC-15 fail-safe > a row config kill switch also disables the engine [0.34ms]

packages/mpd-team-watchdog-plugin/test/sidecars.test.ts:
(pass) the hold sidecar > lives beside team.json and never changes a byte of it [0.57ms]
(pass) the hold sidecar > is idempotent by id: a second identical write changes no bytes [0.25ms]
(pass) the hold sidecar > re-applying a hold keeps the original id and since (the hold is not restarted) [0.28ms]
(pass) the hold sidecar > a resume of a non-held team is a no-op, and a second resume is a no-op [0.36ms]
(pass) the hold sidecar > a hold without a team_id is refused with a reason, never thrown [0.31ms]
(pass) incidents and the read watermark > a record per incident plus a watermark per reader [0.89ms]
[mpd-team-watchdog] applied: enabled=true warnSilenceMs=7200000 tickIntervalMs=3600000 warnStreakToEscalate=3 actionOnEscalate=pause stateDir=.mpd/team disposers=5 holdService=mpdWatchdog hydratedHolds=0
(pass) the plugin's own actions > apply() registers exactly the three actions on the adapter [0.42ms]
[mpd-team-watchdog] applied: enabled=true warnSilenceMs=7200000 tickIntervalMs=3600000 warnStreakToEscalate=3 actionOnEscalate=pause stateDir=.mpd/team disposers=5 holdService=mpdWatchdog hydratedHolds=0
(pass) the plugin's own actions > the hold and resume actions are reachable through the adapter's internal tool seam [0.88ms]

packages/mpd-team-watchdog-plugin/test/machine.test.ts:
(pass) knobs > an absent namespace resolves to the frozen defaults [0.07ms]
(pass) knobs > the watchdog section is read from the mpd namespace by its exact paths [0.08ms]
(pass) knobs > a cadence at or beyond the silence threshold is clamped loudly, not thrown [0.06ms]
(pass) knobs > a bad knob type falls back with a recorded issue [0.07ms]
(pass) knobs > the env kill switch forces the watchdog off [0.03ms]
(pass) the machine > exactly one WARN per silent tick, and the third WARN escalates once [0.27ms]
(pass) the machine > a new attemptId starts a clean streak [0.10ms]
(pass) the machine > any recent stamp resets the streak [0.05ms]
(pass) the machine > a claimed task whose owner never stamped is never-started, and never escalates [0.08ms]
(pass) the machine > a disabled watchdog observes nothing [0.04ms]
[mpd-team-watchdog-test] WARN team-a task=t1 member=Architect silence=90001ms streak=1 hold=not-requested scene=/tmp/watchdog-test-pybP6s/.mpd/team/watchdog/scene/team-a/20260915T162909Z-warn.json
[mpd-team-watchdog-test] WARN team-a task=t1 member=Architect silence=90002ms streak=2 hold=not-requested scene=/tmp/watchdog-test-pybP6s/.mpd/team/watchdog/scene/team-a/20260915T162909Z-warn-2.json
[mpd-team-watchdog-test] the hold action was unreachable through the tool seam (unknown tool session-watchdog-hold) — falling back to a direct write
[mpd-team-watchdog-test] ESCALATE team-a task=t1 member=Architect silence=90003ms streak=3 hold=applied scene=/tmp/watchdog-test-pybP6s/.mpd/team/watchdog/scene/team-a/20260915T162909Z-escalate.json
(pass) the machine over a real team record > WARN then ESCALATE land on disk with the hold applied through the tool seam [2.59ms]
[mpd-team-watchdog-test] knobs re-read (enabled=true, warnSilenceMs=20000, tickIntervalMs=15000, warnStreakToEscalate=3, actionOnEscalate=pause)
[mpd-team-watchdog-test] WARN team-a task=t1 member=Architect silence=30001ms streak=1 hold=not-requested scene=/tmp/watchdog-test-bY9e9M/.mpd/team/watchdog/scene/team-a/20260915T162809Z-warn.json
(pass) the machine over a real team record > a live knob change is picked up without a restart [1.43ms]

packages/mpd-team-watchdog-plugin/test/scene.test.ts:
(pass) the scene document > carries exactly the AC-5 field set [0.58ms]
(pass) the scene document > a halted team's adopted flags are carried verbatim beside the watchdog's own hold [0.34ms]
(pass) the scene document > write -> read round-trips byte-identically and a second identical write changes no bytes [0.74ms]
(pass) the scene document > a scene file name is unique per incident even inside one millisecond [0.43ms]
(pass) the scene document > isoBasic is a file-safe timestamp [0.06ms]
(pass) the scene document > mailboxUnread mirrors the adopted predicate (tombstones and read records are not unread) [0.34ms]
[mpd-team-watchdog-test] WARN team-a task=t1 member=Architect silence=90001ms streak=1 hold=not-requested scene=none
[mpd-team-watchdog-test] WARN team-a task=t1 member=Architect silence=90002ms streak=2 hold=not-requested scene=none
[mpd-team-watchdog-test] ESCALATE team-a task=t1 member=Architect silence=90003ms streak=3 hold=applied scene=none
(pass) an unwritable scene location > degrades LOUDLY, still attempts the hold and still records the incident [2.33ms]
(pass) an unwritable scene location > writeScene returns ok:false instead of throwing [0.30ms]

packages/mpd-team-watchdog-plugin/test/heartbeat.test.ts:

packages/mpd-team-watchdog-plugin/test/holds.test.ts:

packages/mpd-team-watchdog-plugin/test/failsafe.test.ts:

packages/mpd-team-watchdog-plugin/test/sidecars.test.ts:

packages/mpd-team-watchdog-plugin/test/machine.test.ts:

packages/mpd-team-watchdog-plugin/test/scene.test.ts:

 52 pass
 0 fail
 220 expect() calls
Ran 52 tests across 12 files. [207.00ms]
exit=0

── raw/tests-all.log ────────────────────────────────────────────────────────────────
bun test v1.3.14 (0d9b296a)

packages/mpd-mcp-shared/bin-resolve.test.mjs:
(pass) ast-grep: $MPD_AST_GREP_BIN_DIR tier wins and prefers ast-grep over sg [1.99ms]
(pass) ast-grep: a candidate that fails the ast-grep probe is skipped, never accepted by name [0.20ms]
(pass) ast-grep: createRequire tier resolves the packed optionalDependency [0.22ms]
(pass) ast-grep: <bundle>/.toolchain tier resolves the link: checkout layout [0.15ms]
(pass) ast-grep: precedence is bin-dir > require > toolchain [0.27ms]
(pass) ast-grep: nothing resolvable returns null and never throws [0.15ms]
(pass) codegraph: <bundle>/.toolchain tier resolves the link: checkout layout [0.43ms]
(pass) codegraph: createRequire tier reads the package's own bin entry [0.44ms]
(pass) bundleRootFrom: <bundle>/packages/<pkg>/launch.mjs -> <bundle> [0.07ms]
(pass) REAL toolchain probe: ast-grep passes, the deprecated sg wrapper fails [7.66ms]

packages/mpd-ulw-plugin/test/engine.test.ts:
(pass) engine policy: plan -> round -> verify -> quality gate with ledger [5.27ms]
(pass) engine alias and 2-fruitless-waves stop [0.63ms]
(pass) DeepSeek V4 / DSH contract: role text in prompt (no persona field), pro for planner/reviewer, compact handoff [0.81ms]

packages/mpd-memory-plugin/test/memory.test.ts:
(pass) git backend: write -> commit -> read -> reflection due [31.52ms]
(pass) svn backend REAL svn CLI: repo create, checkout, commit, log [94.47ms]
(pass) both vcs: commits to git and svn [139.27ms]
(pass) svn backend wiring with fake svn CLIs [15.06ms]

packages/mpd-config-plugin/test/settings-wiring.test.ts:
[mpd-config] settings bridge: registered the "mpd" namespace with the file-derived base (applies:'restart', design §10.1)
[mpd-config] settings bridge: migrated 1 saved settings value(s) into /tmp/mpd-wiring-M85td0/ws/.mpd/mpd.jsonc (marker bridge.migratedRevision=2).
(pass) namespace ownership (design §10.1): THIS package registers, with the file-derived base > one registration, applies:'restart', and the base is the FILE layer — never the resolved value [5.74ms]
[mpd-config] settings bridge: could not register the "mpd" namespace (settings namespace "mpd" is already registered) — the TUI fallback owns it now.
(pass) namespace ownership (design §10.1): THIS package registers, with the file-derived base > a refused registration names the host's reason and leaves the TUI fallback to own it [0.30ms]
[mpd-config] settings bridge: 2 live workspaces (/tmp/mpd-wiring-VOEK86/ws, /tmp/mpd-wiring-TksIbN/ws) — the namespace base is NOT derived from a file, because the file is per-workspace and the namespace is host-global; both front doors will show the schema defaults until exactly one workspace is live.
[mpd-config] settings bridge: registered the "mpd" namespace with the file-derived base (applies:'restart', design §10.1)
[mpd-config] settings bridge: saved to settings — NOT written to any file: 2 live workspaces, so the target is ambiguous. Candidates: /tmp/mpd-wiring-VOEK86/ws, /tmp/mpd-wiring-TksIbN/ws. Keep one session live, or edit that workspace's .mpd/mpd.jsonc directly.
[mpd-config] settings bridge: saved to settings — NOT written to any file: 2 live workspaces, so the target is ambiguous. Candidates: /tmp/mpd-wiring-VOEK86/ws, /tmp/mpd-wiring-TksIbN/ws. Keep one session live, or edit that workspace's .mpd/mpd.jsonc directly.
[mpd-config] settings bridge ambiguous-multi-root: {"writtenTo":[],"skipped":"ambiguous-multi-root","candidates":["/tmp/mpd-wiring-VOEK86/ws","/tmp/mpd-wiring-TksIbN/ws"],"results":[],"applies":"restart","source":"update","revision":2}
(pass) namespace ownership (design §10.1): THIS package registers, with the file-derived base > A3 'not a lost edit': with N roots refused, the READ-IN still resolves the new value for every workspace [1.13ms]
[mpd-config] settings bridge: registered the "mpd" namespace with the file-derived base (applies:'restart', design §10.1)
[mpd-config] settings bridge: migrated 1 saved settings value(s) into /tmp/mpd-wiring-BPgPeW/ws/.mpd/mpd.jsonc (marker bridge.migratedRevision=2).
(pass) read-in precedence (design §1.1/§10.4, U12) > L3 outranks the file layers, and a missing L3 key falls back to the file [1.00ms]
[mpd-config] settings bridge: registered the "mpd" namespace with the file-derived base (applies:'restart', design §10.1)
[mpd-config] settings bridge: migrated 1 saved settings value(s) into /tmp/mpd-wiring-nQR9P6/ws/.mpd/mpd.jsonc (marker bridge.migratedRevision=2).
(pass) read-in precedence (design §1.1/§10.4, U12) > the in-namespace marker never becomes config and never reaches the file [0.68ms]
[mpd-config] settings bridge: registered the "mpd" namespace with the file-derived base (applies:'restart', design §10.1)
(pass) read-in precedence (design §1.1/§10.4, U12) > with the namespace unserved the file layers still resolve (degraded, not fatal) [0.32ms]
[mpd-config] settings bridge: registered the "mpd" namespace with the file-derived base (applies:'restart', design §10.1)
[mpd-config] settings bridge WROTE: {"writtenTo":["/tmp/mpd-wiring-tZJYjK/ws/.mpd/mpd.jsonc"],"skipped":null,"candidates":[],"results":[{"root":"/tmp/mpd-wiring-tZJYjK/ws","file":"/tmp/mpd-wiring-tZJYjK/ws/.mpd/mpd.jsonc","outcome":"written"}],"applies":"restart","source":"update","revision":3}
[mpd-config] settings bridge: migrated 1 saved settings value(s) into /tmp/mpd-wiring-tZJYjK/ws/.mpd/mpd.jsonc (marker bridge.migratedRevision=2).
(pass) the write-back target rules (design §A.1/§10.5) > U1/A2: one live root — a front-door edit rewrites exactly that file, comments intact [1.67ms]
[mpd-config] settings bridge: registered the "mpd" namespace with the file-derived base (applies:'restart', design §10.1)
[mpd-config] settings bridge: migration deferred — no live session workspace to migrate into (nothing was written to process.cwd()).
[mpd-config] settings bridge: saved to settings — not yet written to any .mpd/mpd.jsonc (no live session). Start a session in the intended workspace to persist it.
[mpd-config] settings bridge no-live-session: {"writtenTo":[],"skipped":"no-live-session","candidates":[],"results":[],"applies":"restart","source":"update","revision":2}
(pass) the write-back target rules (design §A.1/§10.5) > U13: zero live roots writes NOTHING anywhere and says so [0.30ms]
[mpd-config] settings bridge: 2 live workspaces (/tmp/mpd-wiring-wgDbDa/ws, /tmp/mpd-wiring-KbThAG/ws) — the namespace base is NOT derived from a file, because the file is per-workspace and the namespace is host-global; both front doors will show the schema defaults until exactly one workspace is live.
[mpd-config] settings bridge: registered the "mpd" namespace with the file-derived base (applies:'restart', design §10.1)
[mpd-config] settings bridge: saved to settings — NOT written to any file: 2 live workspaces, so the target is ambiguous. Candidates: /tmp/mpd-wiring-wgDbDa/ws, /tmp/mpd-wiring-KbThAG/ws. Keep one session live, or edit that workspace's .mpd/mpd.jsonc directly.
[mpd-config] settings bridge: saved to settings — NOT written to any file: 2 live workspaces, so the target is ambiguous. Candidates: /tmp/mpd-wiring-wgDbDa/ws, /tmp/mpd-wiring-KbThAG/ws. Keep one session live, or edit that workspace's .mpd/mpd.jsonc directly.
[mpd-config] settings bridge ambiguous-multi-root: {"writtenTo":[],"skipped":"ambiguous-multi-root","candidates":["/tmp/mpd-wiring-wgDbDa/ws","/tmp/mpd-wiring-KbThAG/ws"],"results":[],"applies":"restart","source":"update","revision":2}
(pass) the write-back target rules (design §A.1/§10.5) > U14 must-fail-on-fanout: two live roots REFUSE, name both, and touch no file [0.58ms]
[mpd-config] settings bridge: registered the "mpd" namespace with the file-derived base (applies:'restart', design §10.1)
[mpd-config] settings bridge: write-back is DISABLED by config (settingsBridge.writeBack=false or MPD_DSH_TUI_SETTINGS_BRIDGE=off) — the settings value took effect, no file was written.
[mpd-config] settings bridge DISABLED: {"writtenTo":[],"skipped":"disabled","candidates":[],"results":[],"applies":"restart","source":"update","revision":2}
(pass) the write-back target rules (design §A.1/§10.5) > A6 negative control: the switch disables the FILE write only, never the value [0.52ms]
[mpd-config] settings bridge: registered the "mpd" namespace with the file-derived base (applies:'restart', design §10.1)
[mpd-config] settings bridge: write-back is DISABLED by config (settingsBridge.writeBack=false or MPD_DSH_TUI_SETTINGS_BRIDGE=off) — the settings value took effect, no file was written.
[mpd-config] settings bridge DISABLED: {"writtenTo":[],"skipped":"disabled","candidates":[],"results":[],"applies":"restart","source":"update","revision":2}
(pass) the write-back target rules (design §A.1/§10.5) > the design's flat key (`writeBack:false`) disables it too, and both spellings are reported [0.48ms]
[mpd-config] settings bridge: registered the "mpd" namespace with the file-derived base (applies:'restart', design §10.1)
[mpd-config] settings bridge: write-back is DISABLED by config (settingsBridge.writeBack=false or MPD_DSH_TUI_SETTINGS_BRIDGE=off) — the settings value took effect, no file was written.
[mpd-config] settings bridge DISABLED: {"writtenTo":[],"skipped":"disabled","candidates":[],"results":[],"applies":"restart","source":"update","revision":2}
(pass) the write-back target rules (design §A.1/§10.5) > the env lever disables it too (MPD_DSH_TUI_SETTINGS_BRIDGE=off) [0.45ms]
[mpd-config] settings bridge: registered the "mpd" namespace with the file-derived base (applies:'restart', design §10.1)
[mpd-config] settings bridge: migrated 1 saved settings value(s) into /tmp/mpd-wiring-9OqBN3/ws/.mpd/mpd.jsonc (marker bridge.migratedRevision=2).
(pass) the write-back target rules (design §A.1/§10.5) > a provider reload is a READ-IN only: it never echoes into a file write [0.62ms]
[mpd-config] settings bridge: registered the "mpd" namespace with the file-derived base (applies:'restart', design §10.1)
[mpd-config] settings bridge: migrated 1 saved settings value(s) into /tmp/mpd-wiring-NcNQGI/ws/.mpd/mpd.jsonc (marker bridge.migratedRevision=2).
(pass) the write-back target rules (design §A.1/§10.5) > a raw-section change with NO new leaf writes nothing (the loop gate) [0.54ms]
[mpd-config] settings bridge: registered the "mpd" namespace with the file-derived base (applies:'restart', design §10.1)
[mpd-config] settings bridge: migrated 1 saved settings value(s) into /tmp/mpd-wiring-S2eSeE/ws/.mpd/mpd.jsonc (marker bridge.migratedRevision=5).
(pass) migration (design §6, U15) > a pre-seeded user section migrates into the file once and records the marker [3.68ms]
[mpd-config] settings bridge: registered the "mpd" namespace with the file-derived base (applies:'restart', design §10.1)
(pass) migration (design §6, U15) > idempotence: a second boot at the recorded revision writes nothing [1.72ms]
[mpd-config] settings bridge: registered the "mpd" namespace with the file-derived base (applies:'restart', design §10.1)
[mpd-config] settings bridge: migration deferred — no live session workspace to migrate into (nothing was written to process.cwd()).
(pass) migration (design §6, U15) > with no live root the migration is DEFERRED and nothing is written to process.cwd() [1.45ms]
[mpd-config] settings bridge: 2 live workspaces (/tmp/mpd-wiring-EG3six/ws, /tmp/mpd-wiring-l6YvMF/ws) — the namespace base is NOT derived from a file, because the file is per-workspace and the namespace is host-global; both front doors will show the schema defaults until exactly one workspace is live.
[mpd-config] settings bridge: registered the "mpd" namespace with the file-derived base (applies:'restart', design §10.1)
[mpd-config] settings bridge: saved to settings — NOT written to any file: 2 live workspaces, so the target is ambiguous. Candidates: /tmp/mpd-wiring-EG3six/ws, /tmp/mpd-wiring-l6YvMF/ws. Keep one session live, or edit that workspace's .mpd/mpd.jsonc directly.
(pass) migration (design §6, U15) > two live roots defer the migration with the ambiguous reason, not a guess [1.54ms]
[mpd-config] settings bridge: registered the "mpd" namespace with the file-derived base (applies:'restart', design §10.1)
[mpd-config] settings bridge: migration did NOT complete (unparsable unparsable for /tmp/mpd-wiring-7TFdhC/ws/.mpd/mpd.jsonc); the settings document is left untouched so nothing is lost.
(pass) migration (design §6, U15) > a refusing target aborts the migration loudly and leaves the document alone [1.89ms]
[mpd-config] settings bridge: registered the "mpd" namespace with the file-derived base (applies:'restart', design §10.1)
[mpd-config] settings bridge WROTE: {"writtenTo":["/tmp/mpd-wiring-5cb9M5/ws/.mpd/mpd.jsonc"],"skipped":null,"candidates":[],"results":[{"root":"/tmp/mpd-wiring-5cb9M5/ws","file":"/tmp/mpd-wiring-5cb9M5/ws/.mpd/mpd.jsonc","outcome":"written"}],"applies":"restart","source":"update","revision":6}
[mpd-config] settings bridge: migrated 1 saved settings value(s) into /tmp/mpd-wiring-5cb9M5/ws/.mpd/mpd.jsonc (marker bridge.migratedRevision=5).
[mpd-config] settings bridge: a file edit won — cleared the overlapping settings override(s) ulw.maxRounds so the file's new value applies.
(pass) the §1.2 clearing rule (a fresh FILE edit wins over a stale override) > a file value the bridge recorded is unset from the user section under the revision fence [2.59ms]
[mpd-config] settings bridge: registered the "mpd" namespace with the file-derived base (applies:'restart', design §10.1)
(pass) the file-derived base under the captain's cardinality rule (§10.1 + ruling) > ONE live root: the base is that workspace's file (a file value that differs from the schema default) [0.37ms]
[mpd-config] settings bridge: registered the "mpd" namespace with the file-derived base (applies:'restart', design §10.1)
(pass) the file-derived base under the captain's cardinality rule (§10.1 + ruling) > ZERO live roots: the mount-time root is used, and no file there means an empty base (schema defaults) [0.14ms]
[mpd-config] settings bridge: 2 live workspaces (/tmp/mpd-wiring-Dq9hm4/ws, /tmp/mpd-wiring-IEcXDH/ws) — the namespace base is NOT derived from a file, because the file is per-workspace and the namespace is host-global; both front doors will show the schema defaults until exactly one workspace is live.
[mpd-config] settings bridge: registered the "mpd" namespace with the file-derived base (applies:'restart', design §10.1)
(pass) the file-derived base under the captain's cardinality rule (§10.1 + ruling) > N live roots: NO base is invented, the ambiguity is surfaced, and the schema defaults stand [0.49ms]

packages/mpd-config-plugin/test/config.test.ts:
(pass) stripJsonc removes comments and trailing commas [0.21ms]
(pass) stripJsonc keeps comments inside strings [0.03ms]
(pass) deepMerge project wins, nested merged, pollution safe [0.14ms]
[mpd-config] settings bridge: could not register the "mpd" namespace (settings service is unavailable) — the TUI fallback owns it now.
(pass) mpd_config_get result is lossless JSON for a missing key (value null, never undefined) [1.15ms]
[mpd-config] settings bridge: could not register the "mpd" namespace (settings service is unavailable) — the TUI fallback owns it now.
(pass) mpdConfig service get resolves dot-paths (consistent with mpd_config_get) [0.52ms]

packages/mpd-config-plugin/test/bridge.test.ts:
(pass) target set (design §A.1 — never a guessed root) > U14: exactly one live root is written; two live roots REFUSE and name both candidates [0.59ms]
(pass) target set (design §A.1 — never a guessed root) > U14 (must-fail-if-fanout): two live roots touch NO file, the settings write is untouched [0.44ms]
(pass) target set (design §A.1 — never a guessed root) > zero live roots writes NOTHING anywhere and reports no-live-session [0.08ms]
(pass) target set (design §A.1 — never a guessed root) > the negative-control switch refuses to write even with a live root [0.17ms]
(pass) happy paths > U1: a live root gets the value written with comments, order and trailing commas intact [0.47ms]
(pass) happy paths > U11: a missing target is created with the header comment, and a repeat run is unchanged [0.67ms]
(pass) happy paths > the writer reports per root when handed several targets (the DECIDER never hands it more than one) [0.92ms]
(pass) loud failure paths (design §B.2/§7) > U10: a read-only target is reported denied, byte-untouched, and names the file [0.23ms]
(pass) loud failure paths (design §B.2/§7) > U9: an unparsable target is skipped without writing a byte [0.22ms]
(pass) loud failure paths (design §B.2/§7) > a duplicate key in the target refuses with both line numbers and no write [0.42ms]
(pass) loud failure paths (design §B.2/§7) > U8: a human edit landing mid-write ends as conflict, leaving the human's bytes [0.56ms]
(pass) section leaves and the change diff > a front-door edit yields only the added/changed leaves; a reset yields none [0.22ms]
(pass) section leaves and the change diff > U12 helper: an unchanged section produces no write (the deep-equal gate cannot drop a raw change) [0.05ms]
(pass) leavesFromSection > only declared paths become leaves, and absent paths are skipped [0.13ms]
(pass) the settled duplicate-key ruling reaches the writer's report (nothing silent) > a duplicated leaf key is WRITTEN (last occurrence) and the per-root result carries the loud note [0.47ms]
(pass) the settled duplicate-key ruling reaches the writer's report (nothing silent) > a duplicated INTERMEDIATE is still refused byte-untouched [0.37ms]

packages/mpd-config-plugin/test/jsonc-edit.test.ts:
(pass) U1 byte fidelity > only the edited value span changes; comments, order, trailing comma and final newline survive [0.28ms]
(pass) U1 byte fidelity > an identical edit is a byte-level no-op (idempotence, U11) [0.13ms]
(pass) U2 escapes and decoded keys (E1) > a neighbouring escaped string is untouched and a dotted key matches decoded text [0.16ms]
(pass) U3/E6 nested insert > a missing intermediate object is materialised and appended as the LAST member [0.14ms]
(pass) U3/E6 nested insert > a missing leaf inside an existing object is appended as the last member [0.10ms]
(pass) U3/E6 nested insert > without the insert option a missing path refuses and returns no text [0.06ms]
(pass) U4/E3 deletion span arithmetic > deleting the only member leaves valid JSONC with no dangling comma [0.60ms]
(pass) U4/E3 deletion span arithmetic > deleting a middle member keeps the remaining members valid and ordered [0.14ms]
(pass) U5 arrays (E4) > replace, append and delete an element, including deleting to an empty array [0.47ms]
(pass) U6 duplicate keys — the settled ruling: SET updates the LAST, UNSET removes ALL > set: the LAST occurrence is updated, the first is byte-identical, and the note names every line [0.25ms]
(pass) U6 duplicate keys — the settled ruling: SET updates the LAST, UNSET removes ALL > set: a top-level duplicated leaf behaves the same way (the design's U6 fixture) [0.14ms]
(pass) U6 duplicate keys — the settled ruling: SET updates the LAST, UNSET removes ALL > set: a single occurrence carries NO note (nothing to warn about) [0.06ms]
(pass) U6 duplicate keys — the settled ruling: SET updates the LAST, UNSET removes ALL > unset: EVERY occurrence is removed, so the key is genuinely gone from the parsed document [0.17ms]
(pass) U6 duplicate keys — the settled ruling: SET updates the LAST, UNSET removes ALL > unset via the DELETE sentinel removes every occurrence too [0.10ms]
(pass) U6 duplicate keys — the settled ruling: SET updates the LAST, UNSET removes ALL > a duplicated INTERMEDIATE still refuses as `ambiguous-intermediate`, byte-untouched, for BOTH set and unset [0.14ms]
(pass) U7 CRLF (E7) > existing endings are preserved and an inserted line uses CRLF [0.30ms]
(pass) E3 trailing-comma style on insert > a document that uses a trailing comma does not gain a dangling or doubled comma [0.17ms]
(pass) U9 unparsable (E9) > a malformed document refuses with 'unparsable' and returns no text [0.29ms]
(pass) reader parity > stripJsoncText tolerates comments and trailing commas exactly like the shipped reader [0.04ms]
(pass) regression: the shipped reader's trailing-comma probe (found by these tests) > a trailing comma followed by a comment no longer breaks JSON.parse [0.07ms]
(pass) the design-named API surface (§10.2): locateValueSpan, DELETE, EditRefusal/EditResult > locateValueSpan proves the exact value span and reports the comma/eol facts [0.20ms]
(pass) the design-named API surface (§10.2): locateValueSpan, DELETE, EditRefusal/EditResult > locateValueSpan refuses with the named reasons instead of guessing [0.13ms]
(pass) the design-named API surface (§10.2): locateValueSpan, DELETE, EditRefusal/EditResult > the DELETE sentinel is accepted by surgicalEdit and equals surgicalDelete [0.14ms]

packages/mpd-roles-plugin/test/roles.test.ts:
(pass) roster: 11 roles, unique ids, non-empty chains and fields [0.96ms]
(pass) persona assets exist for every role and contain real instructions [0.75ms]
(pass) normalizeRoleKey: canonical, chain keys and legacy mpd- ids [0.15ms]
(pass) normalizeRoleKey: team-style normal names resolve to the same role as their id [0.31ms]
(pass) a one-shot spawn is labelled with the team-style normal name, not the id [2.65ms]
(pass) no surface advertises an upstream alias: names plus what a role does [3.09ms]
(pass) the roster tool payloads carry no id field (an alias is not part of a result) [1.26ms]
(pass) mpdRoles service: list 11, get resolves aliases, unknown is null [1.45ms]
(pass) mpd_role_persona returns the extracted persona text under the role's NAME [0.54ms]
(pass) mpd_role_spawn: read-only roles get write-deny toolFilter, workers none [1.11ms]
(pass) mpd_roles_list returns the full roster summary [0.57ms]
(pass) read-only deny list covers every write-capable tool (no shell/AST/LSP write bypass) [0.67ms]
(pass) read-only deny list carries no dead tool name (the defect that broke every read-only spawn) [0.07ms]
(pass) the same dead names must not reappear in the roles source or its built dist [0.29ms]
(pass) the built dist renders no role as `Name (upstream-alias)` [0.62ms]
(pass) roles and workmate read-only deny lists are exactly equal (drift guard) [0.32ms]
[mpd-ext] mpdExtensions provided (apiVersion 1) | tools: mpd_ext_list, mpd_ext_show, mpd_flow_list, mpd_flow_show | skill providers: mpd-ext:mpd-ext-example, mpd-ext:project-plane | project plane: <session workspace>/.mpd/extensions (per call)
(pass) extension roles: a real mpd-ext registration joins the roster with its owning extension [15.16ms]
[mpd-ext] mpdExtensions provided (apiVersion 1) | tools: mpd_ext_list, mpd_ext_show, mpd_flow_list, mpd_flow_show | skill providers: mpd-ext:mpd-ext-example, mpd-ext:project-plane | project plane: <session workspace>/.mpd/extensions (per call)
(pass) extension roles: resolved PER CALL — later registration and disabled extensions take effect next call [2.62ms]
[mpd-ext] mpdExtensions provided (apiVersion 1) | tools: mpd_ext_list, mpd_ext_show, mpd_flow_list, mpd_flow_show | skill providers: mpd-ext:mpd-ext-example, mpd-ext:project-plane | project plane: <session workspace>/.mpd/extensions (per call)
(pass) extension roles: a name colliding with a base role or another extension is refused loudly, never fatally [4.49ms]
[mpd-ext] mpdExtensions provided (apiVersion 1) | tools: mpd_ext_list, mpd_ext_show, mpd_flow_list, mpd_flow_show | skill providers: mpd-ext:mpd-ext-example, mpd-ext:project-plane | project plane: <session workspace>/.mpd/extensions (per call)
(pass) extension roles: usable as a workmate BASE template (real mpd_workmate_init) [3.35ms]
(pass) extension roles: an absent or broken mpdExtensions service leaves the base roster answering [2.48ms]
[mpd-ext] mpdExtensions provided (apiVersion 1) | tools: mpd_ext_list, mpd_ext_show, mpd_flow_list, mpd_flow_show | skill providers: mpd-ext:mpd-ext-example, mpd-ext:project-plane | project plane: <session workspace>/.mpd/extensions (per call)
(pass) extension roles do NOT enter the agent-teams `mpd` profile member list (documented limit) [1.69ms]
(pass) the built dist carries the extension-role wiring (a src-only change would ship dead) [0.23ms]
[mpd-ext] mpdExtensions provided (apiVersion 1) | tools: mpd_ext_list, mpd_ext_show, mpd_flow_list, mpd_flow_show | skill providers: mpd-ext:mpd-ext-example, mpd-ext:project-plane | project plane: <session workspace>/.mpd/extensions (per call)
(pass) extension roles: a PROJECT-plane extension's role is refused (the contract rejects it) [2.81ms]

packages/mpd-codegraph-plugin/src/index.test.ts:
(pass) O-1 apply-time project root > no session and no override falls back to process.cwd() [1.29ms]
(pass) O-1 apply-time project root > a session workspace (exec-less DSH_WORKSPACE_ROOT) beats the process cwd [0.47ms]
(pass) O-1 apply-time project root > the explicit project-cwd override wins over the session workspace [0.51ms]
(pass) O-1 apply-time project root > the status line names the session workspace, and the home skip still applies [0.32ms]
(pass) O-1 call-time /mpd-codegraph handler > resolves the invocation's session workspace, not the apply-time root [0.73ms]
(pass) O-1 call-time /mpd-codegraph handler > returns the harness CommandResult shape (kind), never the legacy success flag [0.33ms]
(pass) O-1 call-time /mpd-codegraph handler > re-resolves per invocation: two sessions, two targets [0.40ms]

packages/mpd-team-watchdog-plugin/test/heartbeat.test.ts:
(pass) heartbeat store > a model step stamps the member AND the task the member owns [3.89ms]
(pass) heartbeat store > the captain is stamped under its own key by the same code path [0.56ms]
(pass) heartbeat store > an agent outside every team still stamps, under a per-session key [0.58ms]
(pass) heartbeat store > the POST tool hook stamps a completed tool call, never a pre-dispatch one [0.78ms]
(pass) heartbeat store > turn boundaries are stamped and an old generation is rotated away [2.15ms]
(pass) heartbeat store > timestamps advance across a turn (>= 3 distinct lastSeen values) [15.36ms]
(pass) heartbeat store > a torn last line does not hide the stamps before it [0.46ms]

packages/mpd-team-watchdog-plugin/test/holds.test.ts:
(pass) the mpdWatchdog reader (A2-1 option (b)) > an unknown team is not held, and a recorded hold makes it held [0.78ms]
(pass) the mpdWatchdog reader (A2-1 option (b)) > the file fallback answers for a hold ANOTHER process wrote (the cross-process caveat) [0.69ms]
[mpd-team-watchdog] applied: enabled=true warnSilenceMs=7200000 tickIntervalMs=3600000 warnStreakToEscalate=3 actionOnEscalate=pause stateDir=.mpd/team disposers=5 holdService=mpdWatchdog hydratedHolds=1
(pass) the mpdWatchdog reader (A2-1 option (b)) > hydrate at apply loads the holds that already exist on disk [1.70ms]
[mpd-team-watchdog] applied: enabled=true warnSilenceMs=7200000 tickIntervalMs=3600000 warnStreakToEscalate=3 actionOnEscalate=pause stateDir=.mpd/team disposers=5 holdService=mpdWatchdog hydratedHolds=0
(pass) the mpdWatchdog reader (A2-1 option (b)) > the documented gate call shape returns exactly what a decline gate branches on [1.23ms]
[mpd-team-watchdog] ctx.provide is unavailable — the hold reader is not published and the w7 gates stay fail-open
[mpd-team-watchdog] applied: enabled=true warnSilenceMs=7200000 tickIntervalMs=3600000 warnStreakToEscalate=3 actionOnEscalate=pause stateDir=.mpd/team disposers=5 holdService=none hydratedHolds=0
(pass) the mpdWatchdog reader (A2-1 option (b)) > FAIL-OPEN: a context without ctx.provide publishes no service, and the gate expression is simply false [0.38ms]
(pass) the mpdWatchdog reader (A2-1 option (b)) > never throws on a hostile path: the gates call it on every dispatch [0.25ms]
[mpd-team-watchdog] applied: enabled=true warnSilenceMs=7200000 tickIntervalMs=3600000 warnStreakToEscalate=3 actionOnEscalate=pause stateDir=.mpd/team disposers=5 holdService=mpdWatchdog hydratedHolds=0
(pass) the mpdWatchdog reader (A2-1 option (b)) > a mutation through the plugin's own actions keeps the reader in step, both ways [0.86ms]
(pass) the mpdWatchdog reader (A2-1 option (b)) > a direct applyResume with no registry argument still works (the registry is optional) [0.31ms]
[mpd-team-watchdog] knob watchdog.tickIntervalMs: must be < watchdog.warnSilenceMs (90000); clamped — using 30000
[mpd-team-watchdog] applied: enabled=true warnSilenceMs=90000 tickIntervalMs=30000 warnStreakToEscalate=3 actionOnEscalate=pause stateDir=.mpd/team disposers=5 holdService=mpdWatchdog hydratedHolds=0
[mpd-team-watchdog] WARN team-a task=t1 member=Architect silence=90001ms streak=1 hold=not-requested scene=/tmp/watchdog-test-GdrTQa/.mpd/team/watchdog/scene/team-a/20260915T162909Z-warn.json
[mpd-team-watchdog] WARN team-a task=t1 member=Architect silence=90002ms streak=2 hold=not-requested scene=/tmp/watchdog-test-GdrTQa/.mpd/team/watchdog/scene/team-a/20260915T162909Z-warn-2.json
[mpd-team-watchdog] ESCALATE team-a task=t1 member=Architect silence=90003ms streak=3 hold=applied scene=/tmp/watchdog-test-GdrTQa/.mpd/team/watchdog/scene/team-a/20260915T162909Z-escalate.json
(pass) the engine keeps the reader in step with its own hold > an ESCALATE hold lands in the registry through the plugin's own tool action [6.27ms]
[mpd-team-watchdog] applied: enabled=true warnSilenceMs=7200000 tickIntervalMs=3600000 warnStreakToEscalate=3 actionOnEscalate=pause stateDir=.mpd/team disposers=5 holdService=mpdWatchdog hydratedHolds=0
[mpd-team-watchdog] WARN team-a task=t1 member=Architect silence=30001ms streak=1 hold=not-requested scene=/tmp/watchdog-test-BXKJIH/.mpd/team/watchdog/scene/team-a/20260915T162809Z-warn.json
(pass) the engine keeps the reader in step with its own hold > a namespace that registers AFTER apply still tunes the tick (per-tick knob re-read) [1.50ms]

packages/mpd-team-watchdog-plugin/test/failsafe.test.ts:
(pass) AC-15 fail-safe > a throwing tick body is caught and counted, and the tick still returns [0.97ms]
[mpd-team-watchdog] applied: enabled=true warnSilenceMs=120000 tickIntervalMs=60000 warnStreakToEscalate=3 actionOnEscalate=pause stateDir=.mpd/team disposers=5 holdService=mpdWatchdog hydratedHolds=0
(pass) AC-15 fail-safe > exactly ONE interval owns the cadence, and a live cadence change replaces it [0.41ms]
(pass) AC-15 fail-safe > a tick with no state change writes nothing (no write loop) [1.65ms]
(pass) AC-15 fail-safe > an unwritable heartbeat location degrades to a counted failure [0.57ms]
[mpd-team-watchdog-test] WARN team-a task=t1 member=Architect silence=90001ms streak=1 hold=not-requested scene=/tmp/watchdog-test-tLuT3d/.mpd/team/watchdog/scene/team-a/20260915T162909Z-warn.json
(pass) AC-15 fail-safe > a tick that starts while the previous one runs is skipped, never queued [1.08ms]
(pass) AC-15 fail-safe > the env kill switch makes the tick observe nothing at all [0.66ms]
[mpd-team-watchdog] disabled by configuration — no heartbeat tick will run
[mpd-team-watchdog] applied: enabled=false warnSilenceMs=7200000 tickIntervalMs=3600000 warnStreakToEscalate=3 actionOnEscalate=pause stateDir=.mpd/team disposers=5 holdService=mpdWatchdog hydratedHolds=0
(pass) AC-15 fail-safe > a row config kill switch also disables the engine [0.41ms]

packages/mpd-team-watchdog-plugin/test/sidecars.test.ts:
(pass) the hold sidecar > lives beside team.json and never changes a byte of it [0.53ms]
(pass) the hold sidecar > is idempotent by id: a second identical write changes no bytes [0.33ms]
(pass) the hold sidecar > re-applying a hold keeps the original id and since (the hold is not restarted) [0.27ms]
(pass) the hold sidecar > a resume of a non-held team is a no-op, and a second resume is a no-op [0.32ms]
(pass) the hold sidecar > a hold without a team_id is refused with a reason, never thrown [0.33ms]
(pass) incidents and the read watermark > a record per incident plus a watermark per reader [0.79ms]
[mpd-team-watchdog] applied: enabled=true warnSilenceMs=7200000 tickIntervalMs=3600000 warnStreakToEscalate=3 actionOnEscalate=pause stateDir=.mpd/team disposers=5 holdService=mpdWatchdog hydratedHolds=0
(pass) the plugin's own actions > apply() registers exactly the three actions on the adapter [0.34ms]
[mpd-team-watchdog] applied: enabled=true warnSilenceMs=7200000 tickIntervalMs=3600000 warnStreakToEscalate=3 actionOnEscalate=pause stateDir=.mpd/team disposers=5 holdService=mpdWatchdog hydratedHolds=0
(pass) the plugin's own actions > the hold and resume actions are reachable through the adapter's internal tool seam [0.92ms]

packages/mpd-team-watchdog-plugin/test/machine.test.ts:
(pass) knobs > an absent namespace resolves to the frozen defaults [0.07ms]
(pass) knobs > the watchdog section is read from the mpd namespace by its exact paths [0.08ms]
(pass) knobs > a cadence at or beyond the silence threshold is clamped loudly, not thrown [0.05ms]
(pass) knobs > a bad knob type falls back with a recorded issue [0.07ms]
(pass) knobs > the env kill switch forces the watchdog off [0.03ms]
(pass) the machine > exactly one WARN per silent tick, and the third WARN escalates once [0.21ms]
(pass) the machine > a new attemptId starts a clean streak [0.09ms]
(pass) the machine > any recent stamp resets the streak [0.10ms]
(pass) the machine > a claimed task whose owner never stamped is never-started, and never escalates [0.11ms]
(pass) the machine > a disabled watchdog observes nothing [0.04ms]
[mpd-team-watchdog-test] WARN team-a task=t1 member=Architect silence=90001ms streak=1 hold=not-requested scene=/tmp/watchdog-test-7YNKdB/.mpd/team/watchdog/scene/team-a/20260915T162909Z-warn.json
[mpd-team-watchdog-test] WARN team-a task=t1 member=Architect silence=90002ms streak=2 hold=not-requested scene=/tmp/watchdog-test-7YNKdB/.mpd/team/watchdog/scene/team-a/20260915T162909Z-warn-2.json
[mpd-team-watchdog-test] the hold action was unreachable through the tool seam (unknown tool session-watchdog-hold) — falling back to a direct write
[mpd-team-watchdog-test] ESCALATE team-a task=t1 member=Architect silence=90003ms streak=3 hold=applied scene=/tmp/watchdog-test-7YNKdB/.mpd/team/watchdog/scene/team-a/20260915T162909Z-escalate.json
(pass) the machine over a real team record > WARN then ESCALATE land on disk with the hold applied through the tool seam [3.03ms]
[mpd-team-watchdog-test] knobs re-read (enabled=true, warnSilenceMs=20000, tickIntervalMs=15000, warnStreakToEscalate=3, actionOnEscalate=pause)
[mpd-team-watchdog-test] WARN team-a task=t1 member=Architect silence=30001ms streak=1 hold=not-requested scene=/tmp/watchdog-test-r3vHSz/.mpd/team/watchdog/scene/team-a/20260915T162809Z-warn.json
(pass) the machine over a real team record > a live knob change is picked up without a restart [1.53ms]

packages/mpd-team-watchdog-plugin/test/scene.test.ts:
(pass) the scene document > carries exactly the AC-5 field set [0.70ms]
(pass) the scene document > a halted team's adopted flags are carried verbatim beside the watchdog's own hold [0.31ms]
(pass) the scene document > write -> read round-trips byte-identically and a second identical write changes no bytes [0.69ms]
(pass) the scene document > a scene file name is unique per incident even inside one millisecond [0.42ms]
(pass) the scene document > isoBasic is a file-safe timestamp [0.05ms]
(pass) the scene document > mailboxUnread mirrors the adopted predicate (tombstones and read records are not unread) [0.36ms]
[mpd-team-watchdog-test] WARN team-a task=t1 member=Architect silence=90001ms streak=1 hold=not-requested scene=none
[mpd-team-watchdog-test] WARN team-a task=t1 member=Architect silence=90002ms streak=2 hold=not-requested scene=none
[mpd-team-watchdog-test] ESCALATE team-a task=t1 member=Architect silence=90003ms streak=3 hold=applied scene=none
(pass) an unwritable scene location > degrades LOUDLY, still attempts the hold and still records the incident [2.43ms]
(pass) an unwritable scene location > writeScene returns ok:false instead of throwing [0.35ms]

packages/mpd-ext-plugin/test/core.test.ts:
(pass) apply registers exactly the four tools, no reload, and provides the mpdExtensions service [2.29ms]
[mpd-ext] FATAL: the harness seams this row registers through are unavailable (toolsRegister=false, skillsProvider=false) — the four tools and the skills provider will NOT be registered in this session. This row must declare inject: ["tools","skills"].
[mpd-ext] skill provider for "mpd-ext-example" not registered: mpd-dsh-adapter: harness service "skills" is unavailable — cannot register a skill provider
[mpd-ext] project-plane skill provider not registered: mpd-dsh-adapter: harness service "skills" is unavailable — cannot register a skill provider
[mpd-ext] tool "mpd_ext_list" not registered: mpd-dsh-adapter: harness service "tools" is unavailable — cannot register tool "mpd_ext_list"
[mpd-ext] tool "mpd_ext_show" not registered: mpd-dsh-adapter: harness service "tools" is unavailable — cannot register tool "mpd_ext_show"
[mpd-ext] tool "mpd_flow_list" not registered: mpd-dsh-adapter: harness service "tools" is unavailable — cannot register tool "mpd_flow_list"
[mpd-ext] tool "mpd_flow_show" not registered: mpd-dsh-adapter: harness service "tools" is unavailable — cannot register tool "mpd_flow_show"
[mpd-ext] FATAL: only 0/4 tools registered (missing: mpd_ext_list, mpd_ext_show, mpd_flow_list, mpd_flow_show) — the extension interface is NOT usable in this session; the row declares inject: ["tools","skills"], so check the harness seams above
[mpd-ext] skill provider for "hostile" not registered: skills seam gone
[mpd-ext] skill provider for "mpd-ext-example" not registered: skills seam gone
[mpd-ext] project-plane skill provider not registered: skills seam gone
[mpd-ext] tool "mpd_ext_list" not registered: tools seam gone
[mpd-ext] tool "mpd_ext_show" not registered: tools seam gone
[mpd-ext] tool "mpd_flow_list" not registered: tools seam gone
[mpd-ext] tool "mpd_flow_show" not registered: tools seam gone
[mpd-ext] FATAL: only 0/4 tools registered (missing: mpd_ext_list, mpd_ext_show, mpd_flow_list, mpd_flow_show) — the extension interface is NOT usable in this session; the row declares inject: ["tools","skills"], so check the harness seams above
(pass) apply contains a hostile harness: a throwing tool or skill seam never escapes apply [3.71ms]
(pass) the four tools emit values that satisfy their own output schemas [8.50ms]
(pass) mpd_ext_show and mpd_flow_show report an unknown id as an error naming the known ids [1.31ms]
(pass) descriptor validation rejects unknown keys, bad apiVersion, missing id, escapes and bad rank [0.41ms]
(pass) role provider/model must be paired and persona must stay inside the root [0.14ms]
(pass) effectiveEnabled follows disable > enable > descriptor [0.20ms]
(pass) discovery precedence is project > user > bundle and shadowing is recorded, never fatal [3.24ms]
[mpd-ext] bad-json (/tmp/mpd-ext-ws-3jkh1o/.mpd/extensions/bad-json/mpd-ext.json) rejected: invalid JSON: JSON Parse error: Expected '}'
[mpd-ext] bad-version (/tmp/mpd-ext-ws-3jkh1o/.mpd/extensions/bad-version/mpd-ext.json) rejected: apiVersion must equal 1 (got 9)
[mpd-ext] no-id (/tmp/mpd-ext-ws-3jkh1o/.mpd/extensions/no-id/mpd-ext.json) rejected: id is required and must match ^[a-z0-9][a-z0-9-]{0,63}$
[mpd-ext] bad-json (/tmp/mpd-ext-ws-3jkh1o/.mpd/extensions/bad-json/mpd-ext.json) rejected: invalid JSON: JSON Parse error: Expected '}'
[mpd-ext] bad-version (/tmp/mpd-ext-ws-3jkh1o/.mpd/extensions/bad-version/mpd-ext.json) rejected: apiVersion must equal 1 (got 9)
[mpd-ext] no-id (/tmp/mpd-ext-ws-3jkh1o/.mpd/extensions/no-id/mpd-ext.json) rejected: id is required and must match ^[a-z0-9][a-z0-9-]{0,63}$
(pass) a malformed manifest is reported per item and never aborts apply or another extension [2.75ms]
(pass) the project plane is re-read per call and never leaks across workspaces [2.04ms]
(pass) skill candidates are pre-validated: a bad candidate is skipped, warned and never emitted [2.02ms]
(pass) the provider pre-validates at emit time too, and reports the skip to the owner [0.35ms]
(pass) a loaded candidate is recorded on the extension when its items are unusable [0.60ms]
(pass) the project-plane skill provider resolves per call from provider.list({ cwd }) [1.95ms]
(pass) a skill provider never throws out of list()/get() when discovery fails [0.68ms]
(pass) provider names are unique by construction [0.11ms]
(pass) flows render into skill candidates and a flow id outside the skill grammar is rejected loudly [0.33ms]
(pass) a broken flow file is skipped and recorded while its siblings keep working [0.95ms]
(pass) config is read lazily per use: disable/enable are honoured after apply [3.40ms]
(pass) extensionConfig reads every extensions.* key lazily from mpdConfig (declared process-level limit) [0.23ms]
(pass) mcp.enabled=false is honoured per call and surfaced instead of silently pending [9.97ms]
(pass) a missing mpdConfig degrades to the documented defaults [2.03ms]
(pass) the code plane registers through ctx.get("mpdExtensions") and shares the same validation [2.15ms]
(pass) describe() answers the frozen descriptor shape for a known extension [1.59ms]
(pass) one broken extension of each kind leaves the good ones working [2.79ms]
(pass) mcp is pending until the bridge connects it, while roles are NEVER pending (t14/F3) [3.47ms]
(pass) t14/F3: a live roles contribution reports no pending item and no 'not yet exposed' claim [2.15ms]
(pass) t14/F4: a role colliding with a BASE roster name is refused with the roster's reason, in both paths [2.09ms]
(pass) t14/F4: an unreadable OR empty persona is refused, and the empty case is no longer accepted [2.46ms]
(pass) t14/F4: a CROSS-extension name collision refuses the LATER extension and names the holder [2.00ms]
(pass) t14: a disabled extension's declared roles are reported as not exposed, never as usable [1.74ms]
(pass) t14: refusal notes are idempotent — repeated calls neither duplicate nor lose them [1.89ms]
(pass) t14: the ext report and the ROSTER agree about every role (parity, measured against the resolver) [1.96ms]
(pass) t14: every spelling of a base roster name collides (case- and separator-insensitive) [1.59ms]
(pass) discoverPlane never throws for a missing root [0.18ms]
(pass) t16: the ext report and the ROSTER agree about a PROJECT-plane role (nothing usable, same reason) [2.01ms]
(pass) F4: a same-name skill claimed by two extensions is reported on the loser WITH the winner and both ranks [2.26ms]
(pass) F4: a claim the catalog resolves to a NON-extension provider is reported as not served [1.95ms]
[mpd-ext] skill candidate skipped: duplicate name "style-check" inside provider "mpd-ext:project-plane"
(pass) F4: a duplicate project-plane skill name is attributed to the PROJECT entry that claims it [2.15ms]
(pass) F5: a provider call with NO cwd serves nothing from the project plane (never process.cwd()) [1.32ms]
(pass) F5: a host-wide extension is still served when the caller names no workspace [1.14ms]
(pass) F6: mpd_ext_show redacts author-declared env VALUES in the echoed descriptor [1.37ms]
(pass) F7: a CONFIG-disabled extension claims no role name, so the next claimant is exposed [1.85ms]
(pass) F3: an enumeration failure is reported as an INCOMPLETE observation, never a cacheable empty catalog [0.37ms]
(pass) F5: with no cwd a host-wide extension is SERVED, not silently shadowed by a guessed workspace [1.51ms]

packages/mpd-ext-plugin/test/mcp.test.ts:
(pass) publicToolName replicates the harness algorithm: verbatim, sanitized+hashed, truncated+hashed [3.37ms]
(pass) childEnv inherits only the SDK safe list and never a credential-shaped parent variable [0.23ms]
(pass) the client completes initialize -> initialized -> tools/list against the repo's own stdio MCP server [97.49ms]
(pass) the client reports a non-JSON stdout line as a protocol error instead of dying [73.24ms]
[mpd-ext] extension "fixture-ext" mcp server "fixture": 1 tool(s) published
(pass) apply connects declared servers, publishes their tools before activation completes, and mpd_ext_show reports the state [48.93ms]
[mpd-ext] extension "half-ext" mcp server "fixture" unavailable: mcp-client(fixture): the server process exited (code=3, signal=null)
(pass) apply keeps the extension's pending line truthful while a server is disconnected [106.33ms]
(pass) startup failure is contained: a dead server is unavailable with its stderr tail while its sibling still connects [134.12ms]
[mpd-ext] extension "with-mcp" mcp server "srv" unavailable: mcp-client(srv): initialize timed out after 500ms
(pass) a hanging server is time-boxed and the others still publish in parallel [461.96ms]
(pass) a later tool-list change is swapped in, and a mid-list conflict rolls back to ZERO tools [73.87ms]
(pass) a server-initiated tools/list_changed notification triggers a re-sync [92.47ms]
(pass) a foreign inputSchema is projected for parameters while the wire schema stays untouched [71.10ms]
(pass) an unsupported outputSchema drops the SCHEMA and keeps the tool, while an unprojectable inputSchema skips its tool [71.49ms]
(pass) a non-object-rooted inputSchema is normalized onto an object root instead of being passed through [71.47ms]
(pass) a public-name collision with an existing tool skips that tool and is recorded [71.87ms]
(pass) tools/call maps content, structured content and isError onto the harness result contract [322.44ms]
(pass) the child env carries no credential-shaped variable inherited from the parent, and the child is reaped on dispose [72.78ms]
(pass) a disabled extension never spawns a child and reports state disabled [0.98ms]
(pass) extensions.mcp.enabled=false connects nothing even for an enabled extension [0.65ms]
(pass) a server's relative args and cwd resolve against the EXTENSION ROOT, not the dsh process cwd [76.74ms]
(pass) the shipped example's stdio MCP server starts, lists its tool and answers a real call [70.86ms]
(pass) the shipped example extension is discoverable, disabled, and contributes all four kinds [0.82ms]

packages/mpd-bundle-plugin/test/sidebar-tab.test.mjs:
(pass) client seam policy > declares only services this profile is guaranteed to mount [0.36ms]
(pass) client seam policy > never declares the sidebar statically (that would park the whole entry) [0.18ms]
(pass) client seam policy > waits for the sidebar through ctx.inject instead of a one-shot probe [0.05ms]
(pass) with DSH-better-sidebar installed > registers the AgentTeams page and the workmate library, and no legacy floater [0.13ms]
(pass) with DSH-better-sidebar installed > the adopted client half is never applied (it would re-register the removed surfaces) [0.02ms]
(pass) with DSH-better-sidebar installed > both tab descriptors are valid sidebar pages [0.28ms]
(pass) with DSH-better-sidebar installed > keeps the locale namespaces registered [0.03ms]
(pass) workmate page > renders the library from the host routes [9.29ms]
(pass) workmate page dictionaries > registers the workmate namespace with both dictionaries [1.03ms]
(pass) workmate page dictionaries > zh is the key-set source of truth and en matches it key for key (§L A7) [1.00ms]
(pass) workmate page dictionaries > the mutation surface is localized in BOTH languages, not hardcoded English [1.02ms]
(pass) workmate page dictionaries > the tab-strip label stays hardcoded English (contract §K, deliberate deferral) [1.08ms]
(pass) workmate failure reasons (§D) reach the page as readable messages > every reason code maps to a distinct, readable message [0.74ms]
(pass) workmate failure reasons (§D) reach the page as readable messages > an in-use refusal names the blocking team and member (§E, user decision D2) [0.26ms]
(pass) workmate failure reasons (§D) reach the page as readable messages > an unknown failure falls back to the server text, never to a raw reason key [0.08ms]
(pass) workmate page mutation controls > delete is an explicit two-step confirmation, never one destructive click (D1) [21.39ms]
(pass) workmate page mutation controls > purge cannot be submitted without typing the exact name (§D confirm-required) [28.39ms]
(pass) workmate page mutation controls > the archive confirmation posts that workmate and reports the archived outcome [16.51ms]
(pass) workmate page mutation controls > a rename posts { name, new_name } and follows the new key (§H no stale selection) [16.32ms]
(pass) workmate page mutation controls > an in-use refusal is shown with the blocking team/member, not a generic failure (§E) [16.62ms]
(pass) workmate page mutation controls > a 409 collision is reported as taken, and an unknown key drops the stale selection [16.33ms]
(pass) workmate page mutation controls > a same-key rename is refused locally and explains itself (t8 L1) [14.75ms]
(pass) workmate page mutation controls > a purge never reports itself as a plain delete (t8 L2) [0.93ms]
(pass) workmate page mutation controls > the zh reason strings are complete sentences without a stray gap (t8 L3) [0.56ms]
(pass) workmate page mutation controls > a detail load that fails stops claiming to load (t8 L4) [11.13ms]
(pass) without DSH-better-sidebar > registers no sidebar surface at all — there is no floating fallback [1.06ms]

packages/mpd-bundle-plugin/test/team-page.test.mjs:
(pass) AgentTeams sidebar tab descriptor > registers one single-instance tab with the pinned id and order [1.04ms]
(pass) AgentTeams sidebar tab descriptor > createTab mints a clean tab so the auto-open seed never lands on it [0.76ms]
(pass) AgentTeams sidebar tab descriptor > offers the auto-open switch as a plugin-owned setting [0.81ms]
(pass) AgentTeams page rendering > renders the conversation's teams, members, tasks and archived section [7.92ms]
(pass) AgentTeams page rendering > reproduces the floater's panel interior, class for class [5.67ms]
(pass) AgentTeams page rendering > the head's collapse control closes the sidebar panel through the store [7.17ms]
(pass) AgentTeams page rendering > a missing store still renders the same markup and never throws [5.67ms]
(pass) AgentTeams page rendering > the head's busy dot follows live member activity [12.16ms]
(pass) AgentTeams page rendering > renders the collapse glyph with the platform's own icon component [5.65ms]
(pass) AgentTeams page rendering > falls back to the identical inline chevron when the platform icons are absent [5.71ms]
(pass) AgentTeams page rendering > renders the archived section with the archived label [6.80ms]
(pass) AgentTeams page rendering > filters by the tab's own conversation scope [5.74ms]
(pass) AgentTeams page rendering > shows the floater's own empty hint inside the panel body [6.90ms]
(pass) AgentTeams page rendering > a hidden tab renders no live view (the sidebar CSS-hides collapsed tabs) [5.60ms]
(pass) AgentTeams page rendering > a failing host route degrades to the empty state instead of throwing [5.86ms]
(pass) AgentTeams page rendering > a rejecting poll shows a readable error notice, not a crash [7.59ms]
(pass) staged plan approval > passes a model directory to a staged team when the service provides one [5.88ms]
(pass) staged plan approval > a throwing directoryFor degrades instead of crashing the page [7.60ms]
(pass) badge and polling > badge reports the cached live-team count for its session only [5.94ms]
(pass) badge and polling > mounting the page twice keeps a single polling controller [9.28ms]
(pass) auto-open policy > opens the tab once, with NO content seed, for a team that appears after the baseline [2708.76ms]
(pass) auto-open policy > teams restored with the page never auto-open [2706.72ms]
[mpd-ext] extension "declare-all" mcp server "lint-mcp" unavailable: mcp-client(lint-mcp): initialize timed out after 10000ms
(pass) auto-open policy > the plugin switch turns auto-open off [2709.43ms]
(pass) auto-open policy > a disabled tab type is never auto-opened [2707.72ms]
(pass) boot safety > a missing page module degrades to one warning instead of throwing out of apply [1.73ms]
(pass) boot safety > without better-sidebar nothing is registered and nothing is warned about [1.18ms]

packages/mpd-bundle-plugin/test/sidebar-migration-artifact.test.mjs:
(pass) shipped bundle client after the AgentTeams sidebar migration > registers exactly the four loader modules: the sidebar page plus the isolated settings card [0.67ms]
(pass) shipped bundle client after the AgentTeams sidebar migration > carries the mpd export bridge with every pinned export [0.49ms]
(pass) shipped bundle client after the AgentTeams sidebar migration > no mpd client source registers a removed surface [2.05ms]
(pass) shipped bundle client after the AgentTeams sidebar migration > the page module keeps the pinned tab id and order [3.02ms]

packages/mpd-bundle-plugin/test/settings-card.test.mjs:
(pass) W2 (static): the BUILT and served client carries the registration > the shipped client registers the card into the keyed slot with key 'mpd' and a locale [0.57ms]
(pass) W2 (static): the BUILT and served client carries the registration > the mount is DEFERRED (ctx.inject) and the client still declares only the stable seams [0.40ms]
(pass) W2 (static): the BUILT and served client carries the registration > the disclosure copy is the same sentence the TUI states, and no stale claim survives [0.10ms]
(pass) the registration only happens when the settings scope is served > no settingsScope -> no entry, one warning-free degrade, no throw out of apply [1.17ms]
(pass) the registration only happens when the settings scope is served > settingsScope at apply -> one entry keyed by the namespace, carrying a locale and an inject face [2.44ms]
(pass) the registration only happens when the settings scope is served > a late-served settingsScope still mounts the card (provideService wakes the fiber) [1.24ms]
(pass) the card's form behaviour > it renders what the namespace reports (values, overridden marker, disclosure) and nothing invented [8.86ms]
(pass) the card's form behaviour > a save writes nested PATHS through scope.mutate with the revision fence [3.74ms]
(pass) the card's form behaviour > resetField asks for the file value (unset), and an invalid draft refuses to save [1.72ms]
(pass) the card's form behaviour > a read-only scope renders read-only with a reason and writes nothing [7.93ms]
(pass) isolation and front-door parity > web-client.js is the ONLY source that requires the card module, and the card does no I/O [0.61ms]
(pass) isolation and front-door parity > the card's eleven fields/labels/zh descriptions are IDENTICAL to the ONE shared declaration (no drift) [5.25ms]

packages/mpd-team-compact-plugin/test/compaction.test.mjs:
(pass) t48 F6 HINGE: every drive goes to the MEMBER's own scoped engine, never a host-plane one [4.74ms]
(pass) t48 F6 IDENTITY: the member engine and the host-plane engine are DIFFERENT objects [0.28ms]
(pass) t48 CAPTAIN EXCLUSION: the captain session is never driven [0.63ms]
(pass) t48 NEGATIVE CONTROL: a team with ONE non-terminal task is REFUSED, nothing is driven [0.54ms]
(pass) t48 NEGATIVE CONTROL: an empty task list is NOT 'finished' [0.35ms]
(pass) t48 BARRIER: a busy member defers the whole pass (wait semantics + timeout outcome) [7.19ms]
(pass) t48 BARRIER: an idle member is compacted once every member is idle [0.67ms]
(pass) t48 NULL IS NOT AN ERROR: a null result is recorded as no-safe-range [0.61ms]
(pass) t48 F5: an engine failure code and the lifecycle error class are classified DIFFERENTLY [0.48ms]
(pass) t48 F5: a lifecycle error mid-pass is recorded against the member and does not abort the pass [1.56ms]
(pass) t48 STAGED: a member with no session id is skipped EXPLICITLY, never silently [0.50ms]
(pass) t48 NOT-LIVE: a dormant team is recorded, not ignored [0.53ms]
(pass) t48 AUDIT: written under .mpd/team-compact and NEVER under .mpd/team [0.73ms]
(pass) t48 AUDIT: a second pass is a second FILE — an earlier destructive pass is never hidden [0.45ms]
(pass) t48 TERMINAL SET: taken from the owning plugin, not re-declared [7.72ms]
(pass) t48: listTeamIds ignores the archive directory and dotfiles [0.57ms]
(pass) t48: a malformed team record reads as undefined, never a throw [0.40ms]
(pass) t48 NO SILENT NOTIFICATION: the pass writes an audit and returns; it never messages a member [0.57ms]
(pass) t48 plugin: apply() registers both tools and subscribes to the status edge [0.43ms]
(pass) t48 plugin: every registered tool declares an OBJECT-ROOTED parameters schema [0.19ms]

packages/mpd-tui-plugin/test/state.test.ts:
(pass) state projection > reads the newest team record, the task ledger, boulder, plans and workmates [9.69ms]
(pass) state projection > a missing state tree degrades to empty sections without throwing [0.66ms]
(pass) state projection > a broken team record is reported as a note, not as a crash [0.77ms]
(pass) state projection > the status line is one bounded line [4.06ms]
(pass) sanitizer > accepts scalars only and drops everything else [0.16ms]
(pass) sanitizer > strips control characters and collapses whitespace [0.12ms]
(pass) sanitizer > clamps by terminal cell, not by code-unit count [0.19ms]
(pass) sanitizer > scalarLines bounds the line count and per-line width [1.43ms]
(pass) transcript renderers > every declared type has a renderer and maps a payload to text rows [0.53ms]
(pass) transcript renderers > renderers never throw and always emit strings, whatever the payload [0.71ms]
(pass) transcript renderers > renderer output is clamped (a huge payload cannot flood the transcript) [0.34ms]
(pass) log-only event registration > registerInto reports and mutates truthfully [0.13ms]
(pass) log-only event registration > candidateAnchors is deduplicated and never empty [0.36ms]
(pass) log-only event registration > appendBoardOpened refuses to write an unregistered type [0.36ms]
(pass) log-only event registration > a throwing session.append is contained [0.09ms]
[mpd-tui-test] info
[mpd-tui-test] warn
(pass) logging > never writes to stdout and falls back to stderr only for info/warn [0.83ms]

packages/mpd-tui-plugin/test/plugin.test.ts:
(pass) plugin contract > exports name / Config (type + schema) / apply and NO default export [0.07ms]
(pass) plugin contract > every config key has a default in the schema [0.81ms]
(pass) plugin contract > the schema rejects a wrong type instead of silently dropping it [0.27ms]
(pass) plugin contract > resolveConfig defaults every key and repairs an invalid interval [0.23ms]
(pass) T4-INERT-1: activation requires the inject form > a ctx WITHOUT inject registers nothing, even when get() would answer [24.93ms]
(pass) T4-INERT-1: activation requires the inject form > with inject supported but no service composed, nothing is registered and nothing throws [0.49ms]
(pass) T4-INERT-1: activation requires the inject form > apply survives a throwing ctx.get and a ctx without effect() [0.37ms]
(pass) full composition (every service injected) > every seam activates through ctx.inject and reports an honest outcome [19.97ms]
(pass) full composition (every service injected) > cleanup runs on the injected scope: status cleared, registrations released [14.76ms]
(pass) full composition (every service injected) > each seam can be disabled by config, and disabling keeps apply inert [0.33ms]
(pass) honest outcomes (no disposer-type inference) > a refused shortcut registration is reported refused, never confirmed [0.59ms]
(pass) honest outcomes (no disposer-type inference) > a refused renderer registration is reported requested, never confirmed [0.37ms]
(pass) honest outcomes (no disposer-type inference) > a missing decision grant with a no-op disposer is refused, and the disposer is not called as a probe [0.41ms]
(pass) honest outcomes (no disposer-type inference) > a granted decision subscription is confirmed [0.46ms]
(pass) honest outcomes (no disposer-type inference) > without tuiPluginHost the seam is absent and no refusal is claimed [21.55ms]
(pass) honest outcomes (no disposer-type inference) > admin: the four intercept points are the only decision attempts [0.19ms]
(pass) /mpd command grammar (bare = picker, value = direct, status = print) > bare /mpd uses the picker, then applies the chosen action [27.32ms]
(pass) /mpd command grammar (bare = picker, value = direct, status = print) > bare /mpd falls back to the board when no dialog seam is composed [12.72ms]
(pass) /mpd command grammar (bare = picker, value = direct, status = print) > direct actions and the unknown-action error [39.23ms]
(pass) settings section disclosure (t21) > every mpd.jsonc-referencing hint states that a save is NOT bridged [0.18ms]
(pass) settings section disclosure (t21) > the marker itself says the save does not rewrite the config file [0.06ms]
(pass) the §D.2 runtime notice (a save with no live session workspace) > the notice constant is the design's exact sentence and matches the exported one [13.65ms]
(pass) the §D.2 runtime notice (a save with no live session workspace) > the status line publishes the notice only while the last write-back was skipped for no-live-session [47.89ms]

packages/mpd-tui-plugin/test/two-plugin-ownership.test.ts:
[mpd-config] settings bridge: registered the "mpd" namespace with the file-derived base (applies:'restart', design §10.1)
(pass) exactly ONE successful registration per composition (design §10.1) > mpd-config present: it registers, the TUI skips its fallback and says so [2.06ms]
(pass) exactly ONE successful registration per composition (design §10.1) > mpd-config present but its registration still pending: the fallback still yields (deterministic owner check) [0.50ms]
(pass) exactly ONE successful registration per composition (design §10.1) > mpd-config absent: the TUI's fallback registers the namespace (the composition still works) [0.34ms]
[mpd-config] settings bridge: could not register the "mpd" namespace (settings namespace "mpd" is already registered) — the TUI fallback owns it now.
(pass) exactly ONE successful registration per composition (design §10.1) > both plugins in ONE composition: still exactly one registration, whoever runs first [0.62ms]

packages/mpd-agent-teams-plugin/self-fix-tests/scope-semantics.test.mjs:
(pass) B5: a directory pattern covers its contents WITHOUT a trailing slash [5.31ms]
(pass) B5: trailing slash and non-trailing slash are equivalent [0.06ms]
(pass) B5: exact file patterns still match exactly, siblings and suffixes do not [0.07ms]
(pass) B5: root pattern matches everything; illegal/absolute patterns never match [0.09ms]
(pass) B5: classifyChangedPath — directory inScope covers files, outOfScope wins [0.31ms]
(pass) B6: completion reports ALL undeclared paths at once with the owning task id and a fix hint [0.76ms]
(pass) B6: completion passes when a directory pattern (no trailing slash) covers every changed path [0.11ms]

packages/mpd-agent-teams-plugin/self-fix-tests/scope-glob-and-contract.test.mjs:
(pass) DEFECT 1: a declared glob covers the files beneath it [1.84ms]
(pass) DEFECT 1 negative control: globs do not over-match [0.11ms]
(pass) DEFECT 1: every no-wildcard declaration keeps the pre-delta B5 semantics [0.15ms]
(pass) DEFECT 1: the completion gate accepts a glob-declared changedPath and still rejects an undeclared one [0.27ms]
(pass) DEFECT 2 reproduction: the pre-fix generator listed one path in BOTH lists [0.87ms]
(pass) DEFECT 2 fix: the finding's required path is CARVED OUT of the inherited prohibition [0.59ms]
(pass) DEFECT 2 fix, REAL wave-1 inputs (team mpd-default-7332aba4 t7 + t10): the required edit is in scope [0.46ms]
(pass) DEFECT 2 falsifiability: the contradiction guard must not reject legitimate carve-outs [0.17ms]
(pass) DEFECT 2 falsifiability: the write-task overlap guard is a real may-two-writers-touch-it relation [0.37ms]
(pass) durability: the guard refuses when a delta region is missing (observed failure) [6.21ms]
(pass) durability: the guard is idempotent on the real tree and restores a stripped tree [248.80ms]
(pass) F2: every t4-changed line in lib/quality-gates.js sits inside a registered mpd-delta region [71.81ms]
(pass) F3: healing a RE-MATERIALIZED upstream file refuses instead of emitting a broken module [3.49ms]
(pass) F3: a clean (region-carrying) tree still heals successfully [113.60ms]
(pass) F4: stripping every region and healing reproduces the canonical file byte-for-byte [112.79ms]
(pass) F4: the anchor-indent class is gone with the line keys [0.29ms]

packages/mpd-agent-teams-plugin/self-fix-tests/dispatch-stall-region.test.mjs:
(pass) t13: every dispatch-stall edit is region-registered (nothing unmarked survives a strip) [2.10ms]
(pass) t13: a re-materialized scheduler.js (upstream guard restored) is REFUSED byte-untouched [78.29ms]
(pass) t13: stripping every scheduler.js region heals byte-for-byte back to the canonical file [104.22ms]

packages/mpd-agent-teams-plugin/self-fix-tests/pool-capability-guard.test.mjs:
(pass) a pooled write task is LEFT IN THE POOL for a read-only member and reported [3.01ms]
(pass) a write-capable member still gets the pooled write task (the guard is not a blanket refusal) [0.10ms]
(pass) a member whose deny blocks nothing relevant is unaffected by an unrelated deny entry [0.05ms]
(pass) an EXPLICIT assignment is still dispatched to a restricted member, and says so [0.09ms]
(pass) a member's own ready task outranks a pooled task it could also run [0.07ms]
(pass) nothing executable is left: undefined, and every withheld candidate is reported [0.14ms]
(pass) the guard is region-registered and its replacement is REFUSED after a re-materialize [67.29ms]

packages/mpd-agent-teams-plugin/self-fix-tests/quality-loop.test.mjs:
(pass) Fix1: review auto-wires reviewedTaskId into dependencies (premature dispatch) [1.41ms]
(pass) Fix1: repair auto-wires sourceTaskId into dependencies [0.13ms]
(pass) Fix2 + OPT-1: cancelled and FAILED deps are non-blocking; pending still blocks [0.12ms]
(pass) Fix2: pending dependents blocked only by cancelled deps are cascaded (no deadlock) [0.45ms]
(pass) Fix3: planQualityFollowUp links reasonTaskId and reason reaches the repair prompt [1.55ms]
(pass) Fix4: reject without a completed source notifies the captain only (no repair, no escalation) [0.11ms]
(pass) Fix4: genuine reject of a completed source still escalates [0.07ms]
(pass) Fix3b: reasonTaskId / reassignReason survive task validation [0.22ms]
(pass) Fix3c: assignmentPrompt renders reassignReason and captain guidance digest [0.41ms]

packages/mpd-agent-teams-plugin/self-fix-tests/registry-context-heal.test.mjs:
(pass) t2: strip-healing ALL adopted files from the same state is byte-identical [166.64ms]
(pass) t2: a stripped tools.js heals byte-for-byte and the task-contract region lands at its canonical line [114.20ms]
(pass) t2: quality-gates.js strip-heal stays byte-identical (no trade between the two files) [87.30ms]
(pass) t2: a region heals to its canonical position under partial insertion histories [2160.91ms]
(pass) t2: every colliding pair is a real prefix collision (the fixture is meaningful) [4.87ms]
(pass) t2: a nested colliding pair resolves the OUTER region to its OWN end marker [0.20ms]
(pass) t2: intact control — the resolved span equals the independently grepped lines [4.81ms]
(pass) t2: a dangling outer END marker is a partially stripped region, never a half-open pair [22.45ms]
(pass) t2: a dangling outer BEGIN marker is a partially stripped region, never a half-open pair [22.44ms]
(pass) t2: --write re-brackets a partially stripped region byte-faithfully (both dangling shapes) [533.64ms]
(pass) t2: the registry carries context pairs and no line-keyed anchor fields [0.70ms]
(pass) t9 R1: both markers present but inverted is the ONLY row that may say 'half-open marker pair' [3.70ms]
(pass) t9 R2: begin present + end absent + body byte-equal re-brackets in place (all three pairs) [247.16ms]
(pass) t9 R3: begin present + end absent + body DRIFTED refuses, naming the region and the line [4.69ms]
(pass) t9 R4: end present + begin absent + body byte-equal re-brackets in place (all three pairs) [242.77ms]
(pass) t9 R5: end present + begin absent + NOTHING survived drops the orphan line and heals [113.74ms]
(pass) t9 (A): assertRegistryFormat refuses the OLD anchor format with the migration message [0.61ms]
(pass) t9 (A): the CLI refuses a pre-migration registry by name, and --write-registry still migrates [258.09ms]
(pass) t9: all four states of the ONLY shared seam heal byte-identically [308.33ms]
(pass) t9: a re-materialized tools.js is REFUSED, byte-untouched, with key counts unchanged [17.96ms]
(pass) t9: the targeted re-materialize shape (upstream twins restored at the literal) is REFUSED too [25.08ms]

packages/mpd-agent-teams-plugin/test/opt1-failed-dependency.test.mjs:
(pass) OPT-1: a FAILED dependency no longer blocks its dependent (three-state) [0.15ms]
(pass) OPT-1 reverse control: a RUNNING dependency still blocks exactly as before [0.20ms]
(pass) OPT-1: B stays CLAIMABLE after A fails, and its view names the failed dependency [18.15ms]
(pass) OPT-1: the captain-takeover path (reassign_task) also stops blocking on a failed dep [19.72ms]
(pass) OPT-1: B dispatches within the scheduler readiness path after A fails [0.21ms]
(pass) OPT-1: after A is retried to completed, B proceeds on the dependency result [6.67ms]

packages/mpd-agent-teams-plugin/test/opt2-residual-and-ordering.test.mjs:
{
  "workspace": "/root/dshProj/my-power-dsh",
  "stateRoot": "/root/dshProj/my-power-dsh/.mpd/team",
  "apply": false,
  "scanned": 6,
  "reclaimable": 0,
  "reclaimed": 0,
  "manifest": [
    {
      "teamId": "mpd-default",
      "phase": "running",
      "tasks": 62,
      "approved": true,
      "residual": false,
      "archived": false
    },
    {
      "teamId": "agent-teams-sidebar-migration",
      "phase": "running",
      "tasks": 10,
      "approved": true,
      "residual": false,
      "archived": false
    },
    {
      "teamId": "mpd-default-d92bc69a",
      "phase": "running",
      "tasks": 32,
      "approved": true,
      "residual": false,
      "archived": false
    },
    {
      "teamId": "mpd-default-e1f54e18",
      "phase": "running",
      "tasks": 18,
      "approved": true,
      "residual": false,
      "archived": false
    },
    {
      "teamId": "mpd-default-db53f0d4",
      "phase": "running",
      "tasks": 54,
      "approved": true,
      "residual": false,
      "archived": false
    },
    {
      "teamId": "mpd-default-84e50f06",
      "phase": "staged",
      "tasks": 8,
      "approved": false,
      "residual": false,
      "archived": false
    }
  ]
}
[reclaim-staged-teams] DRY RUN: 0 residual of 6 live team(s) (nothing changed)
(pass) OPT-2 classification: only empty staged unapproved teams are residual [1.29ms]
(pass) OPT-2: reclamation archives residue, protects live teams, and emits a manifest [47.35ms]
(pass) OPT-2: a dry run reclaims nothing [48.40ms]
(pass) OPT-2 ordering: the preset puts the gate BEFORE the sizing doctrine [0.30ms]

packages/mpd-agent-teams-plugin/test/workmate-key.test.ts:
(pass) workmateKey maps the five multi-word roster members to kebab keys [0.91ms]
(pass) workmateKey mirrors sanitizeName edge cases [0.08ms]

packages/mpd-agent-teams-plugin/test/r3-auto-reclaim.test.mjs:
(pass) R3 assertion 1: three stale empty staged teams are ARCHIVED, not deleted [7.01ms]
(pass) R3 assertion 2: staged-with-tasks, approved, and running teams are byte-identical [1.86ms]
(pass) R3 assertion 3: the calling session's OWN stale staged team is never archived [0.92ms]
(pass) R3: a FRESH staged team is not residue (age threshold is real) [0.81ms]
(pass) R3 assertion (contract): threshold 0 DISABLES the age gate but still protects live work [2.78ms]
(pass) R3: the threshold comes from config with a 1 h default [2.06ms]
(pass) F2 (t22 finalisation): panel view and contract view agree, and a claimable dependent is not blocked [10.90ms]

packages/mpd-agent-teams-plugin/test/session-start.test.ts:
(pass) policyEnabled: off disables unless the autoRoute gate is enabled [0.12ms]
(pass) policyQualifies: child sessions never qualify [0.17ms]
(pass) policyQualifies: allow-list scoping and preset-less coverage [0.09ms]
(pass) availableTeamId: free base, deterministic per-captain suffix, exhaustion [1.58ms]
(pass) notices carry the startup marker, mention the team, and are user-role messages [0.71ms]
(pass) complexity gate: both directions on the frozen prompt sets [1.14ms]
(pass) explicit flag is consumed out of the goal text [0.11ms]
(pass) routeDecision: off+autoRoute gates, auto/instruct keep the legacy paths [1.00ms]
(pass) spliceNotice inserts after the last claimed message and preserves the decision [0.49ms]

packages/mpd-agent-teams-plugin/test/t49-send-dedup-wiring.test.mjs:
(pass) R1 WIRING: two identical agent_teams_send_message calls -> ONE durable record (at-most-once) [12.18ms]
(pass) R1 WIRING NEGATIVE CONTROL: different content is NOT folded [12.62ms]
(pass) R1 WIRING: the captain path dedups too (both append sites are wired) [6.59ms]
(pass) R1 WIRING: two identical sends with live delivery DOWN -> the scheduler delivers exactly ONCE [21.95ms]
(pass) R1 SEAM: the scheduler's last delivery gate drops CLEARED tombstones [8.50ms]
(pass) R1 WIRING: two identical sends -> exactly ONE delivery and exactly ONE task assignment [11.66ms]
(pass) R1 WIRING: a duplicate send AFTER an acknowledged delivery cannot re-open it [5.14ms]

packages/mpd-agent-teams-plugin/test/update-task-diagnostics.test.mjs:
(pass) DEFECT 5: an OMITTED attempt_id is reported as required, never as stale ownership [6.51ms]
(pass) DEFECT 5: a PRESENT but mismatched attempt_id still reports stale ownership [2.87ms]
(pass) DEFECT 6: an omitted status is rejected instead of silently persisting the rest [2.47ms]
(pass) DEFECT 6: a blank or out-of-enum status is refused loudly, never persisted [5.53ms]
(pass) DEFECT 6: the tool contract marks status required and documents the minimal terminal call [2.51ms]
(pass) the happy path still works: status + current attempt_id completes the task [9.77ms]

packages/mpd-agent-teams-plugin/test/t53-dormant-expiry.test.mjs:
(pass) R1 DORMANT: a past-due request is expired and its requester TOLD without any scheduler kick [4.35ms]
(pass) R1 DORMANT NEGATIVE CONTROL: a request still inside its TTL is left ALONE [3.36ms]
(pass) R1 DORMANT NEGATIVE CONTROL: an empty/absent state root is a no-op, never a throw [0.63ms]
(pass) R1 DORMANT: the sweep is ONCE PER SESSION, not once per step [4.81ms]
(pass) R1 DORMANT: the SHIPPED session-start hook runs the sweep (and only the session's own workspace) [1.46ms]
(pass) R1 DORMANT: a failing sweep degrades to a warning and still returns the decision [0.73ms]
(pass) R1 DORMANT: room left for the durable side effect — the notice is an ordinary record [1.17ms]

packages/mpd-agent-teams-plugin/test/r1-message-channel.test.mjs:
(pass) R1 dedup: N identical sends in the window fold to ONE record with dupCount=N [6.01ms]
(pass) R1 dedup NEGATIVE CONTROL: same content, different from/to is NOT folded [2.55ms]
(pass) R1 dedup: a send OUTSIDE the 60 s window is a new record (window is real) [2.47ms]
(pass) R1 clear: archive-first tombstone + recoverable sidecar + audit event [4.71ms]
(pass) R1 clear NEGATIVE CONTROL: no hard-delete path — cleared bytes survive on disk [4.64ms]
(pass) R1 interjection: pending requests are NOT deliverable unread (negative control on the read path) [1.04ms]
(pass) R1 interjection: TTL silence is a DENY (status expired) [2.19ms]
(pass) R1 interjection: approval is recorded and cannot be re-decided [4.16ms]
(pass) REPAIR V1: a request WITHOUT content is NORMALIZED (never silently invisible) [1.99ms]
(pass) REPAIR V1: the content fallback priority is summary -> reason -> location [1.77ms]
(pass) REPAIR V1: identity is REQUIRED and rejected loudly, naming the field [0.80ms]
(pass) REPAIR V1: decide distinguishes MALFORMED-but-present from truly ABSENT [1.26ms]
(pass) REPAIR V1: a normalized request still expires on captain silence (default DENY usable) [1.15ms]
(pass) R1 SEAM: after a clear -> 0 unread and 0 deliverable (tombstones never re-open) [4.52ms]
(pass) R1 SEAM: a clear cannot RE-OPEN an acknowledged record [6.08ms]
(pass) R1: the decision vocabulary is CLOSED — anything but approved|rejected is named loudly [3.82ms]
(pass) R1: an APPROVED interjection is re-posted as an ORDINARY message to the requester [1.50ms]
(pass) R1: expiry notifies the requesting member with an ordinary message [1.50ms]

packages/mpd-agent-teams-plugin/test/export-bridge.test.mjs:
(pass) adopted client export bridge > registers under the adopted module id and keeps apply/inject [0.09ms]
(pass) adopted client export bridge > exposes every bridged symbol at load time [0.15ms]
(pass) adopted client export bridge > exports the panel CSS-module class map, not a renamed copy [0.08ms]
(pass) adopted client export bridge > carries every class the sidebar page renders, and the adopted archivedWrap quirk [0.23ms]
(pass) adopted client export bridge > locale dictionaries and monitor store survive the bridge [0.15ms]
(pass) adopted client export bridge > the bridge is purely additive: exports grow by exactly the pinned list [4.50ms]
(pass) adopted client export bridge > re-running the bridge is a no-op that leaves the file byte-identical [3.22ms]
(pass) adopted client export bridge > drift guard: an unknown symbol is reported as undeclared [0.98ms]
(pass) adopted client export bridge > a re-vendor re-applies the bridge [0.13ms]

packages/mpd-agent-teams-plugin/test/r3-view-parity.test.mjs:
(pass) F2: a dependent of a FAILED dependency is NOT rendered blocked in the panel view [2.63ms]
(pass) F2: panel view and task-contract view agree on the same team record [4.43ms]
(pass) F5: the schema default stateDir is the frozen .mpd/team [1.04ms]
(pass) F6: TEAM_TOOL_NAMES carries the frozen 14-name manual-entry set [0.56ms]

packages/mpd-agent-teams-plugin/test/r3-f1-signal-c.test.mjs:
(pass) F1: C requires its own 2-of-3 majority, and never appears as C1/C2/C3 top-level signals [0.32ms]
(pass) F1: no route from C1/C2/C3 as separate signals (the pre-fix false-positive shape) [0.17ms]
(pass) F1: the frozen two-sided prompt set still behaves 3 silent / 3 complex [1.00ms]
(pass) F1: a plan artifact is its own soft signal and reaches the gate [0.15ms]

packages/mpd-agent-teams-plugin/test/member-readonly-deny.test.mjs:
(pass) the profile parser normalizes `toolDeny` and rejects non-lists or empty entries [1.51ms]
(pass) the member spawn passes the member's deny list to the harness, merged with the captain-only denial [1.05ms]
(pass) the shipped `mpd` profile marks exactly the six read-only members with the canonical names [0.52ms]
(pass) `agent_teams_add_member` exposes `toolDeny` so a runtime-added member can be read-only too [2.82ms]

packages/mpd-agent-teams-plugin/test/backports.test.ts:
(pass) withTeamLock: settled locks release their queue entry > a completed lock leaves no queue entry behind [0.22ms]
(pass) withTeamLock: settled locks release their queue entry > a rejected mutation still releases its entry [0.17ms]
(pass) withTeamLock: settled locks release their queue entry > serialization is preserved and the last waiter cleans up [10.47ms]
(pass) blank optional task fields are normalized to absent > blank scalars are dropped and blank list entries are filtered [0.14ms]
(pass) blank optional task fields are normalized to absent > non-blank values pass through untouched [0.06ms]
(pass) blank optional task fields are normalized to absent > a legacy dirty record still loads instead of bricking the team [2.02ms]
(pass) Web routes: authentication fence and bounded body > a missing Connection service fails closed with 503 [0.51ms]
(pass) Web routes: authentication fence and bounded body > a rejected request never reaches the handler [0.33ms]
(pass) Web routes: authentication fence and bounded body > an admitted request runs the route handler unchanged [0.19ms]
(pass) Web routes: authentication fence and bounded body > readJsonRequest parses objects and refuses arrays, bad JSON, and oversized bodies [3.79ms]

packages/mpd-agent-teams-plugin/test/dispatch-stall-regression.test.mjs:
(pass) the approval-time kick delivers a ready root task to a member whose spawn turn is still running [6.47ms]
(pass) a second kick while the member is mid-turn does not duplicate the queued assignment, and says why [2.13ms]
(pass) the member's own idle edge after the queued assignment does not deliver it twice [126.25ms]
(pass) an idle edge that resolves no team logs the miss instead of returning silently [6.04ms]

packages/mpd-agent-teams-plugin/test/task-contract-tool.test.mjs:
(pass) DEFECT 3: a RUNNING task's contract is readable and matches what was declared [5.90ms]
(pass) DEFECT 3: the full agent-teams tool surface registers, with the contract tool among it [3.03ms]
(pass) DEFECT 3: the read-only surface is available to a member too and rejects unknown ids [10.20ms]

packages/mpd-agent-teams-plugin/test/r4-explicit-team.test.mjs:
(pass) R4: with no team yet the PLUGIN stages one (approval=required, zero members spawned) [6.76ms]
(pass) R4 ask-first: an existing STAGED team yields an inquiry, never a second team [2.70ms]
(pass) R4 silent-failure: an AMBIGUOUS session (two teams) warns instead of guessing [4.25ms]
(pass) R4 silent-failure: a missing profile roster warns instead of staying quiet [0.38ms]

packages/mpd-agent-teams-plugin/test/capabilities.test.ts:
(pass) agent-scoped AgentTeams instructions > the captain gets the activation prompt, the member gets member rules [1.24ms]
(pass) agent-scoped AgentTeams instructions > a member is denied every captain-only business tool [0.23ms]
(pass) agent-scoped AgentTeams instructions > cold-resumed members are recognized from the durable retired index [0.47ms]
(pass) agent-scoped AgentTeams instructions > a live team record decides membership without any spawn filter [0.71ms]
(pass) agent-scoped AgentTeams instructions > damaged state warns and falls back to the captain protocol instead of throwing [0.33ms]
(pass) agent-scoped AgentTeams instructions > agents created after install are attached on agent/session-start [0.19ms]

packages/mpd-agent-teams-plugin/test/harness-compat.test.ts:
(pass) queueMemberPrompt: delivery follows the host generation > 0.1.5-rc.2 host: the public prompt seam carries the team turn as a queued turn [0.38ms]
(pass) queueMemberPrompt: delivery follows the host generation > 0.1.5-rc.2 host: public sendMessage is never used for team work [0.15ms]
(pass) queueMemberPrompt: delivery follows the host generation > Alpha.5 … 0.1.2-rc.1 host: the symbol-keyed FIFO queue still carries the turn [0.24ms]
(pass) queueMemberPrompt: delivery follows the host generation > legacy host: the receiver-bound followup still wins when present [0.21ms]
(pass) queueMemberPrompt: delivery follows the host generation > neither contract: refuses instead of silently dropping the turn [0.22ms]
(pass) deliverToMember: the scheduler's wakeup path > 0.1.5-rc.2 runtime delivers through the public prompt seam and reports success [0.24ms]
(pass) deliverToMember: the scheduler's wakeup path > a host without any delivery contract reports failure instead of throwing [0.18ms]
(pass) installContinuableMemberSetup: setup follows the host generation > legacy host registers the seam directly, never the session-start listener [0.09ms]
(pass) installContinuableMemberSetup: setup follows the host generation > 0.1.5-rc.2 host: setup receives the live Agent and never reads childCtx.agent [0.48ms]
(pass) installContinuableMemberSetup: setup follows the host generation > a host without either seam degrades with a warning instead of aborting apply() [0.09ms]
(pass) sessionOwnEvents: child history excludes the inherited prefix > prefers the modern ownEvents() [0.11ms]
(pass) sessionOwnEvents: child history excludes the inherited prefix > legacy session logs are sliced at seedLength [0.09ms]
(pass) sessionOwnEvents: child history excludes the inherited prefix > an unreadable log is refused loudly [0.05ms]
(pass) retired-member guard covers every resumable face > 0.1.5-rc.2 host: the public prompt seam rejects a retired member and passes others [0.79ms]
(pass) retired-member guard covers every resumable face > Alpha.5 … 0.1.2-rc.1 host: the FIFO queue rejects a retired member and passes others [0.34ms]
(pass) retired-member guard covers every resumable face > legacy host: followup is guarded without inventing the method [0.28ms]
(pass) retired-member guard covers every resumable face > a runtime with no delivery face no longer pretends to guard one [0.10ms]

packages/mpd-agent-teams-plugin/test/t52-root-registration.test.mjs:
(pass) t52 COMPOSITION ROOT: apply() resolves a past-due request even with the team policy OFF [7.00ms]
(pass) t52 COMPOSITION ROOT NEGATIVE CONTROL: with no apply() the request stays pending [0.51ms]

packages/mpd-agent-teams-plugin/test/t52-interjection-tools.test.mjs:
(pass) t52: the three lane tools are REGISTERED on the shipped surface [2.69ms]
(pass) t52 CHAIN: member requests -> captain sees pending -> approves -> ordinary record for the requester [5.61ms]
(pass) t52 CHAIN: the approval reaches the REQUESTER's own session at the next idle edge — addressed, once, and nowhere else [5.28ms]
(pass) t52 CHAIN: the requester's own lane then records the approval once it is collected [3.83ms]
(pass) t52 AUTHZ: a MEMBER cannot decide — refused loudly, with a reason [2.67ms]
(pass) t52 AUTHZ: the decision vocabulary is closed AT THE TOOL BOUNDARY [3.18ms]
(pass) t52 AUTHZ: a member may clear ONLY its own mailbox [3.76ms]
(pass) t52 AUTHZ+F3: the captain may clear ANY mailbox, and a cleared record is not unread after [4.32ms]
(pass) t52 AUTHZ: the captain cannot clear a mailbox that does not exist [2.76ms]
(pass) t52 BOUNDARY: the request carries identity from the CALLER, never from an argument [6.95ms]

packages/mpd-agent-teams-plugin/test/scheduler-dispatch.test.ts:
(pass) scheduler dispatch across a dependency boundary > the first batch is delivered and dependents stay parked [2.73ms]
(pass) scheduler dispatch across a dependency boundary > completing the first batch dispatches the next batch to its idle members [2.51ms]
(pass) scheduler dispatch across a dependency boundary > a member's idle edge delivers its own newly unblocked task [9.32ms]
(pass) scheduler dispatch across a dependency boundary > a real delivery failure is reported, not swallowed as success [2.47ms]

packages/mpd-agent-teams-plugin/test/update-task-amend-lock-and-guards.test.mjs:
(pass) captain amend on a RUNNING task settles instead of self-deadlocking the team lock [18.75ms]
(pass) a MEMBER's amend is refused loudly instead of silently persisting nothing [3.39ms]
(pass) a terminal task refuses EVERY field change loudly, not just status/output [10.00ms]
(pass) a PENDING task is amendable (status enum accepts pending) and the amendment persists [5.28ms]
(pass) inScope/outOfScope are amendable by the captain (contract repair without a fail-and-re-run) [8.96ms]

packages/mpd-agent-teams-plugin/test/s1-s4-semantics.test.mjs:
(pass) S2: amending a definition re-runs the amended task and its TRANSITIVE DEPENDENTS only [6.79ms]
(pass) S2 falsifiability: a NO-OP amendment does not re-run anything [6.72ms]
(pass) S3: the scheduler's REAL readiness predicate never re-dispatches terminal work [0.87ms]
(pass) S4: a bounded notice reaches a RUNNING member without restarting its attempt [5.59ms]
(pass) S1: a terminal failed task is retryable and completed siblings keep their results [4.36ms]

packages/mpd-boulder-plugin/test/boulder.test.ts:
(pass) session ids are dsh-prefixed by default [5.42ms]
(pass) start, timer, complete lifecycle [2.70ms]
(pass) plan progress parses TODOs and verification wave [1.03ms]
(pass) mpd_boulder_status omits planProgress when null (lossless JSON contract) [1.19ms]

packages/mpd-workmate-plugin/test/workmate.test.ts:
(pass) sanitizeName / capText / autoNote / scoreMatch units [0.74ms]
(pass) init → list → reflect → match lifecycle with a sandbox HOME [5.97ms]
(pass) spawn carries persona+memory+note, reflect instruction, readonly deny, own route [2.18ms]
(pass) workmate library root is under HOME and not in cwd [0.48ms]

packages/mpd-workmate-plugin/test/rename-delete.test.ts:
(pass) rename moves the evolved identity and preserves every byte of it [10.94ms]
(pass) renamedFrom accumulates, dedupes, survives a later reflect and is capped [7.05ms]
(pass) A5 note rule: only a LEADING autoNote prefix is rewritten, a custom note keeps its bytes [2.73ms]
(pass) invalid names are rejected BEFORE any filesystem call, on both argument positions [2.74ms]
(pass) same-key rename and case-only rename are refused with no side effect (M2) [0.66ms]
(pass) the library ROOT can never be addressed as an instance (§B) [2.95ms]
(pass) collision guard: ANY lstat hit on the target is a 409 collision and nothing is overwritten (M5) [1.04ms]
(pass) a symlinked instance directory is refused, not resolved (§H) [1.76ms]
(pass) unknown and orphan directories are never touched (M3), repeat delete is 404 [1.15ms]
(pass) delete archives by default: hidden immediately, restorable, index key dropped [1.57ms]
(pass) purge requires confirm === name, then removes the instance for good (D1) [1.24ms]
(pass) a READONLY instance is a valid mutation target: library administration, not self-editing (M1) [0.90ms]
(pass) delete never touches another workmate's bytes and leaves no partial instance [1.32ms]
(pass) in-use gate: a name a team member holds blocks BOTH the rename target and the source (§E, A6) [2.13ms]
(pass) busyTeams reads <cwd>/.mpd/team, skips archived teams and non-directory entries, fails open [0.62ms]
(pass) A3: a stale meta.name cannot shadow the directory key, and a legacy key cannot resurrect a dir [1.73ms]
(pass) an interrupted rename is rolled back: no half-moved instance, the key stays addressable [1.01ms]
(pass) a throwing spawn releases the in-use counter, so it cannot block a later rename [2.04ms]
(pass) no registered output schema uses a type ARRAY, and every surface reports archived: null on purge [3.38ms]
(pass) routes: §D status/reason matrix, headers, no path leakage [4.24ms]
(pass) a headless profile stays tool-only: no webServer, no route work, tools still function [0.71ms]
(pass) the mutation tools' declared output schemas accept the values they return (t15) [15.19ms]
(pass) the OLD return shape is rejected by the harness validator, so this lock can actually fail (t15) [5.17ms]
(pass) the workmate deny list denies bash and the write-capable MCP tools, and carries no dead name [1.02ms]

packages/mpd-dsh-adapter-plugin/test/adapter.test.ts:
(pass) capabilities > reports every seam of a full harness [0.39ms]
(pass) capabilities > reports absent seams without throwing [0.09ms]
(pass) tool plane > registerTool normalizes schema, render and the (args, exec) call shape [0.44ms]
(pass) tool plane > registerTool keeps a caller-supplied schema and render [0.10ms]
(pass) tool plane > services resolve through ctx.get OR a plain ctx property [0.11ms]
(pass) tool plane > registerTools registers every definition and disposes them together [0.17ms]
(pass) tool plane > registerTool without a tools service fails with an actionable error [0.13ms]
(pass) tool plane > guardTool passes the exec through and installs on the tools service [0.14ms]
(pass) tool plane > onPostToolExecute owns next() and passes the downstream decision through [0.37ms]
(pass) tool plane > onPostToolExecute lets a listener replace the decision [0.15ms]
(pass) tool plane > onPostToolExecute is a no-op when the harness has no event bus [0.05ms]
(pass) tool plane > hasTool + toolRuntime expose internal tool calls without raw ctx access [0.61ms]
(pass) tool plane > executeTool normalizes success, tool error, thrown error and a missing runtime [0.33ms]
(pass) agent plane > spawnAgent normalizes prompt, flat route and the result shape [0.27ms]
(pass) agent plane > spawnAgent accepts pre-built prompt blocks and agentOptions [0.16ms]
(pass) agent plane > spawnAgent tolerates a harness that returns no result [0.20ms]
(pass) agent plane > spawnAgent without a subagent service fails with an actionable error [0.14ms]
(pass) skill + preset plane > skill provider registration, catalog read and body load [0.27ms]
(pass) skill + preset plane > skill calls without a skills service fail with actionable errors [0.16ms]
(pass) skill + preset plane > resolvePreset returns a normalized preset record [0.34ms]
[mpd-dsh-adapter] mpdDsh provided (harness seams resolved lazily, inject-free)
(pass) row entry > apply provides the mpdDsh service [0.14ms]
(pass) row entry > decision helpers use the harness feedback key [0.06ms]
(pass) settings plane (t34 §2.1 / §1.2, captain ruling 1) > the source of the SAME change is delivered, not the previous one's [2.69ms]
(pass) settings plane (t34 §2.1 / §1.2, captain ruling 1) > a raw-section change whose RESOLVED value did not change reports source undefined [1.67ms]
(pass) settings plane (t34 §2.1 / §1.2, captain ruling 1) > another namespace is ignored, and the disposer stops delivery [2.87ms]
(pass) settings plane (t34 §2.1 / §1.2, captain ruling 1) > a throwing listener never escapes into the host's emit [6.19ms]
(pass) settings plane (t34 §2.1 / §1.2, captain ruling 1) > settingsReader describes the namespace and degrades when it is absent [0.56ms]
(pass) settings plane (t34 §2.1 / §1.2, captain ruling 1) > settingsMutate writes through the service with the revision fence [0.63ms]
(pass) workspaceRootsAll(): the design's stated-unverified facts (§A.1, measured here) > duplicates collapse, relative cwds resolve, a cwd-less agent is skipped, no registry is [] [0.97ms]

packages/mpd-modelchain-plugin/test/modelchain.test.ts:
(pass) DEFAULT_CHAINS uses kebab-case keys and only deepseek-official providers [0.14ms]
(pass) resolveRole resolves kebab-case and legacy camelCase keys to the same chain [0.23ms]
(pass) mpd_modelchain_resolve resolves kebab keys and drops the dead skipped field [2.33ms]
(pass) modelchain.sisyphus-junior config key is resolved through the mpdConfig service [0.33ms]

packages/mpd-mcp-codegraph/test/daemon-policy.test.mjs:
(pass) parseDaemonSetting: truthy, falsy, unset and invalid stay distinguishable [1.14ms]
(pass) default (no env): serve in-process, and the reason names the measured failure [0.15ms]
(pass) MPD_CODEGRAPH_DAEMON=1 keeps upstream's shared daemon (no opt-out pinned) [0.17ms]
(pass) MPD_CODEGRAPH_DAEMON=0 pins the opt-out explicitly [0.07ms]
(pass) an explicit CODEGRAPH_NO_DAEMON=1 is respected and never overridden [0.07ms]
(pass) an unrecognized value warns and falls back to the safe default [0.09ms]
(pass) the default emits exactly ONE informational line (never stdout) [0.06ms]
(pass) launch.mjs applies the policy before importing the vendored serve.js [0.08ms]
(pass) the vendored bridge forwards CODEGRAPH_NO_DAEMON to the child env [0.78ms]

packages/mpd-tools-plugin/test/tools.test.ts:
(pass) write-guard allows first write to a new file [0.41ms]
(pass) write-guard allows idempotent rewrite of identical content [0.13ms]
(pass) write-guard denies silent overwrite of differing content [0.16ms]
(pass) write-guard allows idempotent rewrite of a >1MB file (full-file compare) [4.34ms]
(pass) truncation output (incl. banner) never exceeds truncateMaxBytes [0.87ms]
(pass) truncation with a budget smaller than the banner adds no head/tail slices [0.15ms]
(pass) truncation keeps head and tail slices plus the banner [0.13ms]
(pass) truncation passes through outputs within the budget unchanged [0.21ms]

packages/mpd-hashline-plugin/test/hashline.test.ts:
(pass) hashline view shows LINE#HASH|content [2.18ms]
(pass) anchored replace on plain content [1.94ms]
(pass) mismatched anchor throws [0.47ms]
(pass) append and prepend anchored [0.31ms]
(pass) replace range with end anchor [0.80ms]
(pass) unified diff shape [0.45ms]

packages/mpd-hashline-plugin/test/tool-schema.test.ts:
(pass) no registered hashline schema uses a type ARRAY (parameters or output) [2.10ms]
(pass) edit.lines is a oneOf union of the string and array-of-string shapes [0.12ms]
(pass) read then edit works with lines as a single string AND as an array of strings [1.74ms]
(pass) the committed src AND dist carry no array-typed schema form, and the dist carries the oneOf fix [0.34ms]
(pass) the guard resolves a RELATIVE file_path against the session workspace, not process.cwd() [1.63ms]

packages/mpd-bootstrap-plugin/test/bootstrap.test.ts:
[mpd-bootstrap] skill corpus served from /root/dshProj/my-power-dsh/skills (provider mpd-bundle, bundle 0.9.1)
[mpd-bootstrap] legacy home-copy cleanup skipped (config)
(pass) bundle skill corpus provider > serves every shipped skill as a bundled-rank candidate [4.95ms]
[mpd-bootstrap] skill corpus served from /root/dshProj/my-power-dsh/skills (provider mpd-bundle, bundle 0.9.1)
[mpd-bootstrap] legacy home-copy cleanup skipped (config)
(pass) bundle skill corpus provider > get() loads the skill body and keeps the resource base [5.54ms]
[mpd-bootstrap] skill corpus served from /tmp/mpd-corpus-U21hxG (provider mpd-bundle, bundle 0.9.1)
[mpd-bootstrap] legacy home-copy cleanup skipped (config)
(pass) bundle skill corpus provider > frontmatter subset: quoted, folded, nested metadata and invocation policy [1.99ms]
[mpd-bootstrap] skill corpus served from /root/dshProj/my-power-dsh/skills (provider mpd-bundle, bundle 0.9.1)
[mpd-bootstrap] legacy home-copy cleanup skipped (config)
[mpd-bootstrap] skill corpus served from /root/dshProj/my-power-dsh/skills (provider mpd-bundle, bundle 0.9.1)
[mpd-bootstrap] legacy home-copy cleanup skipped (config)
(pass) bundle skill corpus provider > registers an fs/observed invalidator scoped to the corpus [3.53ms]
[mpd-bootstrap] skill corpus served from /root/dshProj/my-power-dsh/skills (provider mpd-bundle, bundle 0.9.1)
(pass) legacy home-copy migration > removes only stamped bundle copies and leaves user content alone [1.12ms]
[mpd-bootstrap] skill corpus served from /root/dshProj/my-power-dsh/skills (provider mpd-bundle, bundle 0.9.1)
(pass) legacy home-copy migration > never touches an unstamped home (legacy installer copies survive) [0.34ms]

packages/mpd-comment-checker-plugin/test/comment-checker.test.ts:
(pass) binary resolves from toolchain [3.63ms]
(pass) comment file triggers detection (exit 2) [10.84ms]
(pass) clean file passes (exit 0) [9.58ms]

packages/mpd-mcp-shared/bin-resolve.test.mjs:

packages/mpd-ulw-plugin/test/engine.test.ts:

packages/mpd-memory-plugin/test/memory.test.ts:

packages/mpd-config-plugin/test/settings-wiring.test.ts:

packages/mpd-config-plugin/test/config.test.ts:

packages/mpd-config-plugin/test/bridge.test.ts:

packages/mpd-config-plugin/test/jsonc-edit.test.ts:

packages/mpd-roles-plugin/test/roles.test.ts:

packages/mpd-codegraph-plugin/src/index.test.ts:

packages/mpd-team-watchdog-plugin/test/heartbeat.test.ts:

packages/mpd-team-watchdog-plugin/test/holds.test.ts:

packages/mpd-team-watchdog-plugin/test/failsafe.test.ts:

packages/mpd-team-watchdog-plugin/test/sidecars.test.ts:

packages/mpd-team-watchdog-plugin/test/machine.test.ts:

packages/mpd-team-watchdog-plugin/test/scene.test.ts:

packages/mpd-ext-plugin/test/core.test.ts:

packages/mpd-ext-plugin/test/mcp.test.ts:

packages/mpd-bundle-plugin/test/sidebar-tab.test.mjs:

packages/mpd-bundle-plugin/test/team-page.test.mjs:

packages/mpd-bundle-plugin/test/sidebar-migration-artifact.test.mjs:

packages/mpd-bundle-plugin/test/settings-card.test.mjs:

packages/mpd-team-compact-plugin/test/compaction.test.mjs:

packages/mpd-tui-plugin/test/state.test.ts:

packages/mpd-tui-plugin/test/plugin.test.ts:

packages/mpd-tui-plugin/test/two-plugin-ownership.test.ts:

packages/mpd-agent-teams-plugin/self-fix-tests/scope-semantics.test.mjs:

packages/mpd-agent-teams-plugin/self-fix-tests/scope-glob-and-contract.test.mjs:

packages/mpd-agent-teams-plugin/self-fix-tests/dispatch-stall-region.test.mjs:

packages/mpd-agent-teams-plugin/self-fix-tests/pool-capability-guard.test.mjs:

packages/mpd-agent-teams-plugin/self-fix-tests/quality-loop.test.mjs:

packages/mpd-agent-teams-plugin/self-fix-tests/registry-context-heal.test.mjs:

packages/mpd-agent-teams-plugin/test/opt1-failed-dependency.test.mjs:

packages/mpd-agent-teams-plugin/test/opt2-residual-and-ordering.test.mjs:

packages/mpd-agent-teams-plugin/test/workmate-key.test.ts:

packages/mpd-agent-teams-plugin/test/r3-auto-reclaim.test.mjs:

packages/mpd-agent-teams-plugin/test/session-start.test.ts:

packages/mpd-agent-teams-plugin/test/t49-send-dedup-wiring.test.mjs:

packages/mpd-agent-teams-plugin/test/update-task-diagnostics.test.mjs:

packages/mpd-agent-teams-plugin/test/t53-dormant-expiry.test.mjs:

packages/mpd-agent-teams-plugin/test/r1-message-channel.test.mjs:

packages/mpd-agent-teams-plugin/test/export-bridge.test.mjs:

packages/mpd-agent-teams-plugin/test/r3-view-parity.test.mjs:

packages/mpd-agent-teams-plugin/test/r3-f1-signal-c.test.mjs:

packages/mpd-agent-teams-plugin/test/member-readonly-deny.test.mjs:

packages/mpd-agent-teams-plugin/test/backports.test.ts:

packages/mpd-agent-teams-plugin/test/dispatch-stall-regression.test.mjs:

packages/mpd-agent-teams-plugin/test/task-contract-tool.test.mjs:

packages/mpd-agent-teams-plugin/test/r4-explicit-team.test.mjs:

packages/mpd-agent-teams-plugin/test/capabilities.test.ts:

packages/mpd-agent-teams-plugin/test/harness-compat.test.ts:

packages/mpd-agent-teams-plugin/test/t52-root-registration.test.mjs:

packages/mpd-agent-teams-plugin/test/t52-interjection-tools.test.mjs:

packages/mpd-agent-teams-plugin/test/scheduler-dispatch.test.ts:

packages/mpd-agent-teams-plugin/test/update-task-amend-lock-and-guards.test.mjs:

packages/mpd-agent-teams-plugin/test/s1-s4-semantics.test.mjs:

packages/mpd-boulder-plugin/test/boulder.test.ts:

packages/mpd-workmate-plugin/test/workmate.test.ts:

packages/mpd-workmate-plugin/test/rename-delete.test.ts:

packages/mpd-dsh-adapter-plugin/test/adapter.test.ts:

packages/mpd-modelchain-plugin/test/modelchain.test.ts:

packages/mpd-mcp-codegraph/test/daemon-policy.test.mjs:

packages/mpd-tools-plugin/test/tools.test.ts:

packages/mpd-hashline-plugin/test/hashline.test.ts:

packages/mpd-hashline-plugin/test/tool-schema.test.ts:

packages/mpd-bootstrap-plugin/test/bootstrap.test.ts:

packages/mpd-comment-checker-plugin/test/comment-checker.test.ts:

 686 pass
 0 fail
 4947 expect() calls
Ran 686 tests across 132 files. [20.69s]
exit=0

── raw/rows-parity.log ────────────────────────────────────────────────────────────────
[verify-rows-parity] ok: 25 row ids match the bundle patch insert list (agent-teams, mcp-astgrep, mcp-codegraph, mcp-context7, mcp-gitbash, mcp-grepapp, mcp-lsp, mpd-bootstrap, mpd-boulder, mpd-codegraph, mpd-comment-checker, mpd-config, mpd-dsh-adapter, mpd-ext, mpd-hashline, mpd-memory, mpd-modelchain, mpd-roles, mpd-team-compact, mpd-team-watchdog, mpd-tools, mpd-tui, mpd-ulw, mpd-web-compat, mpd-workmate)
exit=0

── raw/docs-parity.log ────────────────────────────────────────────────────────────────
ok   README.md
ok   docs/architecture.md
ok   docs/development.md
ok   docs/extensions.md
ok   docs/feature-audit.md
ok   docs/index.md
ok   docs/tui.md
ok   docs/upstream-parity-ledger.md
ok   docs/user-guide.md
ok   extensions/README.md
ok   packages/mpd-bootstrap-plugin/README.md
ok   packages/mpd-boulder-plugin/README.md
ok   packages/mpd-bundle/README.md
ok   packages/mpd-bundle-plugin/README.md
ok   packages/mpd-codegraph-plugin/README.md
ok   packages/mpd-comment-checker-plugin/README.md
ok   packages/mpd-config-plugin/README.md
ok   packages/mpd-dsh-adapter-plugin/README.md
ok   packages/mpd-ext-plugin/README.md
ok   packages/mpd-hashline-plugin/README.md
ok   packages/mpd-mcp-astgrep/README.md
ok   packages/mpd-mcp-codegraph/README.md
ok   packages/mpd-mcp-gitbash/README.md
ok   packages/mpd-mcp-lsp/README.md
ok   packages/mpd-memory-plugin/README.md
ok   packages/mpd-modelchain-plugin/README.md
ok   packages/mpd-qa-roles-probe/README.md
ok   packages/mpd-roles-plugin/README.md
ok   packages/mpd-team-compact-plugin/README.md
ok   packages/mpd-team-watchdog-plugin/README.md
ok   packages/mpd-tools-plugin/README.md
ok   packages/mpd-tui-plugin/README.md
ok   packages/mpd-ulw-plugin/README.md
ok   packages/mpd-workmate-plugin/README.md
skip docs/bline-report.md — EXEMPT: prior-phase report (AGENTS.md §3)
skip docs/decisions.md — EXEMPT: process record (AGENTS.md §3)
skip docs/omo-parity-gap.md — EXEMPT: prior-phase report (AGENTS.md §3)
skip docs/plan-c.md — EXEMPT: process record (AGENTS.md §3: plan-*.md)
skip docs/plan-d.md — EXEMPT: process record (AGENTS.md §3: plan-*.md)
skip docs/plan-e.md — EXEMPT: process record (AGENTS.md §3: plan-*.md)
skip docs/plan-f.md — EXEMPT: process record (AGENTS.md §3: plan-*.md)
skip docs/plan-team-watchdog.md — EXEMPT: process record (AGENTS.md §3: plan-*.md)
skip docs/plan-tui-edition.md — EXEMPT: process record (AGENTS.md §3: plan-*.md)
skip docs/review-p0-p3.md — EXEMPT: prior-phase report (AGENTS.md §3)
skip docs/track-a-report.md — EXEMPT: prior-phase report (AGENTS.md §3)
skip docs/tui-edition-report.md — EXEMPT: prior-phase report (the TUI edition delivery report) — named in the AGENTS.md Language-policy enumeration of exempt prior-phase reports (captain ruling on T60-F1)
skip docs/ulw-deepseek-optimization.md — EXEMPT: prior-phase report (AGENTS.md §3)
skip packages/mpd-agent-teams-plugin/README.md — EXEMPT: adopted upstream main code, kept verbatim as provenance
skip packages/mpd-mcp-shared — EXEMPT: ships source and tests only; its README pair is a recorded follow-up

[verify-docs-parity] root=/root/dshProj/my-power-dsh pairs=34 failed=0 exempt=15 — PASS
exit=0

── raw/preset-conformance.log ────────────────────────────────────────────────────────────────
[preset-conformance] ok=true -> /root/dshProj/my-power-dsh/evidence/dsh-qa/preset-conformance/2026-09-15T16-28-00.042Z
  conformance: {"ok":true,"checked":31,"schemaFree":6,"parity":{"reference":31,"ours":31,"missing":[],"extra":[]},"problems":[]}
  auth: {"ok":true,"tokenSeen":true,"cookieSession":true}
  sessionCreate: {"ok":true,"status":200,"sessionId":"session-c040b9c3-31ca-4721-ab5a-13be522687a6","agentPreset":"mpd"}
  sessionHeader: {"ok":true,"agentPreset":"mpd","log":"/tmp/mpd-preset-main-MMYb4F/home/sessions/--tmp-mpd-preset-main-MMYb4F-ws--/session-c040b9c3-31ca-4721-ab5a-13be522687a6/session.v3.jsonl.zstd"}
  bootLog: {"ok":true,"signatures":[]}
  negativeControl: {"ok":true,"code":"agent-preset/invalid","message":"agent-presets: preset \"mpd\" failed to mount: failed to apply loader entry persona (@deepseek-ai/dsh-persona): invalid config:\n  - $.prefix missing required value (at prefix) (/tmp/mpd-preset-control-2026-09-15T16-28-00.042Z/mpd/agent.cordis.yml)
[preset-conformance] PASS
exit=0

── raw/bundle-lifecycle.log ────────────────────────────────────────────────────────────────
[bundle-lifecycle] ok=true -> /root/dshProj/my-power-dsh/evidence/dsh-qa/bundle-lifecycle/2026-09-15T16-28-35.255Z
  install: {"ok":true,"exit":0,"dependency":"link:/root/dshProj/my-power-dsh","bundles":["@deepseek-ai/dsh-base","@deepseek-ai/dsh-web-app","@mpd-dsh/mpd"],"oneCommand":"dsh plugin --profile w add <repo root>"}
  composed: {"ok":true,"exit":0}
  boot: {"ok":true,"http":true,"corpus":"/root/dshProj/my-power-dsh/skills","preset":"/root/dshProj/my-power-dsh/.qa-reloc/bundle-lifecycle-2026-09-15T16-28-35.255Z/home/profiles/w/node_modules/@mpd-dsh/mpd/presets/mpd/agent.cordis.yml","trust":"system","bundleReal":"
  noHomeCopy: {"ok":true,"skills":[],"presets":[]}
  layerDurability: {"ok":true,"exit":0,"dependency":true,"bundles":["@deepseek-ai/dsh-base","@deepseek-ai/dsh-web-app","@mpd-dsh/mpd"]}
  uninstall: {"ok":true,"exit":0,"bundles":["@deepseek-ai/dsh-base","@deepseek-ai/dsh-web-app"],"residue":[],"mpdState":[]}
[bundle-lifecycle] PASS
exit=0

── raw/driver.log ────────────────────────────────────────────────────────────────
[mpd-team-watchdog] applied: enabled=true warnSilenceMs=90000 tickIntervalMs=15000 warnStreakToEscalate=3 actionOnEscalate=pause stateDir=state/team disposers=5 holdService=mpdWatchdog hydratedHolds=0
[mpd-team-watchdog] WARN team-a task=t1 member=Architect silence=90001ms streak=1 hold=not-requested scene=/root/dshProj/my-power-dsh/evidence/team-watchdog/plugin/20260915T162351Z/raw/ws/state/team/watchdog/scene/team-a/20260915T162609Z-warn.json
[mpd-team-watchdog] WARN team-a task=t1 member=Architect silence=90001ms streak=1 hold=not-requested scene=/root/dshProj/my-power-dsh/evidence/team-watchdog/plugin/20260915T162351Z/raw/ws/state/team/watchdog/scene/team-a/20260915T162609Z-warn.json
[mpd-team-watchdog] task t2 (member Senior Engineer) never started — a dispatch problem, not an escalation
[mpd-team-watchdog] task t2 (member Senior Engineer) never started — a dispatch problem, not an escalation
[mpd-team-watchdog] WARN team-a task=t1 member=Architect silence=90002ms streak=2 hold=not-requested scene=/root/dshProj/my-power-dsh/evidence/team-watchdog/plugin/20260915T162351Z/raw/ws/state/team/watchdog/scene/team-a/20260915T162609Z-warn-2.json
[mpd-team-watchdog] WARN team-a task=t1 member=Architect silence=90002ms streak=2 hold=not-requested scene=/root/dshProj/my-power-dsh/evidence/team-watchdog/plugin/20260915T162351Z/raw/ws/state/team/watchdog/scene/team-a/20260915T162609Z-warn-2.json
[mpd-team-watchdog] ESCALATE team-a task=t1 member=Architect silence=90003ms streak=3 hold=applied scene=/root/dshProj/my-power-dsh/evidence/team-watchdog/plugin/20260915T162351Z/raw/ws/state/team/watchdog/scene/team-a/20260915T162609Z-escalate.json
[mpd-team-watchdog] ESCALATE team-a task=t1 member=Architect silence=90003ms streak=3 hold=applied scene=/root/dshProj/my-power-dsh/evidence/team-watchdog/plugin/20260915T162351Z/raw/ws/state/team/watchdog/scene/team-a/20260915T162609Z-escalate.json
[mpd-team-watchdog] ctx.provide is unavailable — the hold reader is not published and the w7 gates stay fail-open
[mpd-team-watchdog] applied: enabled=true warnSilenceMs=1234 tickIntervalMs=111 warnStreakToEscalate=7 actionOnEscalate=warn-only stateDir=state/team disposers=5 holdService=none hydratedHolds=2
[mpd-team-watchdog] knobs re-read (enabled=true, warnSilenceMs=4321, tickIntervalMs=222, warnStreakToEscalate=2, actionOnEscalate=pause)
{
  "task": "t54",
  "plugin": "packages/mpd-team-watchdog-plugin",
  "fixture": {
    "workspace": "/root/dshProj/my-power-dsh/evidence/team-watchdog/plugin/20260915T162351Z/raw/ws",
    "stateDir": "state/team",
    "team": "team-a"
  },
  "apply": {
    "applied": true,
    "disposers": 5,
    "intervalMs": 15000,
    "knobs": {
      "enabled": true,
      "warnSilenceMs": 90000,
      "tickIntervalMs": 15000,
      "warnStreakToEscalate": 3,
      "actionOnEscalate": "pause"
    },
    "issues": []
  },
  "tools": [
    "session-watchdog-hold",
    "session-watchdog-resume",
    "session-watchdog-status"
  ],
  "postHookReturn": "undefined (pass-through)",
  "heartbeatArchitect": [
    {
      "kind": "turn-start",
      "at": 1789489479846,
      "taskId": "t1",
      "attemptId": "att-1"
    },
    {
      "kind": "step",
      "at": 1789489479847,
      "taskId": "t1",
      "attemptId": "att-1"
    },
    {
      "kind": "step",
      "at": 1789489479851,
      "taskId": "t1",
      "attemptId": "att-1"
    },
    {
      "kind": "step",
      "at": 1789489479854,
      "taskId": "t1",
      "attemptId": "att-1"
    },
    {
      "kind": "tool",
      "at": 1789489479858,
      "tool": "read",
      "taskId": "t1",
      "attemptId": "att-1"
    }
  ],
  "ticks": [
    {
      "decisions": [
        {
          "type": "warn",
          "taskId": "t1",
          "streak": 1,
          "silenceMs": 90001
        }
      ],
      "scenes": 1,
      "holds": []
    },
    {
      "decisions": [
        {
          "type": "warn",
          "taskId": "t1",
          "streak": 2,
          "silenceMs": 90002
        }
      ],
      "scenes": 1,
      "holds": []
    },
    {
      "decisions": [
        {
          "type": "escalate",
          "taskId": "t1",
          "streak": 3,
          "silenceMs": 90003
        }
      ],
      "scenes": 1,
      "holds": [
        "team-a"
      ]
    },
    {
      "decisions": [],
      "scenes": 0,
      "holds": []
    }
  ],
  "neverStartedObservations": 1,
  "engineStats": {
    "ticks": 4,
    "tickErrors": 0,
    "tickSkips": 0,
    "heartbeatWrites": 8,
    "heartbeatFailures": 0,
    "rotations": 0,
    "scenes": 3,
    "sceneFailures": 0,
    "holdsApplied": 1,
    "holdsFailed": 0,
    "incidents": 3,
    "incidentFailures": 0,
    "neverStarted": 1,
    "lastError": null
  },
  "adoptedRecordUnchanged": {
    "sha256Before": "3a7675fb17ee7ee914fa782973e47f338b2579402d0be6301d2d46dd8ebf26bf",
    "sha256After": "3a7675fb17ee7ee914fa782973e47f338b2579402d0be6301d2d46dd8ebf26bf",
    "identical": true,
    "bytes": 615
  },
  "reader": {
    "exitCode": 0,
    "stderr": "",
    "verdict": {
      "checks": [
        {
          "name": "member heartbeat has >= 3 distinct step timestamps",
          "ok": true,
          "detail": [
            1789489479847,
            1789489479851,
            1789489479854
          ]
        },
        {
          "name": "member heartbeat has a POST tool stamp naming the tool",
          "ok": true,
          "detail": [
            "read"
          ]
        },
        {
          "name": "the tool stamp lands after the step that preceded it",
          "ok": true
        },
        {
          "name": "member stamps carry the adopted task + attempt",
          "ok": true
        },
        {
          "name": "captain heartbeat has step AND tool stamps",
          "ok": true,
          "detail": [
            "turn-start",
            "step",
            "tool"
          ]
        },
        {
          "name": "the captain holds no task here, so its stamps carry no task id",
          "ok": true,
          "detail": [
            null,
            null,
            null
          ]
        },
        {
          "name": "one immutable scene file per incident plus latest.json",
          "ok": true,
          "detail": [
            "20260915T162609Z-warn-2.json",
            "20260915T162609Z-escalate.json",
            "20260915T162609Z-warn.json",
            "latest.json"
          ]
        },
        {
          "name": "the latest scene parses and is the escalation scene",
          "ok": true
        },
        {
          "name": "scene.cause is the silence cause with its ms",
          "ok": true,
          "detail": {
            "kind": "silence",
            "ms": 90003
          }
        },
        {
          "name": "scene.team carries id/name/phase/halted/haltedAt/hold",
          "ok": true,
          "detail": {
            "id": "team-a",
            "name": "Team A",
            "phase": "running",
            "halted": null,
            "haltedAt": null,
            "hold": {
              "id": "63ab2ff4-3b06-4b1c-af64-50e93755d457",
              "since": 1789489479868,
              "cause": "silence",
              "taskId": "t1",
              "attemptId": "att-1"
            }
          }
        },
        {
          "name": "scene.tasks carry id/status/assignee/attempt/attemptId/lastSeen/streak",
          "ok": true,
          "detail": [
            {
              "id": "t1",
              "status": "in_progress",
              "assignee": "Architect",
              "attempt": 1,
              "attemptId": "att-1",
              "lastSeen": 1789489479858,
              "streak": 0
            },
            {
              "id": "t2",
              "status": "claimed",
              "assignee": "Senior Engineer",
              "attempt": 1,
              "attemptId": "att-2",
              "lastSeen": null,
              "streak": 0
            }
          ]
        },
        {
          "name": "scene.members carry id/name/status/unread/currentTask/lastSeen",
          "ok": true,
          "detail": [
            {
              "id": "agent-architect",
              "name": "Architect",
              "status": "working",
              "unread": 1,
              "currentTask": "t1",
              "lastSeen": 1789489479858
            },
            {
              "id": "agent-senior",
              "name": "Senior Engineer",
              "status": "working",
              "unread": 0,
              "currentTask": "t2",
              "lastSeen": null
            }
          ]
        },
        {
          "name": "scene.mailbox is the read watermark map",
          "ok": true,
          "detail": {}
        },
        {
          "name": "scene.parkedAttempts maps a member id to an attempt id",
          "ok": true,
          "detail": {
            "agent-architect": "att-1",
            "agent-senior": "att-2"
          }
        },
        {
          "name": "scene.incidents carry the WARN predecessors with their scene paths",
          "ok": true,
          "detail": [
            "warn",
            "warn"
          ]
        },
        {
          "name": "the hold sidecar exists beside team.json",
          "ok": true,
          "detail": "/root/dshProj/my-power-dsh/evidence/team-watchdog/plugin/20260915T162351Z/raw/ws/state/team/watchdog/hold/team-a.json"
        },
        {
          "name": "the hold carries id/teamId/since/cause/taskId/attemptId/sceneAt",
          "ok": true,
          "detail": [
            "id",
            "teamId",
            "since",
            "cause",
            "taskId",
            "attemptId",
            "sceneAt"
          ]
        },
        {
          "name": "the hold names the escalated task and attempt",
          "ok": true,
          "detail": {
            "taskId": "t1",
            "attemptId": "att-1"
          }
        },
        {
          "name": "exactly three incidents: warn, warn, escalate",
          "ok": true,
          "detail": [
            "warn",
            "warn",
            "escalate"
          ]
        },
        {
          "name": "each WARN predecessor recorded its scene path",
          "ok": true
        },
        {
          "name": "the escalation incident says the hold was applied",
          "ok": true
        },
        {
          "name": "the read watermark exists and is a per-reader map",
          "ok": true,
          "detail": {
            "web": 1789489479858
          }
        },
        {
          "name": "the adopted team.json still exists",
          "ok": true
        }
      ],
      "failures": [],
      "data": {
        "heartbeat": {
          "files": [
            "architect.jsonl",
            "captain.jsonl"
          ],
          "architect": [
            {
              "kind": "turn-start",
              "at": 1789489479846,
              "taskId": "t1",
              "attemptId": "att-1"
            },
            {
              "kind": "step",
              "at": 1789489479847,
              "taskId": "t1",
              "attemptId": "att-1"
            },
            {
              "kind": "step",
              "at": 1789489479851,
              "taskId": "t1",
              "attemptId": "att-1"
            },
            {
              "kind": "step",
              "at": 1789489479854,
              "taskId": "t1",
              "attemptId": "att-1"
            },
            {
              "kind": "tool",
              "at": 1789489479858,
              "tool": "read",
              "taskId": "t1",
              "attemptId": "att-1"
            }
          ],
          "captain": [
            {
              "kind": "turn-start",
              "at": 1789489479858,
              "taskId": null,
              "attemptId": null
            },
            {
              "kind": "step",
              "at": 1789489479858,
              "taskId": null,
              "attemptId": null
            },
            {
              "kind": "tool",
              "at": 1789489479861,
              "tool": "agent_teams_update_task",
              "taskId": null,
              "attemptId": null
            }
          ]
        },
        "scene": {
          "dir": "/root/dshProj/my-power-dsh/evidence/team-watchdog/plugin/20260915T162351Z/raw/ws/state/team/watchdog/scene/team-a",
          "files": [
            "20260915T162609Z-warn-2.json",
            "20260915T162609Z-escalate.json",
            "20260915T162609Z-warn.json",
            "latest.json"
          ],
          "latest": {
            "schemaVersion": 1,
            "at": 1789489569861,
            "reason": "escalate",
            "cause": {
              "kind": "silence",
              "ms": 90003
            },
            "team": {
              "id": "team-a",
              "name": "Team A",
              "phase": "running",
              "halted": null,
              "haltedAt": null,
              "hold": {
                "id": "63ab2ff4-3b06-4b1c-af64-50e93755d457",
                "since": 1789489479868,
                "cause": "silence",
                "taskId": "t1",
                "attemptId": "att-1"
              }
            },
            "tasks": [
              {
                "id": "t1",
                "status": "in_progress",
                "assignee": "Architect",
                "attempt": 1,
                "attemptId": "att-1",
                "lastSeen": 1789489479858,
                "streak": 0
              },
              {
                "id": "t2",
                "status": "claimed",
                "assignee": "Senior Engineer",
                "attempt": 1,
                "attemptId": "att-2",
                "lastSeen": null,
                "streak": 0
              }
            ],
            "members": [
              {
                "id": "agent-architect",
                "name": "Architect",
                "status": "working",
                "unread": 1,
                "currentTask": "t1",
                "lastSeen": 1789489479858
              },
              {
                "id": "agent-senior",
                "name": "Senior Engineer",
                "status": "working",
                "unread": 0,
                "currentTask": "t2",
                "lastSeen": null
              }
            ],
            "mailbox": {},
            "parkedAttempts": {
              "agent-architect": "att-1",
              "agent-senior": "att-2"
            },
            "incidents": [
              {
                "id": "t1@att-1#1789489569859",
                "kind": "warn",
                "at": 1789489569859,
                "taskId": "t1",
                "attemptId": "att-1",
                "scene": "/root/dshProj/my-power-dsh/evidence/team-watchdog/plugin/20260915T162351Z/raw/ws/state/team/watchdog/scene/team-a/20260915T162609Z-warn.json"
              },
              {
                "id": "t1@att-1#1789489569860",
                "kind": "warn",
                "at": 1789489569860,
                "taskId": "t1",
                "attemptId": "att-1",
                "scene": "/root/dshProj/my-power-dsh/evidence/team-watchdog/plugin/20260915T162351Z/raw/ws/state/team/watchdog/scene/team-a/20260915T162609Z-warn-2.json"
              }
            ]
          }
        },
        "hold": {
          "id": "63ab2ff4-3b06-4b1c-af64-50e93755d457",
          "teamId": "team-a",
          "since": 1789489479868,
          "cause": "silence",
          "taskId": "t1",
          "attemptId": "att-1",
          "sceneAt": 1789489569861
        },
        "incidents": [
          {
            "kind": "warn",
            "at": 1789489569859,
            "taskId": "t1",
            "hold": "not-requested",
            "scene": "/root/dshProj/my-power-dsh/evidence/team-watchdog/plugin/20260915T162351Z/raw/ws/state/team/watchdog/scene/team-a/20260915T162609Z-warn.json"
          },
          {
            "kind": "warn",
            "at": 1789489569860,
            "taskId": "t1",
            "hold": "not-requested",
            "scene": "/root/dshProj/my-power-dsh/evidence/team-watchdog/plugin/20260915T162351Z/raw/ws/state/team/watchdog/scene/team-a/20260915T162609Z-warn-2.json"
          },
          {
            "kind": "escalate",
            "at": 1789489569861,
            "taskId": "t1",
            "hold": "applied",
            "scene": "/root/dshProj/my-power-dsh/evidence/team-watchdog/plugin/20260915T162351Z/raw/ws/state/team/watchdog/scene/team-a/20260915T162609Z-escalate.json"
          }
        ],
        "watermark": {
          "web": 1789489479858
        },
        "team": {
          "path": "/root/dshProj/my-power-dsh/evidence/team-watchdog/plugin/20260915T162351Z/raw/ws/state/team/team-a/team.json",
          "mtimeMs": 1789489479842.421,
          "bytes": 615
        }
      },
      "ok": true
    }
  },
  "holdReader": {
    "serviceId": "mpdWatchdog",
    "published": true,
    "members": [
      "gateCall",
      "holds",
      "hydrate",
      "hydratedRoots",
      "isHeld",
      "list"
    ],
    "hydratedAtApply": 0,
    "hydratedRoots": [
      "/root/dshProj/my-power-dsh/evidence/team-watchdog/plugin/20260915T162351Z/raw/ws"
    ],
    "gateCall": "ctx.get(\"mpdWatchdog\", false)?.isHeld(teamId, workspace)?.held === true",
    "gateBeforeEscalate": false,
    "gateAfterEscalate": true,
    "view": {
      "held": true,
      "holdId": "63ab2ff4-3b06-4b1c-af64-50e93755d457",
      "at": 1789489479868,
      "reason": "silence",
      "taskId": "t1",
      "attemptId": "att-1",
      "workspace": "/root/dshProj/my-power-dsh/evidence/team-watchdog/plugin/20260915T162351Z/raw/ws",
      "source": "memory"
    },
    "otherTeam": false,
    "otherTeamView": {
      "held": true,
      "holdId": "h-foreign",
      "at": 4242,
      "reason": "silence",
      "taskId": "tX",
      "attemptId": "attX",
      "workspace": "/root/dshProj/my-power-dsh/evidence/team-watchdog/plugin/20260915T162351Z/raw/ws",
      "source": "file"
    },
    "gateOtherTeamAfterForeignWrite": true,
    "otherTeamSecondRead": "memory"
  },
  "namespaceAuthority": {
    "note": "the mpd namespace OVERRIDES the row config (defaults layer), and a settings/document-updated re-read takes effect with no restart",
    "readAtApply": {
      "warnSilenceMs": 1234,
      "tickIntervalMs": 111,
      "warnStreakToEscalate": 7,
      "actionOnEscalate": "warn-only",
      "intervalMs": 111
    },
    "readAfterLiveEdit": {
      "warnSilenceMs": 4321,
      "tickIntervalMs": 222,
      "warnStreakToEscalate": 2,
      "actionOnEscalate": "pause"
    }
  },
  "ok": true,
  "tickShape": {
    "tick1": [
      "warn"
    ],
    "tick2": [
      "warn"
    ],
    "tick3": [
      "escalate"
    ],
    "tick4": []
  }
}

── raw/mount-boot.log (the mounted boot) ─────────────────────────────────────
[mpd-dsh-adapter] mpdDsh provided (harness seams resolved lazily, inject-free)
[mpd-codegraph] init status=fail binary=/root/dshProj/my-power-dsh/node_modules/.bun/@colbymchenry+codegraph@1.5.0/node_modules/@colbymchenry/codegraph/npm-shim.js cwd=/root/dshProj/my-power-dsh/.qa-reloc/bundle-lifecycle-2026-09-15T16-28-35.255Z
[mpd-bootstrap] skill corpus served from /root/dshProj/my-power-dsh/skills (provider mpd-bundle, bundle 0.9.1)
[mpd-team-watchdog] applied: enabled=true warnSilenceMs=90000 tickIntervalMs=15000 warnStreakToEscalate=3 actionOnEscalate=pause stateDir=.mpd/team disposers=5 holdService=mpdWatchdog hydratedHolds=0
[mpd-ext] mpdExtensions provided (apiVersion 1) | tools: mpd_ext_list, mpd_ext_show, mpd_flow_list, mpd_flow_show | skill providers: mpd-ext:mpd-ext-example, mpd-ext:project-plane | project plane: <session workspace>/.mpd/extensions (per call)
[mpd-mcp-codegraph] serving codegraph in-process (no shared daemon): default: one engine per session (the shared daemon's lockfile arbitration is unreliable in sandboxed/namespaced hosts and upstream reaps it after 30 idle minutes, which is what logged "Shared daemon connection lost … serving this session in-process"; set MPD_CODEGRAPH_DAEMON=1 to share one daemon per project root)
[mpd-config] settings bridge: registered the "mpd" namespace with the file-derived base (applies:'restart', design §10.1)
[roles-probe] PRESET_MPD=ok
[roles-probe] PRESET_PATH=/root/dshProj/my-power-dsh/.qa-reloc/bundle-lifecycle-2026-09-15T16-28-35.255Z/home/profiles/w/node_modules/@mpd-dsh/mpd/presets/mpd/agent.cordis.yml trust=system
[roles-probe] ADAPTER_SEAMS=tools,toolsRegister,toolsGuard,toolsGet,toolsExecute,toolsPostExecute,subagents,subagentsSpawn,skills,skillsProvider,agentPresets,agents,events ABSENT=compaction,compactionForAgent
[roles-probe] ADAPTER_TOOL_CALL=ok
[roles-probe] ROSTER=oracle,librarian,prometheus,hephaestus,sisyphus,atlas,explore,metis,momus,multimodal-looker,sisyphus-junior
[roles-probe] ROSTER_NAMES=Architect,Researcher,Planner,Deep Worker,Senior Engineer,Lead,Explorer,Reviewer,Plan Reviewer,Vision Analyst,Junior Engineer
[roles-probe] AGENT_TEAMS_TOOLS=7/7
[roles-probe] AGENT_TEAMS_NEW_TOOLS_OK=true
[roles-probe] TEAM_COMPACT_TOOLS=2/2
[roles-probe] TOOL_PARAM_SCHEMAS=56/56
[roles-probe] SKILLS=18 BUNDLED=18 SKILL_FIXTURES=5/5
[roles-probe] SKILL_FIXTURE=ok name=svn-master base=/root/dshProj/my-power-dsh/skills/svn-master bytes=5210
[roles-probe] PASS
[CodeGraph MCP] File watcher active — graph will auto-sync on changes

── raw/mount-crash-scan.log ──────────────────────────────────────────────────
NO apply-crash signature found in the boot log

── raw/adopted-tree-status.log (empty = ZERO adopted edits) ──────────────────
exit=0

── raw/git-status.log ────────────────────────────────────────────────────────
 M packages/mpd-bundle-plugin/client.js
 M packages/mpd-bundle-plugin/src/settings-card.js
 M packages/mpd-bundle-plugin/test/settings-card.test.mjs
 M packages/mpd-bundle/cordis.patch.yml
 M packages/mpd-config-plugin/dist/index.js
 M packages/mpd-config-plugin/src/settings-schema.ts
 M packages/mpd-tui-plugin/dist/index.js
 M packages/mpd-tui-plugin/test/plugin.test.ts
 M scripts/install-profile.mjs
?? evidence/dsh-qa/bundle-lifecycle/2026-09-15T16-08-41.937Z/
?? evidence/dsh-qa/bundle-lifecycle/2026-09-15T16-13-53.727Z/
?? evidence/dsh-qa/bundle-lifecycle/2026-09-15T16-15-32.464Z/
?? evidence/dsh-qa/bundle-lifecycle/2026-09-15T16-17-06.305Z/
?? evidence/dsh-qa/bundle-lifecycle/2026-09-15T16-25-39.120Z/
?? evidence/dsh-qa/bundle-lifecycle/2026-09-15T16-28-35.255Z/
?? evidence/dsh-qa/preset-conformance/2026-09-15T16-08-49.137Z/
?? evidence/dsh-qa/preset-conformance/2026-09-15T16-13-15.694Z/
?? evidence/dsh-qa/preset-conformance/2026-09-15T16-14-57.427Z/
?? evidence/dsh-qa/preset-conformance/2026-09-15T16-16-26.802Z/
?? evidence/dsh-qa/preset-conformance/2026-09-15T16-25-07.106Z/
?? evidence/dsh-qa/preset-conformance/2026-09-15T16-28-00.042Z/
?? evidence/team-watchdog/config/
?? evidence/team-watchdog/design/
?? evidence/team-watchdog/plugin/
?? evidence/team-watchdog/pool-guard-readers/
?? evidence/team-watchdog/pool-guard/
?? evidence/team-watchdog/seam-audit/
?? packages/mpd-team-watchdog-plugin/
exit=0
