path	hit_kinds	tracked_status	bucket	verdict	severity
.gitignore	content,content-precise	TRACKED	BRIDGE-BY-DESIGN	ACCEPTABLE	low
.mpd-dsh/upstream/.agents/skills/codex-qa/references/install-verify.md	name	ABSENT	KEYWORD-FALSE-POSITIVE	ACCEPTABLE	none
.mpd-dsh/upstream/.agents/skills/codex-qa/scripts/install-verify.sh	name	ABSENT	KEYWORD-FALSE-POSITIVE	ACCEPTABLE	none
.mpd-dsh/upstream/.agents/skills/work-with-pr-workspace/iteration-1/eval-1/with_skill/outputs/verification-strategy.md	name	ABSENT	KEYWORD-FALSE-POSITIVE	ACCEPTABLE	none
.mpd-dsh/upstream/.agents/skills/work-with-pr-workspace/iteration-1/eval-1/without_skill/outputs/verification-strategy.md	name	ABSENT	KEYWORD-FALSE-POSITIVE	ACCEPTABLE	none
.mpd-dsh/upstream/.agents/skills/work-with-pr-workspace/iteration-1/eval-2/with_skill/outputs/verification-strategy.md	name	ABSENT	KEYWORD-FALSE-POSITIVE	ACCEPTABLE	none
.mpd-dsh/upstream/.agents/skills/work-with-pr-workspace/iteration-1/eval-2/without_skill/outputs/verification-strategy.md	name	ABSENT	KEYWORD-FALSE-POSITIVE	ACCEPTABLE	none
.mpd-dsh/upstream/.agents/skills/work-with-pr-workspace/iteration-1/eval-3/with_skill/outputs/verification-strategy.md	name	ABSENT	KEYWORD-FALSE-POSITIVE	ACCEPTABLE	none
.mpd-dsh/upstream/.agents/skills/work-with-pr-workspace/iteration-1/eval-3/without_skill/outputs/verification-strategy.md	name	ABSENT	KEYWORD-FALSE-POSITIVE	ACCEPTABLE	none
.mpd-dsh/upstream/.agents/skills/work-with-pr-workspace/iteration-1/eval-4/with_skill/outputs/verification-strategy.md	name	ABSENT	KEYWORD-FALSE-POSITIVE	ACCEPTABLE	none
.mpd-dsh/upstream/.agents/skills/work-with-pr-workspace/iteration-1/eval-4/without_skill/outputs/verification-strategy.md	name	ABSENT	KEYWORD-FALSE-POSITIVE	ACCEPTABLE	none
.mpd-dsh/upstream/.agents/skills/work-with-pr-workspace/iteration-1/eval-5/with_skill/outputs/verification-strategy.md	name	ABSENT	KEYWORD-FALSE-POSITIVE	ACCEPTABLE	none
.mpd-dsh/upstream/.agents/skills/work-with-pr-workspace/iteration-1/eval-5/without_skill/outputs/verification-strategy.md	name	ABSENT	KEYWORD-FALSE-POSITIVE	ACCEPTABLE	none
.mpd-dsh/upstream/.omo/evidence/20260722-senpi-task-model-status/verification.txt	name	ABSENT	KEYWORD-FALSE-POSITIVE	ACCEPTABLE	none
.mpd-dsh/upstream/.omo/evidence/20260727-senpi-task-live-status/verification.txt	name	ABSENT	KEYWORD-FALSE-POSITIVE	ACCEPTABLE	none
.mpd-dsh/upstream/.omo/evidence/20260728-beui-interaction-skill/beui-endpoint-verification.txt	name	ABSENT	KEYWORD-FALSE-POSITIVE	ACCEPTABLE	none
.mpd-dsh/upstream/.omo/evidence/20260730-senpi-task-padding/verification.txt	name	ABSENT	KEYWORD-FALSE-POSITIVE	ACCEPTABLE	none
.mpd-dsh/upstream/.omo/evidence/20260801-runtime-fallback-status-drift/initial-verification-failure.txt	name	ABSENT	KEYWORD-FALSE-POSITIVE	ACCEPTABLE	none
.mpd-dsh/upstream/.omo/evidence/20260802-senpi-task-cache-hit-rate/automated-verification.txt	name	ABSENT	KEYWORD-FALSE-POSITIVE	ACCEPTABLE	none
.mpd-dsh/upstream/.omo/evidence/20260804-fix-6569-review-hardening/install-verify.txt	name	ABSENT	KEYWORD-FALSE-POSITIVE	ACCEPTABLE	none
.mpd-dsh/upstream/.omo/evidence/20260804-senpi-task-zero-price/verification.txt	name	ABSENT	KEYWORD-FALSE-POSITIVE	ACCEPTABLE	none
.mpd-dsh/upstream/.omo/evidence/20260804-team-create-recovery/verification-gates.txt	name	ABSENT	KEYWORD-FALSE-POSITIVE	ACCEPTABLE	none
.mpd-dsh/upstream/.omo/evidence/20260805-fix-6579-review/verification.txt	name	ABSENT	KEYWORD-FALSE-POSITIVE	ACCEPTABLE	none
.mpd-dsh/upstream/.omo/evidence/20260805-fix-6579/verification.txt	name	ABSENT	KEYWORD-FALSE-POSITIVE	ACCEPTABLE	none
.mpd-dsh/upstream/.omo/evidence/20260809-omo-agent-toolkit-rename/lead-verification-log.md	name	ABSENT	KEYWORD-FALSE-POSITIVE	ACCEPTABLE	none
.mpd-dsh/upstream/.omo/evidence/20260811-senpi-beta-6/final-verification.txt	name	ABSENT	KEYWORD-FALSE-POSITIVE	ACCEPTABLE	none
.mpd-dsh/upstream/.omo/evidence/20260812-memory-observability-events/verification.txt	name	ABSENT	KEYWORD-FALSE-POSITIVE	ACCEPTABLE	none
.mpd-dsh/upstream/.omo/evidence/20260812-omo-native-bun-update/post-rebase-verification.txt	name	ABSENT	KEYWORD-FALSE-POSITIVE	ACCEPTABLE	none
.mpd-dsh/upstream/.omo/evidence/20260813-health-alert-split/verify-1-bun-test.txt	name	ABSENT	KEYWORD-FALSE-POSITIVE	ACCEPTABLE	none
.mpd-dsh/upstream/.omo/evidence/20260813-health-alert-split/verify-2-typecheck.txt	name	ABSENT	KEYWORD-FALSE-POSITIVE	ACCEPTABLE	none
.mpd-dsh/upstream/.omo/evidence/20260813-memory-core-git-lock-contention/green-3-full-verification.txt	name	ABSENT	KEYWORD-FALSE-POSITIVE	ACCEPTABLE	none
.mpd-dsh/upstream/.omo/evidence/20260813-pr6611-manual-reset/verification.txt	name	ABSENT	KEYWORD-FALSE-POSITIVE	ACCEPTABLE	none
.mpd-dsh/upstream/.omo/evidence/20260813-pr6611-variant-reset/verification.txt	name	ABSENT	KEYWORD-FALSE-POSITIVE	ACCEPTABLE	none
.mpd-dsh/upstream/.omo/evidence/20260814-pr6611-senpi-ci/verification.txt	name	ABSENT	KEYWORD-FALSE-POSITIVE	ACCEPTABLE	none
.mpd-dsh/upstream/.omo/evidence/20260814-pr6611-windows-codex-ci/verification.txt	name	ABSENT	KEYWORD-FALSE-POSITIVE	ACCEPTABLE	none
.mpd-dsh/upstream/.omo/evidence/20260816-pr-6858-brutal-review/local-verification.txt	name	ABSENT	KEYWORD-FALSE-POSITIVE	ACCEPTABLE	none
.mpd-dsh/upstream/.omo/evidence/20260816-remove-omo-telemetry-command/final-verification.txt	name	ABSENT	KEYWORD-FALSE-POSITIVE	ACCEPTABLE	none
.mpd-dsh/upstream/.omo/evidence/20260816-team-mode-root-fix/green/pr-b-scoped-verification.log	name	ABSENT	KEYWORD-FALSE-POSITIVE	ACCEPTABLE	none
.mpd-dsh/upstream/.omo/evidence/20260817-dep-pins-latest/rpc-parity-verification.txt	name	ABSENT	KEYWORD-FALSE-POSITIVE	ACCEPTABLE	none
.mpd-dsh/upstream/.omo/evidence/20260817-insane-search-version-policy/post-rebase-verification.txt	name	ABSENT	KEYWORD-FALSE-POSITIVE	ACCEPTABLE	none
.mpd-dsh/upstream/.omo/evidence/20260817-npm-audit-fix/codex-install-verify.txt	name	ABSENT	KEYWORD-FALSE-POSITIVE	ACCEPTABLE	none
.mpd-dsh/upstream/.omo/evidence/20260817-remove-prompt-contract-tests/codex-automated-verification.txt	name	ABSENT	KEYWORD-FALSE-POSITIVE	ACCEPTABLE	none
.mpd-dsh/upstream/.omo/evidence/20260817-remove-prompt-contract-tests/focused-domain-verification.txt	name	ABSENT	KEYWORD-FALSE-POSITIVE	ACCEPTABLE	none
.mpd-dsh/upstream/.omo/evidence/20260817-remove-prompt-contract-tests/opencode-automated-verification.txt	name	ABSENT	KEYWORD-FALSE-POSITIVE	ACCEPTABLE	none
.mpd-dsh/upstream/.omo/evidence/20260817-senpi-test-stability/pr1-test-process-stability/final-head-verification.txt	name	ABSENT	KEYWORD-FALSE-POSITIVE	ACCEPTABLE	none
.mpd-dsh/upstream/.omo/evidence/20260817-senpi-test-stability/pr1-test-process-stability/post-rebase-verification.txt	name	ABSENT	KEYWORD-FALSE-POSITIVE	ACCEPTABLE	none
.mpd-dsh/upstream/.omo/evidence/20260820-pr6611-recovery/codex-install-verify.txt	name	ABSENT	KEYWORD-FALSE-POSITIVE	ACCEPTABLE	none
.mpd-dsh/upstream/.omo/evidence/20260820-pr6611-seven-blockers/verification.txt	name	ABSENT	KEYWORD-FALSE-POSITIVE	ACCEPTABLE	none
.mpd-dsh/upstream/.omo/evidence/20260821-btw-pr-review-findings/FINAL_VERIFICATION.txt	name	ABSENT	KEYWORD-FALSE-POSITIVE	ACCEPTABLE	none
.mpd-dsh/upstream/.omo/evidence/20260825-atlas-memory-leak/verification.md	name	ABSENT	KEYWORD-FALSE-POSITIVE	ACCEPTABLE	none
.mpd-dsh/upstream/.omo/evidence/omo-senpi-adapter/20260723-run-command-timeout/verification.txt	name	ABSENT	KEYWORD-FALSE-POSITIVE	ACCEPTABLE	none
.mpd-dsh/upstream/.omo/evidence/telemetry-parallel-latency-v2/verify-t1-repair.md	name	ABSENT	KEYWORD-FALSE-POSITIVE	ACCEPTABLE	none
.mpd-dsh/upstream/.omo/evidence/telemetry-parallel-latency-v2/verify-t1-t3.md	name	ABSENT	KEYWORD-FALSE-POSITIVE	ACCEPTABLE	none
.mpd-dsh/upstream/.omo/evidence/telemetry-parallel-latency-v2/verify-t2.md	name	ABSENT	KEYWORD-FALSE-POSITIVE	ACCEPTABLE	none
.mpd-dsh/upstream/.omo/evidence/telemetry-parallel-latency-v2/verify-t4.md	name	ABSENT	KEYWORD-FALSE-POSITIVE	ACCEPTABLE	none
.mpd-dsh/upstream/.omo/evidence/telemetry-parallel-latency-v2/verify-t5.md	name	ABSENT	KEYWORD-FALSE-POSITIVE	ACCEPTABLE	none
.mpd-dsh/upstream/.omo/evidence/telemetry-parallel-latency-v2/verify-t6.md	name	ABSENT	KEYWORD-FALSE-POSITIVE	ACCEPTABLE	none
.mpd-dsh/upstream/.omo/evidence/telemetry-parallel-latency-v2/verify-t7.md	name	ABSENT	KEYWORD-FALSE-POSITIVE	ACCEPTABLE	none
.mpd-dsh/upstream/.omo/evidence/telemetry-parallel-latency-v2/verify-t8-repair.md	name	ABSENT	KEYWORD-FALSE-POSITIVE	ACCEPTABLE	none
.mpd-dsh/upstream/.omo/evidence/telemetry-parallel-latency-v2/verify-t8.md	name	ABSENT	KEYWORD-FALSE-POSITIVE	ACCEPTABLE	none
.mpd-dsh/upstream/.opencode/skills/work-with-pr-workspace/iteration-1/eval-1/with_skill/outputs/verification-strategy.md	name	ABSENT	KEYWORD-FALSE-POSITIVE	ACCEPTABLE	none
.mpd-dsh/upstream/.opencode/skills/work-with-pr-workspace/iteration-1/eval-1/without_skill/outputs/verification-strategy.md	name	ABSENT	KEYWORD-FALSE-POSITIVE	ACCEPTABLE	none
.mpd-dsh/upstream/.opencode/skills/work-with-pr-workspace/iteration-1/eval-2/with_skill/outputs/verification-strategy.md	name	ABSENT	KEYWORD-FALSE-POSITIVE	ACCEPTABLE	none
.mpd-dsh/upstream/.opencode/skills/work-with-pr-workspace/iteration-1/eval-2/without_skill/outputs/verification-strategy.md	name	ABSENT	KEYWORD-FALSE-POSITIVE	ACCEPTABLE	none
.mpd-dsh/upstream/.opencode/skills/work-with-pr-workspace/iteration-1/eval-3/with_skill/outputs/verification-strategy.md	name	ABSENT	KEYWORD-FALSE-POSITIVE	ACCEPTABLE	none
.mpd-dsh/upstream/.opencode/skills/work-with-pr-workspace/iteration-1/eval-3/without_skill/outputs/verification-strategy.md	name	ABSENT	KEYWORD-FALSE-POSITIVE	ACCEPTABLE	none
.mpd-dsh/upstream/.opencode/skills/work-with-pr-workspace/iteration-1/eval-4/with_skill/outputs/verification-strategy.md	name	ABSENT	KEYWORD-FALSE-POSITIVE	ACCEPTABLE	none
.mpd-dsh/upstream/.opencode/skills/work-with-pr-workspace/iteration-1/eval-4/without_skill/outputs/verification-strategy.md	name	ABSENT	KEYWORD-FALSE-POSITIVE	ACCEPTABLE	none
.mpd-dsh/upstream/.opencode/skills/work-with-pr-workspace/iteration-1/eval-5/with_skill/outputs/verification-strategy.md	name	ABSENT	KEYWORD-FALSE-POSITIVE	ACCEPTABLE	none
.mpd-dsh/upstream/.opencode/skills/work-with-pr-workspace/iteration-1/eval-5/without_skill/outputs/verification-strategy.md	name	ABSENT	KEYWORD-FALSE-POSITIVE	ACCEPTABLE	none
.mpd-dsh/upstream/packages/omo-codex/plugin/components/lazycodex-executor-verify/AGENTS.md	name	ABSENT	KEYWORD-FALSE-POSITIVE	ACCEPTABLE	none
.mpd-dsh/upstream/packages/omo-codex/plugin/components/lazycodex-executor-verify/biome.json	name	ABSENT	KEYWORD-FALSE-POSITIVE	ACCEPTABLE	none
.mpd-dsh/upstream/packages/omo-codex/plugin/components/lazycodex-executor-verify/directive.md	name	ABSENT	KEYWORD-FALSE-POSITIVE	ACCEPTABLE	none
.mpd-dsh/upstream/packages/omo-codex/plugin/components/lazycodex-executor-verify/hooks/hooks.json	name	ABSENT	KEYWORD-FALSE-POSITIVE	ACCEPTABLE	none
.mpd-dsh/upstream/packages/omo-codex/plugin/components/lazycodex-executor-verify/package.json	name	ABSENT	KEYWORD-FALSE-POSITIVE	ACCEPTABLE	none
.mpd-dsh/upstream/packages/omo-codex/plugin/components/lazycodex-executor-verify/src/cli.ts	name	ABSENT	KEYWORD-FALSE-POSITIVE	ACCEPTABLE	none
.mpd-dsh/upstream/packages/omo-codex/plugin/components/lazycodex-executor-verify/src/codex-hook.ts	name	ABSENT	KEYWORD-FALSE-POSITIVE	ACCEPTABLE	none
.mpd-dsh/upstream/packages/omo-codex/plugin/components/lazycodex-executor-verify/src/directive.ts	name	ABSENT	KEYWORD-FALSE-POSITIVE	ACCEPTABLE	none
.mpd-dsh/upstream/packages/omo-codex/plugin/components/lazycodex-executor-verify/src/index.ts	name	ABSENT	KEYWORD-FALSE-POSITIVE	ACCEPTABLE	none
.mpd-dsh/upstream/packages/omo-codex/plugin/components/lazycodex-executor-verify/src/state.ts	name	ABSENT	KEYWORD-FALSE-POSITIVE	ACCEPTABLE	none
.mpd-dsh/upstream/packages/omo-codex/plugin/components/lazycodex-executor-verify/src/types.ts	name	ABSENT	KEYWORD-FALSE-POSITIVE	ACCEPTABLE	none
.mpd-dsh/upstream/packages/omo-codex/plugin/components/lazycodex-executor-verify/test/cli.test.ts	name	ABSENT	KEYWORD-FALSE-POSITIVE	ACCEPTABLE	none
.mpd-dsh/upstream/packages/omo-codex/plugin/components/lazycodex-executor-verify/test/codex-hook.test.ts	name	ABSENT	KEYWORD-FALSE-POSITIVE	ACCEPTABLE	none
.mpd-dsh/upstream/packages/omo-codex/plugin/components/lazycodex-executor-verify/tsconfig.build.json	name	ABSENT	KEYWORD-FALSE-POSITIVE	ACCEPTABLE	none
.mpd-dsh/upstream/packages/omo-codex/plugin/components/lazycodex-executor-verify/tsconfig.json	name	ABSENT	KEYWORD-FALSE-POSITIVE	ACCEPTABLE	none
.mpd-dsh/upstream/packages/omo-codex/plugin/components/lazycodex-executor-verify/vitest.config.ts	name	ABSENT	KEYWORD-FALSE-POSITIVE	ACCEPTABLE	none
.mpd-dsh/upstream/packages/omo-codex/plugin/hooks/subagent-stop-verifying-lazycodex-executor-evidence.json	name	ABSENT	KEYWORD-FALSE-POSITIVE	ACCEPTABLE	none
.mpd-dsh/upstream/packages/omo-opencode/src/features/builtin-commands/templates/refactor-sections/verification-and-tooling.ts	name	ABSENT	KEYWORD-FALSE-POSITIVE	ACCEPTABLE	none
.mpd-dsh/upstream/packages/omo-opencode/src/features/builtin-skills/skills/git-master-sections/commit-execution-verification.ts	name	ABSENT	KEYWORD-FALSE-POSITIVE	ACCEPTABLE	none
.mpd-dsh/upstream/packages/omo-opencode/src/hooks/atlas/verification-reminders.test.ts	name	ABSENT	KEYWORD-FALSE-POSITIVE	ACCEPTABLE	none
.mpd-dsh/upstream/packages/omo-opencode/src/hooks/atlas/verification-reminders.ts	name	ABSENT	KEYWORD-FALSE-POSITIVE	ACCEPTABLE	none
.mpd-dsh/upstream/packages/omo-opencode/src/hooks/ralph-loop/oracle-verification-detector.test.ts	name	ABSENT	KEYWORD-FALSE-POSITIVE	ACCEPTABLE	none
.mpd-dsh/upstream/packages/omo-opencode/src/hooks/ralph-loop/oracle-verification-detector.ts	name	ABSENT	KEYWORD-FALSE-POSITIVE	ACCEPTABLE	none
.mpd-dsh/upstream/packages/omo-opencode/src/hooks/ralph-loop/pending-verification-handler.ts	name	ABSENT	KEYWORD-FALSE-POSITIVE	ACCEPTABLE	none
.mpd-dsh/upstream/packages/omo-opencode/src/hooks/ralph-loop/ulw-loop-verification.test.ts	name	ABSENT	KEYWORD-FALSE-POSITIVE	ACCEPTABLE	none
.mpd-dsh/upstream/packages/omo-opencode/src/hooks/ralph-loop/verification-failure-handler.ts	name	ABSENT	KEYWORD-FALSE-POSITIVE	ACCEPTABLE	none
.mpd-dsh/upstream/packages/omo-opencode/src/hooks/team-session-events/team-idle-wake-hint-pending-delivery-verify.test.ts	name	ABSENT	KEYWORD-FALSE-POSITIVE	ACCEPTABLE	none
.mpd-dsh/upstream/packages/senpi-task/src/completion/dag-verification-directive.ts	name	ABSENT	KEYWORD-FALSE-POSITIVE	ACCEPTABLE	none
.mpd-dsh/upstream/packages/shared-skills/skills/lsp-setup/scripts/verify-lsp.ts	name	ABSENT	KEYWORD-FALSE-POSITIVE	ACCEPTABLE	none
.mpd-dsh/upstream/packages/skills-loader-core/src/features/builtin-skills/skills/git-master-sections/commit-execution-verification.ts	name	ABSENT	KEYWORD-FALSE-POSITIVE	ACCEPTABLE	none
.mpd-dsh/upstream/script/publish-post-verify-workflow.test.ts	name	ABSENT	KEYWORD-FALSE-POSITIVE	ACCEPTABLE	none
.mpd-dsh/upstream/script/verify-npm-payload.mjs	name	ABSENT	KEYWORD-FALSE-POSITIVE	ACCEPTABLE	none
.mpd-dsh/upstream/script/verify-omo-ai-payload.mjs	name	ABSENT	KEYWORD-FALSE-POSITIVE	ACCEPTABLE	none
.mpd-dsh/upstream/script/verify-omo-ai-payload.test.ts	name	ABSENT	KEYWORD-FALSE-POSITIVE	ACCEPTABLE	none
.mpd/memory/agents/agent-my-power-dsh/repo/memory/ecap-type-2-rtl-ip-mti2xw1f.md	name	ABSENT	UNTRACKED-BUILD-ARTIFACT	ACCEPTABLE	low
.mpd/memory/agents/agent-my-power-dsh/repo/memory/ecap-type3-rtl-ip-mtifrsw8.md	name	ABSENT	UNTRACKED-BUILD-ARTIFACT	ACCEPTABLE	low
.mpd/memory/agents/agent-my-power-dsh/repo/memory/rtl-mtzhwu21.md	name	ABSENT	UNTRACKED-BUILD-ARTIFACT	ACCEPTABLE	low
.mpd/memory/agents/agent-my-power-dsh/repo/memory/self-iteration-verification-mtfuew09.md	name	ABSENT	KEYWORD-FALSE-POSITIVE	ACCEPTABLE	none
.mpd/team/archive/rtl-dev/inbox/captain.jsonl	name	IGNORED	UNTRACKED-BUILD-ARTIFACT	ACCEPTABLE	low
.mpd/team/archive/rtl-dev/inbox/deep-worker.jsonl	name	IGNORED	UNTRACKED-BUILD-ARTIFACT	ACCEPTABLE	low
.mpd/team/archive/rtl-dev/inbox/junior-engineer.jsonl	name	IGNORED	UNTRACKED-BUILD-ARTIFACT	ACCEPTABLE	low
.mpd/team/archive/rtl-dev/inbox/lead.jsonl	name	IGNORED	UNTRACKED-BUILD-ARTIFACT	ACCEPTABLE	low
.mpd/team/archive/rtl-dev/inbox/plan-reviewer.jsonl	name	IGNORED	UNTRACKED-BUILD-ARTIFACT	ACCEPTABLE	low
.mpd/team/archive/rtl-dev/inbox/researcher.jsonl	name	IGNORED	UNTRACKED-BUILD-ARTIFACT	ACCEPTABLE	low
.mpd/team/archive/rtl-dev/inbox/reviewer.jsonl	name	IGNORED	UNTRACKED-BUILD-ARTIFACT	ACCEPTABLE	low
.mpd/team/archive/rtl-dev/inbox/senior-engineer.jsonl	name	IGNORED	UNTRACKED-BUILD-ARTIFACT	ACCEPTABLE	low
.mpd/team/archive/rtl-dev/team.json	name	IGNORED	UNTRACKED-BUILD-ARTIFACT	ACCEPTABLE	low
.mpd/team/archive/rtl-gap-assessment/inbox/captain.jsonl	name	IGNORED	UNTRACKED-BUILD-ARTIFACT	ACCEPTABLE	low
.mpd/team/archive/rtl-gap-assessment/team.json	name	IGNORED	UNTRACKED-BUILD-ARTIFACT	ACCEPTABLE	low
.mpd/tmp-baseline-bl-3d99718/.qa-reloc/bundle-lifecycle-2026-09-13T07-38-00.350Z/userhome/.cache/pnpm/lockfile-verified.jsonl	name	ABSENT	KEYWORD-FALSE-POSITIVE	ACCEPTABLE	none
.mpd/tmp-baseline-bl-3d99718/docs/rtl-gap-assessment.md	name	ABSENT	UNTRACKED-BUILD-ARTIFACT	ACCEPTABLE	low
.mpd/tmp-baseline-bl-3d99718/docs/rtl-gap-assessment.zh-CN.md	name	ABSENT	UNTRACKED-BUILD-ARTIFACT	ACCEPTABLE	low
.mpd/tmp-baseline-bl-3d99718/docs/rtl-ip-flow-guide.md	name	ABSENT	UNTRACKED-BUILD-ARTIFACT	ACCEPTABLE	low
.mpd/tmp-baseline-bl-3d99718/docs/rtl-ip-flow-guide.zh-CN.md	name	ABSENT	UNTRACKED-BUILD-ARTIFACT	ACCEPTABLE	low
.mpd/tmp-baseline-bl-3d99718/docs/rtl-verif-guide.md	name	ABSENT	UNTRACKED-BUILD-ARTIFACT	ACCEPTABLE	low
.mpd/tmp-baseline-bl-3d99718/docs/rtl-verif-guide.zh-CN.md	name	ABSENT	UNTRACKED-BUILD-ARTIFACT	ACCEPTABLE	low
.mpd/tmp-baseline-bl-3d99718/evidence/agent-teams/provenance-version-align/20260911T032030Z/verify.log	name	ABSENT	KEYWORD-FALSE-POSITIVE	ACCEPTABLE	none
.mpd/tmp-baseline-bl-3d99718/evidence/agent-teams/sidebar-migration/2026-09-10T02-38-08.459Z/verify-vendor-pristine-worktree.log	name	ABSENT	KEYWORD-FALSE-POSITIVE	ACCEPTABLE	none
.mpd/tmp-baseline-bl-3d99718/evidence/agent-teams/sidebar-migration/final-2026-09-10T03-04-41Z/verify-vendor.log	name	ABSENT	KEYWORD-FALSE-POSITIVE	ACCEPTABLE	none
.mpd/tmp-baseline-bl-3d99718/evidence/agent-teams/sidebar-migration/final-2026-09-10T06-21-45Z/verify-vendor.log	name	ABSENT	KEYWORD-FALSE-POSITIVE	ACCEPTABLE	none
.mpd/tmp-baseline-bl-3d99718/evidence/dsh-qa/rtl-verif/2026-08-30T18-08-24.459Z/output.log	name	ABSENT	UNTRACKED-BUILD-ARTIFACT	ACCEPTABLE	low
.mpd/tmp-baseline-bl-3d99718/evidence/dsh-qa/rtl-verif/2026-08-30T18-08-24.459Z/result.json	name	ABSENT	UNTRACKED-BUILD-ARTIFACT	ACCEPTABLE	low
.mpd/tmp-baseline-bl-3d99718/evidence/dsh-qa/rtl-verif/2026-08-30T18-09-23.778Z/output.log	name	ABSENT	UNTRACKED-BUILD-ARTIFACT	ACCEPTABLE	low
.mpd/tmp-baseline-bl-3d99718/evidence/dsh-qa/rtl-verif/2026-08-30T18-09-23.778Z/result.json	name	ABSENT	UNTRACKED-BUILD-ARTIFACT	ACCEPTABLE	low
.mpd/tmp-baseline-bl-3d99718/evidence/dsh-qa/rtl-verif/2026-08-30T18-12-33.955Z/output.log	name	ABSENT	UNTRACKED-BUILD-ARTIFACT	ACCEPTABLE	low
.mpd/tmp-baseline-bl-3d99718/evidence/dsh-qa/rtl-verif/2026-08-30T18-12-33.955Z/result.json	name	ABSENT	UNTRACKED-BUILD-ARTIFACT	ACCEPTABLE	low
.mpd/tmp-baseline-bl-3d99718/evidence/dsh-qa/rtl-verif/2026-08-30T18-17-13.235Z/output.log	name	ABSENT	UNTRACKED-BUILD-ARTIFACT	ACCEPTABLE	low
.mpd/tmp-baseline-bl-3d99718/evidence/dsh-qa/rtl-verif/2026-08-30T18-17-13.235Z/result.json	name	ABSENT	UNTRACKED-BUILD-ARTIFACT	ACCEPTABLE	low
.mpd/tmp-baseline-bl-3d99718/evidence/dsh-qa/rtl-verif/2026-08-30T18-51-41.321Z/output.log	name	ABSENT	UNTRACKED-BUILD-ARTIFACT	ACCEPTABLE	low
.mpd/tmp-baseline-bl-3d99718/evidence/dsh-qa/rtl-verif/2026-08-30T18-51-41.321Z/result.json	name	ABSENT	UNTRACKED-BUILD-ARTIFACT	ACCEPTABLE	low
.mpd/tmp-baseline-bl-3d99718/evidence/dsh-qa/rtl-verif/2026-08-31T03-14-14.810Z/output.log	name	ABSENT	UNTRACKED-BUILD-ARTIFACT	ACCEPTABLE	low
.mpd/tmp-baseline-bl-3d99718/evidence/dsh-qa/rtl-verif/2026-08-31T03-14-14.810Z/result.json	name	ABSENT	UNTRACKED-BUILD-ARTIFACT	ACCEPTABLE	low
.mpd/tmp-baseline-bl-3d99718/evidence/dsh-qa/rtl-verif/2026-08-31T03-27-46.157Z/output.log	name	ABSENT	UNTRACKED-BUILD-ARTIFACT	ACCEPTABLE	low
.mpd/tmp-baseline-bl-3d99718/evidence/dsh-qa/rtl-verif/2026-08-31T03-27-46.157Z/result.json	name	ABSENT	UNTRACKED-BUILD-ARTIFACT	ACCEPTABLE	low
.mpd/tmp-baseline-bl-3d99718/evidence/dsh-qa/rtl-verif/2026-09-11T08-22-44.955Z/output.log	name	ABSENT	UNTRACKED-BUILD-ARTIFACT	ACCEPTABLE	low
.mpd/tmp-baseline-bl-3d99718/evidence/dsh-qa/rtl-verif/2026-09-11T08-22-44.955Z/result.json	name	ABSENT	UNTRACKED-BUILD-ARTIFACT	ACCEPTABLE	low
.mpd/tmp-baseline-bl-3d99718/evidence/dsh-qa/rtl-verif/2026-09-11T09-17-11.519Z/output.log	name	ABSENT	UNTRACKED-BUILD-ARTIFACT	ACCEPTABLE	low
.mpd/tmp-baseline-bl-3d99718/evidence/dsh-qa/rtl-verif/2026-09-11T09-17-11.519Z/result.json	name	ABSENT	UNTRACKED-BUILD-ARTIFACT	ACCEPTABLE	low
.mpd/tmp-baseline-bl-3d99718/evidence/fix/cluster4-ops/2026-08-29T16-47-39/verify-vendor-final.log	name	ABSENT	KEYWORD-FALSE-POSITIVE	ACCEPTABLE	none
.mpd/tmp-baseline-bl-3d99718/evidence/fix/cluster4-ops/2026-08-29T16-47-39/verify-vendor.log	name	ABSENT	KEYWORD-FALSE-POSITIVE	ACCEPTABLE	none
.mpd/tmp-baseline-bl-3d99718/evidence/fix/verif-tool-lossless/20260911T030646Z/fixed-dist/index.js	name	ABSENT	KEYWORD-FALSE-POSITIVE	ACCEPTABLE	none
.mpd/tmp-baseline-bl-3d99718/evidence/fix/verif-tool-lossless/20260911T030646Z/fixed-src/backends.ts	name	ABSENT	KEYWORD-FALSE-POSITIVE	ACCEPTABLE	none
.mpd/tmp-baseline-bl-3d99718/evidence/fix/verif-tool-lossless/20260911T030646Z/fixed-src/compile.ts	name	ABSENT	KEYWORD-FALSE-POSITIVE	ACCEPTABLE	none
.mpd/tmp-baseline-bl-3d99718/evidence/fix/verif-tool-lossless/20260911T030646Z/install-profile.log	name	ABSENT	KEYWORD-FALSE-POSITIVE	ACCEPTABLE	none
.mpd/tmp-baseline-bl-3d99718/evidence/fix/verif-tool-lossless/20260911T030646Z/mounted-backends.log	name	ABSENT	KEYWORD-FALSE-POSITIVE	ACCEPTABLE	none
.mpd/tmp-baseline-bl-3d99718/evidence/fix/verif-tool-lossless/20260911T030646Z/mounted-calls.sh	name	ABSENT	KEYWORD-FALSE-POSITIVE	ACCEPTABLE	none
.mpd/tmp-baseline-bl-3d99718/evidence/fix/verif-tool-lossless/20260911T030646Z/mounted-lint-compile.log	name	ABSENT	KEYWORD-FALSE-POSITIVE	ACCEPTABLE	none
.mpd/tmp-baseline-bl-3d99718/evidence/fix/verif-tool-lossless/20260911T030646Z/mounted-run.log	name	ABSENT	KEYWORD-FALSE-POSITIVE	ACCEPTABLE	none
.mpd/tmp-baseline-bl-3d99718/evidence/fix/verif-tool-lossless/20260911T030646Z/mpd-verif-overlay.yml	name	ABSENT	UNTRACKED-BUILD-ARTIFACT	ACCEPTABLE	low
.mpd/tmp-baseline-bl-3d99718/evidence/fix/verif-tool-lossless/20260911T030646Z/negative-control-mounted.sh	name	ABSENT	KEYWORD-FALSE-POSITIVE	ACCEPTABLE	none
.mpd/tmp-baseline-bl-3d99718/evidence/fix/verif-tool-lossless/20260911T030646Z/negative-control.install.log	name	ABSENT	KEYWORD-FALSE-POSITIVE	ACCEPTABLE	none
.mpd/tmp-baseline-bl-3d99718/evidence/fix/verif-tool-lossless/20260911T030646Z/negative-control.log	name	ABSENT	KEYWORD-FALSE-POSITIVE	ACCEPTABLE	none
.mpd/tmp-baseline-bl-3d99718/evidence/fix/verif-tool-lossless/20260911T030646Z/negative-control.mounted-run.log	name	ABSENT	KEYWORD-FALSE-POSITIVE	ACCEPTABLE	none
.mpd/tmp-baseline-bl-3d99718/evidence/fix/verif-tool-lossless/20260911T030646Z/negative-control.mounted.log	name	ABSENT	KEYWORD-FALSE-POSITIVE	ACCEPTABLE	none
.mpd/tmp-baseline-bl-3d99718/evidence/fix/verif-tool-lossless/20260911T030646Z/negative-control.prefix.log	name	ABSENT	KEYWORD-FALSE-POSITIVE	ACCEPTABLE	none
.mpd/tmp-baseline-bl-3d99718/evidence/fix/verif-tool-lossless/20260911T030646Z/postfix-full-suite.log	name	ABSENT	KEYWORD-FALSE-POSITIVE	ACCEPTABLE	none
.mpd/tmp-baseline-bl-3d99718/evidence/fix/verif-tool-lossless/20260911T030646Z/postfix-lossless.log	name	ABSENT	KEYWORD-FALSE-POSITIVE	ACCEPTABLE	none
.mpd/tmp-baseline-bl-3d99718/evidence/fix/verif-tool-lossless/20260911T030646Z/result-check.log	name	ABSENT	KEYWORD-FALSE-POSITIVE	ACCEPTABLE	none
.mpd/tmp-baseline-bl-3d99718/evidence/fix/verif-tool-lossless/20260911T030646Z/result.json	name	ABSENT	KEYWORD-FALSE-POSITIVE	ACCEPTABLE	none
.mpd/tmp-baseline-bl-3d99718/evidence/fix/verif-tool-lossless/20260911T030646Z/write-result.mjs	name	ABSENT	KEYWORD-FALSE-POSITIVE	ACCEPTABLE	none
.mpd/tmp-baseline-bl-3d99718/evidence/p0/verify-vendor.log	name	ABSENT	KEYWORD-FALSE-POSITIVE	ACCEPTABLE	none
.mpd/tmp-baseline-bl-3d99718/evidence/p1/verify-web-compose.log	name	ABSENT	KEYWORD-FALSE-POSITIVE	ACCEPTABLE	none
.mpd/tmp-baseline-bl-3d99718/evidence/p2/verify-vendor.log	name	ABSENT	KEYWORD-FALSE-POSITIVE	ACCEPTABLE	none
.mpd/tmp-baseline-bl-3d99718/evidence/p3/verify-vendor.log	name	ABSENT	KEYWORD-FALSE-POSITIVE	ACCEPTABLE	none
.mpd/tmp-baseline-bl-3d99718/evidence/p5/gate-verify.log	name	ABSENT	KEYWORD-FALSE-POSITIVE	ACCEPTABLE	none
.mpd/tmp-baseline-bl-3d99718/evidence/rtl-verif/t12-cnt8-pre/sim/cnt8-20260831-022201-840/Makefile	name	ABSENT	UNTRACKED-BUILD-ARTIFACT	ACCEPTABLE	low
.mpd/tmp-baseline-bl-3d99718/evidence/rtl-verif/t12-cnt8-pre/sim/cnt8-20260831-022201-840/results.xml	name	ABSENT	UNTRACKED-BUILD-ARTIFACT	ACCEPTABLE	low
.mpd/tmp-baseline-bl-3d99718/evidence/rtl-verif/t12-cnt8-pre/sim/cnt8-20260831-022201-840/sim.log	name	ABSENT	UNTRACKED-BUILD-ARTIFACT	ACCEPTABLE	low
.mpd/tmp-baseline-bl-3d99718/evidence/rtl-verif/t12-repair/20260830T183607Z/adder4-iverilog.log	name	ABSENT	UNTRACKED-BUILD-ARTIFACT	ACCEPTABLE	low
.mpd/tmp-baseline-bl-3d99718/evidence/rtl-verif/t12-repair/20260830T183607Z/adder4-tb.v	name	ABSENT	UNTRACKED-BUILD-ARTIFACT	ACCEPTABLE	low
.mpd/tmp-baseline-bl-3d99718/evidence/rtl-verif/t12-repair/20260830T183607Z/adder4-verilator-coverage.log	name	ABSENT	UNTRACKED-BUILD-ARTIFACT	ACCEPTABLE	low
.mpd/tmp-baseline-bl-3d99718/evidence/rtl-verif/t12-repair/20260830T183607Z/compose-iverilog.log	name	ABSENT	UNTRACKED-BUILD-ARTIFACT	ACCEPTABLE	low
.mpd/tmp-baseline-bl-3d99718/evidence/rtl-verif/t12-repair/20260830T183607Z/compose-iverilog.log.head	name	ABSENT	UNTRACKED-BUILD-ARTIFACT	ACCEPTABLE	low
.mpd/tmp-baseline-bl-3d99718/evidence/rtl-verif/t12-repair/20260830T183607Z/compose_example.v	name	ABSENT	UNTRACKED-BUILD-ARTIFACT	ACCEPTABLE	low
.mpd/tmp-baseline-bl-3d99718/evidence/rtl-verif/t12-repair/20260830T183607Z/result.json	name	ABSENT	UNTRACKED-BUILD-ARTIFACT	ACCEPTABLE	low
.mpd/tmp-baseline-bl-3d99718/evidence/rtl-verif/t12-repair/sim/cnt8-20260831-023349-142/Makefile	name	ABSENT	UNTRACKED-BUILD-ARTIFACT	ACCEPTABLE	low
.mpd/tmp-baseline-bl-3d99718/evidence/rtl-verif/t12-repair/sim/cnt8-20260831-023349-142/results.xml	name	ABSENT	UNTRACKED-BUILD-ARTIFACT	ACCEPTABLE	low
.mpd/tmp-baseline-bl-3d99718/evidence/rtl-verif/t12-repair/sim/cnt8-20260831-023349-142/sim.log	name	ABSENT	UNTRACKED-BUILD-ARTIFACT	ACCEPTABLE	low
.mpd/tmp-baseline-bl-3d99718/evidence/rtl-verif/t9-integration/2026-08-30T18-56-01Z/.ts	name	ABSENT	UNTRACKED-BUILD-ARTIFACT	ACCEPTABLE	low
.mpd/tmp-baseline-bl-3d99718/evidence/rtl-verif/t9-integration/2026-08-30T18-56-01Z/boot-rows.txt	name	ABSENT	UNTRACKED-BUILD-ARTIFACT	ACCEPTABLE	low
.mpd/tmp-baseline-bl-3d99718/evidence/rtl-verif/t9-integration/2026-08-30T18-56-01Z/result.json	name	ABSENT	UNTRACKED-BUILD-ARTIFACT	ACCEPTABLE	low
.mpd/tmp-baseline-bl-3d99718/evidence/rtl-verif/t9-integration/2026-08-30T18-56-01Z/vendor-gate.log	name	ABSENT	UNTRACKED-BUILD-ARTIFACT	ACCEPTABLE	low
.mpd/tmp-baseline-bl-3d99718/evidence/session-workspace-root/t8-verify/2026-09-11T03-39-20Z-proof/boot.log	name	ABSENT	KEYWORD-FALSE-POSITIVE	ACCEPTABLE	none
.mpd/tmp-baseline-bl-3d99718/evidence/session-workspace-root/t8-verify/2026-09-11T03-39-20Z-proof/result.json	name	ABSENT	KEYWORD-FALSE-POSITIVE	ACCEPTABLE	none
.mpd/tmp-baseline-bl-3d99718/evidence/session-workspace-root/t8-verify/2026-09-11T03-44-48Z-proof/boot.log	name	ABSENT	KEYWORD-FALSE-POSITIVE	ACCEPTABLE	none
.mpd/tmp-baseline-bl-3d99718/evidence/session-workspace-root/t8-verify/2026-09-11T03-44-48Z-proof/result.json	name	ABSENT	KEYWORD-FALSE-POSITIVE	ACCEPTABLE	none
.mpd/tmp-baseline-bl-3d99718/evidence/session-workspace-root/t8-verify/2026-09-11T03-44-48Z-proof/session-blocked.jsonl	name	ABSENT	KEYWORD-FALSE-POSITIVE	ACCEPTABLE	none
.mpd/tmp-baseline-bl-3d99718/evidence/session-workspace-root/t8-verify/2026-09-11T03-44-48Z-proof/session-clean.jsonl	name	ABSENT	KEYWORD-FALSE-POSITIVE	ACCEPTABLE	none
.mpd/tmp-baseline-bl-3d99718/evidence/session-workspace-root/t8-verify/2026-09-11T03-44-48Z-proof/session-repo.jsonl	name	ABSENT	KEYWORD-FALSE-POSITIVE	ACCEPTABLE	none
.mpd/tmp-baseline-bl-3d99718/evidence/session-workspace-root/t8-verify/2026-09-11T03-51-20Z-proof/boot.log	name	ABSENT	KEYWORD-FALSE-POSITIVE	ACCEPTABLE	none
.mpd/tmp-baseline-bl-3d99718/evidence/session-workspace-root/t8-verify/2026-09-11T03-51-20Z-proof/result.json	name	ABSENT	KEYWORD-FALSE-POSITIVE	ACCEPTABLE	none
.mpd/tmp-baseline-bl-3d99718/evidence/session-workspace-root/t8-verify/2026-09-11T03-51-20Z-proof/session-blocked.jsonl	name	ABSENT	KEYWORD-FALSE-POSITIVE	ACCEPTABLE	none
.mpd/tmp-baseline-bl-3d99718/evidence/session-workspace-root/t8-verify/2026-09-11T03-51-20Z-proof/session-clean.jsonl	name	ABSENT	KEYWORD-FALSE-POSITIVE	ACCEPTABLE	none
.mpd/tmp-baseline-bl-3d99718/evidence/session-workspace-root/t8-verify/2026-09-11T03-51-20Z-proof/session-repo.jsonl	name	ABSENT	KEYWORD-FALSE-POSITIVE	ACCEPTABLE	none
.mpd/tmp-baseline-bl-3d99718/evidence/session-workspace-root/t8-verify/2026-09-11T03-53-11Z-toolcall/boot.log	name	ABSENT	KEYWORD-FALSE-POSITIVE	ACCEPTABLE	none
.mpd/tmp-baseline-bl-3d99718/evidence/session-workspace-root/t8-verify/2026-09-11T03-53-11Z-toolcall/result.json	name	ABSENT	KEYWORD-FALSE-POSITIVE	ACCEPTABLE	none
.mpd/tmp-baseline-bl-3d99718/evidence/session-workspace-root/t8-verify/2026-09-11T04-27-19Z-toolcall/boot.log	name	ABSENT	KEYWORD-FALSE-POSITIVE	ACCEPTABLE	none
.mpd/tmp-baseline-bl-3d99718/evidence/session-workspace-root/t8-verify/2026-09-11T04-27-19Z-toolcall/result.json	name	ABSENT	KEYWORD-FALSE-POSITIVE	ACCEPTABLE	none
.mpd/tmp-baseline-bl-3d99718/evidence/session-workspace-root/t8-verify/RESULT.json	name	ABSENT	KEYWORD-FALSE-POSITIVE	ACCEPTABLE	none
.mpd/tmp-baseline-bl-3d99718/evidence/session-workspace-root/t8-verify/RESULT.md	name	ABSENT	KEYWORD-FALSE-POSITIVE	ACCEPTABLE	none
.mpd/tmp-baseline-bl-3d99718/evidence/session-workspace-root/t8-verify/attempt-2/RESULT.json	name	ABSENT	KEYWORD-FALSE-POSITIVE	ACCEPTABLE	none
.mpd/tmp-baseline-bl-3d99718/evidence/session-workspace-root/t8-verify/attempt-2/RESULT.md	name	ABSENT	KEYWORD-FALSE-POSITIVE	ACCEPTABLE	none
.mpd/tmp-baseline-bl-3d99718/evidence/session-workspace-root/t8-verify/attempt-2/dist-consistency-attempt2.txt	name	ABSENT	KEYWORD-FALSE-POSITIVE	ACCEPTABLE	none
.mpd/tmp-baseline-bl-3d99718/evidence/session-workspace-root/t8-verify/attempt-2/gates/bun-test-packages.log	name	ABSENT	KEYWORD-FALSE-POSITIVE	ACCEPTABLE	none
.mpd/tmp-baseline-bl-3d99718/evidence/session-workspace-root/t8-verify/attempt-2/gates/bundle-lifecycle.log	name	ABSENT	KEYWORD-FALSE-POSITIVE	ACCEPTABLE	none
.mpd/tmp-baseline-bl-3d99718/evidence/session-workspace-root/t8-verify/attempt-2/gates/preset-conformance-selftest.log	name	ABSENT	KEYWORD-FALSE-POSITIVE	ACCEPTABLE	none
.mpd/tmp-baseline-bl-3d99718/evidence/session-workspace-root/t8-verify/attempt-2/gates/preset-conformance.log	name	ABSENT	KEYWORD-FALSE-POSITIVE	ACCEPTABLE	none
.mpd/tmp-baseline-bl-3d99718/evidence/session-workspace-root/t8-verify/attempt-2/gates/summary.txt	name	ABSENT	KEYWORD-FALSE-POSITIVE	ACCEPTABLE	none
.mpd/tmp-baseline-bl-3d99718/evidence/session-workspace-root/t8-verify/attempt-2/gates/test-qa.log	name	ABSENT	KEYWORD-FALSE-POSITIVE	ACCEPTABLE	none
.mpd/tmp-baseline-bl-3d99718/evidence/session-workspace-root/t8-verify/attempt-2/gates/typecheck.log	name	ABSENT	KEYWORD-FALSE-POSITIVE	ACCEPTABLE	none
.mpd/tmp-baseline-bl-3d99718/evidence/session-workspace-root/t8-verify/attempt-2/grep-root-resolution-attempt2.txt	name	ABSENT	KEYWORD-FALSE-POSITIVE	ACCEPTABLE	none
.mpd/tmp-baseline-bl-3d99718/evidence/session-workspace-root/t8-verify/attempt-2/repair-t13/2026-09-11T04-14-35Z-proof/boot.log	name	ABSENT	KEYWORD-FALSE-POSITIVE	ACCEPTABLE	none
.mpd/tmp-baseline-bl-3d99718/evidence/session-workspace-root/t8-verify/attempt-2/repair-t13/2026-09-11T04-14-35Z-proof/result.json	name	ABSENT	KEYWORD-FALSE-POSITIVE	ACCEPTABLE	none
.mpd/tmp-baseline-bl-3d99718/evidence/session-workspace-root/t8-verify/attempt-2/repair-t13/ADDENDUM.md	name	ABSENT	KEYWORD-FALSE-POSITIVE	ACCEPTABLE	none
.mpd/tmp-baseline-bl-3d99718/evidence/session-workspace-root/t8-verify/attempt-2/repair-t13/RESULT.json	name	ABSENT	KEYWORD-FALSE-POSITIVE	ACCEPTABLE	none
.mpd/tmp-baseline-bl-3d99718/evidence/session-workspace-root/t8-verify/attempt-2/repair-t13/dist-sweep-t13.txt	name	ABSENT	KEYWORD-FALSE-POSITIVE	ACCEPTABLE	none
.mpd/tmp-baseline-bl-3d99718/evidence/session-workspace-root/t8-verify/attempt-2/repair-t13/gates/bun-test-packages.log	name	ABSENT	KEYWORD-FALSE-POSITIVE	ACCEPTABLE	none
.mpd/tmp-baseline-bl-3d99718/evidence/session-workspace-root/t8-verify/attempt-2/repair-t13/gates/bundle-lifecycle.log	name	ABSENT	KEYWORD-FALSE-POSITIVE	ACCEPTABLE	none
.mpd/tmp-baseline-bl-3d99718/evidence/session-workspace-root/t8-verify/attempt-2/repair-t13/gates/preset-conformance.log	name	ABSENT	KEYWORD-FALSE-POSITIVE	ACCEPTABLE	none
.mpd/tmp-baseline-bl-3d99718/evidence/session-workspace-root/t8-verify/attempt-2/repair-t13/gates/test-qa.log	name	ABSENT	KEYWORD-FALSE-POSITIVE	ACCEPTABLE	none
.mpd/tmp-baseline-bl-3d99718/evidence/session-workspace-root/t8-verify/attempt-2/repair-t13/gates/typecheck.log	name	ABSENT	KEYWORD-FALSE-POSITIVE	ACCEPTABLE	none
.mpd/tmp-baseline-bl-3d99718/evidence/session-workspace-root/t8-verify/attempt-2/repair-t13/mount-probe.mjs	name	ABSENT	KEYWORD-FALSE-POSITIVE	ACCEPTABLE	none
.mpd/tmp-baseline-bl-3d99718/evidence/session-workspace-root/t8-verify/attempt-2/repair-t13/pack-refresh.txt	name	ABSENT	KEYWORD-FALSE-POSITIVE	ACCEPTABLE	none
.mpd/tmp-baseline-bl-3d99718/evidence/session-workspace-root/t8-verify/attempt-2/repair-t13/repro-venv-gate-t13-PREFIX-control.log	name	ABSENT	KEYWORD-FALSE-POSITIVE	ACCEPTABLE	none
.mpd/tmp-baseline-bl-3d99718/evidence/session-workspace-root/t8-verify/attempt-2/repair-t13/repro-venv-gate-t13.log	name	ABSENT	KEYWORD-FALSE-POSITIVE	ACCEPTABLE	none
.mpd/tmp-baseline-bl-3d99718/evidence/session-workspace-root/t8-verify/attempt-2/repair-t13/repro-venv-gate-t13.ts	name	ABSENT	KEYWORD-FALSE-POSITIVE	ACCEPTABLE	none
.mpd/tmp-baseline-bl-3d99718/evidence/session-workspace-root/t8-verify/attempt-2/repair-t13/run-repair-proof.mjs	name	ABSENT	KEYWORD-FALSE-POSITIVE	ACCEPTABLE	none
.mpd/tmp-baseline-bl-3d99718/evidence/session-workspace-root/t8-verify/attempt-2/toolcall-proof/boot.log	name	ABSENT	KEYWORD-FALSE-POSITIVE	ACCEPTABLE	none
.mpd/tmp-baseline-bl-3d99718/evidence/session-workspace-root/t8-verify/attempt-2/toolcall-proof/result.json	name	ABSENT	KEYWORD-FALSE-POSITIVE	ACCEPTABLE	none
.mpd/tmp-baseline-bl-3d99718/evidence/session-workspace-root/t8-verify/diagnose-prompt.mjs	name	ABSENT	KEYWORD-FALSE-POSITIVE	ACCEPTABLE	none
.mpd/tmp-baseline-bl-3d99718/evidence/session-workspace-root/t8-verify/dist-consistency.txt	name	ABSENT	KEYWORD-FALSE-POSITIVE	ACCEPTABLE	none
.mpd/tmp-baseline-bl-3d99718/evidence/session-workspace-root/t8-verify/gates/bun-test-packages.log	name	ABSENT	KEYWORD-FALSE-POSITIVE	ACCEPTABLE	none
.mpd/tmp-baseline-bl-3d99718/evidence/session-workspace-root/t8-verify/gates/bundle-lifecycle.log	name	ABSENT	KEYWORD-FALSE-POSITIVE	ACCEPTABLE	none
.mpd/tmp-baseline-bl-3d99718/evidence/session-workspace-root/t8-verify/gates/preset-conformance-selftest.log	name	ABSENT	KEYWORD-FALSE-POSITIVE	ACCEPTABLE	none
.mpd/tmp-baseline-bl-3d99718/evidence/session-workspace-root/t8-verify/gates/preset-conformance.log	name	ABSENT	KEYWORD-FALSE-POSITIVE	ACCEPTABLE	none
.mpd/tmp-baseline-bl-3d99718/evidence/session-workspace-root/t8-verify/gates/summary.txt	name	ABSENT	KEYWORD-FALSE-POSITIVE	ACCEPTABLE	none
.mpd/tmp-baseline-bl-3d99718/evidence/session-workspace-root/t8-verify/gates/test-qa.log	name	ABSENT	KEYWORD-FALSE-POSITIVE	ACCEPTABLE	none
.mpd/tmp-baseline-bl-3d99718/evidence/session-workspace-root/t8-verify/gates/typecheck.log	name	ABSENT	KEYWORD-FALSE-POSITIVE	ACCEPTABLE	none
.mpd/tmp-baseline-bl-3d99718/evidence/session-workspace-root/t8-verify/grep-root-resolution.txt	name	ABSENT	KEYWORD-FALSE-POSITIVE	ACCEPTABLE	none
.mpd/tmp-baseline-bl-3d99718/evidence/session-workspace-root/t8-verify/live-deployment-evidence.md	name	ABSENT	KEYWORD-FALSE-POSITIVE	ACCEPTABLE	none
.mpd/tmp-baseline-bl-3d99718/evidence/session-workspace-root/t8-verify/live-session-proof.mjs	name	ABSENT	KEYWORD-FALSE-POSITIVE	ACCEPTABLE	none
.mpd/tmp-baseline-bl-3d99718/evidence/session-workspace-root/t8-verify/run-toolcall-proof.mjs	name	ABSENT	KEYWORD-FALSE-POSITIVE	ACCEPTABLE	none
.mpd/tmp-baseline-bl-3d99718/evidence/session-workspace-root/t8-verify/subagent-context-proof.mjs	name	ABSENT	KEYWORD-FALSE-POSITIVE	ACCEPTABLE	none
.mpd/tmp-baseline-bl-3d99718/evidence/session-workspace-root/t8-verify/t8-ws-probe.mjs	name	ABSENT	KEYWORD-FALSE-POSITIVE	ACCEPTABLE	none
.mpd/tmp-baseline-bl-3d99718/evidence/verification/t10-review/ADDENDUM-t12-scope-raw.txt	name	ABSENT	KEYWORD-FALSE-POSITIVE	ACCEPTABLE	none
.mpd/tmp-baseline-bl-3d99718/evidence/verification/t10-review/ADDENDUM-t12-scope.md	name	ABSENT	KEYWORD-FALSE-POSITIVE	ACCEPTABLE	none
.mpd/tmp-baseline-bl-3d99718/evidence/verification/t10-review/RESULT.md	name	ABSENT	KEYWORD-FALSE-POSITIVE	ACCEPTABLE	none
.mpd/tmp-baseline-bl-3d99718/evidence/verification/t10-review/dist-consistency-full.txt	name	ABSENT	KEYWORD-FALSE-POSITIVE	ACCEPTABLE	none
.mpd/tmp-baseline-bl-3d99718/evidence/verification/t10-review/dist-consistency-review.txt	name	ABSENT	KEYWORD-FALSE-POSITIVE	ACCEPTABLE	none
.mpd/tmp-baseline-bl-3d99718/evidence/verification/t10-review/gates-current-tree.log	name	ABSENT	KEYWORD-FALSE-POSITIVE	ACCEPTABLE	none
.mpd/tmp-baseline-bl-3d99718/evidence/verification/t10-review/preset-conformance-review.log	name	ABSENT	KEYWORD-FALSE-POSITIVE	ACCEPTABLE	none
.mpd/tmp-baseline-bl-3d99718/evidence/verification/t10-review/repro-venv-gate.log	name	ABSENT	KEYWORD-FALSE-POSITIVE	ACCEPTABLE	none
.mpd/tmp-baseline-bl-3d99718/evidence/verification/t10-review/repro-venv-gate.ts	name	ABSENT	KEYWORD-FALSE-POSITIVE	ACCEPTABLE	none
.mpd/tmp-baseline-bl-3d99718/evidence/verification/t10-review/vendor-lock-derivation.txt	name	ABSENT	KEYWORD-FALSE-POSITIVE	ACCEPTABLE	none
.mpd/tmp-baseline-bl-3d99718/evidence/verification/t11-integration/RESULT.json	name	ABSENT	KEYWORD-FALSE-POSITIVE	ACCEPTABLE	none
.mpd/tmp-baseline-bl-3d99718/evidence/verification/t11-integration/RESULT.md	name	ABSENT	KEYWORD-FALSE-POSITIVE	ACCEPTABLE	none
.mpd/tmp-baseline-bl-3d99718/evidence/verification/t11-integration/b7-team-audit.json	name	ABSENT	KEYWORD-FALSE-POSITIVE	ACCEPTABLE	none
.mpd/tmp-baseline-bl-3d99718/evidence/verification/t11-integration/b7-team-inventory.md	name	ABSENT	KEYWORD-FALSE-POSITIVE	ACCEPTABLE	none
.mpd/tmp-baseline-bl-3d99718/evidence/verification/t11-integration/bun-test-packages.log	name	ABSENT	KEYWORD-FALSE-POSITIVE	ACCEPTABLE	none
.mpd/tmp-baseline-bl-3d99718/evidence/verification/t11-integration/bundle-lifecycle.log	name	ABSENT	KEYWORD-FALSE-POSITIVE	ACCEPTABLE	none
.mpd/tmp-baseline-bl-3d99718/evidence/verification/t11-integration/commit-plan.md	name	ABSENT	KEYWORD-FALSE-POSITIVE	ACCEPTABLE	none
.mpd/tmp-baseline-bl-3d99718/evidence/verification/t11-integration/evidence-consolidation.md	name	ABSENT	KEYWORD-FALSE-POSITIVE	ACCEPTABLE	none
.mpd/tmp-baseline-bl-3d99718/evidence/verification/t11-integration/final-green-snapshot.txt	name	ABSENT	KEYWORD-FALSE-POSITIVE	ACCEPTABLE	none
.mpd/tmp-baseline-bl-3d99718/evidence/verification/t11-integration/gates-summary.txt	name	ABSENT	KEYWORD-FALSE-POSITIVE	ACCEPTABLE	none
.mpd/tmp-baseline-bl-3d99718/evidence/verification/t11-integration/git-status-verbatim.txt	name	ABSENT	KEYWORD-FALSE-POSITIVE	ACCEPTABLE	none
.mpd/tmp-baseline-bl-3d99718/evidence/verification/t11-integration/mount-proof.log	name	ABSENT	KEYWORD-FALSE-POSITIVE	ACCEPTABLE	none
.mpd/tmp-baseline-bl-3d99718/evidence/verification/t11-integration/preset-conformance.log	name	ABSENT	KEYWORD-FALSE-POSITIVE	ACCEPTABLE	none
.mpd/tmp-baseline-bl-3d99718/evidence/verification/t11-integration/test-qa.log	name	ABSENT	KEYWORD-FALSE-POSITIVE	ACCEPTABLE	none
.mpd/tmp-baseline-bl-3d99718/evidence/verification/t11-integration/typecheck.log	name	ABSENT	KEYWORD-FALSE-POSITIVE	ACCEPTABLE	none
.mpd/tmp-baseline-bl-3d99718/evidence/verification/t11-integration/verify-vendor.log	name	ABSENT	KEYWORD-FALSE-POSITIVE	ACCEPTABLE	none
.mpd/tmp-baseline-bl-3d99718/evidence/verification/t14-review/ADDENDUM-captain-brief-items.md	name	ABSENT	KEYWORD-FALSE-POSITIVE	ACCEPTABLE	none
.mpd/tmp-baseline-bl-3d99718/evidence/verification/t14-review/RESULT.md	name	ABSENT	KEYWORD-FALSE-POSITIVE	ACCEPTABLE	none
.mpd/tmp-baseline-bl-3d99718/evidence/verification/t14-review/cumulative-rules-hygiene.txt	name	ABSENT	KEYWORD-FALSE-POSITIVE	ACCEPTABLE	none
.mpd/tmp-baseline-bl-3d99718/evidence/verification/t14-review/f4-f6-f5-f7-checks.txt	name	ABSENT	KEYWORD-FALSE-POSITIVE	ACCEPTABLE	none
.mpd/tmp-baseline-bl-3d99718/evidence/verification/t14-review/final-exec-less-scan.txt	name	ABSENT	KEYWORD-FALSE-POSITIVE	ACCEPTABLE	none
.mpd/tmp-baseline-bl-3d99718/evidence/verification/t14-review/gates-post-t13.log	name	ABSENT	KEYWORD-FALSE-POSITIVE	ACCEPTABLE	none
.mpd/tmp-baseline-bl-3d99718/evidence/verification/t14-review/mount-boot-corrected-parse.txt	name	ABSENT	KEYWORD-FALSE-POSITIVE	ACCEPTABLE	none
.mpd/tmp-baseline-bl-3d99718/evidence/verification/t14-review/mount/install.log	name	ABSENT	KEYWORD-FALSE-POSITIVE	ACCEPTABLE	none
.mpd/tmp-baseline-bl-3d99718/evidence/verification/t14-review/mount/mount-boot.log	name	ABSENT	KEYWORD-FALSE-POSITIVE	ACCEPTABLE	none
.mpd/tmp-baseline-bl-3d99718/evidence/verification/t14-review/mount/mount-proof-t14.log	name	ABSENT	KEYWORD-FALSE-POSITIVE	ACCEPTABLE	none
.mpd/tmp-baseline-bl-3d99718/evidence/verification/t14-review/mount/result.json	name	ABSENT	KEYWORD-FALSE-POSITIVE	ACCEPTABLE	none
.mpd/tmp-baseline-bl-3d99718/evidence/verification/t14-review/mount/run-mount-proof-t14.sh	name	ABSENT	KEYWORD-FALSE-POSITIVE	ACCEPTABLE	none
.mpd/tmp-baseline-bl-3d99718/evidence/verification/t14-review/mount/runner.out	name	ABSENT	KEYWORD-FALSE-POSITIVE	ACCEPTABLE	none
.mpd/tmp-baseline-bl-3d99718/evidence/verification/t14-review/mount/t14-mount-probe.mjs	name	ABSENT	KEYWORD-FALSE-POSITIVE	ACCEPTABLE	none
.mpd/tmp-baseline-bl-3d99718/evidence/verification/t14-review/preset-conformance-t14.log	name	ABSENT	KEYWORD-FALSE-POSITIVE	ACCEPTABLE	none
.mpd/tmp-baseline-bl-3d99718/evidence/verification/t14-review/repro-f1-fixed.log	name	ABSENT	KEYWORD-FALSE-POSITIVE	ACCEPTABLE	none
.mpd/tmp-baseline-bl-3d99718/evidence/verification/t14-review/repro-f1-fixed.ts	name	ABSENT	KEYWORD-FALSE-POSITIVE	ACCEPTABLE	none
.mpd/tmp-baseline-bl-3d99718/evidence/verification/t14-review/repro-f6-agentless.log	name	ABSENT	KEYWORD-FALSE-POSITIVE	ACCEPTABLE	none
.mpd/tmp-baseline-bl-3d99718/evidence/verification/t14-review/repro-f6-agentless.ts	name	ABSENT	KEYWORD-FALSE-POSITIVE	ACCEPTABLE	none
.mpd/tmp-baseline-bl-3d99718/evidence/verification/t14-review/repro-r1.log	name	ABSENT	KEYWORD-FALSE-POSITIVE	ACCEPTABLE	none
.mpd/tmp-baseline-bl-3d99718/evidence/verification/t14-review/repro-r1.ts	name	ABSENT	KEYWORD-FALSE-POSITIVE	ACCEPTABLE	none
.mpd/tmp-baseline-bl-3d99718/evidence/verification/t14-review/residual-checks.txt	name	ABSENT	KEYWORD-FALSE-POSITIVE	ACCEPTABLE	none
.mpd/tmp-baseline-bl-3d99718/evidence/verification/t14-review/tree-fingerprint-at-pass.txt	name	ABSENT	KEYWORD-FALSE-POSITIVE	ACCEPTABLE	none
.mpd/tmp-baseline-bl-3d99718/evidence/verification/t9-b2-b6/20260911T033622Z/.skillmd.sha.before	name	ABSENT	KEYWORD-FALSE-POSITIVE	ACCEPTABLE	none
.mpd/tmp-baseline-bl-3d99718/evidence/verification/t9-b2-b6/20260911T033622Z/RESULT.json	name	ABSENT	KEYWORD-FALSE-POSITIVE	ACCEPTABLE	none
.mpd/tmp-baseline-bl-3d99718/evidence/verification/t9-b2-b6/20260911T033622Z/b2-mutation-fresh.log	name	ABSENT	KEYWORD-FALSE-POSITIVE	ACCEPTABLE	none
.mpd/tmp-baseline-bl-3d99718/evidence/verification/t9-b2-b6/20260911T033622Z/b2-mutation-raw.log	name	ABSENT	KEYWORD-FALSE-POSITIVE	ACCEPTABLE	none
.mpd/tmp-baseline-bl-3d99718/evidence/verification/t9-b2-b6/20260911T033622Z/b2-verify-vendor.log	name	ABSENT	KEYWORD-FALSE-POSITIVE	ACCEPTABLE	none
.mpd/tmp-baseline-bl-3d99718/evidence/verification/t9-b2-b6/20260911T033622Z/b3-negative-control.log	name	ABSENT	KEYWORD-FALSE-POSITIVE	ACCEPTABLE	none
.mpd/tmp-baseline-bl-3d99718/evidence/verification/t9-b2-b6/20260911T033622Z/b5-preprovision-skip.log	name	ABSENT	KEYWORD-FALSE-POSITIVE	ACCEPTABLE	none
.mpd/tmp-baseline-bl-3d99718/evidence/verification/t9-b2-b6/20260911T033622Z/bun-test-packages.log	name	ABSENT	KEYWORD-FALSE-POSITIVE	ACCEPTABLE	none
.mpd/tmp-baseline-bl-3d99718/evidence/verification/t9-b2-b6/20260911T033622Z/final-tree-recheck.log	name	ABSENT	KEYWORD-FALSE-POSITIVE	ACCEPTABLE	none
.mpd/tmp-baseline-bl-3d99718/evidence/verification/t9-b2-b6/20260911T033622Z/final-verify-commands.log	name	ABSENT	KEYWORD-FALSE-POSITIVE	ACCEPTABLE	none
.mpd/tmp-baseline-bl-3d99718/evidence/verification/t9-b2-b6/20260911T033622Z/mount/control-boot.log	name	ABSENT	KEYWORD-FALSE-POSITIVE	ACCEPTABLE	none
.mpd/tmp-baseline-bl-3d99718/evidence/verification/t9-b2-b6/20260911T033622Z/mount/control-install.log	name	ABSENT	KEYWORD-FALSE-POSITIVE	ACCEPTABLE	none
.mpd/tmp-baseline-bl-3d99718/evidence/verification/t9-b2-b6/20260911T033622Z/mount/install.log	name	ABSENT	KEYWORD-FALSE-POSITIVE	ACCEPTABLE	none
.mpd/tmp-baseline-bl-3d99718/evidence/verification/t9-b2-b6/20260911T033622Z/mount/lossless-control.log	name	ABSENT	KEYWORD-FALSE-POSITIVE	ACCEPTABLE	none
.mpd/tmp-baseline-bl-3d99718/evidence/verification/t9-b2-b6/20260911T033622Z/mount/mount-boot.log	name	ABSENT	KEYWORD-FALSE-POSITIVE	ACCEPTABLE	none
.mpd/tmp-baseline-bl-3d99718/evidence/verification/t9-b2-b6/20260911T033622Z/mount/mount-proof.log	name	ABSENT	KEYWORD-FALSE-POSITIVE	ACCEPTABLE	none
.mpd/tmp-baseline-bl-3d99718/evidence/verification/t9-b2-b6/20260911T033622Z/mount/result.json	name	ABSENT	KEYWORD-FALSE-POSITIVE	ACCEPTABLE	none
.mpd/tmp-baseline-bl-3d99718/evidence/verification/t9-b2-b6/20260911T033622Z/mount/run-lossless-control.sh	name	ABSENT	KEYWORD-FALSE-POSITIVE	ACCEPTABLE	none
.mpd/tmp-baseline-bl-3d99718/evidence/verification/t9-b2-b6/20260911T033622Z/mount/run-mount-proof.sh	name	ABSENT	KEYWORD-FALSE-POSITIVE	ACCEPTABLE	none
.mpd/tmp-baseline-bl-3d99718/evidence/verification/t9-b2-b6/20260911T033622Z/mount/runner.out	name	ABSENT	KEYWORD-FALSE-POSITIVE	ACCEPTABLE	none
.mpd/tmp-baseline-bl-3d99718/evidence/verification/t9-b2-b6/20260911T033622Z/mount/t9-lossless-control-probe.mjs	name	ABSENT	KEYWORD-FALSE-POSITIVE	ACCEPTABLE	none
.mpd/tmp-baseline-bl-3d99718/evidence/verification/t9-b2-b6/20260911T033622Z/mount/t9-mount-probe.mjs	name	ABSENT	KEYWORD-FALSE-POSITIVE	ACCEPTABLE	none
.mpd/tmp-baseline-bl-3d99718/evidence/verification/t9-b2-b6/20260911T033622Z/test-qa.log	name	ABSENT	KEYWORD-FALSE-POSITIVE	ACCEPTABLE	none
.mpd/tmp-baseline-bl-3d99718/evidence/verification/t9-b2-b6/20260911T033622Z/tree-fingerprint-at-verification.txt	name	ABSENT	KEYWORD-FALSE-POSITIVE	ACCEPTABLE	none
.mpd/tmp-baseline-bl-3d99718/evidence/verify/gate-sweep/20260829T165326Z/01-typecheck/output.log	name	ABSENT	KEYWORD-FALSE-POSITIVE	ACCEPTABLE	none
.mpd/tmp-baseline-bl-3d99718/evidence/verify/gate-sweep/20260829T165326Z/01-typecheck/result.json	name	ABSENT	KEYWORD-FALSE-POSITIVE	ACCEPTABLE	none
.mpd/tmp-baseline-bl-3d99718/evidence/verify/gate-sweep/20260829T165326Z/02-bun-test/output.log	name	ABSENT	KEYWORD-FALSE-POSITIVE	ACCEPTABLE	none
.mpd/tmp-baseline-bl-3d99718/evidence/verify/gate-sweep/20260829T165326Z/02-bun-test/result.json	name	ABSENT	KEYWORD-FALSE-POSITIVE	ACCEPTABLE	none
.mpd/tmp-baseline-bl-3d99718/evidence/verify/gate-sweep/20260829T165326Z/03-test-qa/output.log	name	ABSENT	KEYWORD-FALSE-POSITIVE	ACCEPTABLE	none
.mpd/tmp-baseline-bl-3d99718/evidence/verify/gate-sweep/20260829T165326Z/03-test-qa/result.json	name	ABSENT	KEYWORD-FALSE-POSITIVE	ACCEPTABLE	none
.mpd/tmp-baseline-bl-3d99718/evidence/verify/gate-sweep/20260829T165326Z/04-verify-vendor/output.log	name	ABSENT	KEYWORD-FALSE-POSITIVE	ACCEPTABLE	none
.mpd/tmp-baseline-bl-3d99718/evidence/verify/gate-sweep/20260829T165326Z/04-verify-vendor/result.json	name	ABSENT	KEYWORD-FALSE-POSITIVE	ACCEPTABLE	none
.mpd/tmp-baseline-bl-3d99718/evidence/verify/gate-sweep/20260829T165326Z/05-install-dryrun/output.log	name	ABSENT	KEYWORD-FALSE-POSITIVE	ACCEPTABLE	none
.mpd/tmp-baseline-bl-3d99718/evidence/verify/gate-sweep/20260829T165326Z/05-install-dryrun/result.json	name	ABSENT	KEYWORD-FALSE-POSITIVE	ACCEPTABLE	none
.mpd/tmp-baseline-bl-3d99718/evidence/verify/gate-sweep/20260829T165326Z/06-boot-check/output.log	name	ABSENT	KEYWORD-FALSE-POSITIVE	ACCEPTABLE	none
.mpd/tmp-baseline-bl-3d99718/evidence/verify/gate-sweep/20260829T165326Z/06-boot-check/result.json	name	ABSENT	KEYWORD-FALSE-POSITIVE	ACCEPTABLE	none
.mpd/tmp-baseline-bl-3d99718/evidence/verify/gate-sweep/20260829T165326Z/06-boot-check/run-boot-check.mjs	name	ABSENT	KEYWORD-FALSE-POSITIVE	ACCEPTABLE	none
.mpd/tmp-baseline-bl-3d99718/evidence/verify/gate-sweep/20260829T165326Z/output.log	name	ABSENT	KEYWORD-FALSE-POSITIVE	ACCEPTABLE	none
.mpd/tmp-baseline-bl-3d99718/evidence/verify/gate-sweep/20260829T165326Z/result.json	name	ABSENT	KEYWORD-FALSE-POSITIVE	ACCEPTABLE	none
.mpd/tmp-baseline-bl-3d99718/evidence/verify/rtl-dev-gate/2026-08-30T18-59-59Z/.ts	name	ABSENT	UNTRACKED-BUILD-ARTIFACT	ACCEPTABLE	low
.mpd/tmp-baseline-bl-3d99718/evidence/verify/rtl-dev-gate/2026-08-30T18-59-59Z/boot-dump.log	name	ABSENT	UNTRACKED-BUILD-ARTIFACT	ACCEPTABLE	low
.mpd/tmp-baseline-bl-3d99718/evidence/verify/rtl-dev-gate/2026-08-30T18-59-59Z/boot-result.json	name	ABSENT	UNTRACKED-BUILD-ARTIFACT	ACCEPTABLE	low
.mpd/tmp-baseline-bl-3d99718/evidence/verify/rtl-dev-gate/2026-08-30T18-59-59Z/iverilog-lint.log	name	ABSENT	UNTRACKED-BUILD-ARTIFACT	ACCEPTABLE	low
.mpd/tmp-baseline-bl-3d99718/evidence/verify/rtl-dev-gate/2026-08-30T18-59-59Z/result.json	name	ABSENT	UNTRACKED-BUILD-ARTIFACT	ACCEPTABLE	low
.mpd/tmp-baseline-bl-3d99718/evidence/verify/rtl-dev-gate/2026-08-30T18-59-59Z/tb_adder4.vvp	name	ABSENT	UNTRACKED-BUILD-ARTIFACT	ACCEPTABLE	low
.mpd/tmp-baseline-bl-3d99718/evidence/verify/rtl-dev-gate/2026-08-30T18-59-59Z/vvp.log	name	ABSENT	UNTRACKED-BUILD-ARTIFACT	ACCEPTABLE	low
.mpd/tmp-baseline-bl-3d99718/evidence/verify/rtl-dev-gate/20260830T174428Z/gate-sweep-phase2.mjs	name	ABSENT	UNTRACKED-BUILD-ARTIFACT	ACCEPTABLE	low
.mpd/tmp-baseline-bl-3d99718/evidence/verify/rtl-dev-gate/20260830T174428Z/gate-sweep.mjs	name	ABSENT	UNTRACKED-BUILD-ARTIFACT	ACCEPTABLE	low
.mpd/tmp-baseline-bl-3d99718/evidence/verify/rtl-dev-gate/20260830T174428Z/logs/cnt8-plugin-run-results.xml	name	ABSENT	UNTRACKED-BUILD-ARTIFACT	ACCEPTABLE	low
.mpd/tmp-baseline-bl-3d99718/evidence/verify/rtl-dev-gate/20260830T174428Z/logs/cnt8-plugin-run-sim.log	name	ABSENT	UNTRACKED-BUILD-ARTIFACT	ACCEPTABLE	low
.mpd/tmp-baseline-bl-3d99718/evidence/verify/rtl-dev-gate/20260830T174428Z/logs/cnt8-probe-D3.log	name	ABSENT	UNTRACKED-BUILD-ARTIFACT	ACCEPTABLE	low
.mpd/tmp-baseline-bl-3d99718/evidence/verify/rtl-dev-gate/20260830T174428Z/logs/iverilog-compile-D1.log	name	ABSENT	UNTRACKED-BUILD-ARTIFACT	ACCEPTABLE	low
.mpd/tmp-baseline-bl-3d99718/evidence/verify/rtl-dev-gate/20260830T174428Z/logs/sim.log	name	ABSENT	UNTRACKED-BUILD-ARTIFACT	ACCEPTABLE	low
.mpd/tmp-baseline-bl-3d99718/evidence/verify/rtl-dev-gate/20260830T174428Z/output.log	name	ABSENT	UNTRACKED-BUILD-ARTIFACT	ACCEPTABLE	low
.mpd/tmp-baseline-bl-3d99718/evidence/verify/rtl-dev-gate/20260830T174428Z/result-phase2.json	name	ABSENT	UNTRACKED-BUILD-ARTIFACT	ACCEPTABLE	low
.mpd/tmp-baseline-bl-3d99718/evidence/verify/rtl-dev-gate/20260830T174428Z/result.json	name	ABSENT	UNTRACKED-BUILD-ARTIFACT	ACCEPTABLE	low
.mpd/tmp-baseline-bl-3d99718/evidence/verify/rtl-dev-gate/20260830T174428Z/write-evidence.mjs	name	ABSENT	UNTRACKED-BUILD-ARTIFACT	ACCEPTABLE	low
.mpd/tmp-baseline-bl-3d99718/evidence/verify/rtl-dev-phase1-gate/20260831T031230Z/01-typecheck.log	name	ABSENT	UNTRACKED-BUILD-ARTIFACT	ACCEPTABLE	low
.mpd/tmp-baseline-bl-3d99718/evidence/verify/rtl-dev-phase1-gate/20260831T031230Z/02-bun-test.log	name	ABSENT	UNTRACKED-BUILD-ARTIFACT	ACCEPTABLE	low
.mpd/tmp-baseline-bl-3d99718/evidence/verify/rtl-dev-phase1-gate/20260831T031230Z/03-test-qa.log	name	ABSENT	UNTRACKED-BUILD-ARTIFACT	ACCEPTABLE	low
.mpd/tmp-baseline-bl-3d99718/evidence/verify/rtl-dev-phase1-gate/20260831T031230Z/04-verify-vendor.log	name	ABSENT	UNTRACKED-BUILD-ARTIFACT	ACCEPTABLE	low
.mpd/tmp-baseline-bl-3d99718/evidence/verify/rtl-dev-phase1-gate/20260831T031230Z/05-install-dryrun.log	name	ABSENT	UNTRACKED-BUILD-ARTIFACT	ACCEPTABLE	low
.mpd/tmp-baseline-bl-3d99718/evidence/verify/rtl-dev-phase1-gate/20260831T031230Z/06-boot-check.log	name	ABSENT	UNTRACKED-BUILD-ARTIFACT	ACCEPTABLE	low
.mpd/tmp-baseline-bl-3d99718/evidence/verify/rtl-dev-phase1-gate/20260831T031230Z/manifest.txt	name	ABSENT	UNTRACKED-BUILD-ARTIFACT	ACCEPTABLE	low
.mpd/tmp-baseline-bl-3d99718/evidence/wave2/b9-installer-parity/20260911T054527Z/verify-vendor.log	name	ABSENT	KEYWORD-FALSE-POSITIVE	ACCEPTABLE	none
.mpd/tmp-baseline-bl-3d99718/evidence/wave2/t10-review/20260911T063000Z/gate-verify-vendor.log	name	ABSENT	KEYWORD-FALSE-POSITIVE	ACCEPTABLE	none
.mpd/tmp-baseline-bl-3d99718/evidence/wave2/t8-verification/20260911T061046Z/README.md	name	ABSENT	KEYWORD-FALSE-POSITIVE	ACCEPTABLE	none
.mpd/tmp-baseline-bl-3d99718/evidence/wave2/t8-verification/20260911T061046Z/attempt2/check1-postfix.raw.json	name	ABSENT	KEYWORD-FALSE-POSITIVE	ACCEPTABLE	none
.mpd/tmp-baseline-bl-3d99718/evidence/wave2/t8-verification/20260911T061046Z/attempt2/check1-prefix.raw.json	name	ABSENT	KEYWORD-FALSE-POSITIVE	ACCEPTABLE	none
.mpd/tmp-baseline-bl-3d99718/evidence/wave2/t8-verification/20260911T061046Z/attempt2/check2-falsifiability-probe.raw.json	name	ABSENT	KEYWORD-FALSE-POSITIVE	ACCEPTABLE	none
.mpd/tmp-baseline-bl-3d99718/evidence/wave2/t8-verification/20260911T061046Z/attempt2/check2-postfix.raw.json	name	ABSENT	KEYWORD-FALSE-POSITIVE	ACCEPTABLE	none
.mpd/tmp-baseline-bl-3d99718/evidence/wave2/t8-verification/20260911T061046Z/attempt2/check2-prefix.raw.json	name	ABSENT	KEYWORD-FALSE-POSITIVE	ACCEPTABLE	none
.mpd/tmp-baseline-bl-3d99718/evidence/wave2/t8-verification/20260911T061046Z/attempt2/check2-sweep-partition.raw.json	name	ABSENT	KEYWORD-FALSE-POSITIVE	ACCEPTABLE	none
.mpd/tmp-baseline-bl-3d99718/evidence/wave2/t8-verification/20260911T061046Z/attempt2/check3-t13-captain.err	name	ABSENT	KEYWORD-FALSE-POSITIVE	ACCEPTABLE	none
.mpd/tmp-baseline-bl-3d99718/evidence/wave2/t8-verification/20260911T061046Z/attempt2/check3-t13-captain.raw.json	name	ABSENT	KEYWORD-FALSE-POSITIVE	ACCEPTABLE	none
.mpd/tmp-baseline-bl-3d99718/evidence/wave2/t8-verification/20260911T061046Z/attempt2/check3-t8-captain.err	name	ABSENT	KEYWORD-FALSE-POSITIVE	ACCEPTABLE	none
.mpd/tmp-baseline-bl-3d99718/evidence/wave2/t8-verification/20260911T061046Z/attempt2/check3-t8-captain.raw.json	name	ABSENT	KEYWORD-FALSE-POSITIVE	ACCEPTABLE	none
.mpd/tmp-baseline-bl-3d99718/evidence/wave2/t8-verification/20260911T061046Z/attempt2/check4-guard.log	name	ABSENT	KEYWORD-FALSE-POSITIVE	ACCEPTABLE	none
.mpd/tmp-baseline-bl-3d99718/evidence/wave2/t8-verification/20260911T061046Z/attempt2/check4-guard.raw.json	name	ABSENT	KEYWORD-FALSE-POSITIVE	ACCEPTABLE	none
.mpd/tmp-baseline-bl-3d99718/evidence/wave2/t8-verification/20260911T061046Z/attempt2/check4b-region-coverage.raw.json	name	ABSENT	KEYWORD-FALSE-POSITIVE	ACCEPTABLE	none
.mpd/tmp-baseline-bl-3d99718/evidence/wave2/t8-verification/20260911T061046Z/attempt2/check4d-revendor-heal.log	name	ABSENT	KEYWORD-FALSE-POSITIVE	ACCEPTABLE	none
.mpd/tmp-baseline-bl-3d99718/evidence/wave2/t8-verification/20260911T061046Z/attempt2/check4d-revendor-heal.raw.json	name	ABSENT	KEYWORD-FALSE-POSITIVE	ACCEPTABLE	none
.mpd/tmp-baseline-bl-3d99718/evidence/wave2/t8-verification/20260911T061046Z/attempt2/check4e-heal-fidelity.log	name	ABSENT	KEYWORD-FALSE-POSITIVE	ACCEPTABLE	none
.mpd/tmp-baseline-bl-3d99718/evidence/wave2/t8-verification/20260911T061046Z/attempt2/check4e-heal-fidelity.raw.json	name	ABSENT	KEYWORD-FALSE-POSITIVE	ACCEPTABLE	none
.mpd/tmp-baseline-bl-3d99718/evidence/wave2/t8-verification/20260911T061046Z/attempt2/check4f-tools-heal-fidelity.log	name	ABSENT	KEYWORD-FALSE-POSITIVE	ACCEPTABLE	none
.mpd/tmp-baseline-bl-3d99718/evidence/wave2/t8-verification/20260911T061046Z/attempt2/check4f-tools-heal-fidelity.raw.json	name	ABSENT	KEYWORD-FALSE-POSITIVE	ACCEPTABLE	none
.mpd/tmp-baseline-bl-3d99718/evidence/wave2/t8-verification/20260911T061046Z/attempt2/check5-driver.out	name	ABSENT	KEYWORD-FALSE-POSITIVE	ACCEPTABLE	none
.mpd/tmp-baseline-bl-3d99718/evidence/wave2/t8-verification/20260911T061046Z/attempt2/check5-install.log	name	ABSENT	KEYWORD-FALSE-POSITIVE	ACCEPTABLE	none
.mpd/tmp-baseline-bl-3d99718/evidence/wave2/t8-verification/20260911T061046Z/attempt2/check5-mount-boot.log	name	ABSENT	KEYWORD-FALSE-POSITIVE	ACCEPTABLE	none
.mpd/tmp-baseline-bl-3d99718/evidence/wave2/t8-verification/20260911T061046Z/attempt2/check5-mount.log	name	ABSENT	KEYWORD-FALSE-POSITIVE	ACCEPTABLE	none
.mpd/tmp-baseline-bl-3d99718/evidence/wave2/t8-verification/20260911T061046Z/attempt2/check5-mount.raw.json	name	ABSENT	KEYWORD-FALSE-POSITIVE	ACCEPTABLE	none
.mpd/tmp-baseline-bl-3d99718/evidence/wave2/t8-verification/20260911T061046Z/attempt2/check5-plugin-suite.log	name	ABSENT	KEYWORD-FALSE-POSITIVE	ACCEPTABLE	none
.mpd/tmp-baseline-bl-3d99718/evidence/wave2/t8-verification/20260911T061046Z/attempt2/drivers/agent-teams-mount-probe.mjs	name	ABSENT	KEYWORD-FALSE-POSITIVE	ACCEPTABLE	none
.mpd/tmp-baseline-bl-3d99718/evidence/wave2/t8-verification/20260911T061046Z/attempt2/drivers/check1-glob.mjs	name	ABSENT	KEYWORD-FALSE-POSITIVE	ACCEPTABLE	none
.mpd/tmp-baseline-bl-3d99718/evidence/wave2/t8-verification/20260911T061046Z/attempt2/drivers/check2-contract.mjs	name	ABSENT	KEYWORD-FALSE-POSITIVE	ACCEPTABLE	none
.mpd/tmp-baseline-bl-3d99718/evidence/wave2/t8-verification/20260911T061046Z/attempt2/drivers/check3-live-contract.mjs	name	ABSENT	KEYWORD-FALSE-POSITIVE	ACCEPTABLE	none
.mpd/tmp-baseline-bl-3d99718/evidence/wave2/t8-verification/20260911T061046Z/attempt2/drivers/check4-guard-failure.sh	name	ABSENT	KEYWORD-FALSE-POSITIVE	ACCEPTABLE	none
.mpd/tmp-baseline-bl-3d99718/evidence/wave2/t8-verification/20260911T061046Z/attempt2/drivers/check4b-region-coverage.sh	name	ABSENT	KEYWORD-FALSE-POSITIVE	ACCEPTABLE	none
.mpd/tmp-baseline-bl-3d99718/evidence/wave2/t8-verification/20260911T061046Z/attempt2/drivers/check4d-revendor-heal.sh	name	ABSENT	KEYWORD-FALSE-POSITIVE	ACCEPTABLE	none
.mpd/tmp-baseline-bl-3d99718/evidence/wave2/t8-verification/20260911T061046Z/attempt2/drivers/check4e-heal-fidelity.sh	name	ABSENT	KEYWORD-FALSE-POSITIVE	ACCEPTABLE	none
.mpd/tmp-baseline-bl-3d99718/evidence/wave2/t8-verification/20260911T061046Z/attempt2/drivers/check5-mount.sh	name	ABSENT	KEYWORD-FALSE-POSITIVE	ACCEPTABLE	none
.mpd/tmp-baseline-bl-3d99718/evidence/wave2/t8-verification/20260911T061046Z/attempt2/result.json	name	ABSENT	KEYWORD-FALSE-POSITIVE	ACCEPTABLE	none
.mpd/tmp-baseline-bl-3d99718/evidence/wave2/t8-verification/20260911T061046Z/attempt3/check1-postfix.raw.json	name	ABSENT	KEYWORD-FALSE-POSITIVE	ACCEPTABLE	none
.mpd/tmp-baseline-bl-3d99718/evidence/wave2/t8-verification/20260911T061046Z/attempt3/check1-prefix.raw.json	name	ABSENT	KEYWORD-FALSE-POSITIVE	ACCEPTABLE	none
.mpd/tmp-baseline-bl-3d99718/evidence/wave2/t8-verification/20260911T061046Z/attempt3/check2-postfix.raw.json	name	ABSENT	KEYWORD-FALSE-POSITIVE	ACCEPTABLE	none
.mpd/tmp-baseline-bl-3d99718/evidence/wave2/t8-verification/20260911T061046Z/attempt3/check2-prefix.raw.json	name	ABSENT	KEYWORD-FALSE-POSITIVE	ACCEPTABLE	none
.mpd/tmp-baseline-bl-3d99718/evidence/wave2/t8-verification/20260911T061046Z/attempt3/check2-sweep-partition.raw.json	name	ABSENT	KEYWORD-FALSE-POSITIVE	ACCEPTABLE	none
.mpd/tmp-baseline-bl-3d99718/evidence/wave2/t8-verification/20260911T061046Z/attempt3/check2b-falsifiability.raw.json	name	ABSENT	KEYWORD-FALSE-POSITIVE	ACCEPTABLE	none
.mpd/tmp-baseline-bl-3d99718/evidence/wave2/t8-verification/20260911T061046Z/attempt3/check3-t14-captain.err	name	ABSENT	KEYWORD-FALSE-POSITIVE	ACCEPTABLE	none
.mpd/tmp-baseline-bl-3d99718/evidence/wave2/t8-verification/20260911T061046Z/attempt3/check3-t14-captain.raw.json	name	ABSENT	KEYWORD-FALSE-POSITIVE	ACCEPTABLE	none
.mpd/tmp-baseline-bl-3d99718/evidence/wave2/t8-verification/20260911T061046Z/attempt3/check3-t8-captain.err	name	ABSENT	KEYWORD-FALSE-POSITIVE	ACCEPTABLE	none
.mpd/tmp-baseline-bl-3d99718/evidence/wave2/t8-verification/20260911T061046Z/attempt3/check3-t8-captain.raw.json	name	ABSENT	KEYWORD-FALSE-POSITIVE	ACCEPTABLE	none
.mpd/tmp-baseline-bl-3d99718/evidence/wave2/t8-verification/20260911T061046Z/attempt3/check4-guard.log	name	ABSENT	KEYWORD-FALSE-POSITIVE	ACCEPTABLE	none
.mpd/tmp-baseline-bl-3d99718/evidence/wave2/t8-verification/20260911T061046Z/attempt3/check4-guard.raw.json	name	ABSENT	KEYWORD-FALSE-POSITIVE	ACCEPTABLE	none
.mpd/tmp-baseline-bl-3d99718/evidence/wave2/t8-verification/20260911T061046Z/attempt3/check4b-region-coverage.raw.json	name	ABSENT	KEYWORD-FALSE-POSITIVE	ACCEPTABLE	none
.mpd/tmp-baseline-bl-3d99718/evidence/wave2/t8-verification/20260911T061046Z/attempt3/check4d-revendor-heal.log	name	ABSENT	KEYWORD-FALSE-POSITIVE	ACCEPTABLE	none
.mpd/tmp-baseline-bl-3d99718/evidence/wave2/t8-verification/20260911T061046Z/attempt3/check4d-revendor-heal.raw.json	name	ABSENT	KEYWORD-FALSE-POSITIVE	ACCEPTABLE	none
.mpd/tmp-baseline-bl-3d99718/evidence/wave2/t8-verification/20260911T061046Z/attempt3/check4e-heal-fidelity.log	name	ABSENT	KEYWORD-FALSE-POSITIVE	ACCEPTABLE	none
.mpd/tmp-baseline-bl-3d99718/evidence/wave2/t8-verification/20260911T061046Z/attempt3/check4e-heal-fidelity.raw.json	name	ABSENT	KEYWORD-FALSE-POSITIVE	ACCEPTABLE	none
.mpd/tmp-baseline-bl-3d99718/evidence/wave2/t8-verification/20260911T061046Z/attempt3/check4f-tools-heal-fidelity.log	name	ABSENT	KEYWORD-FALSE-POSITIVE	ACCEPTABLE	none
.mpd/tmp-baseline-bl-3d99718/evidence/wave2/t8-verification/20260911T061046Z/attempt3/check4f-tools-heal-fidelity.raw.json	name	ABSENT	KEYWORD-FALSE-POSITIVE	ACCEPTABLE	none
.mpd/tmp-baseline-bl-3d99718/evidence/wave2/t8-verification/20260911T061046Z/attempt3/check5-driver.out	name	ABSENT	KEYWORD-FALSE-POSITIVE	ACCEPTABLE	none
.mpd/tmp-baseline-bl-3d99718/evidence/wave2/t8-verification/20260911T061046Z/attempt3/check5-full-suite.log	name	ABSENT	KEYWORD-FALSE-POSITIVE	ACCEPTABLE	none
.mpd/tmp-baseline-bl-3d99718/evidence/wave2/t8-verification/20260911T061046Z/attempt3/check5-install.log	name	ABSENT	KEYWORD-FALSE-POSITIVE	ACCEPTABLE	none
.mpd/tmp-baseline-bl-3d99718/evidence/wave2/t8-verification/20260911T061046Z/attempt3/check5-mount-boot.log	name	ABSENT	KEYWORD-FALSE-POSITIVE	ACCEPTABLE	none
.mpd/tmp-baseline-bl-3d99718/evidence/wave2/t8-verification/20260911T061046Z/attempt3/check5-mount.log	name	ABSENT	KEYWORD-FALSE-POSITIVE	ACCEPTABLE	none
.mpd/tmp-baseline-bl-3d99718/evidence/wave2/t8-verification/20260911T061046Z/attempt3/check5-mount.raw.json	name	ABSENT	KEYWORD-FALSE-POSITIVE	ACCEPTABLE	none
.mpd/tmp-baseline-bl-3d99718/evidence/wave2/t8-verification/20260911T061046Z/attempt3/check5-plugin-suite.log	name	ABSENT	KEYWORD-FALSE-POSITIVE	ACCEPTABLE	none
.mpd/tmp-baseline-bl-3d99718/evidence/wave2/t8-verification/20260911T061046Z/attempt3/check5-self-fix-suite.log	name	ABSENT	KEYWORD-FALSE-POSITIVE	ACCEPTABLE	none
.mpd/tmp-baseline-bl-3d99718/evidence/wave2/t8-verification/20260911T061046Z/attempt3/check5-typecheck.log	name	ABSENT	KEYWORD-FALSE-POSITIVE	ACCEPTABLE	none
.mpd/tmp-baseline-bl-3d99718/evidence/wave2/t8-verification/20260911T061046Z/attempt3/drivers/agent-teams-mount-probe.mjs	name	ABSENT	KEYWORD-FALSE-POSITIVE	ACCEPTABLE	none
.mpd/tmp-baseline-bl-3d99718/evidence/wave2/t8-verification/20260911T061046Z/attempt3/drivers/check1-glob.mjs	name	ABSENT	KEYWORD-FALSE-POSITIVE	ACCEPTABLE	none
.mpd/tmp-baseline-bl-3d99718/evidence/wave2/t8-verification/20260911T061046Z/attempt3/drivers/check2-contract.mjs	name	ABSENT	KEYWORD-FALSE-POSITIVE	ACCEPTABLE	none
.mpd/tmp-baseline-bl-3d99718/evidence/wave2/t8-verification/20260911T061046Z/attempt3/drivers/check2b-falsifiability-probe.mjs	name	ABSENT	KEYWORD-FALSE-POSITIVE	ACCEPTABLE	none
.mpd/tmp-baseline-bl-3d99718/evidence/wave2/t8-verification/20260911T061046Z/attempt3/drivers/check3-live-contract.mjs	name	ABSENT	KEYWORD-FALSE-POSITIVE	ACCEPTABLE	none
.mpd/tmp-baseline-bl-3d99718/evidence/wave2/t8-verification/20260911T061046Z/attempt3/drivers/check4-guard-failure.sh	name	ABSENT	KEYWORD-FALSE-POSITIVE	ACCEPTABLE	none
.mpd/tmp-baseline-bl-3d99718/evidence/wave2/t8-verification/20260911T061046Z/attempt3/drivers/check4b-region-coverage.sh	name	ABSENT	KEYWORD-FALSE-POSITIVE	ACCEPTABLE	none
.mpd/tmp-baseline-bl-3d99718/evidence/wave2/t8-verification/20260911T061046Z/attempt3/drivers/check4d-revendor-heal.sh	name	ABSENT	KEYWORD-FALSE-POSITIVE	ACCEPTABLE	none
.mpd/tmp-baseline-bl-3d99718/evidence/wave2/t8-verification/20260911T061046Z/attempt3/drivers/check4e-heal-fidelity.sh	name	ABSENT	KEYWORD-FALSE-POSITIVE	ACCEPTABLE	none
.mpd/tmp-baseline-bl-3d99718/evidence/wave2/t8-verification/20260911T061046Z/attempt3/drivers/check4f-tools-heal-fidelity.sh	name	ABSENT	KEYWORD-FALSE-POSITIVE	ACCEPTABLE	none
.mpd/tmp-baseline-bl-3d99718/evidence/wave2/t8-verification/20260911T061046Z/attempt3/drivers/check5-mount.sh	name	ABSENT	KEYWORD-FALSE-POSITIVE	ACCEPTABLE	none
.mpd/tmp-baseline-bl-3d99718/evidence/wave2/t8-verification/20260911T061046Z/attempt3/result.json	name	ABSENT	KEYWORD-FALSE-POSITIVE	ACCEPTABLE	none
.mpd/tmp-baseline-bl-3d99718/evidence/wave2/t8-verification/20260911T061046Z/check1-postfix.err	name	ABSENT	KEYWORD-FALSE-POSITIVE	ACCEPTABLE	none
.mpd/tmp-baseline-bl-3d99718/evidence/wave2/t8-verification/20260911T061046Z/check1-postfix.raw.json	name	ABSENT	KEYWORD-FALSE-POSITIVE	ACCEPTABLE	none
.mpd/tmp-baseline-bl-3d99718/evidence/wave2/t8-verification/20260911T061046Z/check1-prefix.err	name	ABSENT	KEYWORD-FALSE-POSITIVE	ACCEPTABLE	none
.mpd/tmp-baseline-bl-3d99718/evidence/wave2/t8-verification/20260911T061046Z/check1-prefix.raw.json	name	ABSENT	KEYWORD-FALSE-POSITIVE	ACCEPTABLE	none
.mpd/tmp-baseline-bl-3d99718/evidence/wave2/t8-verification/20260911T061046Z/check2-postfix.err	name	ABSENT	KEYWORD-FALSE-POSITIVE	ACCEPTABLE	none
.mpd/tmp-baseline-bl-3d99718/evidence/wave2/t8-verification/20260911T061046Z/check2-postfix.raw.json	name	ABSENT	KEYWORD-FALSE-POSITIVE	ACCEPTABLE	none
.mpd/tmp-baseline-bl-3d99718/evidence/wave2/t8-verification/20260911T061046Z/check2-prefix.err	name	ABSENT	KEYWORD-FALSE-POSITIVE	ACCEPTABLE	none
.mpd/tmp-baseline-bl-3d99718/evidence/wave2/t8-verification/20260911T061046Z/check2-prefix.raw.json	name	ABSENT	KEYWORD-FALSE-POSITIVE	ACCEPTABLE	none
.mpd/tmp-baseline-bl-3d99718/evidence/wave2/t8-verification/20260911T061046Z/check3-t4-captain.err	name	ABSENT	KEYWORD-FALSE-POSITIVE	ACCEPTABLE	none
.mpd/tmp-baseline-bl-3d99718/evidence/wave2/t8-verification/20260911T061046Z/check3-t4-captain.raw.json	name	ABSENT	KEYWORD-FALSE-POSITIVE	ACCEPTABLE	none
.mpd/tmp-baseline-bl-3d99718/evidence/wave2/t8-verification/20260911T061046Z/check3-t6-captain.err	name	ABSENT	KEYWORD-FALSE-POSITIVE	ACCEPTABLE	none
.mpd/tmp-baseline-bl-3d99718/evidence/wave2/t8-verification/20260911T061046Z/check3-t6-captain.raw.json	name	ABSENT	KEYWORD-FALSE-POSITIVE	ACCEPTABLE	none
.mpd/tmp-baseline-bl-3d99718/evidence/wave2/t8-verification/20260911T061046Z/check3-t8-captain.err	name	ABSENT	KEYWORD-FALSE-POSITIVE	ACCEPTABLE	none
.mpd/tmp-baseline-bl-3d99718/evidence/wave2/t8-verification/20260911T061046Z/check3-t8-captain.raw.json	name	ABSENT	KEYWORD-FALSE-POSITIVE	ACCEPTABLE	none
.mpd/tmp-baseline-bl-3d99718/evidence/wave2/t8-verification/20260911T061046Z/check3-t8-declaration-compare.json	name	ABSENT	KEYWORD-FALSE-POSITIVE	ACCEPTABLE	none
.mpd/tmp-baseline-bl-3d99718/evidence/wave2/t8-verification/20260911T061046Z/check4-guard.log	name	ABSENT	KEYWORD-FALSE-POSITIVE	ACCEPTABLE	none
.mpd/tmp-baseline-bl-3d99718/evidence/wave2/t8-verification/20260911T061046Z/check4-guard.raw.json	name	ABSENT	KEYWORD-FALSE-POSITIVE	ACCEPTABLE	none
.mpd/tmp-baseline-bl-3d99718/evidence/wave2/t8-verification/20260911T061046Z/check4b-adaptation-markers.raw.json	name	ABSENT	KEYWORD-FALSE-POSITIVE	ACCEPTABLE	none
.mpd/tmp-baseline-bl-3d99718/evidence/wave2/t8-verification/20260911T061046Z/check4c-revendor-simulation.log	name	ABSENT	KEYWORD-FALSE-POSITIVE	ACCEPTABLE	none
.mpd/tmp-baseline-bl-3d99718/evidence/wave2/t8-verification/20260911T061046Z/check4d-revendor-heal.log	name	ABSENT	KEYWORD-FALSE-POSITIVE	ACCEPTABLE	none
.mpd/tmp-baseline-bl-3d99718/evidence/wave2/t8-verification/20260911T061046Z/check4d-revendor-heal.raw.json	name	ABSENT	KEYWORD-FALSE-POSITIVE	ACCEPTABLE	none
.mpd/tmp-baseline-bl-3d99718/evidence/wave2/t8-verification/20260911T061046Z/check5-driver.out	name	ABSENT	KEYWORD-FALSE-POSITIVE	ACCEPTABLE	none
.mpd/tmp-baseline-bl-3d99718/evidence/wave2/t8-verification/20260911T061046Z/check5-install.log	name	ABSENT	KEYWORD-FALSE-POSITIVE	ACCEPTABLE	none
.mpd/tmp-baseline-bl-3d99718/evidence/wave2/t8-verification/20260911T061046Z/check5-mount-boot.log	name	ABSENT	KEYWORD-FALSE-POSITIVE	ACCEPTABLE	none
.mpd/tmp-baseline-bl-3d99718/evidence/wave2/t8-verification/20260911T061046Z/check5-mount.log	name	ABSENT	KEYWORD-FALSE-POSITIVE	ACCEPTABLE	none
.mpd/tmp-baseline-bl-3d99718/evidence/wave2/t8-verification/20260911T061046Z/check5-mount.raw.json	name	ABSENT	KEYWORD-FALSE-POSITIVE	ACCEPTABLE	none
.mpd/tmp-baseline-bl-3d99718/evidence/wave2/t8-verification/20260911T061046Z/check5-plugin-suite.log	name	ABSENT	KEYWORD-FALSE-POSITIVE	ACCEPTABLE	none
.mpd/tmp-baseline-bl-3d99718/evidence/wave2/t8-verification/20260911T061046Z/drivers/agent-teams-mount-probe.mjs	name	ABSENT	KEYWORD-FALSE-POSITIVE	ACCEPTABLE	none
.mpd/tmp-baseline-bl-3d99718/evidence/wave2/t8-verification/20260911T061046Z/drivers/check1-glob.mjs	name	ABSENT	KEYWORD-FALSE-POSITIVE	ACCEPTABLE	none
.mpd/tmp-baseline-bl-3d99718/evidence/wave2/t8-verification/20260911T061046Z/drivers/check2-contract.mjs	name	ABSENT	KEYWORD-FALSE-POSITIVE	ACCEPTABLE	none
.mpd/tmp-baseline-bl-3d99718/evidence/wave2/t8-verification/20260911T061046Z/drivers/check3-live-contract.mjs	name	ABSENT	KEYWORD-FALSE-POSITIVE	ACCEPTABLE	none
.mpd/tmp-baseline-bl-3d99718/evidence/wave2/t8-verification/20260911T061046Z/drivers/check4-guard-failure.sh	name	ABSENT	KEYWORD-FALSE-POSITIVE	ACCEPTABLE	none
.mpd/tmp-baseline-bl-3d99718/evidence/wave2/t8-verification/20260911T061046Z/drivers/check4d-revendor-heal.sh	name	ABSENT	KEYWORD-FALSE-POSITIVE	ACCEPTABLE	none
.mpd/tmp-baseline-bl-3d99718/evidence/wave2/t8-verification/20260911T061046Z/drivers/check5-mount.sh	name	ABSENT	KEYWORD-FALSE-POSITIVE	ACCEPTABLE	none
.mpd/tmp-baseline-bl-3d99718/evidence/wave2/t8-verification/20260911T061046Z/result.json	name	ABSENT	KEYWORD-FALSE-POSITIVE	ACCEPTABLE	none
.mpd/tmp-baseline-bl-3d99718/evidence/wave2/t9-verification/.current	name	ABSENT	KEYWORD-FALSE-POSITIVE	ACCEPTABLE	none
.mpd/tmp-baseline-bl-3d99718/evidence/wave2/t9-verification/20260911T061339Z/b8-checkout-astgrep-negative.log	name	ABSENT	KEYWORD-FALSE-POSITIVE	ACCEPTABLE	none
.mpd/tmp-baseline-bl-3d99718/evidence/wave2/t9-verification/20260911T061339Z/b8-checkout-astgrep.log	name	ABSENT	KEYWORD-FALSE-POSITIVE	ACCEPTABLE	none
.mpd/tmp-baseline-bl-3d99718/evidence/wave2/t9-verification/20260911T061339Z/b8-checkout-codegraph-negative.log	name	ABSENT	KEYWORD-FALSE-POSITIVE	ACCEPTABLE	none
.mpd/tmp-baseline-bl-3d99718/evidence/wave2/t9-verification/20260911T061339Z/b8-checkout-codegraph.log	name	ABSENT	KEYWORD-FALSE-POSITIVE	ACCEPTABLE	none
.mpd/tmp-baseline-bl-3d99718/evidence/wave2/t9-verification/20260911T061339Z/b8-mount-boot.log	name	ABSENT	KEYWORD-FALSE-POSITIVE	ACCEPTABLE	none
.mpd/tmp-baseline-bl-3d99718/evidence/wave2/t9-verification/20260911T061339Z/b8-mount-boot.mjs	name	ABSENT	KEYWORD-FALSE-POSITIVE	ACCEPTABLE	none
.mpd/tmp-baseline-bl-3d99718/evidence/wave2/t9-verification/20260911T061339Z/b8-mount-boot.out	name	ABSENT	KEYWORD-FALSE-POSITIVE	ACCEPTABLE	none
.mpd/tmp-baseline-bl-3d99718/evidence/wave2/t9-verification/20260911T061339Z/b8-mount-boot.result.json	name	ABSENT	KEYWORD-FALSE-POSITIVE	ACCEPTABLE	none
.mpd/tmp-baseline-bl-3d99718/evidence/wave2/t9-verification/20260911T061339Z/b8-mount.dev.patch.yml	name	ABSENT	KEYWORD-FALSE-POSITIVE	ACCEPTABLE	none
.mpd/tmp-baseline-bl-3d99718/evidence/wave2/t9-verification/20260911T061339Z/b8-own-gate.log	name	ABSENT	KEYWORD-FALSE-POSITIVE	ACCEPTABLE	none
.mpd/tmp-baseline-bl-3d99718/evidence/wave2/t9-verification/20260911T061339Z/b8-own-gate.mjs	name	ABSENT	KEYWORD-FALSE-POSITIVE	ACCEPTABLE	none
.mpd/tmp-baseline-bl-3d99718/evidence/wave2/t9-verification/20260911T061339Z/b8-own-gate.result.json	name	ABSENT	KEYWORD-FALSE-POSITIVE	ACCEPTABLE	none
.mpd/tmp-baseline-bl-3d99718/evidence/wave2/t9-verification/20260911T061339Z/b8-patch-inspection.txt	name	ABSENT	KEYWORD-FALSE-POSITIVE	ACCEPTABLE	none
.mpd/tmp-baseline-bl-3d99718/evidence/wave2/t9-verification/20260911T061339Z/b8-resolver-ordering.log	name	ABSENT	KEYWORD-FALSE-POSITIVE	ACCEPTABLE	none
.mpd/tmp-baseline-bl-3d99718/evidence/wave2/t9-verification/20260911T061339Z/b9-installer-dry-run.log	name	ABSENT	KEYWORD-FALSE-POSITIVE	ACCEPTABLE	none
.mpd/tmp-baseline-bl-3d99718/evidence/wave2/t9-verification/20260911T061339Z/b9-installer-self-test.log	name	ABSENT	KEYWORD-FALSE-POSITIVE	ACCEPTABLE	none
.mpd/tmp-baseline-bl-3d99718/evidence/wave2/t9-verification/20260911T061339Z/b9-parity-negative-control.log	name	ABSENT	KEYWORD-FALSE-POSITIVE	ACCEPTABLE	none
.mpd/tmp-baseline-bl-3d99718/evidence/wave2/t9-verification/20260911T061339Z/b9-parity-ok.log	name	ABSENT	KEYWORD-FALSE-POSITIVE	ACCEPTABLE	none
.mpd/tmp-baseline-bl-3d99718/evidence/wave2/t9-verification/20260911T061339Z/b9-parity-restored.log	name	ABSENT	KEYWORD-FALSE-POSITIVE	ACCEPTABLE	none
.mpd/tmp-baseline-bl-3d99718/evidence/wave2/t9-verification/20260911T061339Z/b9-restore-verify.log	name	ABSENT	KEYWORD-FALSE-POSITIVE	ACCEPTABLE	none
.mpd/tmp-baseline-bl-3d99718/evidence/wave2/t9-verification/20260911T061339Z/b9-skills-attribution.txt	name	ABSENT	KEYWORD-FALSE-POSITIVE	ACCEPTABLE	none
.mpd/tmp-baseline-bl-3d99718/evidence/wave2/t9-verification/20260911T061339Z/drift-investigation.txt	name	ABSENT	KEYWORD-FALSE-POSITIVE	ACCEPTABLE	none
.mpd/tmp-baseline-bl-3d99718/evidence/wave2/t9-verification/20260911T061339Z/final-battery.txt	name	ABSENT	KEYWORD-FALSE-POSITIVE	ACCEPTABLE	none
.mpd/tmp-baseline-bl-3d99718/evidence/wave2/t9-verification/20260911T061339Z/finalize.mjs	name	ABSENT	KEYWORD-FALSE-POSITIVE	ACCEPTABLE	none
.mpd/tmp-baseline-bl-3d99718/evidence/wave2/t9-verification/20260911T061339Z/frozen-after-dirs.txt	name	ABSENT	KEYWORD-FALSE-POSITIVE	ACCEPTABLE	none
.mpd/tmp-baseline-bl-3d99718/evidence/wave2/t9-verification/20260911T061339Z/frozen-before-dirs.txt	name	ABSENT	KEYWORD-FALSE-POSITIVE	ACCEPTABLE	none
.mpd/tmp-baseline-bl-3d99718/evidence/wave2/t9-verification/20260911T061339Z/gate-bun-test-packages-final.log	name	ABSENT	KEYWORD-FALSE-POSITIVE	ACCEPTABLE	none
.mpd/tmp-baseline-bl-3d99718/evidence/wave2/t9-verification/20260911T061339Z/gate-bun-test-packages-rerun.log	name	ABSENT	KEYWORD-FALSE-POSITIVE	ACCEPTABLE	none
.mpd/tmp-baseline-bl-3d99718/evidence/wave2/t9-verification/20260911T061339Z/gate-bun-test-packages-t12.log	name	ABSENT	KEYWORD-FALSE-POSITIVE	ACCEPTABLE	none
.mpd/tmp-baseline-bl-3d99718/evidence/wave2/t9-verification/20260911T061339Z/gate-bun-test-packages.log	name	ABSENT	KEYWORD-FALSE-POSITIVE	ACCEPTABLE	none
.mpd/tmp-baseline-bl-3d99718/evidence/wave2/t9-verification/20260911T061339Z/gate-dist-sweep-final.log	name	ABSENT	KEYWORD-FALSE-POSITIVE	ACCEPTABLE	none
.mpd/tmp-baseline-bl-3d99718/evidence/wave2/t9-verification/20260911T061339Z/gate-dist-sweep-t12.log	name	ABSENT	KEYWORD-FALSE-POSITIVE	ACCEPTABLE	none
.mpd/tmp-baseline-bl-3d99718/evidence/wave2/t9-verification/20260911T061339Z/gate-preset-conformance-final.log	name	ABSENT	KEYWORD-FALSE-POSITIVE	ACCEPTABLE	none
.mpd/tmp-baseline-bl-3d99718/evidence/wave2/t9-verification/20260911T061339Z/gate-preset-conformance.log	name	ABSENT	KEYWORD-FALSE-POSITIVE	ACCEPTABLE	none
.mpd/tmp-baseline-bl-3d99718/evidence/wave2/t9-verification/20260911T061339Z/gate-test-qa-final.log	name	ABSENT	KEYWORD-FALSE-POSITIVE	ACCEPTABLE	none
.mpd/tmp-baseline-bl-3d99718/evidence/wave2/t9-verification/20260911T061339Z/gate-test-qa.log	name	ABSENT	KEYWORD-FALSE-POSITIVE	ACCEPTABLE	none
.mpd/tmp-baseline-bl-3d99718/evidence/wave2/t9-verification/20260911T061339Z/gate-typecheck-final.log	name	ABSENT	KEYWORD-FALSE-POSITIVE	ACCEPTABLE	none
.mpd/tmp-baseline-bl-3d99718/evidence/wave2/t9-verification/20260911T061339Z/gate-typecheck.log	name	ABSENT	KEYWORD-FALSE-POSITIVE	ACCEPTABLE	none
.mpd/tmp-baseline-bl-3d99718/evidence/wave2/t9-verification/20260911T061339Z/gate-verify-vendor-final.log	name	ABSENT	KEYWORD-FALSE-POSITIVE	ACCEPTABLE	none
.mpd/tmp-baseline-bl-3d99718/evidence/wave2/t9-verification/20260911T061339Z/gate-verify-vendor.log	name	ABSENT	KEYWORD-FALSE-POSITIVE	ACCEPTABLE	none
.mpd/tmp-baseline-bl-3d99718/evidence/wave2/t9-verification/20260911T061339Z/install-profile.before.mjs	name	ABSENT	KEYWORD-FALSE-POSITIVE	ACCEPTABLE	none
.mpd/tmp-baseline-bl-3d99718/evidence/wave2/t9-verification/20260911T061339Z/install-profile.before.sha	name	ABSENT	KEYWORD-FALSE-POSITIVE	ACCEPTABLE	none
.mpd/tmp-baseline-bl-3d99718/evidence/wave2/t9-verification/20260911T061339Z/memory-git-target.txt	name	ABSENT	KEYWORD-FALSE-POSITIVE	ACCEPTABLE	none
.mpd/tmp-baseline-bl-3d99718/evidence/wave2/t9-verification/20260911T061339Z/memory-git.txt	name	ABSENT	KEYWORD-FALSE-POSITIVE	ACCEPTABLE	none
.mpd/tmp-baseline-bl-3d99718/evidence/wave2/t9-verification/20260911T061339Z/memory-read-call.log	name	ABSENT	KEYWORD-FALSE-POSITIVE	ACCEPTABLE	none
.mpd/tmp-baseline-bl-3d99718/evidence/wave2/t9-verification/20260911T061339Z/memory-read-call.mjs	name	ABSENT	KEYWORD-FALSE-POSITIVE	ACCEPTABLE	none
.mpd/tmp-baseline-bl-3d99718/evidence/wave2/t9-verification/20260911T061339Z/memory-read-call.result.json	name	ABSENT	KEYWORD-FALSE-POSITIVE	ACCEPTABLE	none
.mpd/tmp-baseline-bl-3d99718/evidence/wave2/t9-verification/20260911T061339Z/memory-reflection-current.txt	name	ABSENT	KEYWORD-FALSE-POSITIVE	ACCEPTABLE	none
.mpd/tmp-baseline-bl-3d99718/evidence/wave2/t9-verification/20260911T061339Z/memory-sha256.txt	name	ABSENT	KEYWORD-FALSE-POSITIVE	ACCEPTABLE	none
.mpd/tmp-baseline-bl-3d99718/evidence/wave2/t9-verification/20260911T061339Z/memory-source-listing.txt	name	ABSENT	KEYWORD-FALSE-POSITIVE	ACCEPTABLE	none
.mpd/tmp-baseline-bl-3d99718/evidence/wave2/t9-verification/20260911T061339Z/memory-target-listing.txt	name	ABSENT	KEYWORD-FALSE-POSITIVE	ACCEPTABLE	none
.mpd/tmp-baseline-bl-3d99718/evidence/wave2/t9-verification/20260911T061339Z/memory-vcs-investigation.txt	name	ABSENT	KEYWORD-FALSE-POSITIVE	ACCEPTABLE	none
.mpd/tmp-baseline-bl-3d99718/evidence/wave2/t9-verification/20260911T061339Z/qa-agent-teams-sidebar.log	name	ABSENT	KEYWORD-FALSE-POSITIVE	ACCEPTABLE	none
.mpd/tmp-baseline-bl-3d99718/evidence/wave2/t9-verification/20260911T061339Z/qa-bundle-lifecycle.log	name	ABSENT	KEYWORD-FALSE-POSITIVE	ACCEPTABLE	none
.mpd/tmp-baseline-bl-3d99718/evidence/wave2/t9-verification/20260911T061339Z/qa-frozen-bundle-lifecycle.log	name	ABSENT	KEYWORD-FALSE-POSITIVE	ACCEPTABLE	none
.mpd/tmp-baseline-bl-3d99718/evidence/wave2/t9-verification/20260911T061339Z/qa-frozen-preset-register.log	name	ABSENT	KEYWORD-FALSE-POSITIVE	ACCEPTABLE	none
.mpd/tmp-baseline-bl-3d99718/evidence/wave2/t9-verification/20260911T061339Z/qa-frozen-web-client-adapt.log	name	ABSENT	KEYWORD-FALSE-POSITIVE	ACCEPTABLE	none
.mpd/tmp-baseline-bl-3d99718/evidence/wave2/t9-verification/20260911T061339Z/qa-isolation-frozen.txt	name	ABSENT	KEYWORD-FALSE-POSITIVE	ACCEPTABLE	none
.mpd/tmp-baseline-bl-3d99718/evidence/wave2/t9-verification/20260911T061339Z/qa-isolation-negative/before-after.txt	name	ABSENT	KEYWORD-FALSE-POSITIVE	ACCEPTABLE	none
.mpd/tmp-baseline-bl-3d99718/evidence/wave2/t9-verification/20260911T061339Z/qa-isolation-negative/dirs-after-fixed.txt	name	ABSENT	KEYWORD-FALSE-POSITIVE	ACCEPTABLE	none
.mpd/tmp-baseline-bl-3d99718/evidence/wave2/t9-verification/20260911T061339Z/qa-isolation-negative/dirs-after.txt	name	ABSENT	KEYWORD-FALSE-POSITIVE	ACCEPTABLE	none
.mpd/tmp-baseline-bl-3d99718/evidence/wave2/t9-verification/20260911T061339Z/qa-isolation-negative/dirs-before.txt	name	ABSENT	KEYWORD-FALSE-POSITIVE	ACCEPTABLE	none
.mpd/tmp-baseline-bl-3d99718/evidence/wave2/t9-verification/20260911T061339Z/qa-isolation-negative/prefix-run.log	name	ABSENT	KEYWORD-FALSE-POSITIVE	ACCEPTABLE	none
.mpd/tmp-baseline-bl-3d99718/evidence/wave2/t9-verification/20260911T061339Z/qa-isolation-negative/preset-register-prefix.mjs	name	ABSENT	KEYWORD-FALSE-POSITIVE	ACCEPTABLE	none
.mpd/tmp-baseline-bl-3d99718/evidence/wave2/t9-verification/20260911T061339Z/qa-isolation-sweep.txt	name	ABSENT	KEYWORD-FALSE-POSITIVE	ACCEPTABLE	none
.mpd/tmp-baseline-bl-3d99718/evidence/wave2/t9-verification/20260911T061339Z/qa-mcp-call.log	name	ABSENT	KEYWORD-FALSE-POSITIVE	ACCEPTABLE	none
.mpd/tmp-baseline-bl-3d99718/evidence/wave2/t9-verification/20260911T061339Z/qa-preset-register-fixed.log	name	ABSENT	KEYWORD-FALSE-POSITIVE	ACCEPTABLE	none
.mpd/tmp-baseline-bl-3d99718/evidence/wave2/t9-verification/20260911T061339Z/qa-solo-web-client-adapt.log	name	ABSENT	KEYWORD-FALSE-POSITIVE	ACCEPTABLE	none
.mpd/tmp-baseline-bl-3d99718/evidence/wave2/t9-verification/20260911T061339Z/qa-web-client-adapt.log	name	ABSENT	KEYWORD-FALSE-POSITIVE	ACCEPTABLE	none
.mpd/tmp-baseline-bl-3d99718/evidence/wave2/t9-verification/20260911T061339Z/r1-own-calls-t12.log	name	ABSENT	KEYWORD-FALSE-POSITIVE	ACCEPTABLE	none
.mpd/tmp-baseline-bl-3d99718/evidence/wave2/t9-verification/20260911T061339Z/r1-own-calls-t12.result.json	name	ABSENT	KEYWORD-FALSE-POSITIVE	ACCEPTABLE	none
.mpd/tmp-baseline-bl-3d99718/evidence/wave2/t9-verification/20260911T061339Z/r1-own-calls.log	name	ABSENT	KEYWORD-FALSE-POSITIVE	ACCEPTABLE	none
.mpd/tmp-baseline-bl-3d99718/evidence/wave2/t9-verification/20260911T061339Z/r1-own-calls.mjs	name	ABSENT	KEYWORD-FALSE-POSITIVE	ACCEPTABLE	none
.mpd/tmp-baseline-bl-3d99718/evidence/wave2/t9-verification/20260911T061339Z/r1-own-calls.result.json	name	ABSENT	KEYWORD-FALSE-POSITIVE	ACCEPTABLE	none
.mpd/tmp-baseline-bl-3d99718/evidence/wave2/t9-verification/20260911T061339Z/r1-prefix-control-baseline.log	name	ABSENT	KEYWORD-FALSE-POSITIVE	ACCEPTABLE	none
.mpd/tmp-baseline-bl-3d99718/evidence/wave2/t9-verification/20260911T061339Z/r1-prefix-control-flipped.log	name	ABSENT	KEYWORD-FALSE-POSITIVE	ACCEPTABLE	none
.mpd/tmp-baseline-bl-3d99718/evidence/wave2/t9-verification/20260911T061339Z/r1-prefix-control.log	name	ABSENT	KEYWORD-FALSE-POSITIVE	ACCEPTABLE	none
.mpd/tmp-baseline-bl-3d99718/evidence/wave2/t9-verification/20260911T061339Z/r1-prefix-control.mjs	name	ABSENT	KEYWORD-FALSE-POSITIVE	ACCEPTABLE	none
.mpd/tmp-baseline-bl-3d99718/evidence/wave2/t9-verification/20260911T061339Z/r1-prefix-control.result.json	name	ABSENT	KEYWORD-FALSE-POSITIVE	ACCEPTABLE	none
.mpd/tmp-baseline-bl-3d99718/evidence/wave2/t9-verification/20260911T061339Z/revision-fingerprint.txt	name	ABSENT	KEYWORD-FALSE-POSITIVE	ACCEPTABLE	none
.mpd/tmp-baseline-bl-3d99718/evidence/wave2/t9-verification/20260911T061339Z/sweep-dirs-after.txt	name	ABSENT	KEYWORD-FALSE-POSITIVE	ACCEPTABLE	none
.mpd/tmp-baseline-bl-3d99718/evidence/wave2/t9-verification/20260911T061339Z/sweep-dirs-before.txt	name	ABSENT	KEYWORD-FALSE-POSITIVE	ACCEPTABLE	none
.mpd/tmp-baseline-bl-3d99718/evidence/wave2/t9-verification/20260911T061339Z/t9-RESULT.json	name	ABSENT	KEYWORD-FALSE-POSITIVE	ACCEPTABLE	none
.mpd/tmp-baseline-bl-3d99718/evidence/wave2/t9-verification/20260911T061339Z/team-after-presetconf.txt	name	ABSENT	KEYWORD-FALSE-POSITIVE	ACCEPTABLE	none
.mpd/tmp-baseline-bl-3d99718/evidence/wave2/t9-verification/20260911T061339Z/team-before.txt	name	ABSENT	KEYWORD-FALSE-POSITIVE	ACCEPTABLE	none
.mpd/tmp-baseline-bl-3d99718/evidence/wave3/integration/20260911T094211Z/raw/gate-verify-vendor.log	name	ABSENT	KEYWORD-FALSE-POSITIVE	ACCEPTABLE	none
.mpd/tmp-baseline-bl-3d99718/evidence/wave3/t2-captain-independent-verification/20260911T083025Z/check4g-strip-both-heal-fidelity.log	name	ABSENT	KEYWORD-FALSE-POSITIVE	ACCEPTABLE	none
.mpd/tmp-baseline-bl-3d99718/evidence/wave3/t2-captain-independent-verification/20260911T083025Z/check4g-strip-both-heal-fidelity.raw.json	name	ABSENT	KEYWORD-FALSE-POSITIVE	ACCEPTABLE	none
.mpd/tmp-baseline-bl-3d99718/evidence/wave3/t5-verify/.latest-stamp	name	ABSENT	KEYWORD-FALSE-POSITIVE	ACCEPTABLE	none
.mpd/tmp-baseline-bl-3d99718/evidence/wave3/t5-verify/20260911T083206Z/README.md	name	ABSENT	KEYWORD-FALSE-POSITIVE	ACCEPTABLE	none
.mpd/tmp-baseline-bl-3d99718/evidence/wave3/t5-verify/20260911T083206Z/bun-test-plugin.log	name	ABSENT	KEYWORD-FALSE-POSITIVE	ACCEPTABLE	none
.mpd/tmp-baseline-bl-3d99718/evidence/wave3/t5-verify/20260911T083206Z/bun-test-self-fix.log	name	ABSENT	KEYWORD-FALSE-POSITIVE	ACCEPTABLE	none
.mpd/tmp-baseline-bl-3d99718/evidence/wave3/t5-verify/20260911T083206Z/check5-install.log	name	ABSENT	KEYWORD-FALSE-POSITIVE	ACCEPTABLE	none
.mpd/tmp-baseline-bl-3d99718/evidence/wave3/t5-verify/20260911T083206Z/check5-mount-boot.log	name	ABSENT	KEYWORD-FALSE-POSITIVE	ACCEPTABLE	none
.mpd/tmp-baseline-bl-3d99718/evidence/wave3/t5-verify/20260911T083206Z/check5-mount.log	name	ABSENT	KEYWORD-FALSE-POSITIVE	ACCEPTABLE	none
.mpd/tmp-baseline-bl-3d99718/evidence/wave3/t5-verify/20260911T083206Z/check5-mount.result.json	name	ABSENT	KEYWORD-FALSE-POSITIVE	ACCEPTABLE	none
.mpd/tmp-baseline-bl-3d99718/evidence/wave3/t5-verify/20260911T083206Z/drivers/check5-mount.sh	name	ABSENT	KEYWORD-FALSE-POSITIVE	ACCEPTABLE	none
.mpd/tmp-baseline-bl-3d99718/evidence/wave3/t5-verify/20260911T083206Z/drivers/expected-tools.json	name	ABSENT	KEYWORD-FALSE-POSITIVE	ACCEPTABLE	none
.mpd/tmp-baseline-bl-3d99718/evidence/wave3/t5-verify/20260911T083206Z/drivers/f3-refusal.mjs	name	ABSENT	KEYWORD-FALSE-POSITIVE	ACCEPTABLE	none
.mpd/tmp-baseline-bl-3d99718/evidence/wave3/t5-verify/20260911T083206Z/drivers/f3-refusal.result.json	name	ABSENT	KEYWORD-FALSE-POSITIVE	ACCEPTABLE	none
.mpd/tmp-baseline-bl-3d99718/evidence/wave3/t5-verify/20260911T083206Z/drivers/finalize-evidence.mjs	name	ABSENT	KEYWORD-FALSE-POSITIVE	ACCEPTABLE	none
.mpd/tmp-baseline-bl-3d99718/evidence/wave3/t5-verify/20260911T083206Z/drivers/harness-arg-boundary.mjs	name	ABSENT	KEYWORD-FALSE-POSITIVE	ACCEPTABLE	none
.mpd/tmp-baseline-bl-3d99718/evidence/wave3/t5-verify/20260911T083206Z/drivers/harness-arg-boundary.result.json	name	ABSENT	KEYWORD-FALSE-POSITIVE	ACCEPTABLE	none
.mpd/tmp-baseline-bl-3d99718/evidence/wave3/t5-verify/20260911T083206Z/drivers/live-call-observation.json	name	ABSENT	KEYWORD-FALSE-POSITIVE	ACCEPTABLE	none
.mpd/tmp-baseline-bl-3d99718/evidence/wave3/t5-verify/20260911T083206Z/drivers/marker-fixtures.mjs	name	ABSENT	KEYWORD-FALSE-POSITIVE	ACCEPTABLE	none
.mpd/tmp-baseline-bl-3d99718/evidence/wave3/t5-verify/20260911T083206Z/drivers/marker-fixtures.result.json	name	ABSENT	KEYWORD-FALSE-POSITIVE	ACCEPTABLE	none
.mpd/tmp-baseline-bl-3d99718/evidence/wave3/t5-verify/20260911T083206Z/drivers/raw-fragment-stream-boundary.mjs	name	ABSENT	KEYWORD-FALSE-POSITIVE	ACCEPTABLE	none
.mpd/tmp-baseline-bl-3d99718/evidence/wave3/t5-verify/20260911T083206Z/drivers/raw-fragment-stream-boundary.result.json	name	ABSENT	KEYWORD-FALSE-POSITIVE	ACCEPTABLE	none
.mpd/tmp-baseline-bl-3d99718/evidence/wave3/t5-verify/20260911T083206Z/drivers/registry-determinism.mjs	name	ABSENT	KEYWORD-FALSE-POSITIVE	ACCEPTABLE	none
.mpd/tmp-baseline-bl-3d99718/evidence/wave3/t5-verify/20260911T083206Z/drivers/registry-determinism.result.json	name	ABSENT	KEYWORD-FALSE-POSITIVE	ACCEPTABLE	none
.mpd/tmp-baseline-bl-3d99718/evidence/wave3/t5-verify/20260911T083206Z/drivers/strip-heal-both.mjs	name	ABSENT	KEYWORD-FALSE-POSITIVE	ACCEPTABLE	none
.mpd/tmp-baseline-bl-3d99718/evidence/wave3/t5-verify/20260911T083206Z/drivers/strip-heal-both.result.json	name	ABSENT	KEYWORD-FALSE-POSITIVE	ACCEPTABLE	none
.mpd/tmp-baseline-bl-3d99718/evidence/wave3/t5-verify/20260911T083206Z/drivers/t5-mount-probe.mjs	name	ABSENT	KEYWORD-FALSE-POSITIVE	ACCEPTABLE	none
.mpd/tmp-baseline-bl-3d99718/evidence/wave3/t5-verify/20260911T083206Z/drivers/update-task-diagnostics.mjs	name	ABSENT	KEYWORD-FALSE-POSITIVE	ACCEPTABLE	none
.mpd/tmp-baseline-bl-3d99718/evidence/wave3/t5-verify/20260911T083206Z/drivers/update-task-diagnostics.result.json	name	ABSENT	KEYWORD-FALSE-POSITIVE	ACCEPTABLE	none
.mpd/tmp-baseline-bl-3d99718/evidence/wave3/t5-verify/20260911T083206Z/drivers/vendor-refusal-check.sh	name	ABSENT	KEYWORD-FALSE-POSITIVE	ACCEPTABLE	none
.mpd/tmp-baseline-bl-3d99718/evidence/wave3/t5-verify/20260911T083206Z/output.log	name	ABSENT	KEYWORD-FALSE-POSITIVE	ACCEPTABLE	none
.mpd/tmp-baseline-bl-3d99718/evidence/wave3/t5-verify/20260911T083206Z/result.json	name	ABSENT	KEYWORD-FALSE-POSITIVE	ACCEPTABLE	none
.mpd/tmp-baseline-bl-3d99718/evidence/wave3/t5-verify/20260911T083206Z/vendor-refusal.control.log	name	ABSENT	KEYWORD-FALSE-POSITIVE	ACCEPTABLE	none
.mpd/tmp-baseline-bl-3d99718/evidence/wave3/t5-verify/20260911T083206Z/vendor-refusal.log	name	ABSENT	KEYWORD-FALSE-POSITIVE	ACCEPTABLE	none
.mpd/tmp-baseline-bl-3d99718/evidence/wave3/t5-verify/20260911T083206Z/vendor-refusal.refusal.log	name	ABSENT	KEYWORD-FALSE-POSITIVE	ACCEPTABLE	none
.mpd/tmp-baseline-bl-3d99718/evidence/wave3/t6-verify/.current	name	ABSENT	KEYWORD-FALSE-POSITIVE	ACCEPTABLE	none
.mpd/tmp-baseline-bl-3d99718/evidence/wave3/t6-verify/20260911T090649Z/b8-astgrep.checkout.log	name	ABSENT	KEYWORD-FALSE-POSITIVE	ACCEPTABLE	none
.mpd/tmp-baseline-bl-3d99718/evidence/wave3/t6-verify/20260911T090649Z/b8-astgrep.necontrol.log	name	ABSENT	KEYWORD-FALSE-POSITIVE	ACCEPTABLE	none
.mpd/tmp-baseline-bl-3d99718/evidence/wave3/t6-verify/20260911T090649Z/b8-codegraph.checkout.log	name	ABSENT	KEYWORD-FALSE-POSITIVE	ACCEPTABLE	none
.mpd/tmp-baseline-bl-3d99718/evidence/wave3/t6-verify/20260911T090649Z/b8-own-gate.log	name	ABSENT	KEYWORD-FALSE-POSITIVE	ACCEPTABLE	none
.mpd/tmp-baseline-bl-3d99718/evidence/wave3/t6-verify/20260911T090649Z/b8-own-gate.result.json	name	ABSENT	KEYWORD-FALSE-POSITIVE	ACCEPTABLE	none
.mpd/tmp-baseline-bl-3d99718/evidence/wave3/t6-verify/20260911T090649Z/b8-resolver-ordering.log	name	ABSENT	KEYWORD-FALSE-POSITIVE	ACCEPTABLE	none
.mpd/tmp-baseline-bl-3d99718/evidence/wave3/t6-verify/20260911T090649Z/devboot.log	name	ABSENT	KEYWORD-FALSE-POSITIVE	ACCEPTABLE	none
.mpd/tmp-baseline-bl-3d99718/evidence/wave3/t6-verify/20260911T090649Z/devboot.result.json	name	ABSENT	KEYWORD-FALSE-POSITIVE	ACCEPTABLE	none
.mpd/tmp-baseline-bl-3d99718/evidence/wave3/t6-verify/20260911T090649Z/fb8-fixed.stderr.txt	name	ABSENT	KEYWORD-FALSE-POSITIVE	ACCEPTABLE	none
.mpd/tmp-baseline-bl-3d99718/evidence/wave3/t6-verify/20260911T090649Z/fb8-fixed.stdout.txt	name	ABSENT	KEYWORD-FALSE-POSITIVE	ACCEPTABLE	none
.mpd/tmp-baseline-bl-3d99718/evidence/wave3/t6-verify/20260911T090649Z/fb8-own.log	name	ABSENT	KEYWORD-FALSE-POSITIVE	ACCEPTABLE	none
.mpd/tmp-baseline-bl-3d99718/evidence/wave3/t6-verify/20260911T090649Z/fb8-own.result.json	name	ABSENT	KEYWORD-FALSE-POSITIVE	ACCEPTABLE	none
.mpd/tmp-baseline-bl-3d99718/evidence/wave3/t6-verify/20260911T090649Z/fb8-pre-fix.stderr.txt	name	ABSENT	KEYWORD-FALSE-POSITIVE	ACCEPTABLE	none
.mpd/tmp-baseline-bl-3d99718/evidence/wave3/t6-verify/20260911T090649Z/fb8-pre-fix.stdout.txt	name	ABSENT	KEYWORD-FALSE-POSITIVE	ACCEPTABLE	none
.mpd/tmp-baseline-bl-3d99718/evidence/wave3/t6-verify/20260911T090649Z/gate-bun-test-packages.log	name	ABSENT	KEYWORD-FALSE-POSITIVE	ACCEPTABLE	none
.mpd/tmp-baseline-bl-3d99718/evidence/wave3/t6-verify/20260911T090649Z/gate-bundle-lifecycle.log	name	ABSENT	KEYWORD-FALSE-POSITIVE	ACCEPTABLE	none
.mpd/tmp-baseline-bl-3d99718/evidence/wave3/t6-verify/20260911T090649Z/gate-codegraph-package-test.log	name	ABSENT	KEYWORD-FALSE-POSITIVE	ACCEPTABLE	none
.mpd/tmp-baseline-bl-3d99718/evidence/wave3/t6-verify/20260911T090649Z/gate-preset-conformance.log	name	ABSENT	KEYWORD-FALSE-POSITIVE	ACCEPTABLE	none
.mpd/tmp-baseline-bl-3d99718/evidence/wave3/t6-verify/20260911T090649Z/gate-test-qa.log	name	ABSENT	KEYWORD-FALSE-POSITIVE	ACCEPTABLE	none
.mpd/tmp-baseline-bl-3d99718/evidence/wave3/t6-verify/20260911T090649Z/gate-typecheck.log	name	ABSENT	KEYWORD-FALSE-POSITIVE	ACCEPTABLE	none
.mpd/tmp-baseline-bl-3d99718/evidence/wave3/t6-verify/20260911T090649Z/gate-verify-vendor.log	name	ABSENT	KEYWORD-FALSE-POSITIVE	ACCEPTABLE	none
.mpd/tmp-baseline-bl-3d99718/evidence/wave3/t6-verify/20260911T090649Z/negative-controls.log	name	ABSENT	KEYWORD-FALSE-POSITIVE	ACCEPTABLE	none
.mpd/tmp-baseline-bl-3d99718/evidence/wave3/t6-verify/20260911T090649Z/negative-controls.result.json	name	ABSENT	KEYWORD-FALSE-POSITIVE	ACCEPTABLE	none
.mpd/tmp-baseline-bl-3d99718/evidence/wave3/t6-verify/20260911T090649Z/o1-boot-no-override.log	name	ABSENT	KEYWORD-FALSE-POSITIVE	ACCEPTABLE	none
.mpd/tmp-baseline-bl-3d99718/evidence/wave3/t6-verify/20260911T090649Z/o1-boot-override-wins.log	name	ABSENT	KEYWORD-FALSE-POSITIVE	ACCEPTABLE	none
.mpd/tmp-baseline-bl-3d99718/evidence/wave3/t6-verify/20260911T090649Z/o1-boot-session-root.log	name	ABSENT	KEYWORD-FALSE-POSITIVE	ACCEPTABLE	none
.mpd/tmp-baseline-bl-3d99718/evidence/wave3/t6-verify/20260911T090649Z/o1-own.log	name	ABSENT	KEYWORD-FALSE-POSITIVE	ACCEPTABLE	none
.mpd/tmp-baseline-bl-3d99718/evidence/wave3/t6-verify/20260911T090649Z/o1-own.result.json	name	ABSENT	KEYWORD-FALSE-POSITIVE	ACCEPTABLE	none
.mpd/tmp-baseline-bl-3d99718/evidence/wave3/t6-verify/20260911T090649Z/qa-dual-track-smoke.log	name	ABSENT	KEYWORD-FALSE-POSITIVE	ACCEPTABLE	none
.mpd/tmp-baseline-bl-3d99718/evidence/wave3/t6-verify/20260911T090649Z/qa-mcp-call.log	name	ABSENT	KEYWORD-FALSE-POSITIVE	ACCEPTABLE	none
.mpd/tmp-baseline-bl-3d99718/evidence/wave3/t6-verify/20260911T090649Z/qa-preset-register.log	name	ABSENT	KEYWORD-FALSE-POSITIVE	ACCEPTABLE	none
.mpd/tmp-baseline-bl-3d99718/evidence/wave3/t6-verify/20260911T090649Z/qa-rtl-verif.log	name	ABSENT	UNTRACKED-BUILD-ARTIFACT	ACCEPTABLE	low
.mpd/tmp-baseline-bl-3d99718/evidence/wave3/t6-verify/20260911T090649Z/t6-RESULT.json	name	ABSENT	KEYWORD-FALSE-POSITIVE	ACCEPTABLE	none
.mpd/tmp-baseline-bl-3d99718/evidence/wave3/t6-verify/20260911T090649Z/t6-b8-gate.mjs	name	ABSENT	KEYWORD-FALSE-POSITIVE	ACCEPTABLE	none
.mpd/tmp-baseline-bl-3d99718/evidence/wave3/t6-verify/20260911T090649Z/t6-devboot-assert.mjs	name	ABSENT	KEYWORD-FALSE-POSITIVE	ACCEPTABLE	none
.mpd/tmp-baseline-bl-3d99718/evidence/wave3/t6-verify/20260911T090649Z/t6-devpatch.mjs	name	ABSENT	KEYWORD-FALSE-POSITIVE	ACCEPTABLE	none
.mpd/tmp-baseline-bl-3d99718/evidence/wave3/t6-verify/20260911T090649Z/t6-fb8.mjs	name	ABSENT	KEYWORD-FALSE-POSITIVE	ACCEPTABLE	none
.mpd/tmp-baseline-bl-3d99718/evidence/wave3/t6-verify/20260911T090649Z/t6-negative-controls.mjs	name	ABSENT	KEYWORD-FALSE-POSITIVE	ACCEPTABLE	none
.mpd/tmp-baseline-bl-3d99718/evidence/wave3/t6-verify/20260911T090649Z/t6-o1.mjs	name	ABSENT	KEYWORD-FALSE-POSITIVE	ACCEPTABLE	none
.mpd/tmp-baseline-bl-3d99718/evidence/wave3/t6-verify/20260911T090649Z/t6-supplement.json	name	ABSENT	KEYWORD-FALSE-POSITIVE	ACCEPTABLE	none
.mpd/tmp-baseline-bl-3d99718/evidence/wave3/t6-verify/20260911T090649Z/t6-vendor-repin.mjs	name	ABSENT	KEYWORD-FALSE-POSITIVE	ACCEPTABLE	none
.mpd/tmp-baseline-bl-3d99718/evidence/wave3/t6-verify/20260911T090649Z/vendor-repin.log	name	ABSENT	KEYWORD-FALSE-POSITIVE	ACCEPTABLE	none
.mpd/tmp-baseline-bl-3d99718/evidence/wave3/t6-verify/20260911T090649Z/vendor-repin.result.json	name	ABSENT	KEYWORD-FALSE-POSITIVE	ACCEPTABLE	none
.mpd/tmp-baseline-bl-3d99718/evidence/wave3/t6-verify/20260911T090649Z/work/boot-dualtrack/boot.log	name	ABSENT	KEYWORD-FALSE-POSITIVE	ACCEPTABLE	none
.mpd/tmp-baseline-bl-3d99718/evidence/wave3/t6-verify/20260911T090649Z/work/boot-dualtrack/probe.yml	name	ABSENT	KEYWORD-FALSE-POSITIVE	ACCEPTABLE	none
.mpd/tmp-baseline-bl-3d99718/evidence/wave3/t6-verify/20260911T090649Z/work/boot-manual-prefix/boot.log	name	ABSENT	KEYWORD-FALSE-POSITIVE	ACCEPTABLE	none
.mpd/tmp-baseline-bl-3d99718/evidence/wave3/t6-verify/20260911T090649Z/work/boot-manual-prefix/presets.yml	name	ABSENT	KEYWORD-FALSE-POSITIVE	ACCEPTABLE	none
.mpd/tmp-baseline-bl-3d99718/evidence/wave3/t6-verify/20260911T090649Z/work/boot-manual-prefix/probe.yml	name	ABSENT	KEYWORD-FALSE-POSITIVE	ACCEPTABLE	none
.mpd/tmp-baseline-bl-3d99718/evidence/wave3/t6-verify/20260911T090649Z/work/boot-manual/boot.log	name	ABSENT	KEYWORD-FALSE-POSITIVE	ACCEPTABLE	none
.mpd/tmp-baseline-bl-3d99718/evidence/wave3/t6-verify/20260911T090649Z/work/boot-manual/presets.yml	name	ABSENT	KEYWORD-FALSE-POSITIVE	ACCEPTABLE	none
.mpd/tmp-baseline-bl-3d99718/evidence/wave3/t6-verify/20260911T090649Z/work/boot-manual/probe.yml	name	ABSENT	KEYWORD-FALSE-POSITIVE	ACCEPTABLE	none
.mpd/tmp-baseline-bl-3d99718/evidence/wave3/t6-verify/20260911T090649Z/work/boot-rtlverif/boot.log	name	ABSENT	KEYWORD-FALSE-POSITIVE	ACCEPTABLE	none
.mpd/tmp-baseline-bl-3d99718/evidence/wave3/t6-verify/20260911T090649Z/work/boot-rtlverif/probe.yml	name	ABSENT	KEYWORD-FALSE-POSITIVE	ACCEPTABLE	none
.mpd/tmp-baseline-bl-3d99718/evidence/wave3/t6-verify/20260911T090649Z/work/dev-dualtrack.yml	name	ABSENT	KEYWORD-FALSE-POSITIVE	ACCEPTABLE	none
.mpd/tmp-baseline-bl-3d99718/evidence/wave3/t6-verify/20260911T090649Z/work/dev-fixed.yml	name	ABSENT	KEYWORD-FALSE-POSITIVE	ACCEPTABLE	none
.mpd/tmp-baseline-bl-3d99718/evidence/wave3/t6-verify/20260911T090649Z/work/dev-prefix.yml	name	ABSENT	KEYWORD-FALSE-POSITIVE	ACCEPTABLE	none
.mpd/tmp-baseline-bl-3d99718/evidence/wave3/t6-verify/20260911T090649Z/work/dev-rtlverif.yml	name	ABSENT	KEYWORD-FALSE-POSITIVE	ACCEPTABLE	none
.mpd/tmp-baseline-bl-3d99718/evidence/wave3/t6-verify/20260911T090649Z/work/extract-dualtrack.err	name	ABSENT	KEYWORD-FALSE-POSITIVE	ACCEPTABLE	none
.mpd/tmp-baseline-bl-3d99718/evidence/wave3/t6-verify/20260911T090649Z/work/extract-fixed.err	name	ABSENT	KEYWORD-FALSE-POSITIVE	ACCEPTABLE	none
.mpd/tmp-baseline-bl-3d99718/evidence/wave3/t6-verify/20260911T090649Z/work/extract-prefix.err	name	ABSENT	KEYWORD-FALSE-POSITIVE	ACCEPTABLE	none
.mpd/tmp-baseline-bl-3d99718/evidence/wave3/t6-verify/20260911T090649Z/work/extract-rtlverif.err	name	ABSENT	KEYWORD-FALSE-POSITIVE	ACCEPTABLE	none
.mpd/tmp-baseline-bl-3d99718/evidence/wave3/t6-verify/20260911T090649Z/work/mcp-probe.mjs	name	ABSENT	KEYWORD-FALSE-POSITIVE	ACCEPTABLE	none
.mpd/tmp-baseline-bl-3d99718/evidence/wave3/t6-verify/20260911T090649Z/work/negfarm/skills/dsh-qa/scripts/mutated-preset-register.mjs	name	ABSENT	KEYWORD-FALSE-POSITIVE	ACCEPTABLE	none
.mpd/tmp-baseline-bl-3d99718/evidence/wave3/t6-verify/20260911T090649Z/work/negfarm/skills/dsh-qa/scripts/mutated-rtl-verif.mjs	name	ABSENT	UNTRACKED-BUILD-ARTIFACT	ACCEPTABLE	low
.mpd/tmp-baseline-bl-3d99718/evidence/wave3/t6-verify/20260911T090649Z/work/negfarm/skills/dsh-qa/scripts/unmodified-preset-register.mjs	name	ABSENT	KEYWORD-FALSE-POSITIVE	ACCEPTABLE	none
.mpd/tmp-baseline-bl-3d99718/evidence/wave3/t6-verify/20260911T090649Z/work/negfarm/skills/dsh-qa/scripts/unmodified-rtl-verif.mjs	name	ABSENT	UNTRACKED-BUILD-ARTIFACT	ACCEPTABLE	low
.mpd/tmp-baseline-bl-3d99718/evidence/wave3/t6-verify/20260911T090649Z/work/pre-fix-preset-register.mjs	name	ABSENT	KEYWORD-FALSE-POSITIVE	ACCEPTABLE	none
.mpd/tmp-baseline-bl-3d99718/evidence/wave3/t9-captain-independent-verification/20260911T093618Z/check4g-strip-both-heal-fidelity.log	name	ABSENT	KEYWORD-FALSE-POSITIVE	ACCEPTABLE	none
.mpd/tmp-baseline-bl-3d99718/evidence/wave3/t9-captain-independent-verification/20260911T093618Z/check4g-strip-both-heal-fidelity.raw.json	name	ABSENT	KEYWORD-FALSE-POSITIVE	ACCEPTABLE	none
.mpd/tmp-baseline-bl-3d99718/evidence/workmate/low-findings-fix/2026-09-11T00-43-23Z/verify-vendor.log	name	ABSENT	KEYWORD-FALSE-POSITIVE	ACCEPTABLE	none
.mpd/tmp-baseline-bl-3d99718/evidence/workmate/rename-delete-core/2026-09-10T13-49-39.352Z/verify-after.console.log	name	ABSENT	KEYWORD-FALSE-POSITIVE	ACCEPTABLE	none
.mpd/tmp-baseline-bl-3d99718/evidence/workmate/rename-delete-core/2026-09-10T13-49-39.352Z/verify-after.json	name	ABSENT	KEYWORD-FALSE-POSITIVE	ACCEPTABLE	none
.mpd/tmp-baseline-bl-3d99718/evidence/workmate/rename-delete-core/2026-09-10T13-49-39.352Z/verify-before.console.log	name	ABSENT	KEYWORD-FALSE-POSITIVE	ACCEPTABLE	none
.mpd/tmp-baseline-bl-3d99718/evidence/workmate/rename-delete-core/2026-09-10T13-49-39.352Z/verify-before.json	name	ABSENT	KEYWORD-FALSE-POSITIVE	ACCEPTABLE	none
.mpd/tmp-baseline-bl-3d99718/evidence/workmate/rename-delete-core/2026-09-10T13-49-39.352Z/verify-output-schema.mjs	name	ABSENT	KEYWORD-FALSE-POSITIVE	ACCEPTABLE	none
.mpd/tmp-baseline-bl-3d99718/evidence/workmate/rename-delete-core/20260910T134647Z-t14/reverification-after-later-edits.txt	name	ABSENT	KEYWORD-FALSE-POSITIVE	ACCEPTABLE	none
.mpd/tmp-baseline-bl-3d99718/evidence/workmate/rename-delete-core/20260910T134647Z-t14/verify-vendor-final.log	name	ABSENT	KEYWORD-FALSE-POSITIVE	ACCEPTABLE	none
.mpd/tmp-baseline-bl-3d99718/evidence/workmate/rename-delete-core/20260910T134647Z-t14/verify-vendor-final2.log	name	ABSENT	KEYWORD-FALSE-POSITIVE	ACCEPTABLE	none
.mpd/tmp-baseline-bl-3d99718/evidence/workmate/rename-delete-core/20260910T134647Z-t14/verify-vendor.log	name	ABSENT	KEYWORD-FALSE-POSITIVE	ACCEPTABLE	none
.mpd/tmp-baseline-bl-3d99718/evidence/workmate/rename-delete-core/t14-verify.sh	name	ABSENT	KEYWORD-FALSE-POSITIVE	ACCEPTABLE	none
.mpd/tmp-baseline-bl-3d99718/evidence/workmate/rename-delete-verify/2026-09-10T13-24-03.000Z/boot-check.log	name	ABSENT	KEYWORD-FALSE-POSITIVE	ACCEPTABLE	none
.mpd/tmp-baseline-bl-3d99718/evidence/workmate/rename-delete-verify/2026-09-10T13-24-03.000Z/boot-check.sh	name	ABSENT	KEYWORD-FALSE-POSITIVE	ACCEPTABLE	none
.mpd/tmp-baseline-bl-3d99718/evidence/workmate/rename-delete-verify/2026-09-10T13-24-03.000Z/dump-config.txt	name	ABSENT	KEYWORD-FALSE-POSITIVE	ACCEPTABLE	none
.mpd/tmp-baseline-bl-3d99718/evidence/workmate/rename-delete-verify/2026-09-10T13-24-03.000Z/findings.md	name	ABSENT	KEYWORD-FALSE-POSITIVE	ACCEPTABLE	none
.mpd/tmp-baseline-bl-3d99718/evidence/workmate/rename-delete-verify/2026-09-10T13-24-03.000Z/focused-boot.log	name	ABSENT	KEYWORD-FALSE-POSITIVE	ACCEPTABLE	none
.mpd/tmp-baseline-bl-3d99718/evidence/workmate/rename-delete-verify/2026-09-10T13-24-03.000Z/gate-bun-test.log	name	ABSENT	KEYWORD-FALSE-POSITIVE	ACCEPTABLE	none
.mpd/tmp-baseline-bl-3d99718/evidence/workmate/rename-delete-verify/2026-09-10T13-24-03.000Z/gate-test-qa.log	name	ABSENT	KEYWORD-FALSE-POSITIVE	ACCEPTABLE	none
.mpd/tmp-baseline-bl-3d99718/evidence/workmate/rename-delete-verify/2026-09-10T13-24-03.000Z/gate-typecheck.log	name	ABSENT	KEYWORD-FALSE-POSITIVE	ACCEPTABLE	none
.mpd/tmp-baseline-bl-3d99718/evidence/workmate/rename-delete-verify/2026-09-10T13-24-03.000Z/gate-vendor-final.log	name	ABSENT	KEYWORD-FALSE-POSITIVE	ACCEPTABLE	none
.mpd/tmp-baseline-bl-3d99718/evidence/workmate/rename-delete-verify/2026-09-10T13-24-03.000Z/gate-vendor.log	name	ABSENT	KEYWORD-FALSE-POSITIVE	ACCEPTABLE	none
.mpd/tmp-baseline-bl-3d99718/evidence/workmate/rename-delete-verify/2026-09-10T13-24-03.000Z/output-focused-run1.log	name	ABSENT	KEYWORD-FALSE-POSITIVE	ACCEPTABLE	none
.mpd/tmp-baseline-bl-3d99718/evidence/workmate/rename-delete-verify/2026-09-10T13-24-03.000Z/output-focused.log	name	ABSENT	KEYWORD-FALSE-POSITIVE	ACCEPTABLE	none
.mpd/tmp-baseline-bl-3d99718/evidence/workmate/rename-delete-verify/2026-09-10T13-24-03.000Z/output-tools.log	name	ABSENT	KEYWORD-FALSE-POSITIVE	ACCEPTABLE	none
.mpd/tmp-baseline-bl-3d99718/evidence/workmate/rename-delete-verify/2026-09-10T13-24-03.000Z/output.log	name	ABSENT	KEYWORD-FALSE-POSITIVE	ACCEPTABLE	none
.mpd/tmp-baseline-bl-3d99718/evidence/workmate/rename-delete-verify/2026-09-10T13-24-03.000Z/probe.mjs	name	ABSENT	KEYWORD-FALSE-POSITIVE	ACCEPTABLE	none
.mpd/tmp-baseline-bl-3d99718/evidence/workmate/rename-delete-verify/2026-09-10T13-24-03.000Z/probe2.mjs	name	ABSENT	KEYWORD-FALSE-POSITIVE	ACCEPTABLE	none
.mpd/tmp-baseline-bl-3d99718/evidence/workmate/rename-delete-verify/2026-09-10T13-24-03.000Z/result-focused-run1.json	name	ABSENT	KEYWORD-FALSE-POSITIVE	ACCEPTABLE	none
.mpd/tmp-baseline-bl-3d99718/evidence/workmate/rename-delete-verify/2026-09-10T13-24-03.000Z/result-focused.json	name	ABSENT	KEYWORD-FALSE-POSITIVE	ACCEPTABLE	none
.mpd/tmp-baseline-bl-3d99718/evidence/workmate/rename-delete-verify/2026-09-10T13-24-03.000Z/result-run1.json	name	ABSENT	KEYWORD-FALSE-POSITIVE	ACCEPTABLE	none
.mpd/tmp-baseline-bl-3d99718/evidence/workmate/rename-delete-verify/2026-09-10T13-24-03.000Z/result-tools.json	name	ABSENT	KEYWORD-FALSE-POSITIVE	ACCEPTABLE	none
.mpd/tmp-baseline-bl-3d99718/evidence/workmate/rename-delete-verify/2026-09-10T13-24-03.000Z/result.json	name	ABSENT	KEYWORD-FALSE-POSITIVE	ACCEPTABLE	none
.mpd/tmp-baseline-bl-3d99718/evidence/workmate/rename-delete-verify/2026-09-10T13-24-03.000Z/results.json	name	ABSENT	KEYWORD-FALSE-POSITIVE	ACCEPTABLE	none
.mpd/tmp-baseline-bl-3d99718/evidence/workmate/rename-delete-verify/2026-09-10T13-24-03.000Z/tools-boot.log	name	ABSENT	KEYWORD-FALSE-POSITIVE	ACCEPTABLE	none
.mpd/tmp-baseline-bl-3d99718/evidence/workmate/rename-delete-verify/2026-09-10T13-24-03.000Z/verify-focused.mjs	name	ABSENT	KEYWORD-FALSE-POSITIVE	ACCEPTABLE	none
.mpd/tmp-baseline-bl-3d99718/evidence/workmate/rename-delete-verify/2026-09-10T13-24-03.000Z/verify-routes.mjs	name	ABSENT	KEYWORD-FALSE-POSITIVE	ACCEPTABLE	none
.mpd/tmp-baseline-bl-3d99718/evidence/workmate/rename-delete-verify/2026-09-10T13-24-03.000Z/verify-tools.mjs	name	ABSENT	KEYWORD-FALSE-POSITIVE	ACCEPTABLE	none
.mpd/tmp-baseline-bl-3d99718/evidence/workmate/rename-delete-verify/2026-09-10T13-24-03.000Z/web-boot.log	name	ABSENT	KEYWORD-FALSE-POSITIVE	ACCEPTABLE	none
.mpd/tmp-baseline-bl-3d99718/evidence/workmate/rename-delete-verify/attempt2-2026-09-10T13-59-50.000Z/boot-check.log	name	ABSENT	KEYWORD-FALSE-POSITIVE	ACCEPTABLE	none
.mpd/tmp-baseline-bl-3d99718/evidence/workmate/rename-delete-verify/attempt2-2026-09-10T13-59-50.000Z/boot-check.sh	name	ABSENT	KEYWORD-FALSE-POSITIVE	ACCEPTABLE	none
.mpd/tmp-baseline-bl-3d99718/evidence/workmate/rename-delete-verify/attempt2-2026-09-10T13-59-50.000Z/consolidate.mjs	name	ABSENT	KEYWORD-FALSE-POSITIVE	ACCEPTABLE	none
.mpd/tmp-baseline-bl-3d99718/evidence/workmate/rename-delete-verify/attempt2-2026-09-10T13-59-50.000Z/dump-config.txt	name	ABSENT	KEYWORD-FALSE-POSITIVE	ACCEPTABLE	none
.mpd/tmp-baseline-bl-3d99718/evidence/workmate/rename-delete-verify/attempt2-2026-09-10T13-59-50.000Z/findings.md	name	ABSENT	KEYWORD-FALSE-POSITIVE	ACCEPTABLE	none
.mpd/tmp-baseline-bl-3d99718/evidence/workmate/rename-delete-verify/attempt2-2026-09-10T13-59-50.000Z/focused2-boot.log	name	ABSENT	KEYWORD-FALSE-POSITIVE	ACCEPTABLE	none
.mpd/tmp-baseline-bl-3d99718/evidence/workmate/rename-delete-verify/attempt2-2026-09-10T13-59-50.000Z/gate-bun-test.log	name	ABSENT	KEYWORD-FALSE-POSITIVE	ACCEPTABLE	none
.mpd/tmp-baseline-bl-3d99718/evidence/workmate/rename-delete-verify/attempt2-2026-09-10T13-59-50.000Z/gate-test-qa.log	name	ABSENT	KEYWORD-FALSE-POSITIVE	ACCEPTABLE	none
.mpd/tmp-baseline-bl-3d99718/evidence/workmate/rename-delete-verify/attempt2-2026-09-10T13-59-50.000Z/gate-typecheck.log	name	ABSENT	KEYWORD-FALSE-POSITIVE	ACCEPTABLE	none
.mpd/tmp-baseline-bl-3d99718/evidence/workmate/rename-delete-verify/attempt2-2026-09-10T13-59-50.000Z/gate-vendor.log	name	ABSENT	KEYWORD-FALSE-POSITIVE	ACCEPTABLE	none
.mpd/tmp-baseline-bl-3d99718/evidence/workmate/rename-delete-verify/attempt2-2026-09-10T13-59-50.000Z/output-focused2.log	name	ABSENT	KEYWORD-FALSE-POSITIVE	ACCEPTABLE	none
.mpd/tmp-baseline-bl-3d99718/evidence/workmate/rename-delete-verify/attempt2-2026-09-10T13-59-50.000Z/output-tools.log	name	ABSENT	KEYWORD-FALSE-POSITIVE	ACCEPTABLE	none
.mpd/tmp-baseline-bl-3d99718/evidence/workmate/rename-delete-verify/attempt2-2026-09-10T13-59-50.000Z/output.log	name	ABSENT	KEYWORD-FALSE-POSITIVE	ACCEPTABLE	none
.mpd/tmp-baseline-bl-3d99718/evidence/workmate/rename-delete-verify/attempt2-2026-09-10T13-59-50.000Z/probe.mjs	name	ABSENT	KEYWORD-FALSE-POSITIVE	ACCEPTABLE	none
.mpd/tmp-baseline-bl-3d99718/evidence/workmate/rename-delete-verify/attempt2-2026-09-10T13-59-50.000Z/probe2.mjs	name	ABSENT	KEYWORD-FALSE-POSITIVE	ACCEPTABLE	none
.mpd/tmp-baseline-bl-3d99718/evidence/workmate/rename-delete-verify/attempt2-2026-09-10T13-59-50.000Z/readonly-deny-s1-current.mjs	name	ABSENT	KEYWORD-FALSE-POSITIVE	ACCEPTABLE	none
.mpd/tmp-baseline-bl-3d99718/evidence/workmate/rename-delete-verify/attempt2-2026-09-10T13-59-50.000Z/readonly-deny-s1.mjs	name	ABSENT	KEYWORD-FALSE-POSITIVE	ACCEPTABLE	none
.mpd/tmp-baseline-bl-3d99718/evidence/workmate/rename-delete-verify/attempt2-2026-09-10T13-59-50.000Z/result-focused2-measured-on-1358dist.json	name	ABSENT	KEYWORD-FALSE-POSITIVE	ACCEPTABLE	none
.mpd/tmp-baseline-bl-3d99718/evidence/workmate/rename-delete-verify/attempt2-2026-09-10T13-59-50.000Z/result-focused2.json	name	ABSENT	KEYWORD-FALSE-POSITIVE	ACCEPTABLE	none
.mpd/tmp-baseline-bl-3d99718/evidence/workmate/rename-delete-verify/attempt2-2026-09-10T13-59-50.000Z/result-routes-measured-on-1358dist.json	name	ABSENT	KEYWORD-FALSE-POSITIVE	ACCEPTABLE	none
.mpd/tmp-baseline-bl-3d99718/evidence/workmate/rename-delete-verify/attempt2-2026-09-10T13-59-50.000Z/result-tools-measured-on-1358dist.json	name	ABSENT	KEYWORD-FALSE-POSITIVE	ACCEPTABLE	none
.mpd/tmp-baseline-bl-3d99718/evidence/workmate/rename-delete-verify/attempt2-2026-09-10T13-59-50.000Z/result-tools.json	name	ABSENT	KEYWORD-FALSE-POSITIVE	ACCEPTABLE	none
.mpd/tmp-baseline-bl-3d99718/evidence/workmate/rename-delete-verify/attempt2-2026-09-10T13-59-50.000Z/result.json	name	ABSENT	KEYWORD-FALSE-POSITIVE	ACCEPTABLE	none
.mpd/tmp-baseline-bl-3d99718/evidence/workmate/rename-delete-verify/attempt2-2026-09-10T13-59-50.000Z/results.json	name	ABSENT	KEYWORD-FALSE-POSITIVE	ACCEPTABLE	none
.mpd/tmp-baseline-bl-3d99718/evidence/workmate/rename-delete-verify/attempt2-2026-09-10T13-59-50.000Z/s1-current-copy-hash.txt	name	ABSENT	KEYWORD-FALSE-POSITIVE	ACCEPTABLE	none
.mpd/tmp-baseline-bl-3d99718/evidence/workmate/rename-delete-verify/attempt2-2026-09-10T13-59-50.000Z/s1-current-run.log	name	ABSENT	KEYWORD-FALSE-POSITIVE	ACCEPTABLE	none
.mpd/tmp-baseline-bl-3d99718/evidence/workmate/rename-delete-verify/attempt2-2026-09-10T13-59-50.000Z/s1-current-shipped-hash.txt	name	ABSENT	KEYWORD-FALSE-POSITIVE	ACCEPTABLE	none
.mpd/tmp-baseline-bl-3d99718/evidence/workmate/rename-delete-verify/attempt2-2026-09-10T13-59-50.000Z/s1-current/2026-09-10T14-26-52.232Z/output.log	name	ABSENT	KEYWORD-FALSE-POSITIVE	ACCEPTABLE	none
.mpd/tmp-baseline-bl-3d99718/evidence/workmate/rename-delete-verify/attempt2-2026-09-10T13-59-50.000Z/s1-current/2026-09-10T14-26-52.232Z/result.json	name	ABSENT	KEYWORD-FALSE-POSITIVE	ACCEPTABLE	none
.mpd/tmp-baseline-bl-3d99718/evidence/workmate/rename-delete-verify/attempt2-2026-09-10T13-59-50.000Z/s1-run.log	name	ABSENT	KEYWORD-FALSE-POSITIVE	ACCEPTABLE	none
.mpd/tmp-baseline-bl-3d99718/evidence/workmate/rename-delete-verify/attempt2-2026-09-10T13-59-50.000Z/s1/2026-09-10T14-11-17.023Z/output.log	name	ABSENT	KEYWORD-FALSE-POSITIVE	ACCEPTABLE	none
.mpd/tmp-baseline-bl-3d99718/evidence/workmate/rename-delete-verify/attempt2-2026-09-10T13-59-50.000Z/s1/2026-09-10T14-11-17.023Z/result.json	name	ABSENT	KEYWORD-FALSE-POSITIVE	ACCEPTABLE	none
.mpd/tmp-baseline-bl-3d99718/evidence/workmate/rename-delete-verify/attempt2-2026-09-10T13-59-50.000Z/summary-routes-current.json	name	ABSENT	KEYWORD-FALSE-POSITIVE	ACCEPTABLE	none
.mpd/tmp-baseline-bl-3d99718/evidence/workmate/rename-delete-verify/attempt2-2026-09-10T13-59-50.000Z/tools-boot.log	name	ABSENT	KEYWORD-FALSE-POSITIVE	ACCEPTABLE	none
.mpd/tmp-baseline-bl-3d99718/evidence/workmate/rename-delete-verify/attempt2-2026-09-10T13-59-50.000Z/verify-focused2.mjs	name	ABSENT	KEYWORD-FALSE-POSITIVE	ACCEPTABLE	none
.mpd/tmp-baseline-bl-3d99718/evidence/workmate/rename-delete-verify/attempt2-2026-09-10T13-59-50.000Z/verify-routes.mjs	name	ABSENT	KEYWORD-FALSE-POSITIVE	ACCEPTABLE	none
.mpd/tmp-baseline-bl-3d99718/evidence/workmate/rename-delete-verify/attempt2-2026-09-10T13-59-50.000Z/verify-tools.mjs	name	ABSENT	KEYWORD-FALSE-POSITIVE	ACCEPTABLE	none
.mpd/tmp-baseline-bl-3d99718/evidence/workmate/rename-delete-verify/attempt2-2026-09-10T13-59-50.000Z/web-boot.log	name	ABSENT	KEYWORD-FALSE-POSITIVE	ACCEPTABLE	none
.mpd/tmp-baseline-bl-3d99718/evidence/workmate/roles-readonly/2026-09-10T13-31-33.751Z/proof-verify-vendor.txt	name	ABSENT	KEYWORD-FALSE-POSITIVE	ACCEPTABLE	none
.mpd/tmp-baseline-bl-3d99718/packages/mpd-mcp-lsp/templates/rtl-lsp-client.json	name	ABSENT	UNTRACKED-BUILD-ARTIFACT	ACCEPTABLE	low
.mpd/tmp-baseline-bl-3d99718/packages/mpd-verif-plugin/README.md	name	ABSENT	UNTRACKED-BUILD-ARTIFACT	ACCEPTABLE	low
.mpd/tmp-baseline-bl-3d99718/packages/mpd-verif-plugin/README.zh-CN.md	name	ABSENT	UNTRACKED-BUILD-ARTIFACT	ACCEPTABLE	low
.mpd/tmp-baseline-bl-3d99718/packages/mpd-verif-plugin/dist/index.js	name	ABSENT	UNTRACKED-BUILD-ARTIFACT	ACCEPTABLE	low
.mpd/tmp-baseline-bl-3d99718/packages/mpd-verif-plugin/evidence/smoke/adder.v	name	ABSENT	UNTRACKED-BUILD-ARTIFACT	ACCEPTABLE	low
.mpd/tmp-baseline-bl-3d99718/packages/mpd-verif-plugin/evidence/smoke/adder_tb.py	name	ABSENT	UNTRACKED-BUILD-ARTIFACT	ACCEPTABLE	low
.mpd/tmp-baseline-bl-3d99718/packages/mpd-verif-plugin/evidence/smoke/results.json	name	ABSENT	UNTRACKED-BUILD-ARTIFACT	ACCEPTABLE	low
.mpd/tmp-baseline-bl-3d99718/packages/mpd-verif-plugin/evidence/smoke/smoke.mjs	name	ABSENT	UNTRACKED-BUILD-ARTIFACT	ACCEPTABLE	low
.mpd/tmp-baseline-bl-3d99718/packages/mpd-verif-plugin/evidence/smoke/workspace/rtl/__pycache__/adder_tb.cpython-312.pyc	name	ABSENT	UNTRACKED-BUILD-ARTIFACT	ACCEPTABLE	low
.mpd/tmp-baseline-bl-3d99718/packages/mpd-verif-plugin/evidence/smoke/workspace/rtl/adder.v	name	ABSENT	UNTRACKED-BUILD-ARTIFACT	ACCEPTABLE	low
.mpd/tmp-baseline-bl-3d99718/packages/mpd-verif-plugin/evidence/smoke/workspace/rtl/adder_tb.py	name	ABSENT	UNTRACKED-BUILD-ARTIFACT	ACCEPTABLE	low
.mpd/tmp-baseline-bl-3d99718/packages/mpd-verif-plugin/evidence/smoke/workspace/rtl/bad.v	name	ABSENT	UNTRACKED-BUILD-ARTIFACT	ACCEPTABLE	low
.mpd/tmp-baseline-bl-3d99718/packages/mpd-verif-plugin/evidence/smoke/workspace/rtl/good.v	name	ABSENT	UNTRACKED-BUILD-ARTIFACT	ACCEPTABLE	low
.mpd/tmp-baseline-bl-3d99718/packages/mpd-verif-plugin/package.json	name	ABSENT	UNTRACKED-BUILD-ARTIFACT	ACCEPTABLE	low
.mpd/tmp-baseline-bl-3d99718/packages/mpd-verif-plugin/src/backends.ts	name	ABSENT	UNTRACKED-BUILD-ARTIFACT	ACCEPTABLE	low
.mpd/tmp-baseline-bl-3d99718/packages/mpd-verif-plugin/src/compile.ts	name	ABSENT	UNTRACKED-BUILD-ARTIFACT	ACCEPTABLE	low
.mpd/tmp-baseline-bl-3d99718/packages/mpd-verif-plugin/src/coverage.ts	name	ABSENT	UNTRACKED-BUILD-ARTIFACT	ACCEPTABLE	low
.mpd/tmp-baseline-bl-3d99718/packages/mpd-verif-plugin/src/eda-tools.ts	name	ABSENT	UNTRACKED-BUILD-ARTIFACT	ACCEPTABLE	low
.mpd/tmp-baseline-bl-3d99718/packages/mpd-verif-plugin/src/env.ts	name	ABSENT	UNTRACKED-BUILD-ARTIFACT	ACCEPTABLE	low
.mpd/tmp-baseline-bl-3d99718/packages/mpd-verif-plugin/src/errors.ts	name	ABSENT	UNTRACKED-BUILD-ARTIFACT	ACCEPTABLE	low
.mpd/tmp-baseline-bl-3d99718/packages/mpd-verif-plugin/src/index.ts	name	ABSENT	UNTRACKED-BUILD-ARTIFACT	ACCEPTABLE	low
.mpd/tmp-baseline-bl-3d99718/packages/mpd-verif-plugin/src/regress.ts	name	ABSENT	UNTRACKED-BUILD-ARTIFACT	ACCEPTABLE	low
.mpd/tmp-baseline-bl-3d99718/packages/mpd-verif-plugin/src/run.ts	name	ABSENT	UNTRACKED-BUILD-ARTIFACT	ACCEPTABLE	low
.mpd/tmp-baseline-bl-3d99718/packages/mpd-verif-plugin/src/sim.ts	name	ABSENT	UNTRACKED-BUILD-ARTIFACT	ACCEPTABLE	low
.mpd/tmp-baseline-bl-3d99718/packages/mpd-verif-plugin/src/uvm.ts	name	ABSENT	UNTRACKED-BUILD-ARTIFACT	ACCEPTABLE	low
.mpd/tmp-baseline-bl-3d99718/packages/mpd-verif-plugin/src/venv.ts	name	ABSENT	UNTRACKED-BUILD-ARTIFACT	ACCEPTABLE	low
.mpd/tmp-baseline-bl-3d99718/packages/mpd-verif-plugin/src/wave.ts	name	ABSENT	UNTRACKED-BUILD-ARTIFACT	ACCEPTABLE	low
.mpd/tmp-baseline-bl-3d99718/packages/mpd-verif-plugin/test/core.test.ts	name	ABSENT	UNTRACKED-BUILD-ARTIFACT	ACCEPTABLE	low
.mpd/tmp-baseline-bl-3d99718/packages/mpd-verif-plugin/test/coverage.test.ts	name	ABSENT	UNTRACKED-BUILD-ARTIFACT	ACCEPTABLE	low
.mpd/tmp-baseline-bl-3d99718/packages/mpd-verif-plugin/test/fixtures/cnt8-failures.xml	name	ABSENT	UNTRACKED-BUILD-ARTIFACT	ACCEPTABLE	low
.mpd/tmp-baseline-bl-3d99718/packages/mpd-verif-plugin/test/helpers.ts	name	ABSENT	UNTRACKED-BUILD-ARTIFACT	ACCEPTABLE	low
.mpd/tmp-baseline-bl-3d99718/packages/mpd-verif-plugin/test/index.test.ts	name	ABSENT	UNTRACKED-BUILD-ARTIFACT	ACCEPTABLE	low
.mpd/tmp-baseline-bl-3d99718/packages/mpd-verif-plugin/test/lossless.test.ts	name	ABSENT	UNTRACKED-BUILD-ARTIFACT	ACCEPTABLE	low
.mpd/tmp-baseline-bl-3d99718/packages/mpd-verif-plugin/test/regress.test.ts	name	ABSENT	UNTRACKED-BUILD-ARTIFACT	ACCEPTABLE	low
.mpd/tmp-baseline-bl-3d99718/packages/mpd-verif-plugin/test/sim.test.ts	name	ABSENT	UNTRACKED-BUILD-ARTIFACT	ACCEPTABLE	low
.mpd/tmp-baseline-bl-3d99718/packages/mpd-verif-plugin/test/uvm.test.ts	name	ABSENT	UNTRACKED-BUILD-ARTIFACT	ACCEPTABLE	low
.mpd/tmp-baseline-bl-3d99718/packages/mpd-verif-plugin/test/venv.test.ts	name	ABSENT	UNTRACKED-BUILD-ARTIFACT	ACCEPTABLE	low
.mpd/tmp-baseline-bl-3d99718/packages/mpd-verif-plugin/test/wave.test.ts	name	ABSENT	UNTRACKED-BUILD-ARTIFACT	ACCEPTABLE	low
.mpd/tmp-baseline-bl-3d99718/scripts/verify-rows-parity.mjs	name	ABSENT	KEYWORD-FALSE-POSITIVE	ACCEPTABLE	none
.mpd/tmp-baseline-bl-3d99718/scripts/verify-vendor.mjs	name	ABSENT	KEYWORD-FALSE-POSITIVE	ACCEPTABLE	none
.mpd/tmp-baseline-bl-3d99718/skills/dsh-qa/scripts/rtl-ip-profile.mjs	name	ABSENT	UNTRACKED-BUILD-ARTIFACT	ACCEPTABLE	low
.mpd/tmp-baseline-bl-3d99718/skills/dsh-qa/scripts/rtl-verif.mjs	name	ABSENT	UNTRACKED-BUILD-ARTIFACT	ACCEPTABLE	low
.mpd/tmp-baseline-bl-3d99718/skills/lsp-setup/scripts/verify-lsp.ts	name	ABSENT	KEYWORD-FALSE-POSITIVE	ACCEPTABLE	none
.mpd/tmp-baseline-bl-3d99718/skills/rtl-codestyle/SKILL.md	name	ABSENT	UNTRACKED-BUILD-ARTIFACT	ACCEPTABLE	low
.mpd/tmp-baseline-bl-3d99718/skills/rtl-codestyle/references/comment-conventions.md	name	ABSENT	UNTRACKED-BUILD-ARTIFACT	ACCEPTABLE	low
.mpd/tmp-baseline-bl-3d99718/skills/rtl-codestyle/references/style-checklist.md	name	ABSENT	UNTRACKED-BUILD-ARTIFACT	ACCEPTABLE	low
.mpd/tmp-baseline-bl-3d99718/skills/rtl-codestyle/templates/fsm_3process.vinc	name	ABSENT	UNTRACKED-BUILD-ARTIFACT	ACCEPTABLE	low
.mpd/tmp-baseline-bl-3d99718/skills/rtl-codestyle/templates/module_skeleton.vinc	name	ABSENT	UNTRACKED-BUILD-ARTIFACT	ACCEPTABLE	low
.mpd/tmp-baseline-bl-3d99718/skills/rtl-codestyle/templates/parameterized_counter.vinc	name	ABSENT	UNTRACKED-BUILD-ARTIFACT	ACCEPTABLE	low
.mpd/tmp-baseline-bl-3d99718/skills/rtl-ip-flow/SKILL.md	name	ABSENT	UNTRACKED-BUILD-ARTIFACT	ACCEPTABLE	low
.mpd/tmp-baseline-bl-3d99718/skills/rtl-ip-flow/templates/defect-report.md	name	ABSENT	UNTRACKED-BUILD-ARTIFACT	ACCEPTABLE	low
.mpd/tmp-baseline-bl-3d99718/skills/rtl-ip-flow/templates/detail-design.md	name	ABSENT	UNTRACKED-BUILD-ARTIFACT	ACCEPTABLE	low
.mpd/tmp-baseline-bl-3d99718/skills/rtl-ip-flow/templates/dfmea.md	name	ABSENT	UNTRACKED-BUILD-ARTIFACT	ACCEPTABLE	low
.mpd/tmp-baseline-bl-3d99718/skills/rtl-ip-flow/templates/req-spec.md	name	ABSENT	UNTRACKED-BUILD-ARTIFACT	ACCEPTABLE	low
.mpd/tmp-baseline-bl-3d99718/skills/rtl-ip-flow/templates/user-manual.md	name	ABSENT	UNTRACKED-BUILD-ARTIFACT	ACCEPTABLE	low
.mpd/tmp-baseline-bl-3d99718/skills/rtl-ip-flow/templates/validation-manual.md	name	ABSENT	UNTRACKED-BUILD-ARTIFACT	ACCEPTABLE	low
.mpd/tmp-baseline-bl-3d99718/skills/rtl-ip-flow/templates/validation-report.md	name	ABSENT	UNTRACKED-BUILD-ARTIFACT	ACCEPTABLE	low
.mpd/tmp-baseline-bl-3d99718/skills/rtl-ip-flow/templates/verification-plan.md	name	ABSENT	UNTRACKED-BUILD-ARTIFACT	ACCEPTABLE	low
.mpd/tmp-baseline-bl-3d99718/skills/rtl-verif/README.md	name	ABSENT	UNTRACKED-BUILD-ARTIFACT	ACCEPTABLE	low
.mpd/tmp-baseline-bl-3d99718/skills/rtl-verif/SKILL.md	name	ABSENT	UNTRACKED-BUILD-ARTIFACT	ACCEPTABLE	low
.mpd/tmp-baseline-bl-3d99718/skills/rtl-verif/examples/regression/README.md	name	ABSENT	UNTRACKED-BUILD-ARTIFACT	ACCEPTABLE	low
.mpd/tmp-baseline-bl-3d99718/skills/rtl-verif/examples/regression/run_regression.sh	name	ABSENT	UNTRACKED-BUILD-ARTIFACT	ACCEPTABLE	low
.mpd/tmp-baseline-bl-3d99718/skills/rtl-verif/fixtures/adder4/Makefile	name	ABSENT	UNTRACKED-BUILD-ARTIFACT	ACCEPTABLE	low
.mpd/tmp-baseline-bl-3d99718/skills/rtl-verif/fixtures/adder4/tb_adder4.py	name	ABSENT	UNTRACKED-BUILD-ARTIFACT	ACCEPTABLE	low
.mpd/tmp-baseline-bl-3d99718/skills/rtl-verif/fixtures/cnt8/Makefile	name	ABSENT	UNTRACKED-BUILD-ARTIFACT	ACCEPTABLE	low
.mpd/tmp-baseline-bl-3d99718/skills/rtl-verif/fixtures/cnt8/tb_cnt8.py	name	ABSENT	UNTRACKED-BUILD-ARTIFACT	ACCEPTABLE	low
.mpd/tmp-baseline-bl-3d99718/skills/rtl-verif/templates/cocotb/Makefile	name	ABSENT	UNTRACKED-BUILD-ARTIFACT	ACCEPTABLE	low
.mpd/tmp-baseline-bl-3d99718/skills/rtl-verif/templates/cocotb/bootstrap_venv.sh	name	ABSENT	UNTRACKED-BUILD-ARTIFACT	ACCEPTABLE	low
.mpd/tmp-baseline-bl-3d99718/skills/rtl-verif/templates/cocotb/tb_template.py	name	ABSENT	UNTRACKED-BUILD-ARTIFACT	ACCEPTABLE	low
.mpd/tmp-baseline-bl-3d99718/skills/rtl-verif/templates/uvm/README.md	name	ABSENT	UNTRACKED-BUILD-ARTIFACT	ACCEPTABLE	low
.mpd/tmp-baseline-bl-3d99718/skills/rtl-verif/templates/uvm/dut_agent.sv	name	ABSENT	UNTRACKED-BUILD-ARTIFACT	ACCEPTABLE	low
.mpd/tmp-baseline-bl-3d99718/skills/rtl-verif/templates/uvm/dut_driver.sv	name	ABSENT	UNTRACKED-BUILD-ARTIFACT	ACCEPTABLE	low
.mpd/tmp-baseline-bl-3d99718/skills/rtl-verif/templates/uvm/dut_env.sv	name	ABSENT	UNTRACKED-BUILD-ARTIFACT	ACCEPTABLE	low
.mpd/tmp-baseline-bl-3d99718/skills/rtl-verif/templates/uvm/dut_monitor.sv	name	ABSENT	UNTRACKED-BUILD-ARTIFACT	ACCEPTABLE	low
.mpd/tmp-baseline-bl-3d99718/skills/rtl-verif/templates/uvm/dut_pkg.sv	name	ABSENT	UNTRACKED-BUILD-ARTIFACT	ACCEPTABLE	low
.mpd/tmp-baseline-bl-3d99718/skills/rtl-verif/templates/uvm/dut_scoreboard.sv	name	ABSENT	UNTRACKED-BUILD-ARTIFACT	ACCEPTABLE	low
.mpd/tmp-baseline-bl-3d99718/skills/rtl-verif/templates/uvm/dut_sequence.sv	name	ABSENT	UNTRACKED-BUILD-ARTIFACT	ACCEPTABLE	low
.mpd/tmp-baseline-bl-3d99718/skills/rtl-verif/templates/uvm/dut_sequence_item.sv	name	ABSENT	UNTRACKED-BUILD-ARTIFACT	ACCEPTABLE	low
.mpd/tmp-baseline-bl-3d99718/tests/golden/fixtures/verilog/modules/adder4.v	name	ABSENT	UNTRACKED-BUILD-ARTIFACT	ACCEPTABLE	low
.mpd/tmp-baseline-bl-3d99718/tests/golden/fixtures/verilog/modules/cnt8.v	name	ABSENT	UNTRACKED-BUILD-ARTIFACT	ACCEPTABLE	low
.mpd/tmp-baseline-bl-3d99718/tests/golden/fixtures/verilog/tb/tb_adder4.v	name	ABSENT	UNTRACKED-BUILD-ARTIFACT	ACCEPTABLE	low
.mpd/verif/logs/lint-iverilog-20260901-000736-695.log	name	IGNORED	UNTRACKED-BUILD-ARTIFACT	ACCEPTABLE	low
.mpd/verif/logs/lint-verilator-20260901-000736-602.log	name	IGNORED	UNTRACKED-BUILD-ARTIFACT	ACCEPTABLE	low
.mpd/verif/logs/lint-verilator-20260901-092103-730.log	name	IGNORED	UNTRACKED-BUILD-ARTIFACT	ACCEPTABLE	low
.mpd/verif/sim/ecap_top-20260901-164216-968/Makefile	name	IGNORED	UNTRACKED-BUILD-ARTIFACT	ACCEPTABLE	low
.mpd/verif/sim/ecap_top-20260901-164216-968/sim.log	name	IGNORED	UNTRACKED-BUILD-ARTIFACT	ACCEPTABLE	low
.mpd/verif/sim/ecap_top-20260901-164216-968/sim_build/Vtop.cpp	name	IGNORED	UNTRACKED-BUILD-ARTIFACT	ACCEPTABLE	low
.mpd/verif/sim/ecap_top-20260901-164216-968/sim_build/Vtop.h	name	IGNORED	UNTRACKED-BUILD-ARTIFACT	ACCEPTABLE	low
.mpd/verif/sim/ecap_top-20260901-164216-968/sim_build/Vtop.mk	name	IGNORED	UNTRACKED-BUILD-ARTIFACT	ACCEPTABLE	low
.mpd/verif/sim/ecap_top-20260901-164216-968/sim_build/Vtop__ConstPool__0__Slow.cpp	name	IGNORED	UNTRACKED-BUILD-ARTIFACT	ACCEPTABLE	low
.mpd/verif/sim/ecap_top-20260901-164216-968/sim_build/Vtop__Dpi.cpp	name	IGNORED	UNTRACKED-BUILD-ARTIFACT	ACCEPTABLE	low
.mpd/verif/sim/ecap_top-20260901-164216-968/sim_build/Vtop__Dpi.h	name	IGNORED	UNTRACKED-BUILD-ARTIFACT	ACCEPTABLE	low
.mpd/verif/sim/ecap_top-20260901-164216-968/sim_build/Vtop__Syms.h	name	IGNORED	UNTRACKED-BUILD-ARTIFACT	ACCEPTABLE	low
.mpd/verif/sim/ecap_top-20260901-164216-968/sim_build/Vtop__Syms__Slow.cpp	name	IGNORED	UNTRACKED-BUILD-ARTIFACT	ACCEPTABLE	low
.mpd/verif/sim/ecap_top-20260901-164216-968/sim_build/Vtop__TraceDecls__0__Slow.cpp	name	IGNORED	UNTRACKED-BUILD-ARTIFACT	ACCEPTABLE	low
.mpd/verif/sim/ecap_top-20260901-164216-968/sim_build/Vtop__Trace__0.cpp	name	IGNORED	UNTRACKED-BUILD-ARTIFACT	ACCEPTABLE	low
.mpd/verif/sim/ecap_top-20260901-164216-968/sim_build/Vtop__Trace__0__Slow.cpp	name	IGNORED	UNTRACKED-BUILD-ARTIFACT	ACCEPTABLE	low
.mpd/verif/sim/ecap_top-20260901-164216-968/sim_build/Vtop___024root.h	name	IGNORED	UNTRACKED-BUILD-ARTIFACT	ACCEPTABLE	low
.mpd/verif/sim/ecap_top-20260901-164216-968/sim_build/Vtop___024root__0.cpp	name	IGNORED	UNTRACKED-BUILD-ARTIFACT	ACCEPTABLE	low
.mpd/verif/sim/ecap_top-20260901-164216-968/sim_build/Vtop___024root__0__Slow.cpp	name	IGNORED	UNTRACKED-BUILD-ARTIFACT	ACCEPTABLE	low
.mpd/verif/sim/ecap_top-20260901-164216-968/sim_build/Vtop___024root__Slow.cpp	name	IGNORED	UNTRACKED-BUILD-ARTIFACT	ACCEPTABLE	low
.mpd/verif/sim/ecap_top-20260901-164216-968/sim_build/Vtop__pch.h	name	IGNORED	UNTRACKED-BUILD-ARTIFACT	ACCEPTABLE	low
.mpd/verif/sim/ecap_top-20260901-164216-968/sim_build/Vtop__ver.d	name	IGNORED	UNTRACKED-BUILD-ARTIFACT	ACCEPTABLE	low
.mpd/verif/sim/ecap_top-20260901-164216-968/sim_build/Vtop__verFiles.dat	name	IGNORED	UNTRACKED-BUILD-ARTIFACT	ACCEPTABLE	low
.mpd/verif/sim/ecap_top-20260901-164216-968/sim_build/Vtop_classes.mk	name	IGNORED	UNTRACKED-BUILD-ARTIFACT	ACCEPTABLE	low
.mpd/verif/sim/ecap_top-20260901-164216-968/sim_build/verilated.d	name	IGNORED	UNTRACKED-BUILD-ARTIFACT	ACCEPTABLE	low
.mpd/verif/sim/ecap_top-20260901-164216-968/sim_build/verilated.o	name	IGNORED	UNTRACKED-BUILD-ARTIFACT	ACCEPTABLE	low
.mpd/verif/sim/ecap_top-20260901-164216-968/sim_build/verilated_dpi.d	name	IGNORED	UNTRACKED-BUILD-ARTIFACT	ACCEPTABLE	low
.mpd/verif/sim/ecap_top-20260901-164216-968/sim_build/verilated_dpi.o	name	IGNORED	UNTRACKED-BUILD-ARTIFACT	ACCEPTABLE	low
.mpd/verif/sim/ecap_top-20260901-164216-968/sim_build/verilated_vpi.d	name	IGNORED	UNTRACKED-BUILD-ARTIFACT	ACCEPTABLE	low
.mpd/verif/sim/ecap_top-20260901-164216-968/sim_build/verilated_vpi.o	name	IGNORED	UNTRACKED-BUILD-ARTIFACT	ACCEPTABLE	low
.mpd/verif/sim/ecap_top-20260901-164216-968/sim_build/verilator.d	name	IGNORED	UNTRACKED-BUILD-ARTIFACT	ACCEPTABLE	low
.mpd/verif/sim/ecap_top-20260901-164216-968/sim_build/verilator.o	name	IGNORED	UNTRACKED-BUILD-ARTIFACT	ACCEPTABLE	low
.qa-reloc/agent-teams-tooling-verify.mjs	name	IGNORED	KEYWORD-FALSE-POSITIVE	ACCEPTABLE	none
.qa-reloc/b9-negctl/remove-verif-row.mjs	name	IGNORED	KEYWORD-FALSE-POSITIVE	ACCEPTABLE	none
.qa-reloc/diag/mpd/skills/lsp-setup/scripts/verify-lsp.ts	name	IGNORED	KEYWORD-FALSE-POSITIVE	ACCEPTABLE	none
.qa-reloc/focus/home/skills/lsp-setup/scripts/verify-lsp.ts	name	IGNORED	KEYWORD-FALSE-POSITIVE	ACCEPTABLE	none
.qa-reloc/focus/mpd/skills/lsp-setup/scripts/verify-lsp.ts	name	IGNORED	KEYWORD-FALSE-POSITIVE	ACCEPTABLE	none
.qa-reloc/mpd-pkg-relocated/packages/mpd-verif-plugin/README.md	name	IGNORED	UNTRACKED-BUILD-ARTIFACT	ACCEPTABLE	low
.qa-reloc/mpd-pkg-relocated/packages/mpd-verif-plugin/README.zh-CN.md	name	IGNORED	UNTRACKED-BUILD-ARTIFACT	ACCEPTABLE	low
.qa-reloc/mpd-pkg-relocated/packages/mpd-verif-plugin/dist/index.js	name	IGNORED	UNTRACKED-BUILD-ARTIFACT	ACCEPTABLE	low
.qa-reloc/mpd-pkg-relocated/skills/dsh-qa/scripts/rtl-ip-profile.mjs	name	IGNORED	UNTRACKED-BUILD-ARTIFACT	ACCEPTABLE	low
.qa-reloc/mpd-pkg-relocated/skills/dsh-qa/scripts/rtl-verif.mjs	name	IGNORED	UNTRACKED-BUILD-ARTIFACT	ACCEPTABLE	low
.qa-reloc/mpd-pkg-relocated/skills/lsp-setup/scripts/verify-lsp.ts	name	IGNORED	KEYWORD-FALSE-POSITIVE	ACCEPTABLE	none
.qa-reloc/mpd-pkg-relocated/skills/rtl-codestyle/SKILL.md	name	IGNORED	UNTRACKED-BUILD-ARTIFACT	ACCEPTABLE	low
.qa-reloc/mpd-pkg-relocated/skills/rtl-codestyle/references/comment-conventions.md	name	IGNORED	UNTRACKED-BUILD-ARTIFACT	ACCEPTABLE	low
.qa-reloc/mpd-pkg-relocated/skills/rtl-codestyle/references/style-checklist.md	name	IGNORED	UNTRACKED-BUILD-ARTIFACT	ACCEPTABLE	low
.qa-reloc/mpd-pkg-relocated/skills/rtl-codestyle/templates/fsm_3process.vinc	name	IGNORED	UNTRACKED-BUILD-ARTIFACT	ACCEPTABLE	low
.qa-reloc/mpd-pkg-relocated/skills/rtl-codestyle/templates/module_skeleton.vinc	name	IGNORED	UNTRACKED-BUILD-ARTIFACT	ACCEPTABLE	low
.qa-reloc/mpd-pkg-relocated/skills/rtl-codestyle/templates/parameterized_counter.vinc	name	IGNORED	UNTRACKED-BUILD-ARTIFACT	ACCEPTABLE	low
.qa-reloc/mpd-pkg-relocated/skills/rtl-ip-flow/SKILL.md	name	IGNORED	UNTRACKED-BUILD-ARTIFACT	ACCEPTABLE	low
.qa-reloc/mpd-pkg-relocated/skills/rtl-ip-flow/templates/defect-report.md	name	IGNORED	UNTRACKED-BUILD-ARTIFACT	ACCEPTABLE	low
.qa-reloc/mpd-pkg-relocated/skills/rtl-ip-flow/templates/detail-design.md	name	IGNORED	UNTRACKED-BUILD-ARTIFACT	ACCEPTABLE	low
.qa-reloc/mpd-pkg-relocated/skills/rtl-ip-flow/templates/dfmea.md	name	IGNORED	UNTRACKED-BUILD-ARTIFACT	ACCEPTABLE	low
.qa-reloc/mpd-pkg-relocated/skills/rtl-ip-flow/templates/req-spec.md	name	IGNORED	UNTRACKED-BUILD-ARTIFACT	ACCEPTABLE	low
.qa-reloc/mpd-pkg-relocated/skills/rtl-ip-flow/templates/user-manual.md	name	IGNORED	UNTRACKED-BUILD-ARTIFACT	ACCEPTABLE	low
.qa-reloc/mpd-pkg-relocated/skills/rtl-ip-flow/templates/validation-manual.md	name	IGNORED	UNTRACKED-BUILD-ARTIFACT	ACCEPTABLE	low
.qa-reloc/mpd-pkg-relocated/skills/rtl-ip-flow/templates/validation-report.md	name	IGNORED	UNTRACKED-BUILD-ARTIFACT	ACCEPTABLE	low
.qa-reloc/mpd-pkg-relocated/skills/rtl-ip-flow/templates/verification-plan.md	name	IGNORED	UNTRACKED-BUILD-ARTIFACT	ACCEPTABLE	low
.qa-reloc/mpd-pkg-relocated/skills/rtl-verif/README.md	name	IGNORED	UNTRACKED-BUILD-ARTIFACT	ACCEPTABLE	low
.qa-reloc/mpd-pkg-relocated/skills/rtl-verif/SKILL.md	name	IGNORED	UNTRACKED-BUILD-ARTIFACT	ACCEPTABLE	low
.qa-reloc/mpd-pkg-relocated/skills/rtl-verif/examples/regression/README.md	name	IGNORED	UNTRACKED-BUILD-ARTIFACT	ACCEPTABLE	low
.qa-reloc/mpd-pkg-relocated/skills/rtl-verif/examples/regression/run_regression.sh	name	IGNORED	UNTRACKED-BUILD-ARTIFACT	ACCEPTABLE	low
.qa-reloc/mpd-pkg-relocated/skills/rtl-verif/fixtures/adder4/Makefile	name	IGNORED	UNTRACKED-BUILD-ARTIFACT	ACCEPTABLE	low
.qa-reloc/mpd-pkg-relocated/skills/rtl-verif/fixtures/adder4/tb_adder4.py	name	IGNORED	UNTRACKED-BUILD-ARTIFACT	ACCEPTABLE	low
.qa-reloc/mpd-pkg-relocated/skills/rtl-verif/fixtures/cnt8/Makefile	name	IGNORED	UNTRACKED-BUILD-ARTIFACT	ACCEPTABLE	low
.qa-reloc/mpd-pkg-relocated/skills/rtl-verif/fixtures/cnt8/tb_cnt8.py	name	IGNORED	UNTRACKED-BUILD-ARTIFACT	ACCEPTABLE	low
.qa-reloc/mpd-pkg-relocated/skills/rtl-verif/templates/cocotb/Makefile	name	IGNORED	UNTRACKED-BUILD-ARTIFACT	ACCEPTABLE	low
.qa-reloc/mpd-pkg-relocated/skills/rtl-verif/templates/cocotb/bootstrap_venv.sh	name	IGNORED	UNTRACKED-BUILD-ARTIFACT	ACCEPTABLE	low
.qa-reloc/mpd-pkg-relocated/skills/rtl-verif/templates/cocotb/tb_template.py	name	IGNORED	UNTRACKED-BUILD-ARTIFACT	ACCEPTABLE	low
.qa-reloc/mpd-pkg-relocated/skills/rtl-verif/templates/uvm/README.md	name	IGNORED	UNTRACKED-BUILD-ARTIFACT	ACCEPTABLE	low
.qa-reloc/mpd-pkg-relocated/skills/rtl-verif/templates/uvm/dut_agent.sv	name	IGNORED	UNTRACKED-BUILD-ARTIFACT	ACCEPTABLE	low
.qa-reloc/mpd-pkg-relocated/skills/rtl-verif/templates/uvm/dut_driver.sv	name	IGNORED	UNTRACKED-BUILD-ARTIFACT	ACCEPTABLE	low
.qa-reloc/mpd-pkg-relocated/skills/rtl-verif/templates/uvm/dut_env.sv	name	IGNORED	UNTRACKED-BUILD-ARTIFACT	ACCEPTABLE	low
.qa-reloc/mpd-pkg-relocated/skills/rtl-verif/templates/uvm/dut_monitor.sv	name	IGNORED	UNTRACKED-BUILD-ARTIFACT	ACCEPTABLE	low
.qa-reloc/mpd-pkg-relocated/skills/rtl-verif/templates/uvm/dut_pkg.sv	name	IGNORED	UNTRACKED-BUILD-ARTIFACT	ACCEPTABLE	low
.qa-reloc/mpd-pkg-relocated/skills/rtl-verif/templates/uvm/dut_scoreboard.sv	name	IGNORED	UNTRACKED-BUILD-ARTIFACT	ACCEPTABLE	low
.qa-reloc/mpd-pkg-relocated/skills/rtl-verif/templates/uvm/dut_sequence.sv	name	IGNORED	UNTRACKED-BUILD-ARTIFACT	ACCEPTABLE	low
.qa-reloc/mpd-pkg-relocated/skills/rtl-verif/templates/uvm/dut_sequence_item.sv	name	IGNORED	UNTRACKED-BUILD-ARTIFACT	ACCEPTABLE	low
.qa-reloc/upstream-pinned/.agents/skills/codex-qa/references/install-verify.md	name	ABSENT	KEYWORD-FALSE-POSITIVE	ACCEPTABLE	none
.qa-reloc/upstream-pinned/.agents/skills/codex-qa/scripts/install-verify.sh	name	ABSENT	KEYWORD-FALSE-POSITIVE	ACCEPTABLE	none
.qa-reloc/upstream-pinned/.agents/skills/work-with-pr-workspace/iteration-1/eval-1/with_skill/outputs/verification-strategy.md	name	ABSENT	KEYWORD-FALSE-POSITIVE	ACCEPTABLE	none
.qa-reloc/upstream-pinned/.agents/skills/work-with-pr-workspace/iteration-1/eval-1/without_skill/outputs/verification-strategy.md	name	ABSENT	KEYWORD-FALSE-POSITIVE	ACCEPTABLE	none
.qa-reloc/upstream-pinned/.agents/skills/work-with-pr-workspace/iteration-1/eval-2/with_skill/outputs/verification-strategy.md	name	ABSENT	KEYWORD-FALSE-POSITIVE	ACCEPTABLE	none
.qa-reloc/upstream-pinned/.agents/skills/work-with-pr-workspace/iteration-1/eval-2/without_skill/outputs/verification-strategy.md	name	ABSENT	KEYWORD-FALSE-POSITIVE	ACCEPTABLE	none
.qa-reloc/upstream-pinned/.agents/skills/work-with-pr-workspace/iteration-1/eval-3/with_skill/outputs/verification-strategy.md	name	ABSENT	KEYWORD-FALSE-POSITIVE	ACCEPTABLE	none
.qa-reloc/upstream-pinned/.agents/skills/work-with-pr-workspace/iteration-1/eval-3/without_skill/outputs/verification-strategy.md	name	ABSENT	KEYWORD-FALSE-POSITIVE	ACCEPTABLE	none
.qa-reloc/upstream-pinned/.agents/skills/work-with-pr-workspace/iteration-1/eval-4/with_skill/outputs/verification-strategy.md	name	ABSENT	KEYWORD-FALSE-POSITIVE	ACCEPTABLE	none
.qa-reloc/upstream-pinned/.agents/skills/work-with-pr-workspace/iteration-1/eval-4/without_skill/outputs/verification-strategy.md	name	ABSENT	KEYWORD-FALSE-POSITIVE	ACCEPTABLE	none
.qa-reloc/upstream-pinned/.agents/skills/work-with-pr-workspace/iteration-1/eval-5/with_skill/outputs/verification-strategy.md	name	ABSENT	KEYWORD-FALSE-POSITIVE	ACCEPTABLE	none
.qa-reloc/upstream-pinned/.agents/skills/work-with-pr-workspace/iteration-1/eval-5/without_skill/outputs/verification-strategy.md	name	ABSENT	KEYWORD-FALSE-POSITIVE	ACCEPTABLE	none
.qa-reloc/upstream-pinned/.omo/evidence/20260722-senpi-task-model-status/verification.txt	name	ABSENT	KEYWORD-FALSE-POSITIVE	ACCEPTABLE	none
.qa-reloc/upstream-pinned/.omo/evidence/20260727-senpi-task-live-status/verification.txt	name	ABSENT	KEYWORD-FALSE-POSITIVE	ACCEPTABLE	none
.qa-reloc/upstream-pinned/.omo/evidence/20260728-beui-interaction-skill/beui-endpoint-verification.txt	name	ABSENT	KEYWORD-FALSE-POSITIVE	ACCEPTABLE	none
.qa-reloc/upstream-pinned/.omo/evidence/20260730-senpi-task-padding/verification.txt	name	ABSENT	KEYWORD-FALSE-POSITIVE	ACCEPTABLE	none
.qa-reloc/upstream-pinned/.omo/evidence/20260801-runtime-fallback-status-drift/initial-verification-failure.txt	name	ABSENT	KEYWORD-FALSE-POSITIVE	ACCEPTABLE	none
.qa-reloc/upstream-pinned/.omo/evidence/20260802-senpi-task-cache-hit-rate/automated-verification.txt	name	ABSENT	KEYWORD-FALSE-POSITIVE	ACCEPTABLE	none
.qa-reloc/upstream-pinned/.omo/evidence/20260804-fix-6569-review-hardening/install-verify.txt	name	ABSENT	KEYWORD-FALSE-POSITIVE	ACCEPTABLE	none
.qa-reloc/upstream-pinned/.omo/evidence/20260804-senpi-task-zero-price/verification.txt	name	ABSENT	KEYWORD-FALSE-POSITIVE	ACCEPTABLE	none
.qa-reloc/upstream-pinned/.omo/evidence/20260804-team-create-recovery/verification-gates.txt	name	ABSENT	KEYWORD-FALSE-POSITIVE	ACCEPTABLE	none
.qa-reloc/upstream-pinned/.omo/evidence/20260805-fix-6579-review/verification.txt	name	ABSENT	KEYWORD-FALSE-POSITIVE	ACCEPTABLE	none
.qa-reloc/upstream-pinned/.omo/evidence/20260805-fix-6579/verification.txt	name	ABSENT	KEYWORD-FALSE-POSITIVE	ACCEPTABLE	none
.qa-reloc/upstream-pinned/.omo/evidence/20260809-omo-agent-toolkit-rename/lead-verification-log.md	name	ABSENT	KEYWORD-FALSE-POSITIVE	ACCEPTABLE	none
.qa-reloc/upstream-pinned/.omo/evidence/20260811-senpi-beta-6/final-verification.txt	name	ABSENT	KEYWORD-FALSE-POSITIVE	ACCEPTABLE	none
.qa-reloc/upstream-pinned/.omo/evidence/20260812-memory-observability-events/verification.txt	name	ABSENT	KEYWORD-FALSE-POSITIVE	ACCEPTABLE	none
.qa-reloc/upstream-pinned/.omo/evidence/20260812-omo-native-bun-update/post-rebase-verification.txt	name	ABSENT	KEYWORD-FALSE-POSITIVE	ACCEPTABLE	none
.qa-reloc/upstream-pinned/.omo/evidence/20260813-health-alert-split/verify-1-bun-test.txt	name	ABSENT	KEYWORD-FALSE-POSITIVE	ACCEPTABLE	none
.qa-reloc/upstream-pinned/.omo/evidence/20260813-health-alert-split/verify-2-typecheck.txt	name	ABSENT	KEYWORD-FALSE-POSITIVE	ACCEPTABLE	none
.qa-reloc/upstream-pinned/.omo/evidence/20260813-memory-core-git-lock-contention/green-3-full-verification.txt	name	ABSENT	KEYWORD-FALSE-POSITIVE	ACCEPTABLE	none
.qa-reloc/upstream-pinned/.omo/evidence/20260813-pr6611-manual-reset/verification.txt	name	ABSENT	KEYWORD-FALSE-POSITIVE	ACCEPTABLE	none
.qa-reloc/upstream-pinned/.omo/evidence/20260813-pr6611-variant-reset/verification.txt	name	ABSENT	KEYWORD-FALSE-POSITIVE	ACCEPTABLE	none
.qa-reloc/upstream-pinned/.omo/evidence/20260814-pr6611-senpi-ci/verification.txt	name	ABSENT	KEYWORD-FALSE-POSITIVE	ACCEPTABLE	none
.qa-reloc/upstream-pinned/.omo/evidence/20260814-pr6611-windows-codex-ci/verification.txt	name	ABSENT	KEYWORD-FALSE-POSITIVE	ACCEPTABLE	none
.qa-reloc/upstream-pinned/.omo/evidence/20260816-pr-6858-brutal-review/local-verification.txt	name	ABSENT	KEYWORD-FALSE-POSITIVE	ACCEPTABLE	none
.qa-reloc/upstream-pinned/.omo/evidence/20260816-remove-omo-telemetry-command/final-verification.txt	name	ABSENT	KEYWORD-FALSE-POSITIVE	ACCEPTABLE	none
.qa-reloc/upstream-pinned/.omo/evidence/20260816-team-mode-root-fix/green/pr-b-scoped-verification.log	name	ABSENT	KEYWORD-FALSE-POSITIVE	ACCEPTABLE	none
.qa-reloc/upstream-pinned/.omo/evidence/20260817-dep-pins-latest/rpc-parity-verification.txt	name	ABSENT	KEYWORD-FALSE-POSITIVE	ACCEPTABLE	none
.qa-reloc/upstream-pinned/.omo/evidence/20260817-insane-search-version-policy/post-rebase-verification.txt	name	ABSENT	KEYWORD-FALSE-POSITIVE	ACCEPTABLE	none
.qa-reloc/upstream-pinned/.omo/evidence/20260817-npm-audit-fix/codex-install-verify.txt	name	ABSENT	KEYWORD-FALSE-POSITIVE	ACCEPTABLE	none
.qa-reloc/upstream-pinned/.omo/evidence/20260817-remove-prompt-contract-tests/codex-automated-verification.txt	name	ABSENT	KEYWORD-FALSE-POSITIVE	ACCEPTABLE	none
.qa-reloc/upstream-pinned/.omo/evidence/20260817-remove-prompt-contract-tests/focused-domain-verification.txt	name	ABSENT	KEYWORD-FALSE-POSITIVE	ACCEPTABLE	none
.qa-reloc/upstream-pinned/.omo/evidence/20260817-remove-prompt-contract-tests/opencode-automated-verification.txt	name	ABSENT	KEYWORD-FALSE-POSITIVE	ACCEPTABLE	none
.qa-reloc/upstream-pinned/.omo/evidence/20260817-senpi-test-stability/pr1-test-process-stability/final-head-verification.txt	name	ABSENT	KEYWORD-FALSE-POSITIVE	ACCEPTABLE	none
.qa-reloc/upstream-pinned/.omo/evidence/20260817-senpi-test-stability/pr1-test-process-stability/post-rebase-verification.txt	name	ABSENT	KEYWORD-FALSE-POSITIVE	ACCEPTABLE	none
.qa-reloc/upstream-pinned/.omo/evidence/20260820-pr6611-recovery/codex-install-verify.txt	name	ABSENT	KEYWORD-FALSE-POSITIVE	ACCEPTABLE	none
.qa-reloc/upstream-pinned/.omo/evidence/20260820-pr6611-seven-blockers/verification.txt	name	ABSENT	KEYWORD-FALSE-POSITIVE	ACCEPTABLE	none
.qa-reloc/upstream-pinned/.omo/evidence/20260821-btw-pr-review-findings/FINAL_VERIFICATION.txt	name	ABSENT	KEYWORD-FALSE-POSITIVE	ACCEPTABLE	none
.qa-reloc/upstream-pinned/.omo/evidence/20260825-atlas-memory-leak/verification.md	name	ABSENT	KEYWORD-FALSE-POSITIVE	ACCEPTABLE	none
.qa-reloc/upstream-pinned/.omo/evidence/omo-senpi-adapter/20260723-run-command-timeout/verification.txt	name	ABSENT	KEYWORD-FALSE-POSITIVE	ACCEPTABLE	none
.qa-reloc/upstream-pinned/.omo/evidence/telemetry-parallel-latency-v2/verify-t1-repair.md	name	ABSENT	KEYWORD-FALSE-POSITIVE	ACCEPTABLE	none
.qa-reloc/upstream-pinned/.omo/evidence/telemetry-parallel-latency-v2/verify-t1-t3.md	name	ABSENT	KEYWORD-FALSE-POSITIVE	ACCEPTABLE	none
.qa-reloc/upstream-pinned/.omo/evidence/telemetry-parallel-latency-v2/verify-t2.md	name	ABSENT	KEYWORD-FALSE-POSITIVE	ACCEPTABLE	none
.qa-reloc/upstream-pinned/.omo/evidence/telemetry-parallel-latency-v2/verify-t4.md	name	ABSENT	KEYWORD-FALSE-POSITIVE	ACCEPTABLE	none
.qa-reloc/upstream-pinned/.omo/evidence/telemetry-parallel-latency-v2/verify-t5.md	name	ABSENT	KEYWORD-FALSE-POSITIVE	ACCEPTABLE	none
.qa-reloc/upstream-pinned/.omo/evidence/telemetry-parallel-latency-v2/verify-t6.md	name	ABSENT	KEYWORD-FALSE-POSITIVE	ACCEPTABLE	none
.qa-reloc/upstream-pinned/.omo/evidence/telemetry-parallel-latency-v2/verify-t7.md	name	ABSENT	KEYWORD-FALSE-POSITIVE	ACCEPTABLE	none
.qa-reloc/upstream-pinned/.omo/evidence/telemetry-parallel-latency-v2/verify-t8-repair.md	name	ABSENT	KEYWORD-FALSE-POSITIVE	ACCEPTABLE	none
.qa-reloc/upstream-pinned/.omo/evidence/telemetry-parallel-latency-v2/verify-t8.md	name	ABSENT	KEYWORD-FALSE-POSITIVE	ACCEPTABLE	none
.qa-reloc/upstream-pinned/.opencode/skills/work-with-pr-workspace/iteration-1/eval-1/with_skill/outputs/verification-strategy.md	name	ABSENT	KEYWORD-FALSE-POSITIVE	ACCEPTABLE	none
.qa-reloc/upstream-pinned/.opencode/skills/work-with-pr-workspace/iteration-1/eval-1/without_skill/outputs/verification-strategy.md	name	ABSENT	KEYWORD-FALSE-POSITIVE	ACCEPTABLE	none
.qa-reloc/upstream-pinned/.opencode/skills/work-with-pr-workspace/iteration-1/eval-2/with_skill/outputs/verification-strategy.md	name	ABSENT	KEYWORD-FALSE-POSITIVE	ACCEPTABLE	none
.qa-reloc/upstream-pinned/.opencode/skills/work-with-pr-workspace/iteration-1/eval-2/without_skill/outputs/verification-strategy.md	name	ABSENT	KEYWORD-FALSE-POSITIVE	ACCEPTABLE	none
.qa-reloc/upstream-pinned/.opencode/skills/work-with-pr-workspace/iteration-1/eval-3/with_skill/outputs/verification-strategy.md	name	ABSENT	KEYWORD-FALSE-POSITIVE	ACCEPTABLE	none
.qa-reloc/upstream-pinned/.opencode/skills/work-with-pr-workspace/iteration-1/eval-3/without_skill/outputs/verification-strategy.md	name	ABSENT	KEYWORD-FALSE-POSITIVE	ACCEPTABLE	none
.qa-reloc/upstream-pinned/.opencode/skills/work-with-pr-workspace/iteration-1/eval-4/with_skill/outputs/verification-strategy.md	name	ABSENT	KEYWORD-FALSE-POSITIVE	ACCEPTABLE	none
.qa-reloc/upstream-pinned/.opencode/skills/work-with-pr-workspace/iteration-1/eval-4/without_skill/outputs/verification-strategy.md	name	ABSENT	KEYWORD-FALSE-POSITIVE	ACCEPTABLE	none
.qa-reloc/upstream-pinned/.opencode/skills/work-with-pr-workspace/iteration-1/eval-5/with_skill/outputs/verification-strategy.md	name	ABSENT	KEYWORD-FALSE-POSITIVE	ACCEPTABLE	none
.qa-reloc/upstream-pinned/.opencode/skills/work-with-pr-workspace/iteration-1/eval-5/without_skill/outputs/verification-strategy.md	name	ABSENT	KEYWORD-FALSE-POSITIVE	ACCEPTABLE	none
.qa-reloc/upstream-pinned/packages/omo-codex/plugin/components/lazycodex-executor-verify/AGENTS.md	name	ABSENT	KEYWORD-FALSE-POSITIVE	ACCEPTABLE	none
.qa-reloc/upstream-pinned/packages/omo-codex/plugin/components/lazycodex-executor-verify/biome.json	name	ABSENT	KEYWORD-FALSE-POSITIVE	ACCEPTABLE	none
.qa-reloc/upstream-pinned/packages/omo-codex/plugin/components/lazycodex-executor-verify/directive.md	name	ABSENT	KEYWORD-FALSE-POSITIVE	ACCEPTABLE	none
.qa-reloc/upstream-pinned/packages/omo-codex/plugin/components/lazycodex-executor-verify/hooks/hooks.json	name	ABSENT	KEYWORD-FALSE-POSITIVE	ACCEPTABLE	none
.qa-reloc/upstream-pinned/packages/omo-codex/plugin/components/lazycodex-executor-verify/package.json	name	ABSENT	KEYWORD-FALSE-POSITIVE	ACCEPTABLE	none
.qa-reloc/upstream-pinned/packages/omo-codex/plugin/components/lazycodex-executor-verify/src/cli.ts	name	ABSENT	KEYWORD-FALSE-POSITIVE	ACCEPTABLE	none
.qa-reloc/upstream-pinned/packages/omo-codex/plugin/components/lazycodex-executor-verify/src/codex-hook.ts	name	ABSENT	KEYWORD-FALSE-POSITIVE	ACCEPTABLE	none
.qa-reloc/upstream-pinned/packages/omo-codex/plugin/components/lazycodex-executor-verify/src/directive.ts	name	ABSENT	KEYWORD-FALSE-POSITIVE	ACCEPTABLE	none
.qa-reloc/upstream-pinned/packages/omo-codex/plugin/components/lazycodex-executor-verify/src/index.ts	name	ABSENT	KEYWORD-FALSE-POSITIVE	ACCEPTABLE	none
.qa-reloc/upstream-pinned/packages/omo-codex/plugin/components/lazycodex-executor-verify/src/state.ts	name	ABSENT	KEYWORD-FALSE-POSITIVE	ACCEPTABLE	none
.qa-reloc/upstream-pinned/packages/omo-codex/plugin/components/lazycodex-executor-verify/src/types.ts	name	ABSENT	KEYWORD-FALSE-POSITIVE	ACCEPTABLE	none
.qa-reloc/upstream-pinned/packages/omo-codex/plugin/components/lazycodex-executor-verify/test/cli.test.ts	name	ABSENT	KEYWORD-FALSE-POSITIVE	ACCEPTABLE	none
.qa-reloc/upstream-pinned/packages/omo-codex/plugin/components/lazycodex-executor-verify/test/codex-hook.test.ts	name	ABSENT	KEYWORD-FALSE-POSITIVE	ACCEPTABLE	none
.qa-reloc/upstream-pinned/packages/omo-codex/plugin/components/lazycodex-executor-verify/tsconfig.build.json	name	ABSENT	KEYWORD-FALSE-POSITIVE	ACCEPTABLE	none
.qa-reloc/upstream-pinned/packages/omo-codex/plugin/components/lazycodex-executor-verify/tsconfig.json	name	ABSENT	KEYWORD-FALSE-POSITIVE	ACCEPTABLE	none
.qa-reloc/upstream-pinned/packages/omo-codex/plugin/components/lazycodex-executor-verify/vitest.config.ts	name	ABSENT	KEYWORD-FALSE-POSITIVE	ACCEPTABLE	none
.qa-reloc/upstream-pinned/packages/omo-codex/plugin/hooks/subagent-stop-verifying-lazycodex-executor-evidence.json	name	ABSENT	KEYWORD-FALSE-POSITIVE	ACCEPTABLE	none
.qa-reloc/upstream-pinned/packages/omo-opencode/src/features/builtin-commands/templates/refactor-sections/verification-and-tooling.ts	name	ABSENT	KEYWORD-FALSE-POSITIVE	ACCEPTABLE	none
.qa-reloc/upstream-pinned/packages/omo-opencode/src/features/builtin-skills/skills/git-master-sections/commit-execution-verification.ts	name	ABSENT	KEYWORD-FALSE-POSITIVE	ACCEPTABLE	none
.qa-reloc/upstream-pinned/packages/omo-opencode/src/hooks/atlas/verification-reminders.test.ts	name	ABSENT	KEYWORD-FALSE-POSITIVE	ACCEPTABLE	none
.qa-reloc/upstream-pinned/packages/omo-opencode/src/hooks/atlas/verification-reminders.ts	name	ABSENT	KEYWORD-FALSE-POSITIVE	ACCEPTABLE	none
.qa-reloc/upstream-pinned/packages/omo-opencode/src/hooks/ralph-loop/oracle-verification-detector.test.ts	name	ABSENT	KEYWORD-FALSE-POSITIVE	ACCEPTABLE	none
.qa-reloc/upstream-pinned/packages/omo-opencode/src/hooks/ralph-loop/oracle-verification-detector.ts	name	ABSENT	KEYWORD-FALSE-POSITIVE	ACCEPTABLE	none
.qa-reloc/upstream-pinned/packages/omo-opencode/src/hooks/ralph-loop/pending-verification-handler.ts	name	ABSENT	KEYWORD-FALSE-POSITIVE	ACCEPTABLE	none
.qa-reloc/upstream-pinned/packages/omo-opencode/src/hooks/ralph-loop/ulw-loop-verification.test.ts	name	ABSENT	KEYWORD-FALSE-POSITIVE	ACCEPTABLE	none
.qa-reloc/upstream-pinned/packages/omo-opencode/src/hooks/ralph-loop/verification-failure-handler.ts	name	ABSENT	KEYWORD-FALSE-POSITIVE	ACCEPTABLE	none
.qa-reloc/upstream-pinned/packages/omo-opencode/src/hooks/team-session-events/team-idle-wake-hint-pending-delivery-verify.test.ts	name	ABSENT	KEYWORD-FALSE-POSITIVE	ACCEPTABLE	none
.qa-reloc/upstream-pinned/packages/senpi-task/src/completion/dag-verification-directive.ts	name	ABSENT	KEYWORD-FALSE-POSITIVE	ACCEPTABLE	none
.qa-reloc/upstream-pinned/packages/shared-skills/skills/lsp-setup/scripts/verify-lsp.ts	name	ABSENT	KEYWORD-FALSE-POSITIVE	ACCEPTABLE	none
.qa-reloc/upstream-pinned/packages/skills-loader-core/src/features/builtin-skills/skills/git-master-sections/commit-execution-verification.ts	name	ABSENT	KEYWORD-FALSE-POSITIVE	ACCEPTABLE	none
.qa-reloc/upstream-pinned/script/publish-post-verify-workflow.test.ts	name	ABSENT	KEYWORD-FALSE-POSITIVE	ACCEPTABLE	none
.qa-reloc/upstream-pinned/script/verify-npm-payload.mjs	name	ABSENT	KEYWORD-FALSE-POSITIVE	ACCEPTABLE	none
.qa-reloc/upstream-pinned/script/verify-omo-ai-payload.mjs	name	ABSENT	KEYWORD-FALSE-POSITIVE	ACCEPTABLE	none
.qa-reloc/upstream-pinned/script/verify-omo-ai-payload.test.ts	name	ABSENT	KEYWORD-FALSE-POSITIVE	ACCEPTABLE	none
.qa-tmp/gates-docs/verify-vendor.log	name	IGNORED	KEYWORD-FALSE-POSITIVE	ACCEPTABLE	none
.qa-tmp/hoisted/userhome/.cache/pnpm/lockfile-verified.jsonl	name	IGNORED	KEYWORD-FALSE-POSITIVE	ACCEPTABLE	none
.qa-tmp/onecmd/userhome/.cache/pnpm/lockfile-verified.jsonl	name	IGNORED	KEYWORD-FALSE-POSITIVE	ACCEPTABLE	none
.qa-tmp/pipx/venvs/traceweave-mcp/lib/python3.12/site-packages/cffi/verifier.py	name	IGNORED	KEYWORD-FALSE-POSITIVE	ACCEPTABLE	none
.qa-tmp/pipx/venvs/traceweave-mcp/lib/python3.12/site-packages/cryptography/x509/verification.py	name	IGNORED	KEYWORD-FALSE-POSITIVE	ACCEPTABLE	none
.qa-tmp/pipx/venvs/traceweave-mcp/lib/python3.12/site-packages/traceweave_mcp/_runtime/src/hdl_suffixes.py	name	IGNORED	KEYWORD-FALSE-POSITIVE	ACCEPTABLE	none
.qa-tmp/pipx/venvs/traceweave-mcp/lib/python3.12/site-packages/traceweave_mcp/_runtime/src/verify_condition.py	name	IGNORED	KEYWORD-FALSE-POSITIVE	ACCEPTABLE	none
.qa-tmp/pipx/venvs/traceweave-mcp/lib/python3.12/site-packages/traceweave_mcp/_runtime/src/window_verify.py	name	IGNORED	KEYWORD-FALSE-POSITIVE	ACCEPTABLE	none
.qa-tmp/pipx/venvs/wave-mcp/lib/python3.12/site-packages/cffi/verifier.py	name	IGNORED	KEYWORD-FALSE-POSITIVE	ACCEPTABLE	none
.qa-tmp/pipx/venvs/wave-mcp/lib/python3.12/site-packages/cryptography/x509/verification.py	name	IGNORED	KEYWORD-FALSE-POSITIVE	ACCEPTABLE	none
.qa-tmp/pipx/venvs/wave-mcp/lib/python3.12/site-packages/opentelemetry/util/_importlib_metadata.py	name	IGNORED	KEYWORD-FALSE-POSITIVE	ACCEPTABLE	none
.qa-tmp/pipx/venvs/wave-mcp/lib/python3.12/site-packages/wave_mcp/sources/rtl_source.py	name	IGNORED	UNTRACKED-BUILD-ARTIFACT	ACCEPTABLE	low
.qa-tmp/proof/home/profiles/proof/node_modules/@mpd-dsh/mpd/packages/mpd-verif-plugin/README.md	name	IGNORED	UNTRACKED-BUILD-ARTIFACT	ACCEPTABLE	low
.qa-tmp/proof/home/profiles/proof/node_modules/@mpd-dsh/mpd/packages/mpd-verif-plugin/README.zh-CN.md	name	IGNORED	UNTRACKED-BUILD-ARTIFACT	ACCEPTABLE	low
.qa-tmp/proof/home/profiles/proof/node_modules/@mpd-dsh/mpd/packages/mpd-verif-plugin/dist/index.js	name	IGNORED	UNTRACKED-BUILD-ARTIFACT	ACCEPTABLE	low
.qa-tmp/proof/home/profiles/proof/node_modules/@mpd-dsh/mpd/skills/dsh-qa/scripts/rtl-ip-profile.mjs	name	IGNORED	UNTRACKED-BUILD-ARTIFACT	ACCEPTABLE	low
.qa-tmp/proof/home/profiles/proof/node_modules/@mpd-dsh/mpd/skills/dsh-qa/scripts/rtl-verif.mjs	name	IGNORED	UNTRACKED-BUILD-ARTIFACT	ACCEPTABLE	low
.qa-tmp/proof/home/profiles/proof/node_modules/@mpd-dsh/mpd/skills/lsp-setup/scripts/verify-lsp.ts	name	IGNORED	KEYWORD-FALSE-POSITIVE	ACCEPTABLE	none
.qa-tmp/proof/home/profiles/proof/node_modules/@mpd-dsh/mpd/skills/rtl-codestyle/SKILL.md	name	IGNORED	UNTRACKED-BUILD-ARTIFACT	ACCEPTABLE	low
.qa-tmp/proof/home/profiles/proof/node_modules/@mpd-dsh/mpd/skills/rtl-codestyle/references/comment-conventions.md	name	IGNORED	UNTRACKED-BUILD-ARTIFACT	ACCEPTABLE	low
.qa-tmp/proof/home/profiles/proof/node_modules/@mpd-dsh/mpd/skills/rtl-codestyle/references/style-checklist.md	name	IGNORED	UNTRACKED-BUILD-ARTIFACT	ACCEPTABLE	low
.qa-tmp/proof/home/profiles/proof/node_modules/@mpd-dsh/mpd/skills/rtl-codestyle/templates/fsm_3process.vinc	name	IGNORED	UNTRACKED-BUILD-ARTIFACT	ACCEPTABLE	low
.qa-tmp/proof/home/profiles/proof/node_modules/@mpd-dsh/mpd/skills/rtl-codestyle/templates/module_skeleton.vinc	name	IGNORED	UNTRACKED-BUILD-ARTIFACT	ACCEPTABLE	low
.qa-tmp/proof/home/profiles/proof/node_modules/@mpd-dsh/mpd/skills/rtl-codestyle/templates/parameterized_counter.vinc	name	IGNORED	UNTRACKED-BUILD-ARTIFACT	ACCEPTABLE	low
.qa-tmp/proof/home/profiles/proof/node_modules/@mpd-dsh/mpd/skills/rtl-ip-flow/SKILL.md	name	IGNORED	UNTRACKED-BUILD-ARTIFACT	ACCEPTABLE	low
.qa-tmp/proof/home/profiles/proof/node_modules/@mpd-dsh/mpd/skills/rtl-ip-flow/templates/defect-report.md	name	IGNORED	UNTRACKED-BUILD-ARTIFACT	ACCEPTABLE	low
.qa-tmp/proof/home/profiles/proof/node_modules/@mpd-dsh/mpd/skills/rtl-ip-flow/templates/detail-design.md	name	IGNORED	UNTRACKED-BUILD-ARTIFACT	ACCEPTABLE	low
.qa-tmp/proof/home/profiles/proof/node_modules/@mpd-dsh/mpd/skills/rtl-ip-flow/templates/dfmea.md	name	IGNORED	UNTRACKED-BUILD-ARTIFACT	ACCEPTABLE	low
.qa-tmp/proof/home/profiles/proof/node_modules/@mpd-dsh/mpd/skills/rtl-ip-flow/templates/req-spec.md	name	IGNORED	UNTRACKED-BUILD-ARTIFACT	ACCEPTABLE	low
.qa-tmp/proof/home/profiles/proof/node_modules/@mpd-dsh/mpd/skills/rtl-ip-flow/templates/user-manual.md	name	IGNORED	UNTRACKED-BUILD-ARTIFACT	ACCEPTABLE	low
.qa-tmp/proof/home/profiles/proof/node_modules/@mpd-dsh/mpd/skills/rtl-ip-flow/templates/validation-manual.md	name	IGNORED	UNTRACKED-BUILD-ARTIFACT	ACCEPTABLE	low
.qa-tmp/proof/home/profiles/proof/node_modules/@mpd-dsh/mpd/skills/rtl-ip-flow/templates/validation-report.md	name	IGNORED	UNTRACKED-BUILD-ARTIFACT	ACCEPTABLE	low
.qa-tmp/proof/home/profiles/proof/node_modules/@mpd-dsh/mpd/skills/rtl-ip-flow/templates/verification-plan.md	name	IGNORED	UNTRACKED-BUILD-ARTIFACT	ACCEPTABLE	low
.qa-tmp/proof/home/profiles/proof/node_modules/@mpd-dsh/mpd/skills/rtl-verif/README.md	name	IGNORED	UNTRACKED-BUILD-ARTIFACT	ACCEPTABLE	low
.qa-tmp/proof/home/profiles/proof/node_modules/@mpd-dsh/mpd/skills/rtl-verif/SKILL.md	name	IGNORED	UNTRACKED-BUILD-ARTIFACT	ACCEPTABLE	low
.qa-tmp/proof/home/profiles/proof/node_modules/@mpd-dsh/mpd/skills/rtl-verif/examples/regression/README.md	name	IGNORED	UNTRACKED-BUILD-ARTIFACT	ACCEPTABLE	low
.qa-tmp/proof/home/profiles/proof/node_modules/@mpd-dsh/mpd/skills/rtl-verif/examples/regression/run_regression.sh	name	IGNORED	UNTRACKED-BUILD-ARTIFACT	ACCEPTABLE	low
.qa-tmp/proof/home/profiles/proof/node_modules/@mpd-dsh/mpd/skills/rtl-verif/fixtures/adder4/Makefile	name	IGNORED	UNTRACKED-BUILD-ARTIFACT	ACCEPTABLE	low
.qa-tmp/proof/home/profiles/proof/node_modules/@mpd-dsh/mpd/skills/rtl-verif/fixtures/adder4/tb_adder4.py	name	IGNORED	UNTRACKED-BUILD-ARTIFACT	ACCEPTABLE	low
.qa-tmp/proof/home/profiles/proof/node_modules/@mpd-dsh/mpd/skills/rtl-verif/fixtures/cnt8/Makefile	name	IGNORED	UNTRACKED-BUILD-ARTIFACT	ACCEPTABLE	low
.qa-tmp/proof/home/profiles/proof/node_modules/@mpd-dsh/mpd/skills/rtl-verif/fixtures/cnt8/tb_cnt8.py	name	IGNORED	UNTRACKED-BUILD-ARTIFACT	ACCEPTABLE	low
.qa-tmp/proof/home/profiles/proof/node_modules/@mpd-dsh/mpd/skills/rtl-verif/templates/cocotb/Makefile	name	IGNORED	UNTRACKED-BUILD-ARTIFACT	ACCEPTABLE	low
.qa-tmp/proof/home/profiles/proof/node_modules/@mpd-dsh/mpd/skills/rtl-verif/templates/cocotb/bootstrap_venv.sh	name	IGNORED	UNTRACKED-BUILD-ARTIFACT	ACCEPTABLE	low
.qa-tmp/proof/home/profiles/proof/node_modules/@mpd-dsh/mpd/skills/rtl-verif/templates/cocotb/tb_template.py	name	IGNORED	UNTRACKED-BUILD-ARTIFACT	ACCEPTABLE	low
.qa-tmp/proof/home/profiles/proof/node_modules/@mpd-dsh/mpd/skills/rtl-verif/templates/uvm/README.md	name	IGNORED	UNTRACKED-BUILD-ARTIFACT	ACCEPTABLE	low
.qa-tmp/proof/home/profiles/proof/node_modules/@mpd-dsh/mpd/skills/rtl-verif/templates/uvm/dut_agent.sv	name	IGNORED	UNTRACKED-BUILD-ARTIFACT	ACCEPTABLE	low
.qa-tmp/proof/home/profiles/proof/node_modules/@mpd-dsh/mpd/skills/rtl-verif/templates/uvm/dut_driver.sv	name	IGNORED	UNTRACKED-BUILD-ARTIFACT	ACCEPTABLE	low
.qa-tmp/proof/home/profiles/proof/node_modules/@mpd-dsh/mpd/skills/rtl-verif/templates/uvm/dut_env.sv	name	IGNORED	UNTRACKED-BUILD-ARTIFACT	ACCEPTABLE	low
.qa-tmp/proof/home/profiles/proof/node_modules/@mpd-dsh/mpd/skills/rtl-verif/templates/uvm/dut_monitor.sv	name	IGNORED	UNTRACKED-BUILD-ARTIFACT	ACCEPTABLE	low
.qa-tmp/proof/home/profiles/proof/node_modules/@mpd-dsh/mpd/skills/rtl-verif/templates/uvm/dut_pkg.sv	name	IGNORED	UNTRACKED-BUILD-ARTIFACT	ACCEPTABLE	low
.qa-tmp/proof/home/profiles/proof/node_modules/@mpd-dsh/mpd/skills/rtl-verif/templates/uvm/dut_scoreboard.sv	name	IGNORED	UNTRACKED-BUILD-ARTIFACT	ACCEPTABLE	low
.qa-tmp/proof/home/profiles/proof/node_modules/@mpd-dsh/mpd/skills/rtl-verif/templates/uvm/dut_sequence.sv	name	IGNORED	UNTRACKED-BUILD-ARTIFACT	ACCEPTABLE	low
.qa-tmp/proof/home/profiles/proof/node_modules/@mpd-dsh/mpd/skills/rtl-verif/templates/uvm/dut_sequence_item.sv	name	IGNORED	UNTRACKED-BUILD-ARTIFACT	ACCEPTABLE	low
.qa-tmp/prove-persona/home/profiles/w/node_modules/@mpd-dsh/mpd/packages/mpd-verif-plugin/README.md	name	IGNORED	UNTRACKED-BUILD-ARTIFACT	ACCEPTABLE	low
.qa-tmp/prove-persona/home/profiles/w/node_modules/@mpd-dsh/mpd/packages/mpd-verif-plugin/README.zh-CN.md	name	IGNORED	UNTRACKED-BUILD-ARTIFACT	ACCEPTABLE	low
.qa-tmp/prove-persona/home/profiles/w/node_modules/@mpd-dsh/mpd/packages/mpd-verif-plugin/dist/index.js	name	IGNORED	UNTRACKED-BUILD-ARTIFACT	ACCEPTABLE	low
.qa-tmp/prove-persona/home/profiles/w/node_modules/@mpd-dsh/mpd/skills/dsh-qa/scripts/rtl-ip-profile.mjs	name	IGNORED	UNTRACKED-BUILD-ARTIFACT	ACCEPTABLE	low
.qa-tmp/prove-persona/home/profiles/w/node_modules/@mpd-dsh/mpd/skills/dsh-qa/scripts/rtl-verif.mjs	name	IGNORED	UNTRACKED-BUILD-ARTIFACT	ACCEPTABLE	low
.qa-tmp/prove-persona/home/profiles/w/node_modules/@mpd-dsh/mpd/skills/lsp-setup/scripts/verify-lsp.ts	name	IGNORED	KEYWORD-FALSE-POSITIVE	ACCEPTABLE	none
.qa-tmp/prove-persona/home/profiles/w/node_modules/@mpd-dsh/mpd/skills/rtl-codestyle/SKILL.md	name	IGNORED	UNTRACKED-BUILD-ARTIFACT	ACCEPTABLE	low
.qa-tmp/prove-persona/home/profiles/w/node_modules/@mpd-dsh/mpd/skills/rtl-codestyle/references/comment-conventions.md	name	IGNORED	UNTRACKED-BUILD-ARTIFACT	ACCEPTABLE	low
.qa-tmp/prove-persona/home/profiles/w/node_modules/@mpd-dsh/mpd/skills/rtl-codestyle/references/style-checklist.md	name	IGNORED	UNTRACKED-BUILD-ARTIFACT	ACCEPTABLE	low
.qa-tmp/prove-persona/home/profiles/w/node_modules/@mpd-dsh/mpd/skills/rtl-codestyle/templates/fsm_3process.vinc	name	IGNORED	UNTRACKED-BUILD-ARTIFACT	ACCEPTABLE	low
.qa-tmp/prove-persona/home/profiles/w/node_modules/@mpd-dsh/mpd/skills/rtl-codestyle/templates/module_skeleton.vinc	name	IGNORED	UNTRACKED-BUILD-ARTIFACT	ACCEPTABLE	low
.qa-tmp/prove-persona/home/profiles/w/node_modules/@mpd-dsh/mpd/skills/rtl-codestyle/templates/parameterized_counter.vinc	name	IGNORED	UNTRACKED-BUILD-ARTIFACT	ACCEPTABLE	low
.qa-tmp/prove-persona/home/profiles/w/node_modules/@mpd-dsh/mpd/skills/rtl-ip-flow/SKILL.md	name	IGNORED	UNTRACKED-BUILD-ARTIFACT	ACCEPTABLE	low
.qa-tmp/prove-persona/home/profiles/w/node_modules/@mpd-dsh/mpd/skills/rtl-ip-flow/templates/defect-report.md	name	IGNORED	UNTRACKED-BUILD-ARTIFACT	ACCEPTABLE	low
.qa-tmp/prove-persona/home/profiles/w/node_modules/@mpd-dsh/mpd/skills/rtl-ip-flow/templates/detail-design.md	name	IGNORED	UNTRACKED-BUILD-ARTIFACT	ACCEPTABLE	low
.qa-tmp/prove-persona/home/profiles/w/node_modules/@mpd-dsh/mpd/skills/rtl-ip-flow/templates/dfmea.md	name	IGNORED	UNTRACKED-BUILD-ARTIFACT	ACCEPTABLE	low
.qa-tmp/prove-persona/home/profiles/w/node_modules/@mpd-dsh/mpd/skills/rtl-ip-flow/templates/req-spec.md	name	IGNORED	UNTRACKED-BUILD-ARTIFACT	ACCEPTABLE	low
.qa-tmp/prove-persona/home/profiles/w/node_modules/@mpd-dsh/mpd/skills/rtl-ip-flow/templates/user-manual.md	name	IGNORED	UNTRACKED-BUILD-ARTIFACT	ACCEPTABLE	low
.qa-tmp/prove-persona/home/profiles/w/node_modules/@mpd-dsh/mpd/skills/rtl-ip-flow/templates/validation-manual.md	name	IGNORED	UNTRACKED-BUILD-ARTIFACT	ACCEPTABLE	low
.qa-tmp/prove-persona/home/profiles/w/node_modules/@mpd-dsh/mpd/skills/rtl-ip-flow/templates/validation-report.md	name	IGNORED	UNTRACKED-BUILD-ARTIFACT	ACCEPTABLE	low
.qa-tmp/prove-persona/home/profiles/w/node_modules/@mpd-dsh/mpd/skills/rtl-ip-flow/templates/verification-plan.md	name	IGNORED	UNTRACKED-BUILD-ARTIFACT	ACCEPTABLE	low
.qa-tmp/prove-persona/home/profiles/w/node_modules/@mpd-dsh/mpd/skills/rtl-verif/README.md	name	IGNORED	UNTRACKED-BUILD-ARTIFACT	ACCEPTABLE	low
.qa-tmp/prove-persona/home/profiles/w/node_modules/@mpd-dsh/mpd/skills/rtl-verif/SKILL.md	name	IGNORED	UNTRACKED-BUILD-ARTIFACT	ACCEPTABLE	low
.qa-tmp/prove-persona/home/profiles/w/node_modules/@mpd-dsh/mpd/skills/rtl-verif/examples/regression/README.md	name	IGNORED	UNTRACKED-BUILD-ARTIFACT	ACCEPTABLE	low
.qa-tmp/prove-persona/home/profiles/w/node_modules/@mpd-dsh/mpd/skills/rtl-verif/examples/regression/run_regression.sh	name	IGNORED	UNTRACKED-BUILD-ARTIFACT	ACCEPTABLE	low
.qa-tmp/prove-persona/home/profiles/w/node_modules/@mpd-dsh/mpd/skills/rtl-verif/fixtures/adder4/Makefile	name	IGNORED	UNTRACKED-BUILD-ARTIFACT	ACCEPTABLE	low
.qa-tmp/prove-persona/home/profiles/w/node_modules/@mpd-dsh/mpd/skills/rtl-verif/fixtures/adder4/tb_adder4.py	name	IGNORED	UNTRACKED-BUILD-ARTIFACT	ACCEPTABLE	low
.qa-tmp/prove-persona/home/profiles/w/node_modules/@mpd-dsh/mpd/skills/rtl-verif/fixtures/cnt8/Makefile	name	IGNORED	UNTRACKED-BUILD-ARTIFACT	ACCEPTABLE	low
.qa-tmp/prove-persona/home/profiles/w/node_modules/@mpd-dsh/mpd/skills/rtl-verif/fixtures/cnt8/tb_cnt8.py	name	IGNORED	UNTRACKED-BUILD-ARTIFACT	ACCEPTABLE	low
.qa-tmp/prove-persona/home/profiles/w/node_modules/@mpd-dsh/mpd/skills/rtl-verif/templates/cocotb/Makefile	name	IGNORED	UNTRACKED-BUILD-ARTIFACT	ACCEPTABLE	low
.qa-tmp/prove-persona/home/profiles/w/node_modules/@mpd-dsh/mpd/skills/rtl-verif/templates/cocotb/bootstrap_venv.sh	name	IGNORED	UNTRACKED-BUILD-ARTIFACT	ACCEPTABLE	low
.qa-tmp/prove-persona/home/profiles/w/node_modules/@mpd-dsh/mpd/skills/rtl-verif/templates/cocotb/tb_template.py	name	IGNORED	UNTRACKED-BUILD-ARTIFACT	ACCEPTABLE	low
.qa-tmp/prove-persona/home/profiles/w/node_modules/@mpd-dsh/mpd/skills/rtl-verif/templates/uvm/README.md	name	IGNORED	UNTRACKED-BUILD-ARTIFACT	ACCEPTABLE	low
.qa-tmp/prove-persona/home/profiles/w/node_modules/@mpd-dsh/mpd/skills/rtl-verif/templates/uvm/dut_agent.sv	name	IGNORED	UNTRACKED-BUILD-ARTIFACT	ACCEPTABLE	low
.qa-tmp/prove-persona/home/profiles/w/node_modules/@mpd-dsh/mpd/skills/rtl-verif/templates/uvm/dut_driver.sv	name	IGNORED	UNTRACKED-BUILD-ARTIFACT	ACCEPTABLE	low
.qa-tmp/prove-persona/home/profiles/w/node_modules/@mpd-dsh/mpd/skills/rtl-verif/templates/uvm/dut_env.sv	name	IGNORED	UNTRACKED-BUILD-ARTIFACT	ACCEPTABLE	low
.qa-tmp/prove-persona/home/profiles/w/node_modules/@mpd-dsh/mpd/skills/rtl-verif/templates/uvm/dut_monitor.sv	name	IGNORED	UNTRACKED-BUILD-ARTIFACT	ACCEPTABLE	low
.qa-tmp/prove-persona/home/profiles/w/node_modules/@mpd-dsh/mpd/skills/rtl-verif/templates/uvm/dut_pkg.sv	name	IGNORED	UNTRACKED-BUILD-ARTIFACT	ACCEPTABLE	low
.qa-tmp/prove-persona/home/profiles/w/node_modules/@mpd-dsh/mpd/skills/rtl-verif/templates/uvm/dut_scoreboard.sv	name	IGNORED	UNTRACKED-BUILD-ARTIFACT	ACCEPTABLE	low
.qa-tmp/prove-persona/home/profiles/w/node_modules/@mpd-dsh/mpd/skills/rtl-verif/templates/uvm/dut_sequence.sv	name	IGNORED	UNTRACKED-BUILD-ARTIFACT	ACCEPTABLE	low
.qa-tmp/prove-persona/home/profiles/w/node_modules/@mpd-dsh/mpd/skills/rtl-verif/templates/uvm/dut_sequence_item.sv	name	IGNORED	UNTRACKED-BUILD-ARTIFACT	ACCEPTABLE	low
.qa-tmp/userhome/.cache/pnpm/lockfile-verified.jsonl	name	IGNORED	KEYWORD-FALSE-POSITIVE	ACCEPTABLE	none
.qa-tmp/uv-cache/archive-v0/532B1eFzjjb51x_w/opentelemetry/util/_importlib_metadata.py	name	IGNORED	KEYWORD-FALSE-POSITIVE	ACCEPTABLE	none
.qa-tmp/uv-cache/archive-v0/Oy_yfn4Nb8ONnNpi/cffi/verifier.py	name	IGNORED	KEYWORD-FALSE-POSITIVE	ACCEPTABLE	none
.qa-tmp/uv-cache/archive-v0/jEMLGiKp-N3d0ho-/wave_mcp/sources/rtl_source.py	name	IGNORED	UNTRACKED-BUILD-ARTIFACT	ACCEPTABLE	low
.qa-tmp/uv-cache/archive-v0/nFnynC5qjpDI5SAv/cryptography/x509/verification.py	name	IGNORED	KEYWORD-FALSE-POSITIVE	ACCEPTABLE	none
.qa-tmp/uv-cache/archive-v0/pFn8oxH0gY-eHnJr/traceweave_mcp/_runtime/src/hdl_suffixes.py	name	IGNORED	KEYWORD-FALSE-POSITIVE	ACCEPTABLE	none
.qa-tmp/uv-cache/archive-v0/pFn8oxH0gY-eHnJr/traceweave_mcp/_runtime/src/verify_condition.py	name	IGNORED	KEYWORD-FALSE-POSITIVE	ACCEPTABLE	none
.qa-tmp/uv-cache/archive-v0/pFn8oxH0gY-eHnJr/traceweave_mcp/_runtime/src/window_verify.py	name	IGNORED	KEYWORD-FALSE-POSITIVE	ACCEPTABLE	none
.qa-tmp/verify-mut/boot-probe.mjs	name	IGNORED	KEYWORD-FALSE-POSITIVE	ACCEPTABLE	none
.qa-tmp/verify-mut/boot-probe2.mjs	name	IGNORED	KEYWORD-FALSE-POSITIVE	ACCEPTABLE	none
.qa-tmp/verify-mut/boot-probe3.mjs	name	IGNORED	KEYWORD-FALSE-POSITIVE	ACCEPTABLE	none
.qa-tmp/verify-mut/client.js.orig	name	IGNORED	KEYWORD-FALSE-POSITIVE	ACCEPTABLE	none
.qa-tmp/verify-mut/mutation-A-literal-conversation-chat-node-build.log	name	IGNORED	KEYWORD-FALSE-POSITIVE	ACCEPTABLE	none
.qa-tmp/verify-mut/mutation-A-literal-conversation-chat-node-test.log	name	IGNORED	KEYWORD-FALSE-POSITIVE	ACCEPTABLE	none
.qa-tmp/verify-mut/mutation-A2-gate-blind-conversation-chat-node-build.log	name	IGNORED	KEYWORD-FALSE-POSITIVE	ACCEPTABLE	none
.qa-tmp/verify-mut/mutation-A2-gate-blind-conversation-chat-node-test.log	name	IGNORED	KEYWORD-FALSE-POSITIVE	ACCEPTABLE	none
.qa-tmp/verify-mut/mutation-B-adopted-client-apply-build.log	name	IGNORED	KEYWORD-FALSE-POSITIVE	ACCEPTABLE	none
.qa-tmp/verify-mut/mutation-B-adopted-client-apply-test.log	name	IGNORED	KEYWORD-FALSE-POSITIVE	ACCEPTABLE	none
.qa-tmp/verify-mut/mutation-proof.json	name	IGNORED	KEYWORD-FALSE-POSITIVE	ACCEPTABLE	none
.qa-tmp/verify-mut/mutation-proof.log	name	IGNORED	KEYWORD-FALSE-POSITIVE	ACCEPTABLE	none
.qa-tmp/verify-mut/mutation-proof.mjs	name	IGNORED	KEYWORD-FALSE-POSITIVE	ACCEPTABLE	none
.qa-tmp/verify-mut/web-client.js.orig	name	IGNORED	KEYWORD-FALSE-POSITIVE	ACCEPTABLE	none
.qa-tmp/verify-mut/write-sweep-block.mjs	name	IGNORED	KEYWORD-FALSE-POSITIVE	ACCEPTABLE	none
.qa-web-client/profiles/w/node_modules/@mpd-dsh/mpd/packages/mpd-verif-plugin/README.md	name	IGNORED	UNTRACKED-BUILD-ARTIFACT	ACCEPTABLE	low
.qa-web-client/profiles/w/node_modules/@mpd-dsh/mpd/packages/mpd-verif-plugin/README.zh-CN.md	name	IGNORED	UNTRACKED-BUILD-ARTIFACT	ACCEPTABLE	low
.qa-web-client/profiles/w/node_modules/@mpd-dsh/mpd/packages/mpd-verif-plugin/dist/index.js	name	IGNORED	UNTRACKED-BUILD-ARTIFACT	ACCEPTABLE	low
.qa-web-client/profiles/w/node_modules/@mpd-dsh/mpd/skills/dsh-qa/scripts/rtl-ip-profile.mjs	name	IGNORED	UNTRACKED-BUILD-ARTIFACT	ACCEPTABLE	low
.qa-web-client/profiles/w/node_modules/@mpd-dsh/mpd/skills/dsh-qa/scripts/rtl-verif.mjs	name	IGNORED	UNTRACKED-BUILD-ARTIFACT	ACCEPTABLE	low
.qa-web-client/profiles/w/node_modules/@mpd-dsh/mpd/skills/lsp-setup/scripts/verify-lsp.ts	name	IGNORED	KEYWORD-FALSE-POSITIVE	ACCEPTABLE	none
.qa-web-client/profiles/w/node_modules/@mpd-dsh/mpd/skills/rtl-codestyle/SKILL.md	name	IGNORED	UNTRACKED-BUILD-ARTIFACT	ACCEPTABLE	low
.qa-web-client/profiles/w/node_modules/@mpd-dsh/mpd/skills/rtl-codestyle/references/comment-conventions.md	name	IGNORED	UNTRACKED-BUILD-ARTIFACT	ACCEPTABLE	low
.qa-web-client/profiles/w/node_modules/@mpd-dsh/mpd/skills/rtl-codestyle/references/style-checklist.md	name	IGNORED	UNTRACKED-BUILD-ARTIFACT	ACCEPTABLE	low
.qa-web-client/profiles/w/node_modules/@mpd-dsh/mpd/skills/rtl-codestyle/templates/fsm_3process.vinc	name	IGNORED	UNTRACKED-BUILD-ARTIFACT	ACCEPTABLE	low
.qa-web-client/profiles/w/node_modules/@mpd-dsh/mpd/skills/rtl-codestyle/templates/module_skeleton.vinc	name	IGNORED	UNTRACKED-BUILD-ARTIFACT	ACCEPTABLE	low
.qa-web-client/profiles/w/node_modules/@mpd-dsh/mpd/skills/rtl-codestyle/templates/parameterized_counter.vinc	name	IGNORED	UNTRACKED-BUILD-ARTIFACT	ACCEPTABLE	low
.qa-web-client/profiles/w/node_modules/@mpd-dsh/mpd/skills/rtl-ip-flow/SKILL.md	name	IGNORED	UNTRACKED-BUILD-ARTIFACT	ACCEPTABLE	low
.qa-web-client/profiles/w/node_modules/@mpd-dsh/mpd/skills/rtl-ip-flow/templates/defect-report.md	name	IGNORED	UNTRACKED-BUILD-ARTIFACT	ACCEPTABLE	low
.qa-web-client/profiles/w/node_modules/@mpd-dsh/mpd/skills/rtl-ip-flow/templates/detail-design.md	name	IGNORED	UNTRACKED-BUILD-ARTIFACT	ACCEPTABLE	low
.qa-web-client/profiles/w/node_modules/@mpd-dsh/mpd/skills/rtl-ip-flow/templates/dfmea.md	name	IGNORED	UNTRACKED-BUILD-ARTIFACT	ACCEPTABLE	low
.qa-web-client/profiles/w/node_modules/@mpd-dsh/mpd/skills/rtl-ip-flow/templates/req-spec.md	name	IGNORED	UNTRACKED-BUILD-ARTIFACT	ACCEPTABLE	low
.qa-web-client/profiles/w/node_modules/@mpd-dsh/mpd/skills/rtl-ip-flow/templates/user-manual.md	name	IGNORED	UNTRACKED-BUILD-ARTIFACT	ACCEPTABLE	low
.qa-web-client/profiles/w/node_modules/@mpd-dsh/mpd/skills/rtl-ip-flow/templates/validation-manual.md	name	IGNORED	UNTRACKED-BUILD-ARTIFACT	ACCEPTABLE	low
.qa-web-client/profiles/w/node_modules/@mpd-dsh/mpd/skills/rtl-ip-flow/templates/validation-report.md	name	IGNORED	UNTRACKED-BUILD-ARTIFACT	ACCEPTABLE	low
.qa-web-client/profiles/w/node_modules/@mpd-dsh/mpd/skills/rtl-ip-flow/templates/verification-plan.md	name	IGNORED	UNTRACKED-BUILD-ARTIFACT	ACCEPTABLE	low
.qa-web-client/profiles/w/node_modules/@mpd-dsh/mpd/skills/rtl-verif/README.md	name	IGNORED	UNTRACKED-BUILD-ARTIFACT	ACCEPTABLE	low
.qa-web-client/profiles/w/node_modules/@mpd-dsh/mpd/skills/rtl-verif/SKILL.md	name	IGNORED	UNTRACKED-BUILD-ARTIFACT	ACCEPTABLE	low
.qa-web-client/profiles/w/node_modules/@mpd-dsh/mpd/skills/rtl-verif/examples/regression/README.md	name	IGNORED	UNTRACKED-BUILD-ARTIFACT	ACCEPTABLE	low
.qa-web-client/profiles/w/node_modules/@mpd-dsh/mpd/skills/rtl-verif/examples/regression/run_regression.sh	name	IGNORED	UNTRACKED-BUILD-ARTIFACT	ACCEPTABLE	low
.qa-web-client/profiles/w/node_modules/@mpd-dsh/mpd/skills/rtl-verif/fixtures/adder4/Makefile	name	IGNORED	UNTRACKED-BUILD-ARTIFACT	ACCEPTABLE	low
.qa-web-client/profiles/w/node_modules/@mpd-dsh/mpd/skills/rtl-verif/fixtures/adder4/tb_adder4.py	name	IGNORED	UNTRACKED-BUILD-ARTIFACT	ACCEPTABLE	low
.qa-web-client/profiles/w/node_modules/@mpd-dsh/mpd/skills/rtl-verif/fixtures/cnt8/Makefile	name	IGNORED	UNTRACKED-BUILD-ARTIFACT	ACCEPTABLE	low
.qa-web-client/profiles/w/node_modules/@mpd-dsh/mpd/skills/rtl-verif/fixtures/cnt8/tb_cnt8.py	name	IGNORED	UNTRACKED-BUILD-ARTIFACT	ACCEPTABLE	low
.qa-web-client/profiles/w/node_modules/@mpd-dsh/mpd/skills/rtl-verif/templates/cocotb/Makefile	name	IGNORED	UNTRACKED-BUILD-ARTIFACT	ACCEPTABLE	low
.qa-web-client/profiles/w/node_modules/@mpd-dsh/mpd/skills/rtl-verif/templates/cocotb/bootstrap_venv.sh	name	IGNORED	UNTRACKED-BUILD-ARTIFACT	ACCEPTABLE	low
.qa-web-client/profiles/w/node_modules/@mpd-dsh/mpd/skills/rtl-verif/templates/cocotb/tb_template.py	name	IGNORED	UNTRACKED-BUILD-ARTIFACT	ACCEPTABLE	low
.qa-web-client/profiles/w/node_modules/@mpd-dsh/mpd/skills/rtl-verif/templates/uvm/README.md	name	IGNORED	UNTRACKED-BUILD-ARTIFACT	ACCEPTABLE	low
.qa-web-client/profiles/w/node_modules/@mpd-dsh/mpd/skills/rtl-verif/templates/uvm/dut_agent.sv	name	IGNORED	UNTRACKED-BUILD-ARTIFACT	ACCEPTABLE	low
.qa-web-client/profiles/w/node_modules/@mpd-dsh/mpd/skills/rtl-verif/templates/uvm/dut_driver.sv	name	IGNORED	UNTRACKED-BUILD-ARTIFACT	ACCEPTABLE	low
.qa-web-client/profiles/w/node_modules/@mpd-dsh/mpd/skills/rtl-verif/templates/uvm/dut_env.sv	name	IGNORED	UNTRACKED-BUILD-ARTIFACT	ACCEPTABLE	low
.qa-web-client/profiles/w/node_modules/@mpd-dsh/mpd/skills/rtl-verif/templates/uvm/dut_monitor.sv	name	IGNORED	UNTRACKED-BUILD-ARTIFACT	ACCEPTABLE	low
.qa-web-client/profiles/w/node_modules/@mpd-dsh/mpd/skills/rtl-verif/templates/uvm/dut_pkg.sv	name	IGNORED	UNTRACKED-BUILD-ARTIFACT	ACCEPTABLE	low
.qa-web-client/profiles/w/node_modules/@mpd-dsh/mpd/skills/rtl-verif/templates/uvm/dut_scoreboard.sv	name	IGNORED	UNTRACKED-BUILD-ARTIFACT	ACCEPTABLE	low
.qa-web-client/profiles/w/node_modules/@mpd-dsh/mpd/skills/rtl-verif/templates/uvm/dut_sequence.sv	name	IGNORED	UNTRACKED-BUILD-ARTIFACT	ACCEPTABLE	low
.qa-web-client/profiles/w/node_modules/@mpd-dsh/mpd/skills/rtl-verif/templates/uvm/dut_sequence_item.sv	name	IGNORED	UNTRACKED-BUILD-ARTIFACT	ACCEPTABLE	low
.silicon-extraction/removal.log	content,content-precise,name	TRACKED	BRIDGE-BY-DESIGN	ACCEPTABLE	none
.tmp-cache/mpd-dsh-qa-maI6ab/skills/lsp-setup/scripts/verify-lsp.ts	name	IGNORED	KEYWORD-FALSE-POSITIVE	ACCEPTABLE	none
.tmp-cache/mpd-dsh-qa-pkaouA/skills/lsp-setup/scripts/verify-lsp.ts	name	IGNORED	KEYWORD-FALSE-POSITIVE	ACCEPTABLE	none
.toolchain/bin/verible-verilog-ls	name	IGNORED	BRIDGE-BY-DESIGN	ACCEPTABLE	low
.venv-rtl/bin/Activate.ps1	name	IGNORED	UNTRACKED-BUILD-ARTIFACT	ACCEPTABLE	low
.venv-rtl/bin/activate	name	IGNORED	UNTRACKED-BUILD-ARTIFACT	ACCEPTABLE	low
.venv-rtl/bin/activate.csh	name	IGNORED	UNTRACKED-BUILD-ARTIFACT	ACCEPTABLE	low
.venv-rtl/bin/activate.fish	name	IGNORED	UNTRACKED-BUILD-ARTIFACT	ACCEPTABLE	low
.venv-rtl/bin/cocotb-config	name	IGNORED	UNTRACKED-BUILD-ARTIFACT	ACCEPTABLE	low
.venv-rtl/bin/find_libpython	name	IGNORED	UNTRACKED-BUILD-ARTIFACT	ACCEPTABLE	low
.venv-rtl/bin/pip	name	IGNORED	UNTRACKED-BUILD-ARTIFACT	ACCEPTABLE	low
.venv-rtl/bin/pip3	name	IGNORED	UNTRACKED-BUILD-ARTIFACT	ACCEPTABLE	low
.venv-rtl/bin/pip3.12	name	IGNORED	UNTRACKED-BUILD-ARTIFACT	ACCEPTABLE	low
.venv-rtl/bin/py.test	name	IGNORED	UNTRACKED-BUILD-ARTIFACT	ACCEPTABLE	low
.venv-rtl/bin/pygmentize	name	IGNORED	UNTRACKED-BUILD-ARTIFACT	ACCEPTABLE	low
.venv-rtl/bin/pytest	name	IGNORED	UNTRACKED-BUILD-ARTIFACT	ACCEPTABLE	low
.venv-rtl/lib/python3.12/site-packages/__pycache__/py.cpython-312.pyc	name	IGNORED	UNTRACKED-BUILD-ARTIFACT	ACCEPTABLE	low
.venv-rtl/lib/python3.12/site-packages/_pytest/__init__.py	name	IGNORED	UNTRACKED-BUILD-ARTIFACT	ACCEPTABLE	low
.venv-rtl/lib/python3.12/site-packages/_pytest/__pycache__/__init__.cpython-312.pyc	name	IGNORED	UNTRACKED-BUILD-ARTIFACT	ACCEPTABLE	low
.venv-rtl/lib/python3.12/site-packages/_pytest/__pycache__/_argcomplete.cpython-312.pyc	name	IGNORED	UNTRACKED-BUILD-ARTIFACT	ACCEPTABLE	low
.venv-rtl/lib/python3.12/site-packages/_pytest/__pycache__/_version.cpython-312.pyc	name	IGNORED	UNTRACKED-BUILD-ARTIFACT	ACCEPTABLE	low
.venv-rtl/lib/python3.12/site-packages/_pytest/__pycache__/cacheprovider.cpython-312.pyc	name	IGNORED	UNTRACKED-BUILD-ARTIFACT	ACCEPTABLE	low
.venv-rtl/lib/python3.12/site-packages/_pytest/__pycache__/capture.cpython-312.pyc	name	IGNORED	UNTRACKED-BUILD-ARTIFACT	ACCEPTABLE	low
.venv-rtl/lib/python3.12/site-packages/_pytest/__pycache__/compat.cpython-312.pyc	name	IGNORED	UNTRACKED-BUILD-ARTIFACT	ACCEPTABLE	low
.venv-rtl/lib/python3.12/site-packages/_pytest/__pycache__/debugging.cpython-312.pyc	name	IGNORED	UNTRACKED-BUILD-ARTIFACT	ACCEPTABLE	low
.venv-rtl/lib/python3.12/site-packages/_pytest/__pycache__/deprecated.cpython-312.pyc	name	IGNORED	UNTRACKED-BUILD-ARTIFACT	ACCEPTABLE	low
.venv-rtl/lib/python3.12/site-packages/_pytest/__pycache__/doctest.cpython-312.pyc	name	IGNORED	UNTRACKED-BUILD-ARTIFACT	ACCEPTABLE	low
.venv-rtl/lib/python3.12/site-packages/_pytest/__pycache__/faulthandler.cpython-312.pyc	name	IGNORED	UNTRACKED-BUILD-ARTIFACT	ACCEPTABLE	low
.venv-rtl/lib/python3.12/site-packages/_pytest/__pycache__/fixtures.cpython-312.pyc	name	IGNORED	UNTRACKED-BUILD-ARTIFACT	ACCEPTABLE	low
.venv-rtl/lib/python3.12/site-packages/_pytest/__pycache__/freeze_support.cpython-312.pyc	name	IGNORED	UNTRACKED-BUILD-ARTIFACT	ACCEPTABLE	low
.venv-rtl/lib/python3.12/site-packages/_pytest/__pycache__/helpconfig.cpython-312.pyc	name	IGNORED	UNTRACKED-BUILD-ARTIFACT	ACCEPTABLE	low
.venv-rtl/lib/python3.12/site-packages/_pytest/__pycache__/hookspec.cpython-312.pyc	name	IGNORED	UNTRACKED-BUILD-ARTIFACT	ACCEPTABLE	low
.venv-rtl/lib/python3.12/site-packages/_pytest/__pycache__/junitxml.cpython-312.pyc	name	IGNORED	UNTRACKED-BUILD-ARTIFACT	ACCEPTABLE	low
.venv-rtl/lib/python3.12/site-packages/_pytest/__pycache__/legacypath.cpython-312.pyc	name	IGNORED	UNTRACKED-BUILD-ARTIFACT	ACCEPTABLE	low
.venv-rtl/lib/python3.12/site-packages/_pytest/__pycache__/logging.cpython-312.pyc	name	IGNORED	UNTRACKED-BUILD-ARTIFACT	ACCEPTABLE	low
.venv-rtl/lib/python3.12/site-packages/_pytest/__pycache__/main.cpython-312.pyc	name	IGNORED	UNTRACKED-BUILD-ARTIFACT	ACCEPTABLE	low
.venv-rtl/lib/python3.12/site-packages/_pytest/__pycache__/monkeypatch.cpython-312.pyc	name	IGNORED	UNTRACKED-BUILD-ARTIFACT	ACCEPTABLE	low
.venv-rtl/lib/python3.12/site-packages/_pytest/__pycache__/nodes.cpython-312.pyc	name	IGNORED	UNTRACKED-BUILD-ARTIFACT	ACCEPTABLE	low
.venv-rtl/lib/python3.12/site-packages/_pytest/__pycache__/outcomes.cpython-312.pyc	name	IGNORED	UNTRACKED-BUILD-ARTIFACT	ACCEPTABLE	low
.venv-rtl/lib/python3.12/site-packages/_pytest/__pycache__/pastebin.cpython-312.pyc	name	IGNORED	UNTRACKED-BUILD-ARTIFACT	ACCEPTABLE	low
.venv-rtl/lib/python3.12/site-packages/_pytest/__pycache__/pathlib.cpython-312.pyc	name	IGNORED	UNTRACKED-BUILD-ARTIFACT	ACCEPTABLE	low
.venv-rtl/lib/python3.12/site-packages/_pytest/__pycache__/pytester.cpython-312.pyc	name	IGNORED	UNTRACKED-BUILD-ARTIFACT	ACCEPTABLE	low
.venv-rtl/lib/python3.12/site-packages/_pytest/__pycache__/pytester_assertions.cpython-312.pyc	name	IGNORED	UNTRACKED-BUILD-ARTIFACT	ACCEPTABLE	low
.venv-rtl/lib/python3.12/site-packages/_pytest/__pycache__/python.cpython-312.pyc	name	IGNORED	UNTRACKED-BUILD-ARTIFACT	ACCEPTABLE	low
.venv-rtl/lib/python3.12/site-packages/_pytest/__pycache__/python_api.cpython-312.pyc	name	IGNORED	UNTRACKED-BUILD-ARTIFACT	ACCEPTABLE	low
.venv-rtl/lib/python3.12/site-packages/_pytest/__pycache__/raises.cpython-312.pyc	name	IGNORED	UNTRACKED-BUILD-ARTIFACT	ACCEPTABLE	low
.venv-rtl/lib/python3.12/site-packages/_pytest/__pycache__/recwarn.cpython-312.pyc	name	IGNORED	UNTRACKED-BUILD-ARTIFACT	ACCEPTABLE	low
.venv-rtl/lib/python3.12/site-packages/_pytest/__pycache__/reports.cpython-312.pyc	name	IGNORED	UNTRACKED-BUILD-ARTIFACT	ACCEPTABLE	low
.venv-rtl/lib/python3.12/site-packages/_pytest/__pycache__/runner.cpython-312.pyc	name	IGNORED	UNTRACKED-BUILD-ARTIFACT	ACCEPTABLE	low
.venv-rtl/lib/python3.12/site-packages/_pytest/__pycache__/scope.cpython-312.pyc	name	IGNORED	UNTRACKED-BUILD-ARTIFACT	ACCEPTABLE	low
.venv-rtl/lib/python3.12/site-packages/_pytest/__pycache__/setuponly.cpython-312.pyc	name	IGNORED	UNTRACKED-BUILD-ARTIFACT	ACCEPTABLE	low
.venv-rtl/lib/python3.12/site-packages/_pytest/__pycache__/setupplan.cpython-312.pyc	name	IGNORED	UNTRACKED-BUILD-ARTIFACT	ACCEPTABLE	low
.venv-rtl/lib/python3.12/site-packages/_pytest/__pycache__/skipping.cpython-312.pyc	name	IGNORED	UNTRACKED-BUILD-ARTIFACT	ACCEPTABLE	low
.venv-rtl/lib/python3.12/site-packages/_pytest/__pycache__/stash.cpython-312.pyc	name	IGNORED	UNTRACKED-BUILD-ARTIFACT	ACCEPTABLE	low
.venv-rtl/lib/python3.12/site-packages/_pytest/__pycache__/stepwise.cpython-312.pyc	name	IGNORED	UNTRACKED-BUILD-ARTIFACT	ACCEPTABLE	low
.venv-rtl/lib/python3.12/site-packages/_pytest/__pycache__/subtests.cpython-312.pyc	name	IGNORED	UNTRACKED-BUILD-ARTIFACT	ACCEPTABLE	low
.venv-rtl/lib/python3.12/site-packages/_pytest/__pycache__/terminal.cpython-312.pyc	name	IGNORED	UNTRACKED-BUILD-ARTIFACT	ACCEPTABLE	low
.venv-rtl/lib/python3.12/site-packages/_pytest/__pycache__/terminalprogress.cpython-312.pyc	name	IGNORED	UNTRACKED-BUILD-ARTIFACT	ACCEPTABLE	low
.venv-rtl/lib/python3.12/site-packages/_pytest/__pycache__/threadexception.cpython-312.pyc	name	IGNORED	UNTRACKED-BUILD-ARTIFACT	ACCEPTABLE	low
.venv-rtl/lib/python3.12/site-packages/_pytest/__pycache__/timing.cpython-312.pyc	name	IGNORED	UNTRACKED-BUILD-ARTIFACT	ACCEPTABLE	low
.venv-rtl/lib/python3.12/site-packages/_pytest/__pycache__/tmpdir.cpython-312.pyc	name	IGNORED	UNTRACKED-BUILD-ARTIFACT	ACCEPTABLE	low
.venv-rtl/lib/python3.12/site-packages/_pytest/__pycache__/tracemalloc.cpython-312.pyc	name	IGNORED	UNTRACKED-BUILD-ARTIFACT	ACCEPTABLE	low
.venv-rtl/lib/python3.12/site-packages/_pytest/__pycache__/unittest.cpython-312.pyc	name	IGNORED	UNTRACKED-BUILD-ARTIFACT	ACCEPTABLE	low
.venv-rtl/lib/python3.12/site-packages/_pytest/__pycache__/unraisableexception.cpython-312.pyc	name	IGNORED	UNTRACKED-BUILD-ARTIFACT	ACCEPTABLE	low
.venv-rtl/lib/python3.12/site-packages/_pytest/__pycache__/warning_types.cpython-312.pyc	name	IGNORED	UNTRACKED-BUILD-ARTIFACT	ACCEPTABLE	low
.venv-rtl/lib/python3.12/site-packages/_pytest/__pycache__/warnings.cpython-312.pyc	name	IGNORED	UNTRACKED-BUILD-ARTIFACT	ACCEPTABLE	low
.venv-rtl/lib/python3.12/site-packages/_pytest/_argcomplete.py	name	IGNORED	UNTRACKED-BUILD-ARTIFACT	ACCEPTABLE	low
.venv-rtl/lib/python3.12/site-packages/_pytest/_code/__init__.py	name	IGNORED	UNTRACKED-BUILD-ARTIFACT	ACCEPTABLE	low
.venv-rtl/lib/python3.12/site-packages/_pytest/_code/__pycache__/__init__.cpython-312.pyc	name	IGNORED	UNTRACKED-BUILD-ARTIFACT	ACCEPTABLE	low
.venv-rtl/lib/python3.12/site-packages/_pytest/_code/__pycache__/code.cpython-312.pyc	name	IGNORED	UNTRACKED-BUILD-ARTIFACT	ACCEPTABLE	low
.venv-rtl/lib/python3.12/site-packages/_pytest/_code/__pycache__/source.cpython-312.pyc	name	IGNORED	UNTRACKED-BUILD-ARTIFACT	ACCEPTABLE	low
.venv-rtl/lib/python3.12/site-packages/_pytest/_code/code.py	name	IGNORED	UNTRACKED-BUILD-ARTIFACT	ACCEPTABLE	low
.venv-rtl/lib/python3.12/site-packages/_pytest/_code/source.py	name	IGNORED	UNTRACKED-BUILD-ARTIFACT	ACCEPTABLE	low
.venv-rtl/lib/python3.12/site-packages/_pytest/_io/__init__.py	name	IGNORED	UNTRACKED-BUILD-ARTIFACT	ACCEPTABLE	low
.venv-rtl/lib/python3.12/site-packages/_pytest/_io/__pycache__/__init__.cpython-312.pyc	name	IGNORED	UNTRACKED-BUILD-ARTIFACT	ACCEPTABLE	low
.venv-rtl/lib/python3.12/site-packages/_pytest/_io/__pycache__/pprint.cpython-312.pyc	name	IGNORED	UNTRACKED-BUILD-ARTIFACT	ACCEPTABLE	low
.venv-rtl/lib/python3.12/site-packages/_pytest/_io/__pycache__/saferepr.cpython-312.pyc	name	IGNORED	UNTRACKED-BUILD-ARTIFACT	ACCEPTABLE	low
.venv-rtl/lib/python3.12/site-packages/_pytest/_io/__pycache__/terminalwriter.cpython-312.pyc	name	IGNORED	UNTRACKED-BUILD-ARTIFACT	ACCEPTABLE	low
.venv-rtl/lib/python3.12/site-packages/_pytest/_io/__pycache__/wcwidth.cpython-312.pyc	name	IGNORED	UNTRACKED-BUILD-ARTIFACT	ACCEPTABLE	low
.venv-rtl/lib/python3.12/site-packages/_pytest/_io/pprint.py	name	IGNORED	UNTRACKED-BUILD-ARTIFACT	ACCEPTABLE	low
.venv-rtl/lib/python3.12/site-packages/_pytest/_io/saferepr.py	name	IGNORED	UNTRACKED-BUILD-ARTIFACT	ACCEPTABLE	low
.venv-rtl/lib/python3.12/site-packages/_pytest/_io/terminalwriter.py	name	IGNORED	UNTRACKED-BUILD-ARTIFACT	ACCEPTABLE	low
.venv-rtl/lib/python3.12/site-packages/_pytest/_io/wcwidth.py	name	IGNORED	UNTRACKED-BUILD-ARTIFACT	ACCEPTABLE	low
.venv-rtl/lib/python3.12/site-packages/_pytest/_py/__init__.py	name	IGNORED	UNTRACKED-BUILD-ARTIFACT	ACCEPTABLE	low
.venv-rtl/lib/python3.12/site-packages/_pytest/_py/__pycache__/__init__.cpython-312.pyc	name	IGNORED	UNTRACKED-BUILD-ARTIFACT	ACCEPTABLE	low
.venv-rtl/lib/python3.12/site-packages/_pytest/_py/__pycache__/error.cpython-312.pyc	name	IGNORED	UNTRACKED-BUILD-ARTIFACT	ACCEPTABLE	low
.venv-rtl/lib/python3.12/site-packages/_pytest/_py/__pycache__/path.cpython-312.pyc	name	IGNORED	UNTRACKED-BUILD-ARTIFACT	ACCEPTABLE	low
.venv-rtl/lib/python3.12/site-packages/_pytest/_py/error.py	name	IGNORED	UNTRACKED-BUILD-ARTIFACT	ACCEPTABLE	low
.venv-rtl/lib/python3.12/site-packages/_pytest/_py/path.py	name	IGNORED	UNTRACKED-BUILD-ARTIFACT	ACCEPTABLE	low
.venv-rtl/lib/python3.12/site-packages/_pytest/_version.py	name	IGNORED	UNTRACKED-BUILD-ARTIFACT	ACCEPTABLE	low
.venv-rtl/lib/python3.12/site-packages/_pytest/assertion/__init__.py	name	IGNORED	UNTRACKED-BUILD-ARTIFACT	ACCEPTABLE	low
.venv-rtl/lib/python3.12/site-packages/_pytest/assertion/__pycache__/__init__.cpython-312.pyc	name	IGNORED	UNTRACKED-BUILD-ARTIFACT	ACCEPTABLE	low
.venv-rtl/lib/python3.12/site-packages/_pytest/assertion/__pycache__/_compare_any.cpython-312.pyc	name	IGNORED	UNTRACKED-BUILD-ARTIFACT	ACCEPTABLE	low
.venv-rtl/lib/python3.12/site-packages/_pytest/assertion/__pycache__/_compare_mapping.cpython-312.pyc	name	IGNORED	UNTRACKED-BUILD-ARTIFACT	ACCEPTABLE	low
.venv-rtl/lib/python3.12/site-packages/_pytest/assertion/__pycache__/_compare_sequence.cpython-312.pyc	name	IGNORED	UNTRACKED-BUILD-ARTIFACT	ACCEPTABLE	low
.venv-rtl/lib/python3.12/site-packages/_pytest/assertion/__pycache__/_compare_set.cpython-312.pyc	name	IGNORED	UNTRACKED-BUILD-ARTIFACT	ACCEPTABLE	low
.venv-rtl/lib/python3.12/site-packages/_pytest/assertion/__pycache__/_guards.cpython-312.pyc	name	IGNORED	UNTRACKED-BUILD-ARTIFACT	ACCEPTABLE	low
.venv-rtl/lib/python3.12/site-packages/_pytest/assertion/__pycache__/_typing.cpython-312.pyc	name	IGNORED	UNTRACKED-BUILD-ARTIFACT	ACCEPTABLE	low
.venv-rtl/lib/python3.12/site-packages/_pytest/assertion/__pycache__/compare_text.cpython-312.pyc	name	IGNORED	UNTRACKED-BUILD-ARTIFACT	ACCEPTABLE	low
.venv-rtl/lib/python3.12/site-packages/_pytest/assertion/__pycache__/highlight.cpython-312.pyc	name	IGNORED	UNTRACKED-BUILD-ARTIFACT	ACCEPTABLE	low
.venv-rtl/lib/python3.12/site-packages/_pytest/assertion/__pycache__/rewrite.cpython-312.pyc	name	IGNORED	UNTRACKED-BUILD-ARTIFACT	ACCEPTABLE	low
.venv-rtl/lib/python3.12/site-packages/_pytest/assertion/__pycache__/truncate.cpython-312.pyc	name	IGNORED	UNTRACKED-BUILD-ARTIFACT	ACCEPTABLE	low
.venv-rtl/lib/python3.12/site-packages/_pytest/assertion/__pycache__/util.cpython-312.pyc	name	IGNORED	UNTRACKED-BUILD-ARTIFACT	ACCEPTABLE	low
.venv-rtl/lib/python3.12/site-packages/_pytest/assertion/_compare_any.py	name	IGNORED	UNTRACKED-BUILD-ARTIFACT	ACCEPTABLE	low
.venv-rtl/lib/python3.12/site-packages/_pytest/assertion/_compare_mapping.py	name	IGNORED	UNTRACKED-BUILD-ARTIFACT	ACCEPTABLE	low
.venv-rtl/lib/python3.12/site-packages/_pytest/assertion/_compare_sequence.py	name	IGNORED	UNTRACKED-BUILD-ARTIFACT	ACCEPTABLE	low
.venv-rtl/lib/python3.12/site-packages/_pytest/assertion/_compare_set.py	name	IGNORED	UNTRACKED-BUILD-ARTIFACT	ACCEPTABLE	low
.venv-rtl/lib/python3.12/site-packages/_pytest/assertion/_guards.py	name	IGNORED	UNTRACKED-BUILD-ARTIFACT	ACCEPTABLE	low
.venv-rtl/lib/python3.12/site-packages/_pytest/assertion/_typing.py	name	IGNORED	UNTRACKED-BUILD-ARTIFACT	ACCEPTABLE	low
.venv-rtl/lib/python3.12/site-packages/_pytest/assertion/compare_text.py	name	IGNORED	UNTRACKED-BUILD-ARTIFACT	ACCEPTABLE	low
.venv-rtl/lib/python3.12/site-packages/_pytest/assertion/highlight.py	name	IGNORED	UNTRACKED-BUILD-ARTIFACT	ACCEPTABLE	low
.venv-rtl/lib/python3.12/site-packages/_pytest/assertion/rewrite.py	name	IGNORED	UNTRACKED-BUILD-ARTIFACT	ACCEPTABLE	low
.venv-rtl/lib/python3.12/site-packages/_pytest/assertion/truncate.py	name	IGNORED	UNTRACKED-BUILD-ARTIFACT	ACCEPTABLE	low
.venv-rtl/lib/python3.12/site-packages/_pytest/assertion/util.py	name	IGNORED	UNTRACKED-BUILD-ARTIFACT	ACCEPTABLE	low
.venv-rtl/lib/python3.12/site-packages/_pytest/cacheprovider.py	name	IGNORED	UNTRACKED-BUILD-ARTIFACT	ACCEPTABLE	low
.venv-rtl/lib/python3.12/site-packages/_pytest/capture.py	name	IGNORED	UNTRACKED-BUILD-ARTIFACT	ACCEPTABLE	low
.venv-rtl/lib/python3.12/site-packages/_pytest/compat.py	name	IGNORED	UNTRACKED-BUILD-ARTIFACT	ACCEPTABLE	low
.venv-rtl/lib/python3.12/site-packages/_pytest/config/__init__.py	name	IGNORED	UNTRACKED-BUILD-ARTIFACT	ACCEPTABLE	low
.venv-rtl/lib/python3.12/site-packages/_pytest/config/__pycache__/__init__.cpython-312.pyc	name	IGNORED	UNTRACKED-BUILD-ARTIFACT	ACCEPTABLE	low
.venv-rtl/lib/python3.12/site-packages/_pytest/config/__pycache__/argparsing.cpython-312.pyc	name	IGNORED	UNTRACKED-BUILD-ARTIFACT	ACCEPTABLE	low
.venv-rtl/lib/python3.12/site-packages/_pytest/config/__pycache__/exceptions.cpython-312.pyc	name	IGNORED	UNTRACKED-BUILD-ARTIFACT	ACCEPTABLE	low
.venv-rtl/lib/python3.12/site-packages/_pytest/config/__pycache__/findpaths.cpython-312.pyc	name	IGNORED	UNTRACKED-BUILD-ARTIFACT	ACCEPTABLE	low
.venv-rtl/lib/python3.12/site-packages/_pytest/config/argparsing.py	name	IGNORED	UNTRACKED-BUILD-ARTIFACT	ACCEPTABLE	low
.venv-rtl/lib/python3.12/site-packages/_pytest/config/exceptions.py	name	IGNORED	UNTRACKED-BUILD-ARTIFACT	ACCEPTABLE	low
.venv-rtl/lib/python3.12/site-packages/_pytest/config/findpaths.py	name	IGNORED	UNTRACKED-BUILD-ARTIFACT	ACCEPTABLE	low
.venv-rtl/lib/python3.12/site-packages/_pytest/debugging.py	name	IGNORED	UNTRACKED-BUILD-ARTIFACT	ACCEPTABLE	low
.venv-rtl/lib/python3.12/site-packages/_pytest/deprecated.py	name	IGNORED	UNTRACKED-BUILD-ARTIFACT	ACCEPTABLE	low
.venv-rtl/lib/python3.12/site-packages/_pytest/doctest.py	name	IGNORED	UNTRACKED-BUILD-ARTIFACT	ACCEPTABLE	low
.venv-rtl/lib/python3.12/site-packages/_pytest/faulthandler.py	name	IGNORED	UNTRACKED-BUILD-ARTIFACT	ACCEPTABLE	low
.venv-rtl/lib/python3.12/site-packages/_pytest/fixtures.py	name	IGNORED	UNTRACKED-BUILD-ARTIFACT	ACCEPTABLE	low
.venv-rtl/lib/python3.12/site-packages/_pytest/freeze_support.py	name	IGNORED	UNTRACKED-BUILD-ARTIFACT	ACCEPTABLE	low
.venv-rtl/lib/python3.12/site-packages/_pytest/helpconfig.py	name	IGNORED	UNTRACKED-BUILD-ARTIFACT	ACCEPTABLE	low
.venv-rtl/lib/python3.12/site-packages/_pytest/hookspec.py	name	IGNORED	UNTRACKED-BUILD-ARTIFACT	ACCEPTABLE	low
.venv-rtl/lib/python3.12/site-packages/_pytest/junitxml.py	name	IGNORED	UNTRACKED-BUILD-ARTIFACT	ACCEPTABLE	low
.venv-rtl/lib/python3.12/site-packages/_pytest/legacypath.py	name	IGNORED	UNTRACKED-BUILD-ARTIFACT	ACCEPTABLE	low
.venv-rtl/lib/python3.12/site-packages/_pytest/logging.py	name	IGNORED	UNTRACKED-BUILD-ARTIFACT	ACCEPTABLE	low
.venv-rtl/lib/python3.12/site-packages/_pytest/main.py	name	IGNORED	UNTRACKED-BUILD-ARTIFACT	ACCEPTABLE	low
.venv-rtl/lib/python3.12/site-packages/_pytest/mark/__init__.py	name	IGNORED	UNTRACKED-BUILD-ARTIFACT	ACCEPTABLE	low
.venv-rtl/lib/python3.12/site-packages/_pytest/mark/__pycache__/__init__.cpython-312.pyc	name	IGNORED	UNTRACKED-BUILD-ARTIFACT	ACCEPTABLE	low
.venv-rtl/lib/python3.12/site-packages/_pytest/mark/__pycache__/expression.cpython-312.pyc	name	IGNORED	UNTRACKED-BUILD-ARTIFACT	ACCEPTABLE	low
.venv-rtl/lib/python3.12/site-packages/_pytest/mark/__pycache__/structures.cpython-312.pyc	name	IGNORED	UNTRACKED-BUILD-ARTIFACT	ACCEPTABLE	low
.venv-rtl/lib/python3.12/site-packages/_pytest/mark/expression.py	name	IGNORED	UNTRACKED-BUILD-ARTIFACT	ACCEPTABLE	low
.venv-rtl/lib/python3.12/site-packages/_pytest/mark/structures.py	name	IGNORED	UNTRACKED-BUILD-ARTIFACT	ACCEPTABLE	low
.venv-rtl/lib/python3.12/site-packages/_pytest/monkeypatch.py	name	IGNORED	UNTRACKED-BUILD-ARTIFACT	ACCEPTABLE	low
.venv-rtl/lib/python3.12/site-packages/_pytest/nodes.py	name	IGNORED	UNTRACKED-BUILD-ARTIFACT	ACCEPTABLE	low
.venv-rtl/lib/python3.12/site-packages/_pytest/outcomes.py	name	IGNORED	UNTRACKED-BUILD-ARTIFACT	ACCEPTABLE	low
.venv-rtl/lib/python3.12/site-packages/_pytest/pastebin.py	name	IGNORED	UNTRACKED-BUILD-ARTIFACT	ACCEPTABLE	low
.venv-rtl/lib/python3.12/site-packages/_pytest/pathlib.py	name	IGNORED	UNTRACKED-BUILD-ARTIFACT	ACCEPTABLE	low
.venv-rtl/lib/python3.12/site-packages/_pytest/py.typed	name	IGNORED	UNTRACKED-BUILD-ARTIFACT	ACCEPTABLE	low
.venv-rtl/lib/python3.12/site-packages/_pytest/pytester.py	name	IGNORED	UNTRACKED-BUILD-ARTIFACT	ACCEPTABLE	low
.venv-rtl/lib/python3.12/site-packages/_pytest/pytester_assertions.py	name	IGNORED	UNTRACKED-BUILD-ARTIFACT	ACCEPTABLE	low
.venv-rtl/lib/python3.12/site-packages/_pytest/python.py	name	IGNORED	UNTRACKED-BUILD-ARTIFACT	ACCEPTABLE	low
.venv-rtl/lib/python3.12/site-packages/_pytest/python_api.py	name	IGNORED	UNTRACKED-BUILD-ARTIFACT	ACCEPTABLE	low
.venv-rtl/lib/python3.12/site-packages/_pytest/raises.py	name	IGNORED	UNTRACKED-BUILD-ARTIFACT	ACCEPTABLE	low
.venv-rtl/lib/python3.12/site-packages/_pytest/recwarn.py	name	IGNORED	UNTRACKED-BUILD-ARTIFACT	ACCEPTABLE	low
.venv-rtl/lib/python3.12/site-packages/_pytest/reports.py	name	IGNORED	UNTRACKED-BUILD-ARTIFACT	ACCEPTABLE	low
.venv-rtl/lib/python3.12/site-packages/_pytest/runner.py	name	IGNORED	UNTRACKED-BUILD-ARTIFACT	ACCEPTABLE	low
.venv-rtl/lib/python3.12/site-packages/_pytest/scope.py	name	IGNORED	UNTRACKED-BUILD-ARTIFACT	ACCEPTABLE	low
.venv-rtl/lib/python3.12/site-packages/_pytest/setuponly.py	name	IGNORED	UNTRACKED-BUILD-ARTIFACT	ACCEPTABLE	low
.venv-rtl/lib/python3.12/site-packages/_pytest/setupplan.py	name	IGNORED	UNTRACKED-BUILD-ARTIFACT	ACCEPTABLE	low
.venv-rtl/lib/python3.12/site-packages/_pytest/skipping.py	name	IGNORED	UNTRACKED-BUILD-ARTIFACT	ACCEPTABLE	low
.venv-rtl/lib/python3.12/site-packages/_pytest/stash.py	name	IGNORED	UNTRACKED-BUILD-ARTIFACT	ACCEPTABLE	low
.venv-rtl/lib/python3.12/site-packages/_pytest/stepwise.py	name	IGNORED	UNTRACKED-BUILD-ARTIFACT	ACCEPTABLE	low
.venv-rtl/lib/python3.12/site-packages/_pytest/subtests.py	name	IGNORED	UNTRACKED-BUILD-ARTIFACT	ACCEPTABLE	low
.venv-rtl/lib/python3.12/site-packages/_pytest/terminal.py	name	IGNORED	UNTRACKED-BUILD-ARTIFACT	ACCEPTABLE	low
.venv-rtl/lib/python3.12/site-packages/_pytest/terminalprogress.py	name	IGNORED	UNTRACKED-BUILD-ARTIFACT	ACCEPTABLE	low
.venv-rtl/lib/python3.12/site-packages/_pytest/threadexception.py	name	IGNORED	UNTRACKED-BUILD-ARTIFACT	ACCEPTABLE	low
.venv-rtl/lib/python3.12/site-packages/_pytest/timing.py	name	IGNORED	UNTRACKED-BUILD-ARTIFACT	ACCEPTABLE	low
.venv-rtl/lib/python3.12/site-packages/_pytest/tmpdir.py	name	IGNORED	UNTRACKED-BUILD-ARTIFACT	ACCEPTABLE	low
.venv-rtl/lib/python3.12/site-packages/_pytest/tracemalloc.py	name	IGNORED	UNTRACKED-BUILD-ARTIFACT	ACCEPTABLE	low
.venv-rtl/lib/python3.12/site-packages/_pytest/unittest.py	name	IGNORED	UNTRACKED-BUILD-ARTIFACT	ACCEPTABLE	low
.venv-rtl/lib/python3.12/site-packages/_pytest/unraisableexception.py	name	IGNORED	UNTRACKED-BUILD-ARTIFACT	ACCEPTABLE	low
.venv-rtl/lib/python3.12/site-packages/_pytest/warning_types.py	name	IGNORED	UNTRACKED-BUILD-ARTIFACT	ACCEPTABLE	low
.venv-rtl/lib/python3.12/site-packages/_pytest/warnings.py	name	IGNORED	UNTRACKED-BUILD-ARTIFACT	ACCEPTABLE	low
.venv-rtl/lib/python3.12/site-packages/cocotb-2.1.0.dist-info/INSTALLER	name	IGNORED	UNTRACKED-BUILD-ARTIFACT	ACCEPTABLE	low
.venv-rtl/lib/python3.12/site-packages/cocotb-2.1.0.dist-info/METADATA	name	IGNORED	UNTRACKED-BUILD-ARTIFACT	ACCEPTABLE	low
.venv-rtl/lib/python3.12/site-packages/cocotb-2.1.0.dist-info/RECORD	name	IGNORED	UNTRACKED-BUILD-ARTIFACT	ACCEPTABLE	low
.venv-rtl/lib/python3.12/site-packages/cocotb-2.1.0.dist-info/REQUESTED	name	IGNORED	UNTRACKED-BUILD-ARTIFACT	ACCEPTABLE	low
.venv-rtl/lib/python3.12/site-packages/cocotb-2.1.0.dist-info/WHEEL	name	IGNORED	UNTRACKED-BUILD-ARTIFACT	ACCEPTABLE	low
.venv-rtl/lib/python3.12/site-packages/cocotb-2.1.0.dist-info/entry_points.txt	name	IGNORED	UNTRACKED-BUILD-ARTIFACT	ACCEPTABLE	low
.venv-rtl/lib/python3.12/site-packages/cocotb-2.1.0.dist-info/licenses/LICENSE	name	IGNORED	UNTRACKED-BUILD-ARTIFACT	ACCEPTABLE	low
.venv-rtl/lib/python3.12/site-packages/cocotb-2.1.0.dist-info/top_level.txt	name	IGNORED	UNTRACKED-BUILD-ARTIFACT	ACCEPTABLE	low
.venv-rtl/lib/python3.12/site-packages/cocotb/__init__.py	name	IGNORED	UNTRACKED-BUILD-ARTIFACT	ACCEPTABLE	low
.venv-rtl/lib/python3.12/site-packages/cocotb/__pycache__/__init__.cpython-312.pyc	name	IGNORED	UNTRACKED-BUILD-ARTIFACT	ACCEPTABLE	low
.venv-rtl/lib/python3.12/site-packages/cocotb/__pycache__/_ansi.cpython-312.pyc	name	IGNORED	UNTRACKED-BUILD-ARTIFACT	ACCEPTABLE	low
.venv-rtl/lib/python3.12/site-packages/cocotb/__pycache__/_base_triggers.cpython-312.pyc	name	IGNORED	UNTRACKED-BUILD-ARTIFACT	ACCEPTABLE	low
.venv-rtl/lib/python3.12/site-packages/cocotb/__pycache__/_bridge.cpython-312.pyc	name	IGNORED	UNTRACKED-BUILD-ARTIFACT	ACCEPTABLE	low
.venv-rtl/lib/python3.12/site-packages/cocotb/__pycache__/_compat.cpython-312.pyc	name	IGNORED	UNTRACKED-BUILD-ARTIFACT	ACCEPTABLE	low
.venv-rtl/lib/python3.12/site-packages/cocotb/__pycache__/_concurrent_waiters.cpython-312.pyc	name	IGNORED	UNTRACKED-BUILD-ARTIFACT	ACCEPTABLE	low
.venv-rtl/lib/python3.12/site-packages/cocotb/__pycache__/_decorators.cpython-312.pyc	name	IGNORED	UNTRACKED-BUILD-ARTIFACT	ACCEPTABLE	low
.venv-rtl/lib/python3.12/site-packages/cocotb/__pycache__/_deprecation.cpython-312.pyc	name	IGNORED	UNTRACKED-BUILD-ARTIFACT	ACCEPTABLE	low
.venv-rtl/lib/python3.12/site-packages/cocotb/__pycache__/_event_loop.cpython-312.pyc	name	IGNORED	UNTRACKED-BUILD-ARTIFACT	ACCEPTABLE	low
.venv-rtl/lib/python3.12/site-packages/cocotb/__pycache__/_extended_awaitables.cpython-312.pyc	name	IGNORED	UNTRACKED-BUILD-ARTIFACT	ACCEPTABLE	low
.venv-rtl/lib/python3.12/site-packages/cocotb/__pycache__/_gpi_triggers.cpython-312.pyc	name	IGNORED	UNTRACKED-BUILD-ARTIFACT	ACCEPTABLE	low
.venv-rtl/lib/python3.12/site-packages/cocotb/__pycache__/_init.cpython-312.pyc	name	IGNORED	UNTRACKED-BUILD-ARTIFACT	ACCEPTABLE	low
.venv-rtl/lib/python3.12/site-packages/cocotb/__pycache__/_outcomes.cpython-312.pyc	name	IGNORED	UNTRACKED-BUILD-ARTIFACT	ACCEPTABLE	low
.venv-rtl/lib/python3.12/site-packages/cocotb/__pycache__/_profiling.cpython-312.pyc	name	IGNORED	UNTRACKED-BUILD-ARTIFACT	ACCEPTABLE	low
.venv-rtl/lib/python3.12/site-packages/cocotb/__pycache__/_py_compat.cpython-312.pyc	name	IGNORED	UNTRACKED-BUILD-ARTIFACT	ACCEPTABLE	low
.venv-rtl/lib/python3.12/site-packages/cocotb/__pycache__/_shutdown.cpython-312.pyc	name	IGNORED	UNTRACKED-BUILD-ARTIFACT	ACCEPTABLE	low
.venv-rtl/lib/python3.12/site-packages/cocotb/__pycache__/_task_manager.cpython-312-pytest-9.1.1.pyc	name	IGNORED	UNTRACKED-BUILD-ARTIFACT	ACCEPTABLE	low
.venv-rtl/lib/python3.12/site-packages/cocotb/__pycache__/_task_manager.cpython-312.pyc	name	IGNORED	UNTRACKED-BUILD-ARTIFACT	ACCEPTABLE	low
.venv-rtl/lib/python3.12/site-packages/cocotb/__pycache__/_test_factory.cpython-312.pyc	name	IGNORED	UNTRACKED-BUILD-ARTIFACT	ACCEPTABLE	low
.venv-rtl/lib/python3.12/site-packages/cocotb/__pycache__/_test_manager.cpython-312.pyc	name	IGNORED	UNTRACKED-BUILD-ARTIFACT	ACCEPTABLE	low
.venv-rtl/lib/python3.12/site-packages/cocotb/__pycache__/_utils.cpython-312.pyc	name	IGNORED	UNTRACKED-BUILD-ARTIFACT	ACCEPTABLE	low
.venv-rtl/lib/python3.12/site-packages/cocotb/__pycache__/_version.cpython-312.pyc	name	IGNORED	UNTRACKED-BUILD-ARTIFACT	ACCEPTABLE	low
.venv-rtl/lib/python3.12/site-packages/cocotb/__pycache__/_xunit_reporter.cpython-312.pyc	name	IGNORED	UNTRACKED-BUILD-ARTIFACT	ACCEPTABLE	low
.venv-rtl/lib/python3.12/site-packages/cocotb/__pycache__/clock.cpython-312.pyc	name	IGNORED	UNTRACKED-BUILD-ARTIFACT	ACCEPTABLE	low
.venv-rtl/lib/python3.12/site-packages/cocotb/__pycache__/debug.cpython-312.pyc	name	IGNORED	UNTRACKED-BUILD-ARTIFACT	ACCEPTABLE	low
.venv-rtl/lib/python3.12/site-packages/cocotb/__pycache__/handle.cpython-312.pyc	name	IGNORED	UNTRACKED-BUILD-ARTIFACT	ACCEPTABLE	low
.venv-rtl/lib/python3.12/site-packages/cocotb/__pycache__/logging.cpython-312.pyc	name	IGNORED	UNTRACKED-BUILD-ARTIFACT	ACCEPTABLE	low
.venv-rtl/lib/python3.12/site-packages/cocotb/__pycache__/preview.cpython-312.pyc	name	IGNORED	UNTRACKED-BUILD-ARTIFACT	ACCEPTABLE	low
.venv-rtl/lib/python3.12/site-packages/cocotb/__pycache__/queue.cpython-312.pyc	name	IGNORED	UNTRACKED-BUILD-ARTIFACT	ACCEPTABLE	low
.venv-rtl/lib/python3.12/site-packages/cocotb/__pycache__/regression.cpython-312.pyc	name	IGNORED	UNTRACKED-BUILD-ARTIFACT	ACCEPTABLE	low
.venv-rtl/lib/python3.12/site-packages/cocotb/__pycache__/result.cpython-312.pyc	name	IGNORED	UNTRACKED-BUILD-ARTIFACT	ACCEPTABLE	low
.venv-rtl/lib/python3.12/site-packages/cocotb/__pycache__/simtime.cpython-312.pyc	name	IGNORED	UNTRACKED-BUILD-ARTIFACT	ACCEPTABLE	low
.venv-rtl/lib/python3.12/site-packages/cocotb/__pycache__/task.cpython-312.pyc	name	IGNORED	UNTRACKED-BUILD-ARTIFACT	ACCEPTABLE	low
.venv-rtl/lib/python3.12/site-packages/cocotb/__pycache__/triggers.cpython-312-pytest-9.1.1.pyc	name	IGNORED	UNTRACKED-BUILD-ARTIFACT	ACCEPTABLE	low
.venv-rtl/lib/python3.12/site-packages/cocotb/__pycache__/triggers.cpython-312.pyc	name	IGNORED	UNTRACKED-BUILD-ARTIFACT	ACCEPTABLE	low
.venv-rtl/lib/python3.12/site-packages/cocotb/__pycache__/utils.cpython-312.pyc	name	IGNORED	UNTRACKED-BUILD-ARTIFACT	ACCEPTABLE	low
.venv-rtl/lib/python3.12/site-packages/cocotb/_ansi.py	name	IGNORED	UNTRACKED-BUILD-ARTIFACT	ACCEPTABLE	low
.venv-rtl/lib/python3.12/site-packages/cocotb/_base_triggers.py	name	IGNORED	UNTRACKED-BUILD-ARTIFACT	ACCEPTABLE	low
.venv-rtl/lib/python3.12/site-packages/cocotb/_bridge.py	name	IGNORED	UNTRACKED-BUILD-ARTIFACT	ACCEPTABLE	low
.venv-rtl/lib/python3.12/site-packages/cocotb/_compat.py	name	IGNORED	UNTRACKED-BUILD-ARTIFACT	ACCEPTABLE	low
.venv-rtl/lib/python3.12/site-packages/cocotb/_concurrent_waiters.py	name	IGNORED	UNTRACKED-BUILD-ARTIFACT	ACCEPTABLE	low
.venv-rtl/lib/python3.12/site-packages/cocotb/_decorators.py	name	IGNORED	UNTRACKED-BUILD-ARTIFACT	ACCEPTABLE	low
.venv-rtl/lib/python3.12/site-packages/cocotb/_deprecation.py	name	IGNORED	UNTRACKED-BUILD-ARTIFACT	ACCEPTABLE	low
.venv-rtl/lib/python3.12/site-packages/cocotb/_event_loop.py	name	IGNORED	UNTRACKED-BUILD-ARTIFACT	ACCEPTABLE	low
.venv-rtl/lib/python3.12/site-packages/cocotb/_extended_awaitables.py	name	IGNORED	UNTRACKED-BUILD-ARTIFACT	ACCEPTABLE	low
.venv-rtl/lib/python3.12/site-packages/cocotb/_gpi_triggers.py	name	IGNORED	UNTRACKED-BUILD-ARTIFACT	ACCEPTABLE	low
.venv-rtl/lib/python3.12/site-packages/cocotb/_init.py	name	IGNORED	UNTRACKED-BUILD-ARTIFACT	ACCEPTABLE	low
.venv-rtl/lib/python3.12/site-packages/cocotb/_outcomes.py	name	IGNORED	UNTRACKED-BUILD-ARTIFACT	ACCEPTABLE	low
.venv-rtl/lib/python3.12/site-packages/cocotb/_profiling.py	name	IGNORED	UNTRACKED-BUILD-ARTIFACT	ACCEPTABLE	low
.venv-rtl/lib/python3.12/site-packages/cocotb/_py_compat.py	name	IGNORED	UNTRACKED-BUILD-ARTIFACT	ACCEPTABLE	low
.venv-rtl/lib/python3.12/site-packages/cocotb/_shutdown.py	name	IGNORED	UNTRACKED-BUILD-ARTIFACT	ACCEPTABLE	low
.venv-rtl/lib/python3.12/site-packages/cocotb/_task_manager.py	name	IGNORED	UNTRACKED-BUILD-ARTIFACT	ACCEPTABLE	low
.venv-rtl/lib/python3.12/site-packages/cocotb/_test_factory.py	name	IGNORED	UNTRACKED-BUILD-ARTIFACT	ACCEPTABLE	low
.venv-rtl/lib/python3.12/site-packages/cocotb/_test_manager.py	name	IGNORED	UNTRACKED-BUILD-ARTIFACT	ACCEPTABLE	low
.venv-rtl/lib/python3.12/site-packages/cocotb/_utils.py	name	IGNORED	UNTRACKED-BUILD-ARTIFACT	ACCEPTABLE	low
.venv-rtl/lib/python3.12/site-packages/cocotb/_version.py	name	IGNORED	UNTRACKED-BUILD-ARTIFACT	ACCEPTABLE	low
.venv-rtl/lib/python3.12/site-packages/cocotb/_xunit_reporter.py	name	IGNORED	UNTRACKED-BUILD-ARTIFACT	ACCEPTABLE	low
.venv-rtl/lib/python3.12/site-packages/cocotb/clock.py	name	IGNORED	UNTRACKED-BUILD-ARTIFACT	ACCEPTABLE	low
.venv-rtl/lib/python3.12/site-packages/cocotb/debug.py	name	IGNORED	UNTRACKED-BUILD-ARTIFACT	ACCEPTABLE	low
.venv-rtl/lib/python3.12/site-packages/cocotb/handle.py	name	IGNORED	UNTRACKED-BUILD-ARTIFACT	ACCEPTABLE	low
.venv-rtl/lib/python3.12/site-packages/cocotb/libs/libcocotbfli_modelsim.so	name	IGNORED	UNTRACKED-BUILD-ARTIFACT	ACCEPTABLE	low
.venv-rtl/lib/python3.12/site-packages/cocotb/libs/libcocotbvhpi_aldec.so	name	IGNORED	UNTRACKED-BUILD-ARTIFACT	ACCEPTABLE	low
.venv-rtl/lib/python3.12/site-packages/cocotb/libs/libcocotbvhpi_ius.so	name	IGNORED	UNTRACKED-BUILD-ARTIFACT	ACCEPTABLE	low
.venv-rtl/lib/python3.12/site-packages/cocotb/libs/libcocotbvhpi_modelsim.so	name	IGNORED	UNTRACKED-BUILD-ARTIFACT	ACCEPTABLE	low
.venv-rtl/lib/python3.12/site-packages/cocotb/libs/libcocotbvhpi_nvc.so	name	IGNORED	UNTRACKED-BUILD-ARTIFACT	ACCEPTABLE	low
.venv-rtl/lib/python3.12/site-packages/cocotb/libs/libcocotbvpi_aldec.so	name	IGNORED	UNTRACKED-BUILD-ARTIFACT	ACCEPTABLE	low
.venv-rtl/lib/python3.12/site-packages/cocotb/libs/libcocotbvpi_dsim.so	name	IGNORED	UNTRACKED-BUILD-ARTIFACT	ACCEPTABLE	low
.venv-rtl/lib/python3.12/site-packages/cocotb/libs/libcocotbvpi_ghdl.so	name	IGNORED	UNTRACKED-BUILD-ARTIFACT	ACCEPTABLE	low
.venv-rtl/lib/python3.12/site-packages/cocotb/libs/libcocotbvpi_icarus.so	name	IGNORED	UNTRACKED-BUILD-ARTIFACT	ACCEPTABLE	low
.venv-rtl/lib/python3.12/site-packages/cocotb/libs/libcocotbvpi_ius.so	name	IGNORED	UNTRACKED-BUILD-ARTIFACT	ACCEPTABLE	low
.venv-rtl/lib/python3.12/site-packages/cocotb/libs/libcocotbvpi_modelsim.so	name	IGNORED	UNTRACKED-BUILD-ARTIFACT	ACCEPTABLE	low
.venv-rtl/lib/python3.12/site-packages/cocotb/libs/libcocotbvpi_vcs.so	name	IGNORED	UNTRACKED-BUILD-ARTIFACT	ACCEPTABLE	low
.venv-rtl/lib/python3.12/site-packages/cocotb/libs/libcocotbvpi_verilator.so	name	IGNORED	UNTRACKED-BUILD-ARTIFACT	ACCEPTABLE	low
.venv-rtl/lib/python3.12/site-packages/cocotb/libs/libgpi.so	name	IGNORED	UNTRACKED-BUILD-ARTIFACT	ACCEPTABLE	low
.venv-rtl/lib/python3.12/site-packages/cocotb/logging.py	name	IGNORED	UNTRACKED-BUILD-ARTIFACT	ACCEPTABLE	low
.venv-rtl/lib/python3.12/site-packages/cocotb/preview.py	name	IGNORED	UNTRACKED-BUILD-ARTIFACT	ACCEPTABLE	low
.venv-rtl/lib/python3.12/site-packages/cocotb/py.typed	name	IGNORED	UNTRACKED-BUILD-ARTIFACT	ACCEPTABLE	low
.venv-rtl/lib/python3.12/site-packages/cocotb/queue.py	name	IGNORED	UNTRACKED-BUILD-ARTIFACT	ACCEPTABLE	low
.venv-rtl/lib/python3.12/site-packages/cocotb/regression.py	name	IGNORED	UNTRACKED-BUILD-ARTIFACT	ACCEPTABLE	low
.venv-rtl/lib/python3.12/site-packages/cocotb/result.py	name	IGNORED	UNTRACKED-BUILD-ARTIFACT	ACCEPTABLE	low
.venv-rtl/lib/python3.12/site-packages/cocotb/share/def/.gitignore	name	IGNORED	UNTRACKED-BUILD-ARTIFACT	ACCEPTABLE	low
.venv-rtl/lib/python3.12/site-packages/cocotb/share/def/README.md	name	IGNORED	UNTRACKED-BUILD-ARTIFACT	ACCEPTABLE	low
.venv-rtl/lib/python3.12/site-packages/cocotb/share/def/aldec.def	name	IGNORED	UNTRACKED-BUILD-ARTIFACT	ACCEPTABLE	low
.venv-rtl/lib/python3.12/site-packages/cocotb/share/def/ghdl.def	name	IGNORED	UNTRACKED-BUILD-ARTIFACT	ACCEPTABLE	low
.venv-rtl/lib/python3.12/site-packages/cocotb/share/def/icarus.def	name	IGNORED	UNTRACKED-BUILD-ARTIFACT	ACCEPTABLE	low
.venv-rtl/lib/python3.12/site-packages/cocotb/share/def/modelsim.def	name	IGNORED	UNTRACKED-BUILD-ARTIFACT	ACCEPTABLE	low
.venv-rtl/lib/python3.12/site-packages/cocotb/share/def/nvcvhpi.def	name	IGNORED	UNTRACKED-BUILD-ARTIFACT	ACCEPTABLE	low
.venv-rtl/lib/python3.12/site-packages/cocotb/share/include/exports.h	name	IGNORED	UNTRACKED-BUILD-ARTIFACT	ACCEPTABLE	low
.venv-rtl/lib/python3.12/site-packages/cocotb/share/include/gpi.h	name	IGNORED	UNTRACKED-BUILD-ARTIFACT	ACCEPTABLE	low
.venv-rtl/lib/python3.12/site-packages/cocotb/share/include/vhpi_user_ext.h	name	IGNORED	UNTRACKED-BUILD-ARTIFACT	ACCEPTABLE	low
.venv-rtl/lib/python3.12/site-packages/cocotb/share/include/vpi_user_ext.h	name	IGNORED	UNTRACKED-BUILD-ARTIFACT	ACCEPTABLE	low
.venv-rtl/lib/python3.12/site-packages/cocotb/share/lib/verilator/verilator.cpp	name	IGNORED	UNTRACKED-BUILD-ARTIFACT	ACCEPTABLE	low
.venv-rtl/lib/python3.12/site-packages/cocotb/simtime.py	name	IGNORED	UNTRACKED-BUILD-ARTIFACT	ACCEPTABLE	low
.venv-rtl/lib/python3.12/site-packages/cocotb/simulator.cpython-312-x86_64-linux-gnu.so	name	IGNORED	UNTRACKED-BUILD-ARTIFACT	ACCEPTABLE	low
.venv-rtl/lib/python3.12/site-packages/cocotb/simulator.pyi	name	IGNORED	UNTRACKED-BUILD-ARTIFACT	ACCEPTABLE	low
.venv-rtl/lib/python3.12/site-packages/cocotb/task.py	name	IGNORED	UNTRACKED-BUILD-ARTIFACT	ACCEPTABLE	low
.venv-rtl/lib/python3.12/site-packages/cocotb/triggers.py	name	IGNORED	UNTRACKED-BUILD-ARTIFACT	ACCEPTABLE	low
.venv-rtl/lib/python3.12/site-packages/cocotb/types/__init__.py	name	IGNORED	UNTRACKED-BUILD-ARTIFACT	ACCEPTABLE	low
.venv-rtl/lib/python3.12/site-packages/cocotb/types/__pycache__/__init__.cpython-312.pyc	name	IGNORED	UNTRACKED-BUILD-ARTIFACT	ACCEPTABLE	low
.venv-rtl/lib/python3.12/site-packages/cocotb/types/__pycache__/_abstract_array.cpython-312.pyc	name	IGNORED	UNTRACKED-BUILD-ARTIFACT	ACCEPTABLE	low
.venv-rtl/lib/python3.12/site-packages/cocotb/types/__pycache__/_array.cpython-312.pyc	name	IGNORED	UNTRACKED-BUILD-ARTIFACT	ACCEPTABLE	low
.venv-rtl/lib/python3.12/site-packages/cocotb/types/__pycache__/_indexing.cpython-312.pyc	name	IGNORED	UNTRACKED-BUILD-ARTIFACT	ACCEPTABLE	low
.venv-rtl/lib/python3.12/site-packages/cocotb/types/__pycache__/_logic.cpython-312.pyc	name	IGNORED	UNTRACKED-BUILD-ARTIFACT	ACCEPTABLE	low
.venv-rtl/lib/python3.12/site-packages/cocotb/types/__pycache__/_logic_array.cpython-312.pyc	name	IGNORED	UNTRACKED-BUILD-ARTIFACT	ACCEPTABLE	low
.venv-rtl/lib/python3.12/site-packages/cocotb/types/__pycache__/_range.cpython-312.pyc	name	IGNORED	UNTRACKED-BUILD-ARTIFACT	ACCEPTABLE	low
.venv-rtl/lib/python3.12/site-packages/cocotb/types/__pycache__/_resolve.cpython-312.pyc	name	IGNORED	UNTRACKED-BUILD-ARTIFACT	ACCEPTABLE	low
.venv-rtl/lib/python3.12/site-packages/cocotb/types/_abstract_array.py	name	IGNORED	UNTRACKED-BUILD-ARTIFACT	ACCEPTABLE	low
.venv-rtl/lib/python3.12/site-packages/cocotb/types/_array.py	name	IGNORED	UNTRACKED-BUILD-ARTIFACT	ACCEPTABLE	low
.venv-rtl/lib/python3.12/site-packages/cocotb/types/_indexing.py	name	IGNORED	UNTRACKED-BUILD-ARTIFACT	ACCEPTABLE	low
.venv-rtl/lib/python3.12/site-packages/cocotb/types/_logic.py	name	IGNORED	UNTRACKED-BUILD-ARTIFACT	ACCEPTABLE	low
.venv-rtl/lib/python3.12/site-packages/cocotb/types/_logic_array.py	name	IGNORED	UNTRACKED-BUILD-ARTIFACT	ACCEPTABLE	low
.venv-rtl/lib/python3.12/site-packages/cocotb/types/_range.py	name	IGNORED	UNTRACKED-BUILD-ARTIFACT	ACCEPTABLE	low
.venv-rtl/lib/python3.12/site-packages/cocotb/types/_resolve.py	name	IGNORED	UNTRACKED-BUILD-ARTIFACT	ACCEPTABLE	low
.venv-rtl/lib/python3.12/site-packages/cocotb/utils.py	name	IGNORED	UNTRACKED-BUILD-ARTIFACT	ACCEPTABLE	low
.venv-rtl/lib/python3.12/site-packages/cocotb_tools/__init__.py	name	IGNORED	UNTRACKED-BUILD-ARTIFACT	ACCEPTABLE	low
.venv-rtl/lib/python3.12/site-packages/cocotb_tools/__pycache__/__init__.cpython-312.pyc	name	IGNORED	UNTRACKED-BUILD-ARTIFACT	ACCEPTABLE	low
.venv-rtl/lib/python3.12/site-packages/cocotb_tools/__pycache__/_coverage.cpython-312.pyc	name	IGNORED	UNTRACKED-BUILD-ARTIFACT	ACCEPTABLE	low
.venv-rtl/lib/python3.12/site-packages/cocotb_tools/__pycache__/_env.cpython-312.pyc	name	IGNORED	UNTRACKED-BUILD-ARTIFACT	ACCEPTABLE	low
.venv-rtl/lib/python3.12/site-packages/cocotb_tools/__pycache__/check_results.cpython-312.pyc	name	IGNORED	UNTRACKED-BUILD-ARTIFACT	ACCEPTABLE	low
.venv-rtl/lib/python3.12/site-packages/cocotb_tools/__pycache__/combine_results.cpython-312.pyc	name	IGNORED	UNTRACKED-BUILD-ARTIFACT	ACCEPTABLE	low
.venv-rtl/lib/python3.12/site-packages/cocotb_tools/__pycache__/config.cpython-312.pyc	name	IGNORED	UNTRACKED-BUILD-ARTIFACT	ACCEPTABLE	low
.venv-rtl/lib/python3.12/site-packages/cocotb_tools/__pycache__/ipython_support.cpython-312.pyc	name	IGNORED	UNTRACKED-BUILD-ARTIFACT	ACCEPTABLE	low
.venv-rtl/lib/python3.12/site-packages/cocotb_tools/__pycache__/runner.cpython-312.pyc	name	IGNORED	UNTRACKED-BUILD-ARTIFACT	ACCEPTABLE	low
.venv-rtl/lib/python3.12/site-packages/cocotb_tools/__pycache__/sim_versions.cpython-312.pyc	name	IGNORED	UNTRACKED-BUILD-ARTIFACT	ACCEPTABLE	low
.venv-rtl/lib/python3.12/site-packages/cocotb_tools/_coverage.py	name	IGNORED	UNTRACKED-BUILD-ARTIFACT	ACCEPTABLE	low
.venv-rtl/lib/python3.12/site-packages/cocotb_tools/_env.py	name	IGNORED	UNTRACKED-BUILD-ARTIFACT	ACCEPTABLE	low
.venv-rtl/lib/python3.12/site-packages/cocotb_tools/_pytest/__init__.py	name	IGNORED	UNTRACKED-BUILD-ARTIFACT	ACCEPTABLE	low
.venv-rtl/lib/python3.12/site-packages/cocotb_tools/_pytest/__pycache__/__init__.cpython-312.pyc	name	IGNORED	UNTRACKED-BUILD-ARTIFACT	ACCEPTABLE	low
.venv-rtl/lib/python3.12/site-packages/cocotb_tools/_pytest/__pycache__/_compat.cpython-312.pyc	name	IGNORED	UNTRACKED-BUILD-ARTIFACT	ACCEPTABLE	low
.venv-rtl/lib/python3.12/site-packages/cocotb_tools/_pytest/__pycache__/_controller.cpython-312.pyc	name	IGNORED	UNTRACKED-BUILD-ARTIFACT	ACCEPTABLE	low
.venv-rtl/lib/python3.12/site-packages/cocotb_tools/_pytest/__pycache__/_fixture.cpython-312.pyc	name	IGNORED	UNTRACKED-BUILD-ARTIFACT	ACCEPTABLE	low
.venv-rtl/lib/python3.12/site-packages/cocotb_tools/_pytest/__pycache__/_handle.cpython-312.pyc	name	IGNORED	UNTRACKED-BUILD-ARTIFACT	ACCEPTABLE	low
.venv-rtl/lib/python3.12/site-packages/cocotb_tools/_pytest/__pycache__/_init.cpython-312.pyc	name	IGNORED	UNTRACKED-BUILD-ARTIFACT	ACCEPTABLE	low
.venv-rtl/lib/python3.12/site-packages/cocotb_tools/_pytest/__pycache__/_junitxml.cpython-312.pyc	name	IGNORED	UNTRACKED-BUILD-ARTIFACT	ACCEPTABLE	low
.venv-rtl/lib/python3.12/site-packages/cocotb_tools/_pytest/__pycache__/_logging.cpython-312.pyc	name	IGNORED	UNTRACKED-BUILD-ARTIFACT	ACCEPTABLE	low
.venv-rtl/lib/python3.12/site-packages/cocotb_tools/_pytest/__pycache__/_option.cpython-312.pyc	name	IGNORED	UNTRACKED-BUILD-ARTIFACT	ACCEPTABLE	low
.venv-rtl/lib/python3.12/site-packages/cocotb_tools/_pytest/__pycache__/_regression.cpython-312.pyc	name	IGNORED	UNTRACKED-BUILD-ARTIFACT	ACCEPTABLE	low
.venv-rtl/lib/python3.12/site-packages/cocotb_tools/_pytest/__pycache__/_runner.cpython-312.pyc	name	IGNORED	UNTRACKED-BUILD-ARTIFACT	ACCEPTABLE	low
.venv-rtl/lib/python3.12/site-packages/cocotb_tools/_pytest/__pycache__/_test.cpython-312.pyc	name	IGNORED	UNTRACKED-BUILD-ARTIFACT	ACCEPTABLE	low
.venv-rtl/lib/python3.12/site-packages/cocotb_tools/_pytest/__pycache__/_testbench.cpython-312.pyc	name	IGNORED	UNTRACKED-BUILD-ARTIFACT	ACCEPTABLE	low
.venv-rtl/lib/python3.12/site-packages/cocotb_tools/_pytest/__pycache__/hdl.cpython-312.pyc	name	IGNORED	UNTRACKED-BUILD-ARTIFACT	ACCEPTABLE	low
.venv-rtl/lib/python3.12/site-packages/cocotb_tools/_pytest/__pycache__/hookspecs.cpython-312.pyc	name	IGNORED	UNTRACKED-BUILD-ARTIFACT	ACCEPTABLE	low
.venv-rtl/lib/python3.12/site-packages/cocotb_tools/_pytest/__pycache__/mark.cpython-312.pyc	name	IGNORED	UNTRACKED-BUILD-ARTIFACT	ACCEPTABLE	low
.venv-rtl/lib/python3.12/site-packages/cocotb_tools/_pytest/__pycache__/plugin.cpython-312.pyc	name	IGNORED	UNTRACKED-BUILD-ARTIFACT	ACCEPTABLE	low
.venv-rtl/lib/python3.12/site-packages/cocotb_tools/_pytest/_compat.py	name	IGNORED	UNTRACKED-BUILD-ARTIFACT	ACCEPTABLE	low
.venv-rtl/lib/python3.12/site-packages/cocotb_tools/_pytest/_controller.py	name	IGNORED	UNTRACKED-BUILD-ARTIFACT	ACCEPTABLE	low
.venv-rtl/lib/python3.12/site-packages/cocotb_tools/_pytest/_fixture.py	name	IGNORED	UNTRACKED-BUILD-ARTIFACT	ACCEPTABLE	low
.venv-rtl/lib/python3.12/site-packages/cocotb_tools/_pytest/_handle.py	name	IGNORED	UNTRACKED-BUILD-ARTIFACT	ACCEPTABLE	low
.venv-rtl/lib/python3.12/site-packages/cocotb_tools/_pytest/_init.py	name	IGNORED	UNTRACKED-BUILD-ARTIFACT	ACCEPTABLE	low
.venv-rtl/lib/python3.12/site-packages/cocotb_tools/_pytest/_junitxml.py	name	IGNORED	UNTRACKED-BUILD-ARTIFACT	ACCEPTABLE	low
.venv-rtl/lib/python3.12/site-packages/cocotb_tools/_pytest/_logging.py	name	IGNORED	UNTRACKED-BUILD-ARTIFACT	ACCEPTABLE	low
.venv-rtl/lib/python3.12/site-packages/cocotb_tools/_pytest/_option.py	name	IGNORED	UNTRACKED-BUILD-ARTIFACT	ACCEPTABLE	low
.venv-rtl/lib/python3.12/site-packages/cocotb_tools/_pytest/_regression.py	name	IGNORED	UNTRACKED-BUILD-ARTIFACT	ACCEPTABLE	low
.venv-rtl/lib/python3.12/site-packages/cocotb_tools/_pytest/_runner.py	name	IGNORED	UNTRACKED-BUILD-ARTIFACT	ACCEPTABLE	low
.venv-rtl/lib/python3.12/site-packages/cocotb_tools/_pytest/_test.py	name	IGNORED	UNTRACKED-BUILD-ARTIFACT	ACCEPTABLE	low
.venv-rtl/lib/python3.12/site-packages/cocotb_tools/_pytest/_testbench.py	name	IGNORED	UNTRACKED-BUILD-ARTIFACT	ACCEPTABLE	low
.venv-rtl/lib/python3.12/site-packages/cocotb_tools/_pytest/hdl.py	name	IGNORED	UNTRACKED-BUILD-ARTIFACT	ACCEPTABLE	low
.venv-rtl/lib/python3.12/site-packages/cocotb_tools/_pytest/hookspecs.py	name	IGNORED	UNTRACKED-BUILD-ARTIFACT	ACCEPTABLE	low
.venv-rtl/lib/python3.12/site-packages/cocotb_tools/_pytest/mark.py	name	IGNORED	UNTRACKED-BUILD-ARTIFACT	ACCEPTABLE	low
.venv-rtl/lib/python3.12/site-packages/cocotb_tools/_pytest/plugin.py	name	IGNORED	UNTRACKED-BUILD-ARTIFACT	ACCEPTABLE	low
.venv-rtl/lib/python3.12/site-packages/cocotb_tools/_pytest/py.typed	name	IGNORED	UNTRACKED-BUILD-ARTIFACT	ACCEPTABLE	low
.venv-rtl/lib/python3.12/site-packages/cocotb_tools/_vendor/__init__.py	name	IGNORED	UNTRACKED-BUILD-ARTIFACT	ACCEPTABLE	low
.venv-rtl/lib/python3.12/site-packages/cocotb_tools/_vendor/__pycache__/__init__.cpython-312.pyc	name	IGNORED	UNTRACKED-BUILD-ARTIFACT	ACCEPTABLE	low
.venv-rtl/lib/python3.12/site-packages/cocotb_tools/_vendor/__pycache__/distutils_version.cpython-312.pyc	name	IGNORED	UNTRACKED-BUILD-ARTIFACT	ACCEPTABLE	low
.venv-rtl/lib/python3.12/site-packages/cocotb_tools/_vendor/distutils_version.py	name	IGNORED	UNTRACKED-BUILD-ARTIFACT	ACCEPTABLE	low
.venv-rtl/lib/python3.12/site-packages/cocotb_tools/check_results.py	name	IGNORED	UNTRACKED-BUILD-ARTIFACT	ACCEPTABLE	low
.venv-rtl/lib/python3.12/site-packages/cocotb_tools/combine_results.py	name	IGNORED	UNTRACKED-BUILD-ARTIFACT	ACCEPTABLE	low
.venv-rtl/lib/python3.12/site-packages/cocotb_tools/config.py	name	IGNORED	UNTRACKED-BUILD-ARTIFACT	ACCEPTABLE	low
.venv-rtl/lib/python3.12/site-packages/cocotb_tools/ipython_support.py	name	IGNORED	UNTRACKED-BUILD-ARTIFACT	ACCEPTABLE	low
.venv-rtl/lib/python3.12/site-packages/cocotb_tools/makefiles/Makefile.deprecations	name	IGNORED	UNTRACKED-BUILD-ARTIFACT	ACCEPTABLE	low
.venv-rtl/lib/python3.12/site-packages/cocotb_tools/makefiles/Makefile.inc	name	IGNORED	UNTRACKED-BUILD-ARTIFACT	ACCEPTABLE	low
.venv-rtl/lib/python3.12/site-packages/cocotb_tools/makefiles/Makefile.sim	name	IGNORED	UNTRACKED-BUILD-ARTIFACT	ACCEPTABLE	low
.venv-rtl/lib/python3.12/site-packages/cocotb_tools/makefiles/simulators/Makefile.activehdl	name	IGNORED	UNTRACKED-BUILD-ARTIFACT	ACCEPTABLE	low
.venv-rtl/lib/python3.12/site-packages/cocotb_tools/makefiles/simulators/Makefile.cvc	name	IGNORED	UNTRACKED-BUILD-ARTIFACT	ACCEPTABLE	low
.venv-rtl/lib/python3.12/site-packages/cocotb_tools/makefiles/simulators/Makefile.dsim	name	IGNORED	UNTRACKED-BUILD-ARTIFACT	ACCEPTABLE	low
.venv-rtl/lib/python3.12/site-packages/cocotb_tools/makefiles/simulators/Makefile.ghdl	name	IGNORED	UNTRACKED-BUILD-ARTIFACT	ACCEPTABLE	low
.venv-rtl/lib/python3.12/site-packages/cocotb_tools/makefiles/simulators/Makefile.icarus	name	IGNORED	UNTRACKED-BUILD-ARTIFACT	ACCEPTABLE	low
.venv-rtl/lib/python3.12/site-packages/cocotb_tools/makefiles/simulators/Makefile.ius	name	IGNORED	UNTRACKED-BUILD-ARTIFACT	ACCEPTABLE	low
.venv-rtl/lib/python3.12/site-packages/cocotb_tools/makefiles/simulators/Makefile.modelsim	name	IGNORED	UNTRACKED-BUILD-ARTIFACT	ACCEPTABLE	low
.venv-rtl/lib/python3.12/site-packages/cocotb_tools/makefiles/simulators/Makefile.nvc	name	IGNORED	UNTRACKED-BUILD-ARTIFACT	ACCEPTABLE	low
.venv-rtl/lib/python3.12/site-packages/cocotb_tools/makefiles/simulators/Makefile.questa	name	IGNORED	UNTRACKED-BUILD-ARTIFACT	ACCEPTABLE	low
.venv-rtl/lib/python3.12/site-packages/cocotb_tools/makefiles/simulators/Makefile.questa-compat	name	IGNORED	UNTRACKED-BUILD-ARTIFACT	ACCEPTABLE	low
.venv-rtl/lib/python3.12/site-packages/cocotb_tools/makefiles/simulators/Makefile.questa-qisqrun	name	IGNORED	UNTRACKED-BUILD-ARTIFACT	ACCEPTABLE	low
.venv-rtl/lib/python3.12/site-packages/cocotb_tools/makefiles/simulators/Makefile.riviera	name	IGNORED	UNTRACKED-BUILD-ARTIFACT	ACCEPTABLE	low
.venv-rtl/lib/python3.12/site-packages/cocotb_tools/makefiles/simulators/Makefile.vcs	name	IGNORED	UNTRACKED-BUILD-ARTIFACT	ACCEPTABLE	low
.venv-rtl/lib/python3.12/site-packages/cocotb_tools/makefiles/simulators/Makefile.verilator	name	IGNORED	UNTRACKED-BUILD-ARTIFACT	ACCEPTABLE	low
.venv-rtl/lib/python3.12/site-packages/cocotb_tools/makefiles/simulators/Makefile.xcelium	name	IGNORED	UNTRACKED-BUILD-ARTIFACT	ACCEPTABLE	low
.venv-rtl/lib/python3.12/site-packages/cocotb_tools/py.typed	name	IGNORED	UNTRACKED-BUILD-ARTIFACT	ACCEPTABLE	low
.venv-rtl/lib/python3.12/site-packages/cocotb_tools/runner.py	name	IGNORED	UNTRACKED-BUILD-ARTIFACT	ACCEPTABLE	low
.venv-rtl/lib/python3.12/site-packages/cocotb_tools/sim_versions.py	name	IGNORED	UNTRACKED-BUILD-ARTIFACT	ACCEPTABLE	low
.venv-rtl/lib/python3.12/site-packages/find_libpython-0.5.1.dist-info/INSTALLER	name	IGNORED	UNTRACKED-BUILD-ARTIFACT	ACCEPTABLE	low
.venv-rtl/lib/python3.12/site-packages/find_libpython-0.5.1.dist-info/METADATA	name	IGNORED	UNTRACKED-BUILD-ARTIFACT	ACCEPTABLE	low
.venv-rtl/lib/python3.12/site-packages/find_libpython-0.5.1.dist-info/RECORD	name	IGNORED	UNTRACKED-BUILD-ARTIFACT	ACCEPTABLE	low
.venv-rtl/lib/python3.12/site-packages/find_libpython-0.5.1.dist-info/WHEEL	name	IGNORED	UNTRACKED-BUILD-ARTIFACT	ACCEPTABLE	low
.venv-rtl/lib/python3.12/site-packages/find_libpython-0.5.1.dist-info/entry_points.txt	name	IGNORED	UNTRACKED-BUILD-ARTIFACT	ACCEPTABLE	low
.venv-rtl/lib/python3.12/site-packages/find_libpython-0.5.1.dist-info/licenses/LICENSE	name	IGNORED	UNTRACKED-BUILD-ARTIFACT	ACCEPTABLE	low
.venv-rtl/lib/python3.12/site-packages/find_libpython-0.5.1.dist-info/top_level.txt	name	IGNORED	UNTRACKED-BUILD-ARTIFACT	ACCEPTABLE	low
.venv-rtl/lib/python3.12/site-packages/find_libpython/__init__.py	name	IGNORED	UNTRACKED-BUILD-ARTIFACT	ACCEPTABLE	low
.venv-rtl/lib/python3.12/site-packages/find_libpython/__main__.py	name	IGNORED	UNTRACKED-BUILD-ARTIFACT	ACCEPTABLE	low
.venv-rtl/lib/python3.12/site-packages/find_libpython/__pycache__/__init__.cpython-312.pyc	name	IGNORED	UNTRACKED-BUILD-ARTIFACT	ACCEPTABLE	low
.venv-rtl/lib/python3.12/site-packages/find_libpython/__pycache__/__main__.cpython-312.pyc	name	IGNORED	UNTRACKED-BUILD-ARTIFACT	ACCEPTABLE	low
.venv-rtl/lib/python3.12/site-packages/find_libpython/__pycache__/_version.cpython-312.pyc	name	IGNORED	UNTRACKED-BUILD-ARTIFACT	ACCEPTABLE	low
.venv-rtl/lib/python3.12/site-packages/find_libpython/_version.py	name	IGNORED	UNTRACKED-BUILD-ARTIFACT	ACCEPTABLE	low
.venv-rtl/lib/python3.12/site-packages/find_libpython/py.typed	name	IGNORED	UNTRACKED-BUILD-ARTIFACT	ACCEPTABLE	low
.venv-rtl/lib/python3.12/site-packages/iniconfig-2.3.0.dist-info/INSTALLER	name	IGNORED	UNTRACKED-BUILD-ARTIFACT	ACCEPTABLE	low
.venv-rtl/lib/python3.12/site-packages/iniconfig-2.3.0.dist-info/METADATA	name	IGNORED	UNTRACKED-BUILD-ARTIFACT	ACCEPTABLE	low
.venv-rtl/lib/python3.12/site-packages/iniconfig-2.3.0.dist-info/RECORD	name	IGNORED	UNTRACKED-BUILD-ARTIFACT	ACCEPTABLE	low
.venv-rtl/lib/python3.12/site-packages/iniconfig-2.3.0.dist-info/WHEEL	name	IGNORED	UNTRACKED-BUILD-ARTIFACT	ACCEPTABLE	low
.venv-rtl/lib/python3.12/site-packages/iniconfig-2.3.0.dist-info/licenses/LICENSE	name	IGNORED	UNTRACKED-BUILD-ARTIFACT	ACCEPTABLE	low
.venv-rtl/lib/python3.12/site-packages/iniconfig-2.3.0.dist-info/top_level.txt	name	IGNORED	UNTRACKED-BUILD-ARTIFACT	ACCEPTABLE	low
.venv-rtl/lib/python3.12/site-packages/iniconfig/__init__.py	name	IGNORED	UNTRACKED-BUILD-ARTIFACT	ACCEPTABLE	low
.venv-rtl/lib/python3.12/site-packages/iniconfig/__pycache__/__init__.cpython-312.pyc	name	IGNORED	UNTRACKED-BUILD-ARTIFACT	ACCEPTABLE	low
.venv-rtl/lib/python3.12/site-packages/iniconfig/__pycache__/_parse.cpython-312.pyc	name	IGNORED	UNTRACKED-BUILD-ARTIFACT	ACCEPTABLE	low
.venv-rtl/lib/python3.12/site-packages/iniconfig/__pycache__/_version.cpython-312.pyc	name	IGNORED	UNTRACKED-BUILD-ARTIFACT	ACCEPTABLE	low
.venv-rtl/lib/python3.12/site-packages/iniconfig/__pycache__/exceptions.cpython-312.pyc	name	IGNORED	UNTRACKED-BUILD-ARTIFACT	ACCEPTABLE	low
.venv-rtl/lib/python3.12/site-packages/iniconfig/_parse.py	name	IGNORED	UNTRACKED-BUILD-ARTIFACT	ACCEPTABLE	low
.venv-rtl/lib/python3.12/site-packages/iniconfig/_version.py	name	IGNORED	UNTRACKED-BUILD-ARTIFACT	ACCEPTABLE	low
.venv-rtl/lib/python3.12/site-packages/iniconfig/exceptions.py	name	IGNORED	UNTRACKED-BUILD-ARTIFACT	ACCEPTABLE	low
.venv-rtl/lib/python3.12/site-packages/iniconfig/py.typed	name	IGNORED	UNTRACKED-BUILD-ARTIFACT	ACCEPTABLE	low
.venv-rtl/lib/python3.12/site-packages/packaging-26.3.dist-info/INSTALLER	name	IGNORED	UNTRACKED-BUILD-ARTIFACT	ACCEPTABLE	low
.venv-rtl/lib/python3.12/site-packages/packaging-26.3.dist-info/METADATA	name	IGNORED	UNTRACKED-BUILD-ARTIFACT	ACCEPTABLE	low
.venv-rtl/lib/python3.12/site-packages/packaging-26.3.dist-info/RECORD	name	IGNORED	UNTRACKED-BUILD-ARTIFACT	ACCEPTABLE	low
.venv-rtl/lib/python3.12/site-packages/packaging-26.3.dist-info/WHEEL	name	IGNORED	UNTRACKED-BUILD-ARTIFACT	ACCEPTABLE	low
.venv-rtl/lib/python3.12/site-packages/packaging-26.3.dist-info/licenses/LICENSE	name	IGNORED	UNTRACKED-BUILD-ARTIFACT	ACCEPTABLE	low
.venv-rtl/lib/python3.12/site-packages/packaging-26.3.dist-info/licenses/LICENSE.APACHE	name	IGNORED	UNTRACKED-BUILD-ARTIFACT	ACCEPTABLE	low
.venv-rtl/lib/python3.12/site-packages/packaging-26.3.dist-info/licenses/LICENSE.BSD	name	IGNORED	UNTRACKED-BUILD-ARTIFACT	ACCEPTABLE	low
.venv-rtl/lib/python3.12/site-packages/packaging/__init__.py	name	IGNORED	UNTRACKED-BUILD-ARTIFACT	ACCEPTABLE	low
.venv-rtl/lib/python3.12/site-packages/packaging/__pycache__/__init__.cpython-312.pyc	name	IGNORED	UNTRACKED-BUILD-ARTIFACT	ACCEPTABLE	low
.venv-rtl/lib/python3.12/site-packages/packaging/__pycache__/_elffile.cpython-312.pyc	name	IGNORED	UNTRACKED-BUILD-ARTIFACT	ACCEPTABLE	low
.venv-rtl/lib/python3.12/site-packages/packaging/__pycache__/_manylinux.cpython-312.pyc	name	IGNORED	UNTRACKED-BUILD-ARTIFACT	ACCEPTABLE	low
.venv-rtl/lib/python3.12/site-packages/packaging/__pycache__/_musllinux.cpython-312.pyc	name	IGNORED	UNTRACKED-BUILD-ARTIFACT	ACCEPTABLE	low
.venv-rtl/lib/python3.12/site-packages/packaging/__pycache__/_parser.cpython-312.pyc	name	IGNORED	UNTRACKED-BUILD-ARTIFACT	ACCEPTABLE	low
.venv-rtl/lib/python3.12/site-packages/packaging/__pycache__/_ranges.cpython-312.pyc	name	IGNORED	UNTRACKED-BUILD-ARTIFACT	ACCEPTABLE	low
.venv-rtl/lib/python3.12/site-packages/packaging/__pycache__/_structures.cpython-312.pyc	name	IGNORED	UNTRACKED-BUILD-ARTIFACT	ACCEPTABLE	low
.venv-rtl/lib/python3.12/site-packages/packaging/__pycache__/_tokenizer.cpython-312.pyc	name	IGNORED	UNTRACKED-BUILD-ARTIFACT	ACCEPTABLE	low
.venv-rtl/lib/python3.12/site-packages/packaging/__pycache__/dependency_groups.cpython-312.pyc	name	IGNORED	UNTRACKED-BUILD-ARTIFACT	ACCEPTABLE	low
.venv-rtl/lib/python3.12/site-packages/packaging/__pycache__/direct_url.cpython-312.pyc	name	IGNORED	UNTRACKED-BUILD-ARTIFACT	ACCEPTABLE	low
.venv-rtl/lib/python3.12/site-packages/packaging/__pycache__/errors.cpython-312.pyc	name	IGNORED	UNTRACKED-BUILD-ARTIFACT	ACCEPTABLE	low
.venv-rtl/lib/python3.12/site-packages/packaging/__pycache__/markers.cpython-312.pyc	name	IGNORED	UNTRACKED-BUILD-ARTIFACT	ACCEPTABLE	low
.venv-rtl/lib/python3.12/site-packages/packaging/__pycache__/metadata.cpython-312.pyc	name	IGNORED	UNTRACKED-BUILD-ARTIFACT	ACCEPTABLE	low
.venv-rtl/lib/python3.12/site-packages/packaging/__pycache__/pylock.cpython-312.pyc	name	IGNORED	UNTRACKED-BUILD-ARTIFACT	ACCEPTABLE	low
.venv-rtl/lib/python3.12/site-packages/packaging/__pycache__/ranges.cpython-312.pyc	name	IGNORED	UNTRACKED-BUILD-ARTIFACT	ACCEPTABLE	low
.venv-rtl/lib/python3.12/site-packages/packaging/__pycache__/requirements.cpython-312.pyc	name	IGNORED	UNTRACKED-BUILD-ARTIFACT	ACCEPTABLE	low
.venv-rtl/lib/python3.12/site-packages/packaging/__pycache__/specifiers.cpython-312.pyc	name	IGNORED	UNTRACKED-BUILD-ARTIFACT	ACCEPTABLE	low
.venv-rtl/lib/python3.12/site-packages/packaging/__pycache__/tags.cpython-312.pyc	name	IGNORED	UNTRACKED-BUILD-ARTIFACT	ACCEPTABLE	low
.venv-rtl/lib/python3.12/site-packages/packaging/__pycache__/utils.cpython-312.pyc	name	IGNORED	UNTRACKED-BUILD-ARTIFACT	ACCEPTABLE	low
.venv-rtl/lib/python3.12/site-packages/packaging/__pycache__/version.cpython-312.pyc	name	IGNORED	UNTRACKED-BUILD-ARTIFACT	ACCEPTABLE	low
.venv-rtl/lib/python3.12/site-packages/packaging/_elffile.py	name	IGNORED	UNTRACKED-BUILD-ARTIFACT	ACCEPTABLE	low
.venv-rtl/lib/python3.12/site-packages/packaging/_manylinux.py	name	IGNORED	UNTRACKED-BUILD-ARTIFACT	ACCEPTABLE	low
.venv-rtl/lib/python3.12/site-packages/packaging/_musllinux.py	name	IGNORED	UNTRACKED-BUILD-ARTIFACT	ACCEPTABLE	low
.venv-rtl/lib/python3.12/site-packages/packaging/_parser.py	name	IGNORED	UNTRACKED-BUILD-ARTIFACT	ACCEPTABLE	low
.venv-rtl/lib/python3.12/site-packages/packaging/_ranges.py	name	IGNORED	UNTRACKED-BUILD-ARTIFACT	ACCEPTABLE	low
.venv-rtl/lib/python3.12/site-packages/packaging/_structures.py	name	IGNORED	UNTRACKED-BUILD-ARTIFACT	ACCEPTABLE	low
.venv-rtl/lib/python3.12/site-packages/packaging/_tokenizer.py	name	IGNORED	UNTRACKED-BUILD-ARTIFACT	ACCEPTABLE	low
.venv-rtl/lib/python3.12/site-packages/packaging/dependency_groups.py	name	IGNORED	UNTRACKED-BUILD-ARTIFACT	ACCEPTABLE	low
.venv-rtl/lib/python3.12/site-packages/packaging/direct_url.py	name	IGNORED	UNTRACKED-BUILD-ARTIFACT	ACCEPTABLE	low
.venv-rtl/lib/python3.12/site-packages/packaging/errors.py	name	IGNORED	UNTRACKED-BUILD-ARTIFACT	ACCEPTABLE	low
.venv-rtl/lib/python3.12/site-packages/packaging/licenses/__init__.py	name	IGNORED	UNTRACKED-BUILD-ARTIFACT	ACCEPTABLE	low
.venv-rtl/lib/python3.12/site-packages/packaging/licenses/__pycache__/__init__.cpython-312.pyc	name	IGNORED	UNTRACKED-BUILD-ARTIFACT	ACCEPTABLE	low
.venv-rtl/lib/python3.12/site-packages/packaging/licenses/__pycache__/_spdx.cpython-312.pyc	name	IGNORED	UNTRACKED-BUILD-ARTIFACT	ACCEPTABLE	low
.venv-rtl/lib/python3.12/site-packages/packaging/licenses/_spdx.py	name	IGNORED	UNTRACKED-BUILD-ARTIFACT	ACCEPTABLE	low
.venv-rtl/lib/python3.12/site-packages/packaging/markers.py	name	IGNORED	UNTRACKED-BUILD-ARTIFACT	ACCEPTABLE	low
.venv-rtl/lib/python3.12/site-packages/packaging/metadata.py	name	IGNORED	UNTRACKED-BUILD-ARTIFACT	ACCEPTABLE	low
.venv-rtl/lib/python3.12/site-packages/packaging/py.typed	name	IGNORED	UNTRACKED-BUILD-ARTIFACT	ACCEPTABLE	low
.venv-rtl/lib/python3.12/site-packages/packaging/pylock.py	name	IGNORED	UNTRACKED-BUILD-ARTIFACT	ACCEPTABLE	low
.venv-rtl/lib/python3.12/site-packages/packaging/ranges.py	name	IGNORED	UNTRACKED-BUILD-ARTIFACT	ACCEPTABLE	low
.venv-rtl/lib/python3.12/site-packages/packaging/requirements.py	name	IGNORED	UNTRACKED-BUILD-ARTIFACT	ACCEPTABLE	low
.venv-rtl/lib/python3.12/site-packages/packaging/specifiers.py	name	IGNORED	UNTRACKED-BUILD-ARTIFACT	ACCEPTABLE	low
.venv-rtl/lib/python3.12/site-packages/packaging/tags.py	name	IGNORED	UNTRACKED-BUILD-ARTIFACT	ACCEPTABLE	low
.venv-rtl/lib/python3.12/site-packages/packaging/utils.py	name	IGNORED	UNTRACKED-BUILD-ARTIFACT	ACCEPTABLE	low
.venv-rtl/lib/python3.12/site-packages/packaging/version.py	name	IGNORED	UNTRACKED-BUILD-ARTIFACT	ACCEPTABLE	low
.venv-rtl/lib/python3.12/site-packages/pip-25.0.1.dist-info/AUTHORS.txt	name	IGNORED	UNTRACKED-BUILD-ARTIFACT	ACCEPTABLE	low
.venv-rtl/lib/python3.12/site-packages/pip-25.0.1.dist-info/INSTALLER	name	IGNORED	UNTRACKED-BUILD-ARTIFACT	ACCEPTABLE	low
.venv-rtl/lib/python3.12/site-packages/pip-25.0.1.dist-info/LICENSE.txt	name	IGNORED	UNTRACKED-BUILD-ARTIFACT	ACCEPTABLE	low
.venv-rtl/lib/python3.12/site-packages/pip-25.0.1.dist-info/METADATA	name	IGNORED	UNTRACKED-BUILD-ARTIFACT	ACCEPTABLE	low
.venv-rtl/lib/python3.12/site-packages/pip-25.0.1.dist-info/RECORD	name	IGNORED	UNTRACKED-BUILD-ARTIFACT	ACCEPTABLE	low
.venv-rtl/lib/python3.12/site-packages/pip-25.0.1.dist-info/REQUESTED	name	IGNORED	UNTRACKED-BUILD-ARTIFACT	ACCEPTABLE	low
.venv-rtl/lib/python3.12/site-packages/pip-25.0.1.dist-info/WHEEL	name	IGNORED	UNTRACKED-BUILD-ARTIFACT	ACCEPTABLE	low
.venv-rtl/lib/python3.12/site-packages/pip-25.0.1.dist-info/entry_points.txt	name	IGNORED	UNTRACKED-BUILD-ARTIFACT	ACCEPTABLE	low
.venv-rtl/lib/python3.12/site-packages/pip-25.0.1.dist-info/top_level.txt	name	IGNORED	UNTRACKED-BUILD-ARTIFACT	ACCEPTABLE	low
.venv-rtl/lib/python3.12/site-packages/pip/__init__.py	name	IGNORED	UNTRACKED-BUILD-ARTIFACT	ACCEPTABLE	low
.venv-rtl/lib/python3.12/site-packages/pip/__main__.py	name	IGNORED	UNTRACKED-BUILD-ARTIFACT	ACCEPTABLE	low
.venv-rtl/lib/python3.12/site-packages/pip/__pip-runner__.py	name	IGNORED	UNTRACKED-BUILD-ARTIFACT	ACCEPTABLE	low
.venv-rtl/lib/python3.12/site-packages/pip/__pycache__/__init__.cpython-312.pyc	name	IGNORED	UNTRACKED-BUILD-ARTIFACT	ACCEPTABLE	low
.venv-rtl/lib/python3.12/site-packages/pip/__pycache__/__main__.cpython-312.pyc	name	IGNORED	UNTRACKED-BUILD-ARTIFACT	ACCEPTABLE	low
.venv-rtl/lib/python3.12/site-packages/pip/__pycache__/__pip-runner__.cpython-312.pyc	name	IGNORED	UNTRACKED-BUILD-ARTIFACT	ACCEPTABLE	low
.venv-rtl/lib/python3.12/site-packages/pip/_internal/__init__.py	name	IGNORED	UNTRACKED-BUILD-ARTIFACT	ACCEPTABLE	low
.venv-rtl/lib/python3.12/site-packages/pip/_internal/__pycache__/__init__.cpython-312.pyc	name	IGNORED	UNTRACKED-BUILD-ARTIFACT	ACCEPTABLE	low
.venv-rtl/lib/python3.12/site-packages/pip/_internal/__pycache__/build_env.cpython-312.pyc	name	IGNORED	UNTRACKED-BUILD-ARTIFACT	ACCEPTABLE	low
.venv-rtl/lib/python3.12/site-packages/pip/_internal/__pycache__/cache.cpython-312.pyc	name	IGNORED	UNTRACKED-BUILD-ARTIFACT	ACCEPTABLE	low
.venv-rtl/lib/python3.12/site-packages/pip/_internal/__pycache__/configuration.cpython-312.pyc	name	IGNORED	UNTRACKED-BUILD-ARTIFACT	ACCEPTABLE	low
.venv-rtl/lib/python3.12/site-packages/pip/_internal/__pycache__/exceptions.cpython-312.pyc	name	IGNORED	UNTRACKED-BUILD-ARTIFACT	ACCEPTABLE	low
.venv-rtl/lib/python3.12/site-packages/pip/_internal/__pycache__/main.cpython-312.pyc	name	IGNORED	UNTRACKED-BUILD-ARTIFACT	ACCEPTABLE	low
.venv-rtl/lib/python3.12/site-packages/pip/_internal/__pycache__/pyproject.cpython-312.pyc	name	IGNORED	UNTRACKED-BUILD-ARTIFACT	ACCEPTABLE	low
.venv-rtl/lib/python3.12/site-packages/pip/_internal/__pycache__/self_outdated_check.cpython-312.pyc	name	IGNORED	UNTRACKED-BUILD-ARTIFACT	ACCEPTABLE	low
.venv-rtl/lib/python3.12/site-packages/pip/_internal/__pycache__/wheel_builder.cpython-312.pyc	name	IGNORED	UNTRACKED-BUILD-ARTIFACT	ACCEPTABLE	low
.venv-rtl/lib/python3.12/site-packages/pip/_internal/build_env.py	name	IGNORED	UNTRACKED-BUILD-ARTIFACT	ACCEPTABLE	low
.venv-rtl/lib/python3.12/site-packages/pip/_internal/cache.py	name	IGNORED	UNTRACKED-BUILD-ARTIFACT	ACCEPTABLE	low
.venv-rtl/lib/python3.12/site-packages/pip/_internal/cli/__init__.py	name	IGNORED	UNTRACKED-BUILD-ARTIFACT	ACCEPTABLE	low
.venv-rtl/lib/python3.12/site-packages/pip/_internal/cli/__pycache__/__init__.cpython-312.pyc	name	IGNORED	UNTRACKED-BUILD-ARTIFACT	ACCEPTABLE	low
.venv-rtl/lib/python3.12/site-packages/pip/_internal/cli/__pycache__/autocompletion.cpython-312.pyc	name	IGNORED	UNTRACKED-BUILD-ARTIFACT	ACCEPTABLE	low
.venv-rtl/lib/python3.12/site-packages/pip/_internal/cli/__pycache__/base_command.cpython-312.pyc	name	IGNORED	UNTRACKED-BUILD-ARTIFACT	ACCEPTABLE	low
.venv-rtl/lib/python3.12/site-packages/pip/_internal/cli/__pycache__/cmdoptions.cpython-312.pyc	name	IGNORED	UNTRACKED-BUILD-ARTIFACT	ACCEPTABLE	low
.venv-rtl/lib/python3.12/site-packages/pip/_internal/cli/__pycache__/command_context.cpython-312.pyc	name	IGNORED	UNTRACKED-BUILD-ARTIFACT	ACCEPTABLE	low
.venv-rtl/lib/python3.12/site-packages/pip/_internal/cli/__pycache__/index_command.cpython-312.pyc	name	IGNORED	UNTRACKED-BUILD-ARTIFACT	ACCEPTABLE	low
.venv-rtl/lib/python3.12/site-packages/pip/_internal/cli/__pycache__/main.cpython-312.pyc	name	IGNORED	UNTRACKED-BUILD-ARTIFACT	ACCEPTABLE	low
.venv-rtl/lib/python3.12/site-packages/pip/_internal/cli/__pycache__/main_parser.cpython-312.pyc	name	IGNORED	UNTRACKED-BUILD-ARTIFACT	ACCEPTABLE	low
.venv-rtl/lib/python3.12/site-packages/pip/_internal/cli/__pycache__/parser.cpython-312.pyc	name	IGNORED	UNTRACKED-BUILD-ARTIFACT	ACCEPTABLE	low
.venv-rtl/lib/python3.12/site-packages/pip/_internal/cli/__pycache__/progress_bars.cpython-312.pyc	name	IGNORED	UNTRACKED-BUILD-ARTIFACT	ACCEPTABLE	low
.venv-rtl/lib/python3.12/site-packages/pip/_internal/cli/__pycache__/req_command.cpython-312.pyc	name	IGNORED	UNTRACKED-BUILD-ARTIFACT	ACCEPTABLE	low
.venv-rtl/lib/python3.12/site-packages/pip/_internal/cli/__pycache__/spinners.cpython-312.pyc	name	IGNORED	UNTRACKED-BUILD-ARTIFACT	ACCEPTABLE	low
.venv-rtl/lib/python3.12/site-packages/pip/_internal/cli/__pycache__/status_codes.cpython-312.pyc	name	IGNORED	UNTRACKED-BUILD-ARTIFACT	ACCEPTABLE	low
.venv-rtl/lib/python3.12/site-packages/pip/_internal/cli/autocompletion.py	name	IGNORED	UNTRACKED-BUILD-ARTIFACT	ACCEPTABLE	low
.venv-rtl/lib/python3.12/site-packages/pip/_internal/cli/base_command.py	name	IGNORED	UNTRACKED-BUILD-ARTIFACT	ACCEPTABLE	low
.venv-rtl/lib/python3.12/site-packages/pip/_internal/cli/cmdoptions.py	name	IGNORED	UNTRACKED-BUILD-ARTIFACT	ACCEPTABLE	low
.venv-rtl/lib/python3.12/site-packages/pip/_internal/cli/command_context.py	name	IGNORED	UNTRACKED-BUILD-ARTIFACT	ACCEPTABLE	low
.venv-rtl/lib/python3.12/site-packages/pip/_internal/cli/index_command.py	name	IGNORED	UNTRACKED-BUILD-ARTIFACT	ACCEPTABLE	low
.venv-rtl/lib/python3.12/site-packages/pip/_internal/cli/main.py	name	IGNORED	UNTRACKED-BUILD-ARTIFACT	ACCEPTABLE	low
.venv-rtl/lib/python3.12/site-packages/pip/_internal/cli/main_parser.py	name	IGNORED	UNTRACKED-BUILD-ARTIFACT	ACCEPTABLE	low
.venv-rtl/lib/python3.12/site-packages/pip/_internal/cli/parser.py	name	IGNORED	UNTRACKED-BUILD-ARTIFACT	ACCEPTABLE	low
.venv-rtl/lib/python3.12/site-packages/pip/_internal/cli/progress_bars.py	name	IGNORED	UNTRACKED-BUILD-ARTIFACT	ACCEPTABLE	low
.venv-rtl/lib/python3.12/site-packages/pip/_internal/cli/req_command.py	name	IGNORED	UNTRACKED-BUILD-ARTIFACT	ACCEPTABLE	low
.venv-rtl/lib/python3.12/site-packages/pip/_internal/cli/spinners.py	name	IGNORED	UNTRACKED-BUILD-ARTIFACT	ACCEPTABLE	low
.venv-rtl/lib/python3.12/site-packages/pip/_internal/cli/status_codes.py	name	IGNORED	UNTRACKED-BUILD-ARTIFACT	ACCEPTABLE	low
.venv-rtl/lib/python3.12/site-packages/pip/_internal/commands/__init__.py	name	IGNORED	UNTRACKED-BUILD-ARTIFACT	ACCEPTABLE	low
.venv-rtl/lib/python3.12/site-packages/pip/_internal/commands/__pycache__/__init__.cpython-312.pyc	name	IGNORED	UNTRACKED-BUILD-ARTIFACT	ACCEPTABLE	low
.venv-rtl/lib/python3.12/site-packages/pip/_internal/commands/__pycache__/cache.cpython-312.pyc	name	IGNORED	UNTRACKED-BUILD-ARTIFACT	ACCEPTABLE	low
.venv-rtl/lib/python3.12/site-packages/pip/_internal/commands/__pycache__/check.cpython-312.pyc	name	IGNORED	UNTRACKED-BUILD-ARTIFACT	ACCEPTABLE	low
.venv-rtl/lib/python3.12/site-packages/pip/_internal/commands/__pycache__/completion.cpython-312.pyc	name	IGNORED	UNTRACKED-BUILD-ARTIFACT	ACCEPTABLE	low
.venv-rtl/lib/python3.12/site-packages/pip/_internal/commands/__pycache__/configuration.cpython-312.pyc	name	IGNORED	UNTRACKED-BUILD-ARTIFACT	ACCEPTABLE	low
.venv-rtl/lib/python3.12/site-packages/pip/_internal/commands/__pycache__/debug.cpython-312.pyc	name	IGNORED	UNTRACKED-BUILD-ARTIFACT	ACCEPTABLE	low
.venv-rtl/lib/python3.12/site-packages/pip/_internal/commands/__pycache__/download.cpython-312.pyc	name	IGNORED	UNTRACKED-BUILD-ARTIFACT	ACCEPTABLE	low
.venv-rtl/lib/python3.12/site-packages/pip/_internal/commands/__pycache__/freeze.cpython-312.pyc	name	IGNORED	UNTRACKED-BUILD-ARTIFACT	ACCEPTABLE	low
.venv-rtl/lib/python3.12/site-packages/pip/_internal/commands/__pycache__/hash.cpython-312.pyc	name	IGNORED	UNTRACKED-BUILD-ARTIFACT	ACCEPTABLE	low
.venv-rtl/lib/python3.12/site-packages/pip/_internal/commands/__pycache__/help.cpython-312.pyc	name	IGNORED	UNTRACKED-BUILD-ARTIFACT	ACCEPTABLE	low
.venv-rtl/lib/python3.12/site-packages/pip/_internal/commands/__pycache__/index.cpython-312.pyc	name	IGNORED	UNTRACKED-BUILD-ARTIFACT	ACCEPTABLE	low
.venv-rtl/lib/python3.12/site-packages/pip/_internal/commands/__pycache__/inspect.cpython-312.pyc	name	IGNORED	UNTRACKED-BUILD-ARTIFACT	ACCEPTABLE	low
.venv-rtl/lib/python3.12/site-packages/pip/_internal/commands/__pycache__/install.cpython-312.pyc	name	IGNORED	UNTRACKED-BUILD-ARTIFACT	ACCEPTABLE	low
.venv-rtl/lib/python3.12/site-packages/pip/_internal/commands/__pycache__/list.cpython-312.pyc	name	IGNORED	UNTRACKED-BUILD-ARTIFACT	ACCEPTABLE	low
.venv-rtl/lib/python3.12/site-packages/pip/_internal/commands/__pycache__/search.cpython-312.pyc	name	IGNORED	UNTRACKED-BUILD-ARTIFACT	ACCEPTABLE	low
.venv-rtl/lib/python3.12/site-packages/pip/_internal/commands/__pycache__/show.cpython-312.pyc	name	IGNORED	UNTRACKED-BUILD-ARTIFACT	ACCEPTABLE	low
.venv-rtl/lib/python3.12/site-packages/pip/_internal/commands/__pycache__/uninstall.cpython-312.pyc	name	IGNORED	UNTRACKED-BUILD-ARTIFACT	ACCEPTABLE	low
.venv-rtl/lib/python3.12/site-packages/pip/_internal/commands/__pycache__/wheel.cpython-312.pyc	name	IGNORED	UNTRACKED-BUILD-ARTIFACT	ACCEPTABLE	low
.venv-rtl/lib/python3.12/site-packages/pip/_internal/commands/cache.py	name	IGNORED	UNTRACKED-BUILD-ARTIFACT	ACCEPTABLE	low
.venv-rtl/lib/python3.12/site-packages/pip/_internal/commands/check.py	name	IGNORED	UNTRACKED-BUILD-ARTIFACT	ACCEPTABLE	low
.venv-rtl/lib/python3.12/site-packages/pip/_internal/commands/completion.py	name	IGNORED	UNTRACKED-BUILD-ARTIFACT	ACCEPTABLE	low
.venv-rtl/lib/python3.12/site-packages/pip/_internal/commands/configuration.py	name	IGNORED	UNTRACKED-BUILD-ARTIFACT	ACCEPTABLE	low
.venv-rtl/lib/python3.12/site-packages/pip/_internal/commands/debug.py	name	IGNORED	UNTRACKED-BUILD-ARTIFACT	ACCEPTABLE	low
.venv-rtl/lib/python3.12/site-packages/pip/_internal/commands/download.py	name	IGNORED	UNTRACKED-BUILD-ARTIFACT	ACCEPTABLE	low
.venv-rtl/lib/python3.12/site-packages/pip/_internal/commands/freeze.py	name	IGNORED	UNTRACKED-BUILD-ARTIFACT	ACCEPTABLE	low
.venv-rtl/lib/python3.12/site-packages/pip/_internal/commands/hash.py	name	IGNORED	UNTRACKED-BUILD-ARTIFACT	ACCEPTABLE	low
.venv-rtl/lib/python3.12/site-packages/pip/_internal/commands/help.py	name	IGNORED	UNTRACKED-BUILD-ARTIFACT	ACCEPTABLE	low
.venv-rtl/lib/python3.12/site-packages/pip/_internal/commands/index.py	name	IGNORED	UNTRACKED-BUILD-ARTIFACT	ACCEPTABLE	low
.venv-rtl/lib/python3.12/site-packages/pip/_internal/commands/inspect.py	name	IGNORED	UNTRACKED-BUILD-ARTIFACT	ACCEPTABLE	low
.venv-rtl/lib/python3.12/site-packages/pip/_internal/commands/install.py	name	IGNORED	UNTRACKED-BUILD-ARTIFACT	ACCEPTABLE	low
.venv-rtl/lib/python3.12/site-packages/pip/_internal/commands/list.py	name	IGNORED	UNTRACKED-BUILD-ARTIFACT	ACCEPTABLE	low
.venv-rtl/lib/python3.12/site-packages/pip/_internal/commands/search.py	name	IGNORED	UNTRACKED-BUILD-ARTIFACT	ACCEPTABLE	low
.venv-rtl/lib/python3.12/site-packages/pip/_internal/commands/show.py	name	IGNORED	UNTRACKED-BUILD-ARTIFACT	ACCEPTABLE	low
.venv-rtl/lib/python3.12/site-packages/pip/_internal/commands/uninstall.py	name	IGNORED	UNTRACKED-BUILD-ARTIFACT	ACCEPTABLE	low
.venv-rtl/lib/python3.12/site-packages/pip/_internal/commands/wheel.py	name	IGNORED	UNTRACKED-BUILD-ARTIFACT	ACCEPTABLE	low
.venv-rtl/lib/python3.12/site-packages/pip/_internal/configuration.py	name	IGNORED	UNTRACKED-BUILD-ARTIFACT	ACCEPTABLE	low
.venv-rtl/lib/python3.12/site-packages/pip/_internal/distributions/__init__.py	name	IGNORED	UNTRACKED-BUILD-ARTIFACT	ACCEPTABLE	low
.venv-rtl/lib/python3.12/site-packages/pip/_internal/distributions/__pycache__/__init__.cpython-312.pyc	name	IGNORED	UNTRACKED-BUILD-ARTIFACT	ACCEPTABLE	low
.venv-rtl/lib/python3.12/site-packages/pip/_internal/distributions/__pycache__/base.cpython-312.pyc	name	IGNORED	UNTRACKED-BUILD-ARTIFACT	ACCEPTABLE	low
.venv-rtl/lib/python3.12/site-packages/pip/_internal/distributions/__pycache__/installed.cpython-312.pyc	name	IGNORED	UNTRACKED-BUILD-ARTIFACT	ACCEPTABLE	low
.venv-rtl/lib/python3.12/site-packages/pip/_internal/distributions/__pycache__/sdist.cpython-312.pyc	name	IGNORED	UNTRACKED-BUILD-ARTIFACT	ACCEPTABLE	low
.venv-rtl/lib/python3.12/site-packages/pip/_internal/distributions/__pycache__/wheel.cpython-312.pyc	name	IGNORED	UNTRACKED-BUILD-ARTIFACT	ACCEPTABLE	low
.venv-rtl/lib/python3.12/site-packages/pip/_internal/distributions/base.py	name	IGNORED	UNTRACKED-BUILD-ARTIFACT	ACCEPTABLE	low
.venv-rtl/lib/python3.12/site-packages/pip/_internal/distributions/installed.py	name	IGNORED	UNTRACKED-BUILD-ARTIFACT	ACCEPTABLE	low
.venv-rtl/lib/python3.12/site-packages/pip/_internal/distributions/sdist.py	name	IGNORED	UNTRACKED-BUILD-ARTIFACT	ACCEPTABLE	low
.venv-rtl/lib/python3.12/site-packages/pip/_internal/distributions/wheel.py	name	IGNORED	UNTRACKED-BUILD-ARTIFACT	ACCEPTABLE	low
.venv-rtl/lib/python3.12/site-packages/pip/_internal/exceptions.py	name	IGNORED	UNTRACKED-BUILD-ARTIFACT	ACCEPTABLE	low
.venv-rtl/lib/python3.12/site-packages/pip/_internal/index/__init__.py	name	IGNORED	UNTRACKED-BUILD-ARTIFACT	ACCEPTABLE	low
.venv-rtl/lib/python3.12/site-packages/pip/_internal/index/__pycache__/__init__.cpython-312.pyc	name	IGNORED	UNTRACKED-BUILD-ARTIFACT	ACCEPTABLE	low
.venv-rtl/lib/python3.12/site-packages/pip/_internal/index/__pycache__/collector.cpython-312.pyc	name	IGNORED	UNTRACKED-BUILD-ARTIFACT	ACCEPTABLE	low
.venv-rtl/lib/python3.12/site-packages/pip/_internal/index/__pycache__/package_finder.cpython-312.pyc	name	IGNORED	UNTRACKED-BUILD-ARTIFACT	ACCEPTABLE	low
.venv-rtl/lib/python3.12/site-packages/pip/_internal/index/__pycache__/sources.cpython-312.pyc	name	IGNORED	UNTRACKED-BUILD-ARTIFACT	ACCEPTABLE	low
.venv-rtl/lib/python3.12/site-packages/pip/_internal/index/collector.py	name	IGNORED	UNTRACKED-BUILD-ARTIFACT	ACCEPTABLE	low
.venv-rtl/lib/python3.12/site-packages/pip/_internal/index/package_finder.py	name	IGNORED	UNTRACKED-BUILD-ARTIFACT	ACCEPTABLE	low
.venv-rtl/lib/python3.12/site-packages/pip/_internal/index/sources.py	name	IGNORED	UNTRACKED-BUILD-ARTIFACT	ACCEPTABLE	low
.venv-rtl/lib/python3.12/site-packages/pip/_internal/locations/__init__.py	name	IGNORED	UNTRACKED-BUILD-ARTIFACT	ACCEPTABLE	low
.venv-rtl/lib/python3.12/site-packages/pip/_internal/locations/__pycache__/__init__.cpython-312.pyc	name	IGNORED	UNTRACKED-BUILD-ARTIFACT	ACCEPTABLE	low
.venv-rtl/lib/python3.12/site-packages/pip/_internal/locations/__pycache__/_distutils.cpython-312.pyc	name	IGNORED	UNTRACKED-BUILD-ARTIFACT	ACCEPTABLE	low
.venv-rtl/lib/python3.12/site-packages/pip/_internal/locations/__pycache__/_sysconfig.cpython-312.pyc	name	IGNORED	UNTRACKED-BUILD-ARTIFACT	ACCEPTABLE	low
.venv-rtl/lib/python3.12/site-packages/pip/_internal/locations/__pycache__/base.cpython-312.pyc	name	IGNORED	UNTRACKED-BUILD-ARTIFACT	ACCEPTABLE	low
.venv-rtl/lib/python3.12/site-packages/pip/_internal/locations/_distutils.py	name	IGNORED	UNTRACKED-BUILD-ARTIFACT	ACCEPTABLE	low
.venv-rtl/lib/python3.12/site-packages/pip/_internal/locations/_sysconfig.py	name	IGNORED	UNTRACKED-BUILD-ARTIFACT	ACCEPTABLE	low
.venv-rtl/lib/python3.12/site-packages/pip/_internal/locations/base.py	name	IGNORED	UNTRACKED-BUILD-ARTIFACT	ACCEPTABLE	low
.venv-rtl/lib/python3.12/site-packages/pip/_internal/main.py	name	IGNORED	UNTRACKED-BUILD-ARTIFACT	ACCEPTABLE	low
.venv-rtl/lib/python3.12/site-packages/pip/_internal/metadata/__init__.py	name	IGNORED	UNTRACKED-BUILD-ARTIFACT	ACCEPTABLE	low
.venv-rtl/lib/python3.12/site-packages/pip/_internal/metadata/__pycache__/__init__.cpython-312.pyc	name	IGNORED	UNTRACKED-BUILD-ARTIFACT	ACCEPTABLE	low
.venv-rtl/lib/python3.12/site-packages/pip/_internal/metadata/__pycache__/_json.cpython-312.pyc	name	IGNORED	UNTRACKED-BUILD-ARTIFACT	ACCEPTABLE	low
.venv-rtl/lib/python3.12/site-packages/pip/_internal/metadata/__pycache__/base.cpython-312.pyc	name	IGNORED	UNTRACKED-BUILD-ARTIFACT	ACCEPTABLE	low
.venv-rtl/lib/python3.12/site-packages/pip/_internal/metadata/__pycache__/pkg_resources.cpython-312.pyc	name	IGNORED	UNTRACKED-BUILD-ARTIFACT	ACCEPTABLE	low
.venv-rtl/lib/python3.12/site-packages/pip/_internal/metadata/_json.py	name	IGNORED	UNTRACKED-BUILD-ARTIFACT	ACCEPTABLE	low
.venv-rtl/lib/python3.12/site-packages/pip/_internal/metadata/base.py	name	IGNORED	UNTRACKED-BUILD-ARTIFACT	ACCEPTABLE	low
.venv-rtl/lib/python3.12/site-packages/pip/_internal/metadata/importlib/__init__.py	name	IGNORED	UNTRACKED-BUILD-ARTIFACT	ACCEPTABLE	low
.venv-rtl/lib/python3.12/site-packages/pip/_internal/metadata/importlib/__pycache__/__init__.cpython-312.pyc	name	IGNORED	UNTRACKED-BUILD-ARTIFACT	ACCEPTABLE	low
.venv-rtl/lib/python3.12/site-packages/pip/_internal/metadata/importlib/__pycache__/_compat.cpython-312.pyc	name	IGNORED	UNTRACKED-BUILD-ARTIFACT	ACCEPTABLE	low
.venv-rtl/lib/python3.12/site-packages/pip/_internal/metadata/importlib/__pycache__/_dists.cpython-312.pyc	name	IGNORED	UNTRACKED-BUILD-ARTIFACT	ACCEPTABLE	low
.venv-rtl/lib/python3.12/site-packages/pip/_internal/metadata/importlib/__pycache__/_envs.cpython-312.pyc	name	IGNORED	UNTRACKED-BUILD-ARTIFACT	ACCEPTABLE	low
.venv-rtl/lib/python3.12/site-packages/pip/_internal/metadata/importlib/_compat.py	name	IGNORED	UNTRACKED-BUILD-ARTIFACT	ACCEPTABLE	low
.venv-rtl/lib/python3.12/site-packages/pip/_internal/metadata/importlib/_dists.py	name	IGNORED	UNTRACKED-BUILD-ARTIFACT	ACCEPTABLE	low
.venv-rtl/lib/python3.12/site-packages/pip/_internal/metadata/importlib/_envs.py	name	IGNORED	UNTRACKED-BUILD-ARTIFACT	ACCEPTABLE	low
.venv-rtl/lib/python3.12/site-packages/pip/_internal/metadata/pkg_resources.py	name	IGNORED	UNTRACKED-BUILD-ARTIFACT	ACCEPTABLE	low
.venv-rtl/lib/python3.12/site-packages/pip/_internal/models/__init__.py	name	IGNORED	UNTRACKED-BUILD-ARTIFACT	ACCEPTABLE	low
.venv-rtl/lib/python3.12/site-packages/pip/_internal/models/__pycache__/__init__.cpython-312.pyc	name	IGNORED	UNTRACKED-BUILD-ARTIFACT	ACCEPTABLE	low
.venv-rtl/lib/python3.12/site-packages/pip/_internal/models/__pycache__/candidate.cpython-312.pyc	name	IGNORED	UNTRACKED-BUILD-ARTIFACT	ACCEPTABLE	low
.venv-rtl/lib/python3.12/site-packages/pip/_internal/models/__pycache__/direct_url.cpython-312.pyc	name	IGNORED	UNTRACKED-BUILD-ARTIFACT	ACCEPTABLE	low
.venv-rtl/lib/python3.12/site-packages/pip/_internal/models/__pycache__/format_control.cpython-312.pyc	name	IGNORED	UNTRACKED-BUILD-ARTIFACT	ACCEPTABLE	low
.venv-rtl/lib/python3.12/site-packages/pip/_internal/models/__pycache__/index.cpython-312.pyc	name	IGNORED	UNTRACKED-BUILD-ARTIFACT	ACCEPTABLE	low
.venv-rtl/lib/python3.12/site-packages/pip/_internal/models/__pycache__/installation_report.cpython-312.pyc	name	IGNORED	UNTRACKED-BUILD-ARTIFACT	ACCEPTABLE	low
.venv-rtl/lib/python3.12/site-packages/pip/_internal/models/__pycache__/link.cpython-312.pyc	name	IGNORED	UNTRACKED-BUILD-ARTIFACT	ACCEPTABLE	low
.venv-rtl/lib/python3.12/site-packages/pip/_internal/models/__pycache__/scheme.cpython-312.pyc	name	IGNORED	UNTRACKED-BUILD-ARTIFACT	ACCEPTABLE	low
.venv-rtl/lib/python3.12/site-packages/pip/_internal/models/__pycache__/search_scope.cpython-312.pyc	name	IGNORED	UNTRACKED-BUILD-ARTIFACT	ACCEPTABLE	low
.venv-rtl/lib/python3.12/site-packages/pip/_internal/models/__pycache__/selection_prefs.cpython-312.pyc	name	IGNORED	UNTRACKED-BUILD-ARTIFACT	ACCEPTABLE	low
.venv-rtl/lib/python3.12/site-packages/pip/_internal/models/__pycache__/target_python.cpython-312.pyc	name	IGNORED	UNTRACKED-BUILD-ARTIFACT	ACCEPTABLE	low
.venv-rtl/lib/python3.12/site-packages/pip/_internal/models/__pycache__/wheel.cpython-312.pyc	name	IGNORED	UNTRACKED-BUILD-ARTIFACT	ACCEPTABLE	low
.venv-rtl/lib/python3.12/site-packages/pip/_internal/models/candidate.py	name	IGNORED	UNTRACKED-BUILD-ARTIFACT	ACCEPTABLE	low
.venv-rtl/lib/python3.12/site-packages/pip/_internal/models/direct_url.py	name	IGNORED	UNTRACKED-BUILD-ARTIFACT	ACCEPTABLE	low
.venv-rtl/lib/python3.12/site-packages/pip/_internal/models/format_control.py	name	IGNORED	UNTRACKED-BUILD-ARTIFACT	ACCEPTABLE	low
.venv-rtl/lib/python3.12/site-packages/pip/_internal/models/index.py	name	IGNORED	UNTRACKED-BUILD-ARTIFACT	ACCEPTABLE	low
.venv-rtl/lib/python3.12/site-packages/pip/_internal/models/installation_report.py	name	IGNORED	UNTRACKED-BUILD-ARTIFACT	ACCEPTABLE	low
.venv-rtl/lib/python3.12/site-packages/pip/_internal/models/link.py	name	IGNORED	UNTRACKED-BUILD-ARTIFACT	ACCEPTABLE	low
.venv-rtl/lib/python3.12/site-packages/pip/_internal/models/scheme.py	name	IGNORED	UNTRACKED-BUILD-ARTIFACT	ACCEPTABLE	low
.venv-rtl/lib/python3.12/site-packages/pip/_internal/models/search_scope.py	name	IGNORED	UNTRACKED-BUILD-ARTIFACT	ACCEPTABLE	low
.venv-rtl/lib/python3.12/site-packages/pip/_internal/models/selection_prefs.py	name	IGNORED	UNTRACKED-BUILD-ARTIFACT	ACCEPTABLE	low
.venv-rtl/lib/python3.12/site-packages/pip/_internal/models/target_python.py	name	IGNORED	UNTRACKED-BUILD-ARTIFACT	ACCEPTABLE	low
.venv-rtl/lib/python3.12/site-packages/pip/_internal/models/wheel.py	name	IGNORED	UNTRACKED-BUILD-ARTIFACT	ACCEPTABLE	low
.venv-rtl/lib/python3.12/site-packages/pip/_internal/network/__init__.py	name	IGNORED	UNTRACKED-BUILD-ARTIFACT	ACCEPTABLE	low
.venv-rtl/lib/python3.12/site-packages/pip/_internal/network/__pycache__/__init__.cpython-312.pyc	name	IGNORED	UNTRACKED-BUILD-ARTIFACT	ACCEPTABLE	low
.venv-rtl/lib/python3.12/site-packages/pip/_internal/network/__pycache__/auth.cpython-312.pyc	name	IGNORED	UNTRACKED-BUILD-ARTIFACT	ACCEPTABLE	low
.venv-rtl/lib/python3.12/site-packages/pip/_internal/network/__pycache__/cache.cpython-312.pyc	name	IGNORED	UNTRACKED-BUILD-ARTIFACT	ACCEPTABLE	low
.venv-rtl/lib/python3.12/site-packages/pip/_internal/network/__pycache__/download.cpython-312.pyc	name	IGNORED	UNTRACKED-BUILD-ARTIFACT	ACCEPTABLE	low
.venv-rtl/lib/python3.12/site-packages/pip/_internal/network/__pycache__/lazy_wheel.cpython-312.pyc	name	IGNORED	UNTRACKED-BUILD-ARTIFACT	ACCEPTABLE	low
.venv-rtl/lib/python3.12/site-packages/pip/_internal/network/__pycache__/session.cpython-312.pyc	name	IGNORED	UNTRACKED-BUILD-ARTIFACT	ACCEPTABLE	low
.venv-rtl/lib/python3.12/site-packages/pip/_internal/network/__pycache__/utils.cpython-312.pyc	name	IGNORED	UNTRACKED-BUILD-ARTIFACT	ACCEPTABLE	low
.venv-rtl/lib/python3.12/site-packages/pip/_internal/network/__pycache__/xmlrpc.cpython-312.pyc	name	IGNORED	UNTRACKED-BUILD-ARTIFACT	ACCEPTABLE	low
.venv-rtl/lib/python3.12/site-packages/pip/_internal/network/auth.py	name	IGNORED	UNTRACKED-BUILD-ARTIFACT	ACCEPTABLE	low
.venv-rtl/lib/python3.12/site-packages/pip/_internal/network/cache.py	name	IGNORED	UNTRACKED-BUILD-ARTIFACT	ACCEPTABLE	low
.venv-rtl/lib/python3.12/site-packages/pip/_internal/network/download.py	name	IGNORED	UNTRACKED-BUILD-ARTIFACT	ACCEPTABLE	low
.venv-rtl/lib/python3.12/site-packages/pip/_internal/network/lazy_wheel.py	name	IGNORED	UNTRACKED-BUILD-ARTIFACT	ACCEPTABLE	low
.venv-rtl/lib/python3.12/site-packages/pip/_internal/network/session.py	name	IGNORED	UNTRACKED-BUILD-ARTIFACT	ACCEPTABLE	low
.venv-rtl/lib/python3.12/site-packages/pip/_internal/network/utils.py	name	IGNORED	UNTRACKED-BUILD-ARTIFACT	ACCEPTABLE	low
.venv-rtl/lib/python3.12/site-packages/pip/_internal/network/xmlrpc.py	name	IGNORED	UNTRACKED-BUILD-ARTIFACT	ACCEPTABLE	low
.venv-rtl/lib/python3.12/site-packages/pip/_internal/operations/__init__.py	name	IGNORED	UNTRACKED-BUILD-ARTIFACT	ACCEPTABLE	low
.venv-rtl/lib/python3.12/site-packages/pip/_internal/operations/__pycache__/__init__.cpython-312.pyc	name	IGNORED	UNTRACKED-BUILD-ARTIFACT	ACCEPTABLE	low
.venv-rtl/lib/python3.12/site-packages/pip/_internal/operations/__pycache__/check.cpython-312.pyc	name	IGNORED	UNTRACKED-BUILD-ARTIFACT	ACCEPTABLE	low
.venv-rtl/lib/python3.12/site-packages/pip/_internal/operations/__pycache__/freeze.cpython-312.pyc	name	IGNORED	UNTRACKED-BUILD-ARTIFACT	ACCEPTABLE	low
.venv-rtl/lib/python3.12/site-packages/pip/_internal/operations/__pycache__/prepare.cpython-312.pyc	name	IGNORED	UNTRACKED-BUILD-ARTIFACT	ACCEPTABLE	low
.venv-rtl/lib/python3.12/site-packages/pip/_internal/operations/build/__init__.py	name	IGNORED	UNTRACKED-BUILD-ARTIFACT	ACCEPTABLE	low
.venv-rtl/lib/python3.12/site-packages/pip/_internal/operations/build/__pycache__/__init__.cpython-312.pyc	name	IGNORED	UNTRACKED-BUILD-ARTIFACT	ACCEPTABLE	low
.venv-rtl/lib/python3.12/site-packages/pip/_internal/operations/build/__pycache__/build_tracker.cpython-312.pyc	name	IGNORED	UNTRACKED-BUILD-ARTIFACT	ACCEPTABLE	low
.venv-rtl/lib/python3.12/site-packages/pip/_internal/operations/build/__pycache__/metadata.cpython-312.pyc	name	IGNORED	UNTRACKED-BUILD-ARTIFACT	ACCEPTABLE	low
.venv-rtl/lib/python3.12/site-packages/pip/_internal/operations/build/__pycache__/metadata_editable.cpython-312.pyc	name	IGNORED	UNTRACKED-BUILD-ARTIFACT	ACCEPTABLE	low
.venv-rtl/lib/python3.12/site-packages/pip/_internal/operations/build/__pycache__/metadata_legacy.cpython-312.pyc	name	IGNORED	UNTRACKED-BUILD-ARTIFACT	ACCEPTABLE	low
.venv-rtl/lib/python3.12/site-packages/pip/_internal/operations/build/__pycache__/wheel.cpython-312.pyc	name	IGNORED	UNTRACKED-BUILD-ARTIFACT	ACCEPTABLE	low
.venv-rtl/lib/python3.12/site-packages/pip/_internal/operations/build/__pycache__/wheel_editable.cpython-312.pyc	name	IGNORED	UNTRACKED-BUILD-ARTIFACT	ACCEPTABLE	low
.venv-rtl/lib/python3.12/site-packages/pip/_internal/operations/build/__pycache__/wheel_legacy.cpython-312.pyc	name	IGNORED	UNTRACKED-BUILD-ARTIFACT	ACCEPTABLE	low
.venv-rtl/lib/python3.12/site-packages/pip/_internal/operations/build/build_tracker.py	name	IGNORED	UNTRACKED-BUILD-ARTIFACT	ACCEPTABLE	low
.venv-rtl/lib/python3.12/site-packages/pip/_internal/operations/build/metadata.py	name	IGNORED	UNTRACKED-BUILD-ARTIFACT	ACCEPTABLE	low
.venv-rtl/lib/python3.12/site-packages/pip/_internal/operations/build/metadata_editable.py	name	IGNORED	UNTRACKED-BUILD-ARTIFACT	ACCEPTABLE	low
.venv-rtl/lib/python3.12/site-packages/pip/_internal/operations/build/metadata_legacy.py	name	IGNORED	UNTRACKED-BUILD-ARTIFACT	ACCEPTABLE	low
.venv-rtl/lib/python3.12/site-packages/pip/_internal/operations/build/wheel.py	name	IGNORED	UNTRACKED-BUILD-ARTIFACT	ACCEPTABLE	low
.venv-rtl/lib/python3.12/site-packages/pip/_internal/operations/build/wheel_editable.py	name	IGNORED	UNTRACKED-BUILD-ARTIFACT	ACCEPTABLE	low
.venv-rtl/lib/python3.12/site-packages/pip/_internal/operations/build/wheel_legacy.py	name	IGNORED	UNTRACKED-BUILD-ARTIFACT	ACCEPTABLE	low
.venv-rtl/lib/python3.12/site-packages/pip/_internal/operations/check.py	name	IGNORED	UNTRACKED-BUILD-ARTIFACT	ACCEPTABLE	low
.venv-rtl/lib/python3.12/site-packages/pip/_internal/operations/freeze.py	name	IGNORED	UNTRACKED-BUILD-ARTIFACT	ACCEPTABLE	low
.venv-rtl/lib/python3.12/site-packages/pip/_internal/operations/install/__init__.py	name	IGNORED	UNTRACKED-BUILD-ARTIFACT	ACCEPTABLE	low
.venv-rtl/lib/python3.12/site-packages/pip/_internal/operations/install/__pycache__/__init__.cpython-312.pyc	name	IGNORED	UNTRACKED-BUILD-ARTIFACT	ACCEPTABLE	low
.venv-rtl/lib/python3.12/site-packages/pip/_internal/operations/install/__pycache__/editable_legacy.cpython-312.pyc	name	IGNORED	UNTRACKED-BUILD-ARTIFACT	ACCEPTABLE	low
.venv-rtl/lib/python3.12/site-packages/pip/_internal/operations/install/__pycache__/wheel.cpython-312.pyc	name	IGNORED	UNTRACKED-BUILD-ARTIFACT	ACCEPTABLE	low
.venv-rtl/lib/python3.12/site-packages/pip/_internal/operations/install/editable_legacy.py	name	IGNORED	UNTRACKED-BUILD-ARTIFACT	ACCEPTABLE	low
.venv-rtl/lib/python3.12/site-packages/pip/_internal/operations/install/wheel.py	name	IGNORED	UNTRACKED-BUILD-ARTIFACT	ACCEPTABLE	low
.venv-rtl/lib/python3.12/site-packages/pip/_internal/operations/prepare.py	name	IGNORED	UNTRACKED-BUILD-ARTIFACT	ACCEPTABLE	low
.venv-rtl/lib/python3.12/site-packages/pip/_internal/pyproject.py	name	IGNORED	UNTRACKED-BUILD-ARTIFACT	ACCEPTABLE	low
.venv-rtl/lib/python3.12/site-packages/pip/_internal/req/__init__.py	name	IGNORED	UNTRACKED-BUILD-ARTIFACT	ACCEPTABLE	low
.venv-rtl/lib/python3.12/site-packages/pip/_internal/req/__pycache__/__init__.cpython-312.pyc	name	IGNORED	UNTRACKED-BUILD-ARTIFACT	ACCEPTABLE	low
.venv-rtl/lib/python3.12/site-packages/pip/_internal/req/__pycache__/constructors.cpython-312.pyc	name	IGNORED	UNTRACKED-BUILD-ARTIFACT	ACCEPTABLE	low
.venv-rtl/lib/python3.12/site-packages/pip/_internal/req/__pycache__/req_file.cpython-312.pyc	name	IGNORED	UNTRACKED-BUILD-ARTIFACT	ACCEPTABLE	low
.venv-rtl/lib/python3.12/site-packages/pip/_internal/req/__pycache__/req_install.cpython-312.pyc	name	IGNORED	UNTRACKED-BUILD-ARTIFACT	ACCEPTABLE	low
.venv-rtl/lib/python3.12/site-packages/pip/_internal/req/__pycache__/req_set.cpython-312.pyc	name	IGNORED	UNTRACKED-BUILD-ARTIFACT	ACCEPTABLE	low
.venv-rtl/lib/python3.12/site-packages/pip/_internal/req/__pycache__/req_uninstall.cpython-312.pyc	name	IGNORED	UNTRACKED-BUILD-ARTIFACT	ACCEPTABLE	low
.venv-rtl/lib/python3.12/site-packages/pip/_internal/req/constructors.py	name	IGNORED	UNTRACKED-BUILD-ARTIFACT	ACCEPTABLE	low
.venv-rtl/lib/python3.12/site-packages/pip/_internal/req/req_file.py	name	IGNORED	UNTRACKED-BUILD-ARTIFACT	ACCEPTABLE	low
.venv-rtl/lib/python3.12/site-packages/pip/_internal/req/req_install.py	name	IGNORED	UNTRACKED-BUILD-ARTIFACT	ACCEPTABLE	low
.venv-rtl/lib/python3.12/site-packages/pip/_internal/req/req_set.py	name	IGNORED	UNTRACKED-BUILD-ARTIFACT	ACCEPTABLE	low
.venv-rtl/lib/python3.12/site-packages/pip/_internal/req/req_uninstall.py	name	IGNORED	UNTRACKED-BUILD-ARTIFACT	ACCEPTABLE	low
.venv-rtl/lib/python3.12/site-packages/pip/_internal/resolution/__init__.py	name	IGNORED	UNTRACKED-BUILD-ARTIFACT	ACCEPTABLE	low
.venv-rtl/lib/python3.12/site-packages/pip/_internal/resolution/__pycache__/__init__.cpython-312.pyc	name	IGNORED	UNTRACKED-BUILD-ARTIFACT	ACCEPTABLE	low
.venv-rtl/lib/python3.12/site-packages/pip/_internal/resolution/__pycache__/base.cpython-312.pyc	name	IGNORED	UNTRACKED-BUILD-ARTIFACT	ACCEPTABLE	low
.venv-rtl/lib/python3.12/site-packages/pip/_internal/resolution/base.py	name	IGNORED	UNTRACKED-BUILD-ARTIFACT	ACCEPTABLE	low
.venv-rtl/lib/python3.12/site-packages/pip/_internal/resolution/legacy/__init__.py	name	IGNORED	UNTRACKED-BUILD-ARTIFACT	ACCEPTABLE	low
.venv-rtl/lib/python3.12/site-packages/pip/_internal/resolution/legacy/__pycache__/__init__.cpython-312.pyc	name	IGNORED	UNTRACKED-BUILD-ARTIFACT	ACCEPTABLE	low
.venv-rtl/lib/python3.12/site-packages/pip/_internal/resolution/legacy/__pycache__/resolver.cpython-312.pyc	name	IGNORED	UNTRACKED-BUILD-ARTIFACT	ACCEPTABLE	low
.venv-rtl/lib/python3.12/site-packages/pip/_internal/resolution/legacy/resolver.py	name	IGNORED	UNTRACKED-BUILD-ARTIFACT	ACCEPTABLE	low
.venv-rtl/lib/python3.12/site-packages/pip/_internal/resolution/resolvelib/__init__.py	name	IGNORED	UNTRACKED-BUILD-ARTIFACT	ACCEPTABLE	low
.venv-rtl/lib/python3.12/site-packages/pip/_internal/resolution/resolvelib/__pycache__/__init__.cpython-312.pyc	name	IGNORED	UNTRACKED-BUILD-ARTIFACT	ACCEPTABLE	low
.venv-rtl/lib/python3.12/site-packages/pip/_internal/resolution/resolvelib/__pycache__/base.cpython-312.pyc	name	IGNORED	UNTRACKED-BUILD-ARTIFACT	ACCEPTABLE	low
.venv-rtl/lib/python3.12/site-packages/pip/_internal/resolution/resolvelib/__pycache__/candidates.cpython-312.pyc	name	IGNORED	UNTRACKED-BUILD-ARTIFACT	ACCEPTABLE	low
.venv-rtl/lib/python3.12/site-packages/pip/_internal/resolution/resolvelib/__pycache__/factory.cpython-312.pyc	name	IGNORED	UNTRACKED-BUILD-ARTIFACT	ACCEPTABLE	low
.venv-rtl/lib/python3.12/site-packages/pip/_internal/resolution/resolvelib/__pycache__/found_candidates.cpython-312.pyc	name	IGNORED	UNTRACKED-BUILD-ARTIFACT	ACCEPTABLE	low
.venv-rtl/lib/python3.12/site-packages/pip/_internal/resolution/resolvelib/__pycache__/provider.cpython-312.pyc	name	IGNORED	UNTRACKED-BUILD-ARTIFACT	ACCEPTABLE	low
.venv-rtl/lib/python3.12/site-packages/pip/_internal/resolution/resolvelib/__pycache__/reporter.cpython-312.pyc	name	IGNORED	UNTRACKED-BUILD-ARTIFACT	ACCEPTABLE	low
.venv-rtl/lib/python3.12/site-packages/pip/_internal/resolution/resolvelib/__pycache__/requirements.cpython-312.pyc	name	IGNORED	UNTRACKED-BUILD-ARTIFACT	ACCEPTABLE	low
.venv-rtl/lib/python3.12/site-packages/pip/_internal/resolution/resolvelib/__pycache__/resolver.cpython-312.pyc	name	IGNORED	UNTRACKED-BUILD-ARTIFACT	ACCEPTABLE	low
.venv-rtl/lib/python3.12/site-packages/pip/_internal/resolution/resolvelib/base.py	name	IGNORED	UNTRACKED-BUILD-ARTIFACT	ACCEPTABLE	low
.venv-rtl/lib/python3.12/site-packages/pip/_internal/resolution/resolvelib/candidates.py	name	IGNORED	UNTRACKED-BUILD-ARTIFACT	ACCEPTABLE	low
.venv-rtl/lib/python3.12/site-packages/pip/_internal/resolution/resolvelib/factory.py	name	IGNORED	UNTRACKED-BUILD-ARTIFACT	ACCEPTABLE	low
.venv-rtl/lib/python3.12/site-packages/pip/_internal/resolution/resolvelib/found_candidates.py	name	IGNORED	UNTRACKED-BUILD-ARTIFACT	ACCEPTABLE	low
.venv-rtl/lib/python3.12/site-packages/pip/_internal/resolution/resolvelib/provider.py	name	IGNORED	UNTRACKED-BUILD-ARTIFACT	ACCEPTABLE	low
.venv-rtl/lib/python3.12/site-packages/pip/_internal/resolution/resolvelib/reporter.py	name	IGNORED	UNTRACKED-BUILD-ARTIFACT	ACCEPTABLE	low
.venv-rtl/lib/python3.12/site-packages/pip/_internal/resolution/resolvelib/requirements.py	name	IGNORED	UNTRACKED-BUILD-ARTIFACT	ACCEPTABLE	low
.venv-rtl/lib/python3.12/site-packages/pip/_internal/resolution/resolvelib/resolver.py	name	IGNORED	UNTRACKED-BUILD-ARTIFACT	ACCEPTABLE	low
.venv-rtl/lib/python3.12/site-packages/pip/_internal/self_outdated_check.py	name	IGNORED	UNTRACKED-BUILD-ARTIFACT	ACCEPTABLE	low
.venv-rtl/lib/python3.12/site-packages/pip/_internal/utils/__init__.py	name	IGNORED	UNTRACKED-BUILD-ARTIFACT	ACCEPTABLE	low
.venv-rtl/lib/python3.12/site-packages/pip/_internal/utils/__pycache__/__init__.cpython-312.pyc	name	IGNORED	UNTRACKED-BUILD-ARTIFACT	ACCEPTABLE	low
.venv-rtl/lib/python3.12/site-packages/pip/_internal/utils/__pycache__/_jaraco_text.cpython-312.pyc	name	IGNORED	UNTRACKED-BUILD-ARTIFACT	ACCEPTABLE	low
.venv-rtl/lib/python3.12/site-packages/pip/_internal/utils/__pycache__/_log.cpython-312.pyc	name	IGNORED	UNTRACKED-BUILD-ARTIFACT	ACCEPTABLE	low
.venv-rtl/lib/python3.12/site-packages/pip/_internal/utils/__pycache__/appdirs.cpython-312.pyc	name	IGNORED	UNTRACKED-BUILD-ARTIFACT	ACCEPTABLE	low
.venv-rtl/lib/python3.12/site-packages/pip/_internal/utils/__pycache__/compat.cpython-312.pyc	name	IGNORED	UNTRACKED-BUILD-ARTIFACT	ACCEPTABLE	low
.venv-rtl/lib/python3.12/site-packages/pip/_internal/utils/__pycache__/compatibility_tags.cpython-312.pyc	name	IGNORED	UNTRACKED-BUILD-ARTIFACT	ACCEPTABLE	low
.venv-rtl/lib/python3.12/site-packages/pip/_internal/utils/__pycache__/datetime.cpython-312.pyc	name	IGNORED	UNTRACKED-BUILD-ARTIFACT	ACCEPTABLE	low
.venv-rtl/lib/python3.12/site-packages/pip/_internal/utils/__pycache__/deprecation.cpython-312.pyc	name	IGNORED	UNTRACKED-BUILD-ARTIFACT	ACCEPTABLE	low
.venv-rtl/lib/python3.12/site-packages/pip/_internal/utils/__pycache__/direct_url_helpers.cpython-312.pyc	name	IGNORED	UNTRACKED-BUILD-ARTIFACT	ACCEPTABLE	low
.venv-rtl/lib/python3.12/site-packages/pip/_internal/utils/__pycache__/egg_link.cpython-312.pyc	name	IGNORED	UNTRACKED-BUILD-ARTIFACT	ACCEPTABLE	low
.venv-rtl/lib/python3.12/site-packages/pip/_internal/utils/__pycache__/entrypoints.cpython-312.pyc	name	IGNORED	UNTRACKED-BUILD-ARTIFACT	ACCEPTABLE	low
.venv-rtl/lib/python3.12/site-packages/pip/_internal/utils/__pycache__/filesystem.cpython-312.pyc	name	IGNORED	UNTRACKED-BUILD-ARTIFACT	ACCEPTABLE	low
.venv-rtl/lib/python3.12/site-packages/pip/_internal/utils/__pycache__/filetypes.cpython-312.pyc	name	IGNORED	UNTRACKED-BUILD-ARTIFACT	ACCEPTABLE	low
.venv-rtl/lib/python3.12/site-packages/pip/_internal/utils/__pycache__/glibc.cpython-312.pyc	name	IGNORED	UNTRACKED-BUILD-ARTIFACT	ACCEPTABLE	low
.venv-rtl/lib/python3.12/site-packages/pip/_internal/utils/__pycache__/hashes.cpython-312.pyc	name	IGNORED	UNTRACKED-BUILD-ARTIFACT	ACCEPTABLE	low
.venv-rtl/lib/python3.12/site-packages/pip/_internal/utils/__pycache__/logging.cpython-312.pyc	name	IGNORED	UNTRACKED-BUILD-ARTIFACT	ACCEPTABLE	low
.venv-rtl/lib/python3.12/site-packages/pip/_internal/utils/__pycache__/misc.cpython-312.pyc	name	IGNORED	UNTRACKED-BUILD-ARTIFACT	ACCEPTABLE	low
.venv-rtl/lib/python3.12/site-packages/pip/_internal/utils/__pycache__/packaging.cpython-312.pyc	name	IGNORED	UNTRACKED-BUILD-ARTIFACT	ACCEPTABLE	low
.venv-rtl/lib/python3.12/site-packages/pip/_internal/utils/__pycache__/retry.cpython-312.pyc	name	IGNORED	UNTRACKED-BUILD-ARTIFACT	ACCEPTABLE	low
.venv-rtl/lib/python3.12/site-packages/pip/_internal/utils/__pycache__/setuptools_build.cpython-312.pyc	name	IGNORED	UNTRACKED-BUILD-ARTIFACT	ACCEPTABLE	low
.venv-rtl/lib/python3.12/site-packages/pip/_internal/utils/__pycache__/subprocess.cpython-312.pyc	name	IGNORED	UNTRACKED-BUILD-ARTIFACT	ACCEPTABLE	low
.venv-rtl/lib/python3.12/site-packages/pip/_internal/utils/__pycache__/temp_dir.cpython-312.pyc	name	IGNORED	UNTRACKED-BUILD-ARTIFACT	ACCEPTABLE	low
.venv-rtl/lib/python3.12/site-packages/pip/_internal/utils/__pycache__/unpacking.cpython-312.pyc	name	IGNORED	UNTRACKED-BUILD-ARTIFACT	ACCEPTABLE	low
.venv-rtl/lib/python3.12/site-packages/pip/_internal/utils/__pycache__/urls.cpython-312.pyc	name	IGNORED	UNTRACKED-BUILD-ARTIFACT	ACCEPTABLE	low
.venv-rtl/lib/python3.12/site-packages/pip/_internal/utils/__pycache__/virtualenv.cpython-312.pyc	name	IGNORED	UNTRACKED-BUILD-ARTIFACT	ACCEPTABLE	low
.venv-rtl/lib/python3.12/site-packages/pip/_internal/utils/__pycache__/wheel.cpython-312.pyc	name	IGNORED	UNTRACKED-BUILD-ARTIFACT	ACCEPTABLE	low
.venv-rtl/lib/python3.12/site-packages/pip/_internal/utils/_jaraco_text.py	name	IGNORED	UNTRACKED-BUILD-ARTIFACT	ACCEPTABLE	low
.venv-rtl/lib/python3.12/site-packages/pip/_internal/utils/_log.py	name	IGNORED	UNTRACKED-BUILD-ARTIFACT	ACCEPTABLE	low
.venv-rtl/lib/python3.12/site-packages/pip/_internal/utils/appdirs.py	name	IGNORED	UNTRACKED-BUILD-ARTIFACT	ACCEPTABLE	low
.venv-rtl/lib/python3.12/site-packages/pip/_internal/utils/compat.py	name	IGNORED	UNTRACKED-BUILD-ARTIFACT	ACCEPTABLE	low
.venv-rtl/lib/python3.12/site-packages/pip/_internal/utils/compatibility_tags.py	name	IGNORED	UNTRACKED-BUILD-ARTIFACT	ACCEPTABLE	low
.venv-rtl/lib/python3.12/site-packages/pip/_internal/utils/datetime.py	name	IGNORED	UNTRACKED-BUILD-ARTIFACT	ACCEPTABLE	low
.venv-rtl/lib/python3.12/site-packages/pip/_internal/utils/deprecation.py	name	IGNORED	UNTRACKED-BUILD-ARTIFACT	ACCEPTABLE	low
.venv-rtl/lib/python3.12/site-packages/pip/_internal/utils/direct_url_helpers.py	name	IGNORED	UNTRACKED-BUILD-ARTIFACT	ACCEPTABLE	low
.venv-rtl/lib/python3.12/site-packages/pip/_internal/utils/egg_link.py	name	IGNORED	UNTRACKED-BUILD-ARTIFACT	ACCEPTABLE	low
.venv-rtl/lib/python3.12/site-packages/pip/_internal/utils/entrypoints.py	name	IGNORED	UNTRACKED-BUILD-ARTIFACT	ACCEPTABLE	low
.venv-rtl/lib/python3.12/site-packages/pip/_internal/utils/filesystem.py	name	IGNORED	UNTRACKED-BUILD-ARTIFACT	ACCEPTABLE	low
.venv-rtl/lib/python3.12/site-packages/pip/_internal/utils/filetypes.py	name	IGNORED	UNTRACKED-BUILD-ARTIFACT	ACCEPTABLE	low
.venv-rtl/lib/python3.12/site-packages/pip/_internal/utils/glibc.py	name	IGNORED	UNTRACKED-BUILD-ARTIFACT	ACCEPTABLE	low
.venv-rtl/lib/python3.12/site-packages/pip/_internal/utils/hashes.py	name	IGNORED	UNTRACKED-BUILD-ARTIFACT	ACCEPTABLE	low
.venv-rtl/lib/python3.12/site-packages/pip/_internal/utils/logging.py	name	IGNORED	UNTRACKED-BUILD-ARTIFACT	ACCEPTABLE	low
.venv-rtl/lib/python3.12/site-packages/pip/_internal/utils/misc.py	name	IGNORED	UNTRACKED-BUILD-ARTIFACT	ACCEPTABLE	low
.venv-rtl/lib/python3.12/site-packages/pip/_internal/utils/packaging.py	name	IGNORED	UNTRACKED-BUILD-ARTIFACT	ACCEPTABLE	low
.venv-rtl/lib/python3.12/site-packages/pip/_internal/utils/retry.py	name	IGNORED	UNTRACKED-BUILD-ARTIFACT	ACCEPTABLE	low
.venv-rtl/lib/python3.12/site-packages/pip/_internal/utils/setuptools_build.py	name	IGNORED	UNTRACKED-BUILD-ARTIFACT	ACCEPTABLE	low
.venv-rtl/lib/python3.12/site-packages/pip/_internal/utils/subprocess.py	name	IGNORED	UNTRACKED-BUILD-ARTIFACT	ACCEPTABLE	low
.venv-rtl/lib/python3.12/site-packages/pip/_internal/utils/temp_dir.py	name	IGNORED	UNTRACKED-BUILD-ARTIFACT	ACCEPTABLE	low
.venv-rtl/lib/python3.12/site-packages/pip/_internal/utils/unpacking.py	name	IGNORED	UNTRACKED-BUILD-ARTIFACT	ACCEPTABLE	low
.venv-rtl/lib/python3.12/site-packages/pip/_internal/utils/urls.py	name	IGNORED	UNTRACKED-BUILD-ARTIFACT	ACCEPTABLE	low
.venv-rtl/lib/python3.12/site-packages/pip/_internal/utils/virtualenv.py	name	IGNORED	UNTRACKED-BUILD-ARTIFACT	ACCEPTABLE	low
.venv-rtl/lib/python3.12/site-packages/pip/_internal/utils/wheel.py	name	IGNORED	UNTRACKED-BUILD-ARTIFACT	ACCEPTABLE	low
.venv-rtl/lib/python3.12/site-packages/pip/_internal/vcs/__init__.py	name	IGNORED	UNTRACKED-BUILD-ARTIFACT	ACCEPTABLE	low
.venv-rtl/lib/python3.12/site-packages/pip/_internal/vcs/__pycache__/__init__.cpython-312.pyc	name	IGNORED	UNTRACKED-BUILD-ARTIFACT	ACCEPTABLE	low
.venv-rtl/lib/python3.12/site-packages/pip/_internal/vcs/__pycache__/bazaar.cpython-312.pyc	name	IGNORED	UNTRACKED-BUILD-ARTIFACT	ACCEPTABLE	low
.venv-rtl/lib/python3.12/site-packages/pip/_internal/vcs/__pycache__/git.cpython-312.pyc	name	IGNORED	UNTRACKED-BUILD-ARTIFACT	ACCEPTABLE	low
.venv-rtl/lib/python3.12/site-packages/pip/_internal/vcs/__pycache__/mercurial.cpython-312.pyc	name	IGNORED	UNTRACKED-BUILD-ARTIFACT	ACCEPTABLE	low
.venv-rtl/lib/python3.12/site-packages/pip/_internal/vcs/__pycache__/subversion.cpython-312.pyc	name	IGNORED	UNTRACKED-BUILD-ARTIFACT	ACCEPTABLE	low
.venv-rtl/lib/python3.12/site-packages/pip/_internal/vcs/__pycache__/versioncontrol.cpython-312.pyc	name	IGNORED	UNTRACKED-BUILD-ARTIFACT	ACCEPTABLE	low
.venv-rtl/lib/python3.12/site-packages/pip/_internal/vcs/bazaar.py	name	IGNORED	UNTRACKED-BUILD-ARTIFACT	ACCEPTABLE	low
.venv-rtl/lib/python3.12/site-packages/pip/_internal/vcs/git.py	name	IGNORED	UNTRACKED-BUILD-ARTIFACT	ACCEPTABLE	low
.venv-rtl/lib/python3.12/site-packages/pip/_internal/vcs/mercurial.py	name	IGNORED	UNTRACKED-BUILD-ARTIFACT	ACCEPTABLE	low
.venv-rtl/lib/python3.12/site-packages/pip/_internal/vcs/subversion.py	name	IGNORED	UNTRACKED-BUILD-ARTIFACT	ACCEPTABLE	low
.venv-rtl/lib/python3.12/site-packages/pip/_internal/vcs/versioncontrol.py	name	IGNORED	UNTRACKED-BUILD-ARTIFACT	ACCEPTABLE	low
.venv-rtl/lib/python3.12/site-packages/pip/_internal/wheel_builder.py	name	IGNORED	UNTRACKED-BUILD-ARTIFACT	ACCEPTABLE	low
.venv-rtl/lib/python3.12/site-packages/pip/_vendor/__init__.py	name	IGNORED	UNTRACKED-BUILD-ARTIFACT	ACCEPTABLE	low
.venv-rtl/lib/python3.12/site-packages/pip/_vendor/__pycache__/__init__.cpython-312.pyc	name	IGNORED	UNTRACKED-BUILD-ARTIFACT	ACCEPTABLE	low
.venv-rtl/lib/python3.12/site-packages/pip/_vendor/__pycache__/typing_extensions.cpython-312.pyc	name	IGNORED	UNTRACKED-BUILD-ARTIFACT	ACCEPTABLE	low
.venv-rtl/lib/python3.12/site-packages/pip/_vendor/cachecontrol/__init__.py	name	IGNORED	UNTRACKED-BUILD-ARTIFACT	ACCEPTABLE	low
.venv-rtl/lib/python3.12/site-packages/pip/_vendor/cachecontrol/__pycache__/__init__.cpython-312.pyc	name	IGNORED	UNTRACKED-BUILD-ARTIFACT	ACCEPTABLE	low
.venv-rtl/lib/python3.12/site-packages/pip/_vendor/cachecontrol/__pycache__/_cmd.cpython-312.pyc	name	IGNORED	UNTRACKED-BUILD-ARTIFACT	ACCEPTABLE	low
.venv-rtl/lib/python3.12/site-packages/pip/_vendor/cachecontrol/__pycache__/adapter.cpython-312.pyc	name	IGNORED	UNTRACKED-BUILD-ARTIFACT	ACCEPTABLE	low
.venv-rtl/lib/python3.12/site-packages/pip/_vendor/cachecontrol/__pycache__/cache.cpython-312.pyc	name	IGNORED	UNTRACKED-BUILD-ARTIFACT	ACCEPTABLE	low
.venv-rtl/lib/python3.12/site-packages/pip/_vendor/cachecontrol/__pycache__/controller.cpython-312.pyc	name	IGNORED	UNTRACKED-BUILD-ARTIFACT	ACCEPTABLE	low
.venv-rtl/lib/python3.12/site-packages/pip/_vendor/cachecontrol/__pycache__/filewrapper.cpython-312.pyc	name	IGNORED	UNTRACKED-BUILD-ARTIFACT	ACCEPTABLE	low
.venv-rtl/lib/python3.12/site-packages/pip/_vendor/cachecontrol/__pycache__/heuristics.cpython-312.pyc	name	IGNORED	UNTRACKED-BUILD-ARTIFACT	ACCEPTABLE	low
.venv-rtl/lib/python3.12/site-packages/pip/_vendor/cachecontrol/__pycache__/serialize.cpython-312.pyc	name	IGNORED	UNTRACKED-BUILD-ARTIFACT	ACCEPTABLE	low
.venv-rtl/lib/python3.12/site-packages/pip/_vendor/cachecontrol/__pycache__/wrapper.cpython-312.pyc	name	IGNORED	UNTRACKED-BUILD-ARTIFACT	ACCEPTABLE	low
.venv-rtl/lib/python3.12/site-packages/pip/_vendor/cachecontrol/_cmd.py	name	IGNORED	UNTRACKED-BUILD-ARTIFACT	ACCEPTABLE	low
.venv-rtl/lib/python3.12/site-packages/pip/_vendor/cachecontrol/adapter.py	name	IGNORED	UNTRACKED-BUILD-ARTIFACT	ACCEPTABLE	low
.venv-rtl/lib/python3.12/site-packages/pip/_vendor/cachecontrol/cache.py	name	IGNORED	UNTRACKED-BUILD-ARTIFACT	ACCEPTABLE	low
.venv-rtl/lib/python3.12/site-packages/pip/_vendor/cachecontrol/caches/__init__.py	name	IGNORED	UNTRACKED-BUILD-ARTIFACT	ACCEPTABLE	low
.venv-rtl/lib/python3.12/site-packages/pip/_vendor/cachecontrol/caches/__pycache__/__init__.cpython-312.pyc	name	IGNORED	UNTRACKED-BUILD-ARTIFACT	ACCEPTABLE	low
.venv-rtl/lib/python3.12/site-packages/pip/_vendor/cachecontrol/caches/__pycache__/file_cache.cpython-312.pyc	name	IGNORED	UNTRACKED-BUILD-ARTIFACT	ACCEPTABLE	low
.venv-rtl/lib/python3.12/site-packages/pip/_vendor/cachecontrol/caches/__pycache__/redis_cache.cpython-312.pyc	name	IGNORED	UNTRACKED-BUILD-ARTIFACT	ACCEPTABLE	low
.venv-rtl/lib/python3.12/site-packages/pip/_vendor/cachecontrol/caches/file_cache.py	name	IGNORED	UNTRACKED-BUILD-ARTIFACT	ACCEPTABLE	low
.venv-rtl/lib/python3.12/site-packages/pip/_vendor/cachecontrol/caches/redis_cache.py	name	IGNORED	UNTRACKED-BUILD-ARTIFACT	ACCEPTABLE	low
.venv-rtl/lib/python3.12/site-packages/pip/_vendor/cachecontrol/controller.py	name	IGNORED	UNTRACKED-BUILD-ARTIFACT	ACCEPTABLE	low
.venv-rtl/lib/python3.12/site-packages/pip/_vendor/cachecontrol/filewrapper.py	name	IGNORED	UNTRACKED-BUILD-ARTIFACT	ACCEPTABLE	low
.venv-rtl/lib/python3.12/site-packages/pip/_vendor/cachecontrol/heuristics.py	name	IGNORED	UNTRACKED-BUILD-ARTIFACT	ACCEPTABLE	low
.venv-rtl/lib/python3.12/site-packages/pip/_vendor/cachecontrol/py.typed	name	IGNORED	UNTRACKED-BUILD-ARTIFACT	ACCEPTABLE	low
.venv-rtl/lib/python3.12/site-packages/pip/_vendor/cachecontrol/serialize.py	name	IGNORED	UNTRACKED-BUILD-ARTIFACT	ACCEPTABLE	low
.venv-rtl/lib/python3.12/site-packages/pip/_vendor/cachecontrol/wrapper.py	name	IGNORED	UNTRACKED-BUILD-ARTIFACT	ACCEPTABLE	low
.venv-rtl/lib/python3.12/site-packages/pip/_vendor/certifi/__init__.py	name	IGNORED	UNTRACKED-BUILD-ARTIFACT	ACCEPTABLE	low
.venv-rtl/lib/python3.12/site-packages/pip/_vendor/certifi/__main__.py	name	IGNORED	UNTRACKED-BUILD-ARTIFACT	ACCEPTABLE	low
.venv-rtl/lib/python3.12/site-packages/pip/_vendor/certifi/__pycache__/__init__.cpython-312.pyc	name	IGNORED	UNTRACKED-BUILD-ARTIFACT	ACCEPTABLE	low
.venv-rtl/lib/python3.12/site-packages/pip/_vendor/certifi/__pycache__/__main__.cpython-312.pyc	name	IGNORED	UNTRACKED-BUILD-ARTIFACT	ACCEPTABLE	low
.venv-rtl/lib/python3.12/site-packages/pip/_vendor/certifi/__pycache__/core.cpython-312.pyc	name	IGNORED	UNTRACKED-BUILD-ARTIFACT	ACCEPTABLE	low
.venv-rtl/lib/python3.12/site-packages/pip/_vendor/certifi/cacert.pem	name	IGNORED	UNTRACKED-BUILD-ARTIFACT	ACCEPTABLE	low
.venv-rtl/lib/python3.12/site-packages/pip/_vendor/certifi/core.py	name	IGNORED	UNTRACKED-BUILD-ARTIFACT	ACCEPTABLE	low
.venv-rtl/lib/python3.12/site-packages/pip/_vendor/certifi/py.typed	name	IGNORED	UNTRACKED-BUILD-ARTIFACT	ACCEPTABLE	low
.venv-rtl/lib/python3.12/site-packages/pip/_vendor/distlib/__init__.py	name	IGNORED	UNTRACKED-BUILD-ARTIFACT	ACCEPTABLE	low
.venv-rtl/lib/python3.12/site-packages/pip/_vendor/distlib/__pycache__/__init__.cpython-312.pyc	name	IGNORED	UNTRACKED-BUILD-ARTIFACT	ACCEPTABLE	low
.venv-rtl/lib/python3.12/site-packages/pip/_vendor/distlib/__pycache__/compat.cpython-312.pyc	name	IGNORED	UNTRACKED-BUILD-ARTIFACT	ACCEPTABLE	low
.venv-rtl/lib/python3.12/site-packages/pip/_vendor/distlib/__pycache__/database.cpython-312.pyc	name	IGNORED	UNTRACKED-BUILD-ARTIFACT	ACCEPTABLE	low
.venv-rtl/lib/python3.12/site-packages/pip/_vendor/distlib/__pycache__/index.cpython-312.pyc	name	IGNORED	UNTRACKED-BUILD-ARTIFACT	ACCEPTABLE	low
.venv-rtl/lib/python3.12/site-packages/pip/_vendor/distlib/__pycache__/locators.cpython-312.pyc	name	IGNORED	UNTRACKED-BUILD-ARTIFACT	ACCEPTABLE	low
.venv-rtl/lib/python3.12/site-packages/pip/_vendor/distlib/__pycache__/manifest.cpython-312.pyc	name	IGNORED	UNTRACKED-BUILD-ARTIFACT	ACCEPTABLE	low
.venv-rtl/lib/python3.12/site-packages/pip/_vendor/distlib/__pycache__/markers.cpython-312.pyc	name	IGNORED	UNTRACKED-BUILD-ARTIFACT	ACCEPTABLE	low
.venv-rtl/lib/python3.12/site-packages/pip/_vendor/distlib/__pycache__/metadata.cpython-312.pyc	name	IGNORED	UNTRACKED-BUILD-ARTIFACT	ACCEPTABLE	low
.venv-rtl/lib/python3.12/site-packages/pip/_vendor/distlib/__pycache__/resources.cpython-312.pyc	name	IGNORED	UNTRACKED-BUILD-ARTIFACT	ACCEPTABLE	low
.venv-rtl/lib/python3.12/site-packages/pip/_vendor/distlib/__pycache__/scripts.cpython-312.pyc	name	IGNORED	UNTRACKED-BUILD-ARTIFACT	ACCEPTABLE	low
.venv-rtl/lib/python3.12/site-packages/pip/_vendor/distlib/__pycache__/util.cpython-312.pyc	name	IGNORED	UNTRACKED-BUILD-ARTIFACT	ACCEPTABLE	low
.venv-rtl/lib/python3.12/site-packages/pip/_vendor/distlib/__pycache__/version.cpython-312.pyc	name	IGNORED	UNTRACKED-BUILD-ARTIFACT	ACCEPTABLE	low
.venv-rtl/lib/python3.12/site-packages/pip/_vendor/distlib/__pycache__/wheel.cpython-312.pyc	name	IGNORED	UNTRACKED-BUILD-ARTIFACT	ACCEPTABLE	low
.venv-rtl/lib/python3.12/site-packages/pip/_vendor/distlib/compat.py	name	IGNORED	UNTRACKED-BUILD-ARTIFACT	ACCEPTABLE	low
.venv-rtl/lib/python3.12/site-packages/pip/_vendor/distlib/database.py	name	IGNORED	UNTRACKED-BUILD-ARTIFACT	ACCEPTABLE	low
.venv-rtl/lib/python3.12/site-packages/pip/_vendor/distlib/index.py	name	IGNORED	UNTRACKED-BUILD-ARTIFACT	ACCEPTABLE	low
.venv-rtl/lib/python3.12/site-packages/pip/_vendor/distlib/locators.py	name	IGNORED	UNTRACKED-BUILD-ARTIFACT	ACCEPTABLE	low
.venv-rtl/lib/python3.12/site-packages/pip/_vendor/distlib/manifest.py	name	IGNORED	UNTRACKED-BUILD-ARTIFACT	ACCEPTABLE	low
.venv-rtl/lib/python3.12/site-packages/pip/_vendor/distlib/markers.py	name	IGNORED	UNTRACKED-BUILD-ARTIFACT	ACCEPTABLE	low
.venv-rtl/lib/python3.12/site-packages/pip/_vendor/distlib/metadata.py	name	IGNORED	UNTRACKED-BUILD-ARTIFACT	ACCEPTABLE	low
.venv-rtl/lib/python3.12/site-packages/pip/_vendor/distlib/resources.py	name	IGNORED	UNTRACKED-BUILD-ARTIFACT	ACCEPTABLE	low
.venv-rtl/lib/python3.12/site-packages/pip/_vendor/distlib/scripts.py	name	IGNORED	UNTRACKED-BUILD-ARTIFACT	ACCEPTABLE	low
.venv-rtl/lib/python3.12/site-packages/pip/_vendor/distlib/t32.exe	name	IGNORED	UNTRACKED-BUILD-ARTIFACT	ACCEPTABLE	low
.venv-rtl/lib/python3.12/site-packages/pip/_vendor/distlib/t64-arm.exe	name	IGNORED	UNTRACKED-BUILD-ARTIFACT	ACCEPTABLE	low
.venv-rtl/lib/python3.12/site-packages/pip/_vendor/distlib/t64.exe	name	IGNORED	UNTRACKED-BUILD-ARTIFACT	ACCEPTABLE	low
.venv-rtl/lib/python3.12/site-packages/pip/_vendor/distlib/util.py	name	IGNORED	UNTRACKED-BUILD-ARTIFACT	ACCEPTABLE	low
.venv-rtl/lib/python3.12/site-packages/pip/_vendor/distlib/version.py	name	IGNORED	UNTRACKED-BUILD-ARTIFACT	ACCEPTABLE	low
.venv-rtl/lib/python3.12/site-packages/pip/_vendor/distlib/w32.exe	name	IGNORED	UNTRACKED-BUILD-ARTIFACT	ACCEPTABLE	low
.venv-rtl/lib/python3.12/site-packages/pip/_vendor/distlib/w64-arm.exe	name	IGNORED	UNTRACKED-BUILD-ARTIFACT	ACCEPTABLE	low
.venv-rtl/lib/python3.12/site-packages/pip/_vendor/distlib/w64.exe	name	IGNORED	UNTRACKED-BUILD-ARTIFACT	ACCEPTABLE	low
.venv-rtl/lib/python3.12/site-packages/pip/_vendor/distlib/wheel.py	name	IGNORED	UNTRACKED-BUILD-ARTIFACT	ACCEPTABLE	low
.venv-rtl/lib/python3.12/site-packages/pip/_vendor/distro/__init__.py	name	IGNORED	UNTRACKED-BUILD-ARTIFACT	ACCEPTABLE	low
.venv-rtl/lib/python3.12/site-packages/pip/_vendor/distro/__main__.py	name	IGNORED	UNTRACKED-BUILD-ARTIFACT	ACCEPTABLE	low
.venv-rtl/lib/python3.12/site-packages/pip/_vendor/distro/__pycache__/__init__.cpython-312.pyc	name	IGNORED	UNTRACKED-BUILD-ARTIFACT	ACCEPTABLE	low
.venv-rtl/lib/python3.12/site-packages/pip/_vendor/distro/__pycache__/__main__.cpython-312.pyc	name	IGNORED	UNTRACKED-BUILD-ARTIFACT	ACCEPTABLE	low
.venv-rtl/lib/python3.12/site-packages/pip/_vendor/distro/__pycache__/distro.cpython-312.pyc	name	IGNORED	UNTRACKED-BUILD-ARTIFACT	ACCEPTABLE	low
.venv-rtl/lib/python3.12/site-packages/pip/_vendor/distro/distro.py	name	IGNORED	UNTRACKED-BUILD-ARTIFACT	ACCEPTABLE	low
.venv-rtl/lib/python3.12/site-packages/pip/_vendor/distro/py.typed	name	IGNORED	UNTRACKED-BUILD-ARTIFACT	ACCEPTABLE	low
.venv-rtl/lib/python3.12/site-packages/pip/_vendor/idna/__init__.py	name	IGNORED	UNTRACKED-BUILD-ARTIFACT	ACCEPTABLE	low
.venv-rtl/lib/python3.12/site-packages/pip/_vendor/idna/__pycache__/__init__.cpython-312.pyc	name	IGNORED	UNTRACKED-BUILD-ARTIFACT	ACCEPTABLE	low
.venv-rtl/lib/python3.12/site-packages/pip/_vendor/idna/__pycache__/codec.cpython-312.pyc	name	IGNORED	UNTRACKED-BUILD-ARTIFACT	ACCEPTABLE	low
.venv-rtl/lib/python3.12/site-packages/pip/_vendor/idna/__pycache__/compat.cpython-312.pyc	name	IGNORED	UNTRACKED-BUILD-ARTIFACT	ACCEPTABLE	low
.venv-rtl/lib/python3.12/site-packages/pip/_vendor/idna/__pycache__/core.cpython-312.pyc	name	IGNORED	UNTRACKED-BUILD-ARTIFACT	ACCEPTABLE	low
.venv-rtl/lib/python3.12/site-packages/pip/_vendor/idna/__pycache__/idnadata.cpython-312.pyc	name	IGNORED	UNTRACKED-BUILD-ARTIFACT	ACCEPTABLE	low
.venv-rtl/lib/python3.12/site-packages/pip/_vendor/idna/__pycache__/intranges.cpython-312.pyc	name	IGNORED	UNTRACKED-BUILD-ARTIFACT	ACCEPTABLE	low
.venv-rtl/lib/python3.12/site-packages/pip/_vendor/idna/__pycache__/package_data.cpython-312.pyc	name	IGNORED	UNTRACKED-BUILD-ARTIFACT	ACCEPTABLE	low
.venv-rtl/lib/python3.12/site-packages/pip/_vendor/idna/__pycache__/uts46data.cpython-312.pyc	name	IGNORED	UNTRACKED-BUILD-ARTIFACT	ACCEPTABLE	low
.venv-rtl/lib/python3.12/site-packages/pip/_vendor/idna/codec.py	name	IGNORED	UNTRACKED-BUILD-ARTIFACT	ACCEPTABLE	low
.venv-rtl/lib/python3.12/site-packages/pip/_vendor/idna/compat.py	name	IGNORED	UNTRACKED-BUILD-ARTIFACT	ACCEPTABLE	low
.venv-rtl/lib/python3.12/site-packages/pip/_vendor/idna/core.py	name	IGNORED	UNTRACKED-BUILD-ARTIFACT	ACCEPTABLE	low
.venv-rtl/lib/python3.12/site-packages/pip/_vendor/idna/idnadata.py	name	IGNORED	UNTRACKED-BUILD-ARTIFACT	ACCEPTABLE	low
.venv-rtl/lib/python3.12/site-packages/pip/_vendor/idna/intranges.py	name	IGNORED	UNTRACKED-BUILD-ARTIFACT	ACCEPTABLE	low
.venv-rtl/lib/python3.12/site-packages/pip/_vendor/idna/package_data.py	name	IGNORED	UNTRACKED-BUILD-ARTIFACT	ACCEPTABLE	low
.venv-rtl/lib/python3.12/site-packages/pip/_vendor/idna/py.typed	name	IGNORED	UNTRACKED-BUILD-ARTIFACT	ACCEPTABLE	low
.venv-rtl/lib/python3.12/site-packages/pip/_vendor/idna/uts46data.py	name	IGNORED	UNTRACKED-BUILD-ARTIFACT	ACCEPTABLE	low
.venv-rtl/lib/python3.12/site-packages/pip/_vendor/msgpack/__init__.py	name	IGNORED	UNTRACKED-BUILD-ARTIFACT	ACCEPTABLE	low
.venv-rtl/lib/python3.12/site-packages/pip/_vendor/msgpack/__pycache__/__init__.cpython-312.pyc	name	IGNORED	UNTRACKED-BUILD-ARTIFACT	ACCEPTABLE	low
.venv-rtl/lib/python3.12/site-packages/pip/_vendor/msgpack/__pycache__/exceptions.cpython-312.pyc	name	IGNORED	UNTRACKED-BUILD-ARTIFACT	ACCEPTABLE	low
.venv-rtl/lib/python3.12/site-packages/pip/_vendor/msgpack/__pycache__/ext.cpython-312.pyc	name	IGNORED	UNTRACKED-BUILD-ARTIFACT	ACCEPTABLE	low
.venv-rtl/lib/python3.12/site-packages/pip/_vendor/msgpack/__pycache__/fallback.cpython-312.pyc	name	IGNORED	UNTRACKED-BUILD-ARTIFACT	ACCEPTABLE	low
.venv-rtl/lib/python3.12/site-packages/pip/_vendor/msgpack/exceptions.py	name	IGNORED	UNTRACKED-BUILD-ARTIFACT	ACCEPTABLE	low
.venv-rtl/lib/python3.12/site-packages/pip/_vendor/msgpack/ext.py	name	IGNORED	UNTRACKED-BUILD-ARTIFACT	ACCEPTABLE	low
.venv-rtl/lib/python3.12/site-packages/pip/_vendor/msgpack/fallback.py	name	IGNORED	UNTRACKED-BUILD-ARTIFACT	ACCEPTABLE	low
.venv-rtl/lib/python3.12/site-packages/pip/_vendor/packaging/__init__.py	name	IGNORED	UNTRACKED-BUILD-ARTIFACT	ACCEPTABLE	low
.venv-rtl/lib/python3.12/site-packages/pip/_vendor/packaging/__pycache__/__init__.cpython-312.pyc	name	IGNORED	UNTRACKED-BUILD-ARTIFACT	ACCEPTABLE	low
.venv-rtl/lib/python3.12/site-packages/pip/_vendor/packaging/__pycache__/_elffile.cpython-312.pyc	name	IGNORED	UNTRACKED-BUILD-ARTIFACT	ACCEPTABLE	low
.venv-rtl/lib/python3.12/site-packages/pip/_vendor/packaging/__pycache__/_manylinux.cpython-312.pyc	name	IGNORED	UNTRACKED-BUILD-ARTIFACT	ACCEPTABLE	low
.venv-rtl/lib/python3.12/site-packages/pip/_vendor/packaging/__pycache__/_musllinux.cpython-312.pyc	name	IGNORED	UNTRACKED-BUILD-ARTIFACT	ACCEPTABLE	low
.venv-rtl/lib/python3.12/site-packages/pip/_vendor/packaging/__pycache__/_parser.cpython-312.pyc	name	IGNORED	UNTRACKED-BUILD-ARTIFACT	ACCEPTABLE	low
.venv-rtl/lib/python3.12/site-packages/pip/_vendor/packaging/__pycache__/_structures.cpython-312.pyc	name	IGNORED	UNTRACKED-BUILD-ARTIFACT	ACCEPTABLE	low
.venv-rtl/lib/python3.12/site-packages/pip/_vendor/packaging/__pycache__/_tokenizer.cpython-312.pyc	name	IGNORED	UNTRACKED-BUILD-ARTIFACT	ACCEPTABLE	low
.venv-rtl/lib/python3.12/site-packages/pip/_vendor/packaging/__pycache__/markers.cpython-312.pyc	name	IGNORED	UNTRACKED-BUILD-ARTIFACT	ACCEPTABLE	low
.venv-rtl/lib/python3.12/site-packages/pip/_vendor/packaging/__pycache__/metadata.cpython-312.pyc	name	IGNORED	UNTRACKED-BUILD-ARTIFACT	ACCEPTABLE	low
.venv-rtl/lib/python3.12/site-packages/pip/_vendor/packaging/__pycache__/requirements.cpython-312.pyc	name	IGNORED	UNTRACKED-BUILD-ARTIFACT	ACCEPTABLE	low
.venv-rtl/lib/python3.12/site-packages/pip/_vendor/packaging/__pycache__/specifiers.cpython-312.pyc	name	IGNORED	UNTRACKED-BUILD-ARTIFACT	ACCEPTABLE	low
.venv-rtl/lib/python3.12/site-packages/pip/_vendor/packaging/__pycache__/tags.cpython-312.pyc	name	IGNORED	UNTRACKED-BUILD-ARTIFACT	ACCEPTABLE	low
.venv-rtl/lib/python3.12/site-packages/pip/_vendor/packaging/__pycache__/utils.cpython-312.pyc	name	IGNORED	UNTRACKED-BUILD-ARTIFACT	ACCEPTABLE	low
.venv-rtl/lib/python3.12/site-packages/pip/_vendor/packaging/__pycache__/version.cpython-312.pyc	name	IGNORED	UNTRACKED-BUILD-ARTIFACT	ACCEPTABLE	low
.venv-rtl/lib/python3.12/site-packages/pip/_vendor/packaging/_elffile.py	name	IGNORED	UNTRACKED-BUILD-ARTIFACT	ACCEPTABLE	low
.venv-rtl/lib/python3.12/site-packages/pip/_vendor/packaging/_manylinux.py	name	IGNORED	UNTRACKED-BUILD-ARTIFACT	ACCEPTABLE	low
.venv-rtl/lib/python3.12/site-packages/pip/_vendor/packaging/_musllinux.py	name	IGNORED	UNTRACKED-BUILD-ARTIFACT	ACCEPTABLE	low
.venv-rtl/lib/python3.12/site-packages/pip/_vendor/packaging/_parser.py	name	IGNORED	UNTRACKED-BUILD-ARTIFACT	ACCEPTABLE	low
.venv-rtl/lib/python3.12/site-packages/pip/_vendor/packaging/_structures.py	name	IGNORED	UNTRACKED-BUILD-ARTIFACT	ACCEPTABLE	low
.venv-rtl/lib/python3.12/site-packages/pip/_vendor/packaging/_tokenizer.py	name	IGNORED	UNTRACKED-BUILD-ARTIFACT	ACCEPTABLE	low
.venv-rtl/lib/python3.12/site-packages/pip/_vendor/packaging/licenses/__init__.py	name	IGNORED	UNTRACKED-BUILD-ARTIFACT	ACCEPTABLE	low
.venv-rtl/lib/python3.12/site-packages/pip/_vendor/packaging/licenses/__pycache__/__init__.cpython-312.pyc	name	IGNORED	UNTRACKED-BUILD-ARTIFACT	ACCEPTABLE	low
.venv-rtl/lib/python3.12/site-packages/pip/_vendor/packaging/licenses/__pycache__/_spdx.cpython-312.pyc	name	IGNORED	UNTRACKED-BUILD-ARTIFACT	ACCEPTABLE	low
.venv-rtl/lib/python3.12/site-packages/pip/_vendor/packaging/licenses/_spdx.py	name	IGNORED	UNTRACKED-BUILD-ARTIFACT	ACCEPTABLE	low
.venv-rtl/lib/python3.12/site-packages/pip/_vendor/packaging/markers.py	name	IGNORED	UNTRACKED-BUILD-ARTIFACT	ACCEPTABLE	low
.venv-rtl/lib/python3.12/site-packages/pip/_vendor/packaging/metadata.py	name	IGNORED	UNTRACKED-BUILD-ARTIFACT	ACCEPTABLE	low
.venv-rtl/lib/python3.12/site-packages/pip/_vendor/packaging/py.typed	name	IGNORED	UNTRACKED-BUILD-ARTIFACT	ACCEPTABLE	low
.venv-rtl/lib/python3.12/site-packages/pip/_vendor/packaging/requirements.py	name	IGNORED	UNTRACKED-BUILD-ARTIFACT	ACCEPTABLE	low
.venv-rtl/lib/python3.12/site-packages/pip/_vendor/packaging/specifiers.py	name	IGNORED	UNTRACKED-BUILD-ARTIFACT	ACCEPTABLE	low
.venv-rtl/lib/python3.12/site-packages/pip/_vendor/packaging/tags.py	name	IGNORED	UNTRACKED-BUILD-ARTIFACT	ACCEPTABLE	low
.venv-rtl/lib/python3.12/site-packages/pip/_vendor/packaging/utils.py	name	IGNORED	UNTRACKED-BUILD-ARTIFACT	ACCEPTABLE	low
.venv-rtl/lib/python3.12/site-packages/pip/_vendor/packaging/version.py	name	IGNORED	UNTRACKED-BUILD-ARTIFACT	ACCEPTABLE	low
.venv-rtl/lib/python3.12/site-packages/pip/_vendor/pkg_resources/__init__.py	name	IGNORED	UNTRACKED-BUILD-ARTIFACT	ACCEPTABLE	low
.venv-rtl/lib/python3.12/site-packages/pip/_vendor/pkg_resources/__pycache__/__init__.cpython-312.pyc	name	IGNORED	UNTRACKED-BUILD-ARTIFACT	ACCEPTABLE	low
.venv-rtl/lib/python3.12/site-packages/pip/_vendor/platformdirs/__init__.py	name	IGNORED	UNTRACKED-BUILD-ARTIFACT	ACCEPTABLE	low
.venv-rtl/lib/python3.12/site-packages/pip/_vendor/platformdirs/__main__.py	name	IGNORED	UNTRACKED-BUILD-ARTIFACT	ACCEPTABLE	low
.venv-rtl/lib/python3.12/site-packages/pip/_vendor/platformdirs/__pycache__/__init__.cpython-312.pyc	name	IGNORED	UNTRACKED-BUILD-ARTIFACT	ACCEPTABLE	low
.venv-rtl/lib/python3.12/site-packages/pip/_vendor/platformdirs/__pycache__/__main__.cpython-312.pyc	name	IGNORED	UNTRACKED-BUILD-ARTIFACT	ACCEPTABLE	low
.venv-rtl/lib/python3.12/site-packages/pip/_vendor/platformdirs/__pycache__/android.cpython-312.pyc	name	IGNORED	UNTRACKED-BUILD-ARTIFACT	ACCEPTABLE	low
.venv-rtl/lib/python3.12/site-packages/pip/_vendor/platformdirs/__pycache__/api.cpython-312.pyc	name	IGNORED	UNTRACKED-BUILD-ARTIFACT	ACCEPTABLE	low
.venv-rtl/lib/python3.12/site-packages/pip/_vendor/platformdirs/__pycache__/macos.cpython-312.pyc	name	IGNORED	UNTRACKED-BUILD-ARTIFACT	ACCEPTABLE	low
.venv-rtl/lib/python3.12/site-packages/pip/_vendor/platformdirs/__pycache__/unix.cpython-312.pyc	name	IGNORED	UNTRACKED-BUILD-ARTIFACT	ACCEPTABLE	low
.venv-rtl/lib/python3.12/site-packages/pip/_vendor/platformdirs/__pycache__/version.cpython-312.pyc	name	IGNORED	UNTRACKED-BUILD-ARTIFACT	ACCEPTABLE	low
.venv-rtl/lib/python3.12/site-packages/pip/_vendor/platformdirs/__pycache__/windows.cpython-312.pyc	name	IGNORED	UNTRACKED-BUILD-ARTIFACT	ACCEPTABLE	low
.venv-rtl/lib/python3.12/site-packages/pip/_vendor/platformdirs/android.py	name	IGNORED	UNTRACKED-BUILD-ARTIFACT	ACCEPTABLE	low
.venv-rtl/lib/python3.12/site-packages/pip/_vendor/platformdirs/api.py	name	IGNORED	UNTRACKED-BUILD-ARTIFACT	ACCEPTABLE	low
.venv-rtl/lib/python3.12/site-packages/pip/_vendor/platformdirs/macos.py	name	IGNORED	UNTRACKED-BUILD-ARTIFACT	ACCEPTABLE	low
.venv-rtl/lib/python3.12/site-packages/pip/_vendor/platformdirs/py.typed	name	IGNORED	UNTRACKED-BUILD-ARTIFACT	ACCEPTABLE	low
.venv-rtl/lib/python3.12/site-packages/pip/_vendor/platformdirs/unix.py	name	IGNORED	UNTRACKED-BUILD-ARTIFACT	ACCEPTABLE	low
.venv-rtl/lib/python3.12/site-packages/pip/_vendor/platformdirs/version.py	name	IGNORED	UNTRACKED-BUILD-ARTIFACT	ACCEPTABLE	low
.venv-rtl/lib/python3.12/site-packages/pip/_vendor/platformdirs/windows.py	name	IGNORED	UNTRACKED-BUILD-ARTIFACT	ACCEPTABLE	low
.venv-rtl/lib/python3.12/site-packages/pip/_vendor/pygments/__init__.py	name	IGNORED	UNTRACKED-BUILD-ARTIFACT	ACCEPTABLE	low
.venv-rtl/lib/python3.12/site-packages/pip/_vendor/pygments/__main__.py	name	IGNORED	UNTRACKED-BUILD-ARTIFACT	ACCEPTABLE	low
.venv-rtl/lib/python3.12/site-packages/pip/_vendor/pygments/__pycache__/__init__.cpython-312.pyc	name	IGNORED	UNTRACKED-BUILD-ARTIFACT	ACCEPTABLE	low
.venv-rtl/lib/python3.12/site-packages/pip/_vendor/pygments/__pycache__/__main__.cpython-312.pyc	name	IGNORED	UNTRACKED-BUILD-ARTIFACT	ACCEPTABLE	low
.venv-rtl/lib/python3.12/site-packages/pip/_vendor/pygments/__pycache__/cmdline.cpython-312.pyc	name	IGNORED	UNTRACKED-BUILD-ARTIFACT	ACCEPTABLE	low
.venv-rtl/lib/python3.12/site-packages/pip/_vendor/pygments/__pycache__/console.cpython-312.pyc	name	IGNORED	UNTRACKED-BUILD-ARTIFACT	ACCEPTABLE	low
.venv-rtl/lib/python3.12/site-packages/pip/_vendor/pygments/__pycache__/filter.cpython-312.pyc	name	IGNORED	UNTRACKED-BUILD-ARTIFACT	ACCEPTABLE	low
.venv-rtl/lib/python3.12/site-packages/pip/_vendor/pygments/__pycache__/formatter.cpython-312.pyc	name	IGNORED	UNTRACKED-BUILD-ARTIFACT	ACCEPTABLE	low
.venv-rtl/lib/python3.12/site-packages/pip/_vendor/pygments/__pycache__/lexer.cpython-312.pyc	name	IGNORED	UNTRACKED-BUILD-ARTIFACT	ACCEPTABLE	low
.venv-rtl/lib/python3.12/site-packages/pip/_vendor/pygments/__pycache__/modeline.cpython-312.pyc	name	IGNORED	UNTRACKED-BUILD-ARTIFACT	ACCEPTABLE	low
.venv-rtl/lib/python3.12/site-packages/pip/_vendor/pygments/__pycache__/plugin.cpython-312.pyc	name	IGNORED	UNTRACKED-BUILD-ARTIFACT	ACCEPTABLE	low
.venv-rtl/lib/python3.12/site-packages/pip/_vendor/pygments/__pycache__/regexopt.cpython-312.pyc	name	IGNORED	UNTRACKED-BUILD-ARTIFACT	ACCEPTABLE	low
.venv-rtl/lib/python3.12/site-packages/pip/_vendor/pygments/__pycache__/scanner.cpython-312.pyc	name	IGNORED	UNTRACKED-BUILD-ARTIFACT	ACCEPTABLE	low
.venv-rtl/lib/python3.12/site-packages/pip/_vendor/pygments/__pycache__/sphinxext.cpython-312.pyc	name	IGNORED	UNTRACKED-BUILD-ARTIFACT	ACCEPTABLE	low
.venv-rtl/lib/python3.12/site-packages/pip/_vendor/pygments/__pycache__/style.cpython-312.pyc	name	IGNORED	UNTRACKED-BUILD-ARTIFACT	ACCEPTABLE	low
.venv-rtl/lib/python3.12/site-packages/pip/_vendor/pygments/__pycache__/token.cpython-312.pyc	name	IGNORED	UNTRACKED-BUILD-ARTIFACT	ACCEPTABLE	low
.venv-rtl/lib/python3.12/site-packages/pip/_vendor/pygments/__pycache__/unistring.cpython-312.pyc	name	IGNORED	UNTRACKED-BUILD-ARTIFACT	ACCEPTABLE	low
.venv-rtl/lib/python3.12/site-packages/pip/_vendor/pygments/__pycache__/util.cpython-312.pyc	name	IGNORED	UNTRACKED-BUILD-ARTIFACT	ACCEPTABLE	low
.venv-rtl/lib/python3.12/site-packages/pip/_vendor/pygments/cmdline.py	name	IGNORED	UNTRACKED-BUILD-ARTIFACT	ACCEPTABLE	low
.venv-rtl/lib/python3.12/site-packages/pip/_vendor/pygments/console.py	name	IGNORED	UNTRACKED-BUILD-ARTIFACT	ACCEPTABLE	low
.venv-rtl/lib/python3.12/site-packages/pip/_vendor/pygments/filter.py	name	IGNORED	UNTRACKED-BUILD-ARTIFACT	ACCEPTABLE	low
.venv-rtl/lib/python3.12/site-packages/pip/_vendor/pygments/filters/__init__.py	name	IGNORED	UNTRACKED-BUILD-ARTIFACT	ACCEPTABLE	low
.venv-rtl/lib/python3.12/site-packages/pip/_vendor/pygments/filters/__pycache__/__init__.cpython-312.pyc	name	IGNORED	UNTRACKED-BUILD-ARTIFACT	ACCEPTABLE	low
.venv-rtl/lib/python3.12/site-packages/pip/_vendor/pygments/formatter.py	name	IGNORED	UNTRACKED-BUILD-ARTIFACT	ACCEPTABLE	low
.venv-rtl/lib/python3.12/site-packages/pip/_vendor/pygments/formatters/__init__.py	name	IGNORED	UNTRACKED-BUILD-ARTIFACT	ACCEPTABLE	low
.venv-rtl/lib/python3.12/site-packages/pip/_vendor/pygments/formatters/__pycache__/__init__.cpython-312.pyc	name	IGNORED	UNTRACKED-BUILD-ARTIFACT	ACCEPTABLE	low
.venv-rtl/lib/python3.12/site-packages/pip/_vendor/pygments/formatters/__pycache__/_mapping.cpython-312.pyc	name	IGNORED	UNTRACKED-BUILD-ARTIFACT	ACCEPTABLE	low
.venv-rtl/lib/python3.12/site-packages/pip/_vendor/pygments/formatters/__pycache__/bbcode.cpython-312.pyc	name	IGNORED	UNTRACKED-BUILD-ARTIFACT	ACCEPTABLE	low
.venv-rtl/lib/python3.12/site-packages/pip/_vendor/pygments/formatters/__pycache__/groff.cpython-312.pyc	name	IGNORED	UNTRACKED-BUILD-ARTIFACT	ACCEPTABLE	low
.venv-rtl/lib/python3.12/site-packages/pip/_vendor/pygments/formatters/__pycache__/html.cpython-312.pyc	name	IGNORED	UNTRACKED-BUILD-ARTIFACT	ACCEPTABLE	low
.venv-rtl/lib/python3.12/site-packages/pip/_vendor/pygments/formatters/__pycache__/img.cpython-312.pyc	name	IGNORED	UNTRACKED-BUILD-ARTIFACT	ACCEPTABLE	low
.venv-rtl/lib/python3.12/site-packages/pip/_vendor/pygments/formatters/__pycache__/irc.cpython-312.pyc	name	IGNORED	UNTRACKED-BUILD-ARTIFACT	ACCEPTABLE	low
.venv-rtl/lib/python3.12/site-packages/pip/_vendor/pygments/formatters/__pycache__/latex.cpython-312.pyc	name	IGNORED	UNTRACKED-BUILD-ARTIFACT	ACCEPTABLE	low
.venv-rtl/lib/python3.12/site-packages/pip/_vendor/pygments/formatters/__pycache__/other.cpython-312.pyc	name	IGNORED	UNTRACKED-BUILD-ARTIFACT	ACCEPTABLE	low
.venv-rtl/lib/python3.12/site-packages/pip/_vendor/pygments/formatters/__pycache__/pangomarkup.cpython-312.pyc	name	IGNORED	UNTRACKED-BUILD-ARTIFACT	ACCEPTABLE	low
.venv-rtl/lib/python3.12/site-packages/pip/_vendor/pygments/formatters/__pycache__/rtf.cpython-312.pyc	name	IGNORED	UNTRACKED-BUILD-ARTIFACT	ACCEPTABLE	low
.venv-rtl/lib/python3.12/site-packages/pip/_vendor/pygments/formatters/__pycache__/svg.cpython-312.pyc	name	IGNORED	UNTRACKED-BUILD-ARTIFACT	ACCEPTABLE	low
.venv-rtl/lib/python3.12/site-packages/pip/_vendor/pygments/formatters/__pycache__/terminal.cpython-312.pyc	name	IGNORED	UNTRACKED-BUILD-ARTIFACT	ACCEPTABLE	low
.venv-rtl/lib/python3.12/site-packages/pip/_vendor/pygments/formatters/__pycache__/terminal256.cpython-312.pyc	name	IGNORED	UNTRACKED-BUILD-ARTIFACT	ACCEPTABLE	low
.venv-rtl/lib/python3.12/site-packages/pip/_vendor/pygments/formatters/_mapping.py	name	IGNORED	UNTRACKED-BUILD-ARTIFACT	ACCEPTABLE	low
.venv-rtl/lib/python3.12/site-packages/pip/_vendor/pygments/formatters/bbcode.py	name	IGNORED	UNTRACKED-BUILD-ARTIFACT	ACCEPTABLE	low
.venv-rtl/lib/python3.12/site-packages/pip/_vendor/pygments/formatters/groff.py	name	IGNORED	UNTRACKED-BUILD-ARTIFACT	ACCEPTABLE	low
.venv-rtl/lib/python3.12/site-packages/pip/_vendor/pygments/formatters/html.py	name	IGNORED	UNTRACKED-BUILD-ARTIFACT	ACCEPTABLE	low
.venv-rtl/lib/python3.12/site-packages/pip/_vendor/pygments/formatters/img.py	name	IGNORED	UNTRACKED-BUILD-ARTIFACT	ACCEPTABLE	low
.venv-rtl/lib/python3.12/site-packages/pip/_vendor/pygments/formatters/irc.py	name	IGNORED	UNTRACKED-BUILD-ARTIFACT	ACCEPTABLE	low
.venv-rtl/lib/python3.12/site-packages/pip/_vendor/pygments/formatters/latex.py	name	IGNORED	UNTRACKED-BUILD-ARTIFACT	ACCEPTABLE	low
.venv-rtl/lib/python3.12/site-packages/pip/_vendor/pygments/formatters/other.py	name	IGNORED	UNTRACKED-BUILD-ARTIFACT	ACCEPTABLE	low
.venv-rtl/lib/python3.12/site-packages/pip/_vendor/pygments/formatters/pangomarkup.py	name	IGNORED	UNTRACKED-BUILD-ARTIFACT	ACCEPTABLE	low
.venv-rtl/lib/python3.12/site-packages/pip/_vendor/pygments/formatters/rtf.py	name	IGNORED	UNTRACKED-BUILD-ARTIFACT	ACCEPTABLE	low
.venv-rtl/lib/python3.12/site-packages/pip/_vendor/pygments/formatters/svg.py	name	IGNORED	UNTRACKED-BUILD-ARTIFACT	ACCEPTABLE	low
.venv-rtl/lib/python3.12/site-packages/pip/_vendor/pygments/formatters/terminal.py	name	IGNORED	UNTRACKED-BUILD-ARTIFACT	ACCEPTABLE	low
.venv-rtl/lib/python3.12/site-packages/pip/_vendor/pygments/formatters/terminal256.py	name	IGNORED	UNTRACKED-BUILD-ARTIFACT	ACCEPTABLE	low
.venv-rtl/lib/python3.12/site-packages/pip/_vendor/pygments/lexer.py	name	IGNORED	UNTRACKED-BUILD-ARTIFACT	ACCEPTABLE	low
.venv-rtl/lib/python3.12/site-packages/pip/_vendor/pygments/lexers/__init__.py	name	IGNORED	UNTRACKED-BUILD-ARTIFACT	ACCEPTABLE	low
.venv-rtl/lib/python3.12/site-packages/pip/_vendor/pygments/lexers/__pycache__/__init__.cpython-312.pyc	name	IGNORED	UNTRACKED-BUILD-ARTIFACT	ACCEPTABLE	low
.venv-rtl/lib/python3.12/site-packages/pip/_vendor/pygments/lexers/__pycache__/_mapping.cpython-312.pyc	name	IGNORED	UNTRACKED-BUILD-ARTIFACT	ACCEPTABLE	low
.venv-rtl/lib/python3.12/site-packages/pip/_vendor/pygments/lexers/__pycache__/python.cpython-312.pyc	name	IGNORED	UNTRACKED-BUILD-ARTIFACT	ACCEPTABLE	low
.venv-rtl/lib/python3.12/site-packages/pip/_vendor/pygments/lexers/_mapping.py	name	IGNORED	UNTRACKED-BUILD-ARTIFACT	ACCEPTABLE	low
.venv-rtl/lib/python3.12/site-packages/pip/_vendor/pygments/lexers/python.py	name	IGNORED	UNTRACKED-BUILD-ARTIFACT	ACCEPTABLE	low
.venv-rtl/lib/python3.12/site-packages/pip/_vendor/pygments/modeline.py	name	IGNORED	UNTRACKED-BUILD-ARTIFACT	ACCEPTABLE	low
.venv-rtl/lib/python3.12/site-packages/pip/_vendor/pygments/plugin.py	name	IGNORED	UNTRACKED-BUILD-ARTIFACT	ACCEPTABLE	low
.venv-rtl/lib/python3.12/site-packages/pip/_vendor/pygments/regexopt.py	name	IGNORED	UNTRACKED-BUILD-ARTIFACT	ACCEPTABLE	low
.venv-rtl/lib/python3.12/site-packages/pip/_vendor/pygments/scanner.py	name	IGNORED	UNTRACKED-BUILD-ARTIFACT	ACCEPTABLE	low
.venv-rtl/lib/python3.12/site-packages/pip/_vendor/pygments/sphinxext.py	name	IGNORED	UNTRACKED-BUILD-ARTIFACT	ACCEPTABLE	low
.venv-rtl/lib/python3.12/site-packages/pip/_vendor/pygments/style.py	name	IGNORED	UNTRACKED-BUILD-ARTIFACT	ACCEPTABLE	low
.venv-rtl/lib/python3.12/site-packages/pip/_vendor/pygments/styles/__init__.py	name	IGNORED	UNTRACKED-BUILD-ARTIFACT	ACCEPTABLE	low
.venv-rtl/lib/python3.12/site-packages/pip/_vendor/pygments/styles/__pycache__/__init__.cpython-312.pyc	name	IGNORED	UNTRACKED-BUILD-ARTIFACT	ACCEPTABLE	low
.venv-rtl/lib/python3.12/site-packages/pip/_vendor/pygments/styles/__pycache__/_mapping.cpython-312.pyc	name	IGNORED	UNTRACKED-BUILD-ARTIFACT	ACCEPTABLE	low
.venv-rtl/lib/python3.12/site-packages/pip/_vendor/pygments/styles/_mapping.py	name	IGNORED	UNTRACKED-BUILD-ARTIFACT	ACCEPTABLE	low
.venv-rtl/lib/python3.12/site-packages/pip/_vendor/pygments/token.py	name	IGNORED	UNTRACKED-BUILD-ARTIFACT	ACCEPTABLE	low
.venv-rtl/lib/python3.12/site-packages/pip/_vendor/pygments/unistring.py	name	IGNORED	UNTRACKED-BUILD-ARTIFACT	ACCEPTABLE	low
.venv-rtl/lib/python3.12/site-packages/pip/_vendor/pygments/util.py	name	IGNORED	UNTRACKED-BUILD-ARTIFACT	ACCEPTABLE	low
.venv-rtl/lib/python3.12/site-packages/pip/_vendor/pyproject_hooks/__init__.py	name	IGNORED	UNTRACKED-BUILD-ARTIFACT	ACCEPTABLE	low
.venv-rtl/lib/python3.12/site-packages/pip/_vendor/pyproject_hooks/__pycache__/__init__.cpython-312.pyc	name	IGNORED	UNTRACKED-BUILD-ARTIFACT	ACCEPTABLE	low
.venv-rtl/lib/python3.12/site-packages/pip/_vendor/pyproject_hooks/__pycache__/_impl.cpython-312.pyc	name	IGNORED	UNTRACKED-BUILD-ARTIFACT	ACCEPTABLE	low
.venv-rtl/lib/python3.12/site-packages/pip/_vendor/pyproject_hooks/_impl.py	name	IGNORED	UNTRACKED-BUILD-ARTIFACT	ACCEPTABLE	low
.venv-rtl/lib/python3.12/site-packages/pip/_vendor/pyproject_hooks/_in_process/__init__.py	name	IGNORED	UNTRACKED-BUILD-ARTIFACT	ACCEPTABLE	low
.venv-rtl/lib/python3.12/site-packages/pip/_vendor/pyproject_hooks/_in_process/__pycache__/__init__.cpython-312.pyc	name	IGNORED	UNTRACKED-BUILD-ARTIFACT	ACCEPTABLE	low
.venv-rtl/lib/python3.12/site-packages/pip/_vendor/pyproject_hooks/_in_process/__pycache__/_in_process.cpython-312.pyc	name	IGNORED	UNTRACKED-BUILD-ARTIFACT	ACCEPTABLE	low
.venv-rtl/lib/python3.12/site-packages/pip/_vendor/pyproject_hooks/_in_process/_in_process.py	name	IGNORED	UNTRACKED-BUILD-ARTIFACT	ACCEPTABLE	low
.venv-rtl/lib/python3.12/site-packages/pip/_vendor/pyproject_hooks/py.typed	name	IGNORED	UNTRACKED-BUILD-ARTIFACT	ACCEPTABLE	low
.venv-rtl/lib/python3.12/site-packages/pip/_vendor/requests/__init__.py	name	IGNORED	UNTRACKED-BUILD-ARTIFACT	ACCEPTABLE	low
.venv-rtl/lib/python3.12/site-packages/pip/_vendor/requests/__pycache__/__init__.cpython-312.pyc	name	IGNORED	UNTRACKED-BUILD-ARTIFACT	ACCEPTABLE	low
.venv-rtl/lib/python3.12/site-packages/pip/_vendor/requests/__pycache__/__version__.cpython-312.pyc	name	IGNORED	UNTRACKED-BUILD-ARTIFACT	ACCEPTABLE	low
.venv-rtl/lib/python3.12/site-packages/pip/_vendor/requests/__pycache__/_internal_utils.cpython-312.pyc	name	IGNORED	UNTRACKED-BUILD-ARTIFACT	ACCEPTABLE	low
.venv-rtl/lib/python3.12/site-packages/pip/_vendor/requests/__pycache__/adapters.cpython-312.pyc	name	IGNORED	UNTRACKED-BUILD-ARTIFACT	ACCEPTABLE	low
.venv-rtl/lib/python3.12/site-packages/pip/_vendor/requests/__pycache__/api.cpython-312.pyc	name	IGNORED	UNTRACKED-BUILD-ARTIFACT	ACCEPTABLE	low
.venv-rtl/lib/python3.12/site-packages/pip/_vendor/requests/__pycache__/auth.cpython-312.pyc	name	IGNORED	UNTRACKED-BUILD-ARTIFACT	ACCEPTABLE	low
.venv-rtl/lib/python3.12/site-packages/pip/_vendor/requests/__pycache__/certs.cpython-312.pyc	name	IGNORED	UNTRACKED-BUILD-ARTIFACT	ACCEPTABLE	low
.venv-rtl/lib/python3.12/site-packages/pip/_vendor/requests/__pycache__/compat.cpython-312.pyc	name	IGNORED	UNTRACKED-BUILD-ARTIFACT	ACCEPTABLE	low
.venv-rtl/lib/python3.12/site-packages/pip/_vendor/requests/__pycache__/cookies.cpython-312.pyc	name	IGNORED	UNTRACKED-BUILD-ARTIFACT	ACCEPTABLE	low
.venv-rtl/lib/python3.12/site-packages/pip/_vendor/requests/__pycache__/exceptions.cpython-312.pyc	name	IGNORED	UNTRACKED-BUILD-ARTIFACT	ACCEPTABLE	low
.venv-rtl/lib/python3.12/site-packages/pip/_vendor/requests/__pycache__/help.cpython-312.pyc	name	IGNORED	UNTRACKED-BUILD-ARTIFACT	ACCEPTABLE	low
.venv-rtl/lib/python3.12/site-packages/pip/_vendor/requests/__pycache__/hooks.cpython-312.pyc	name	IGNORED	UNTRACKED-BUILD-ARTIFACT	ACCEPTABLE	low
.venv-rtl/lib/python3.12/site-packages/pip/_vendor/requests/__pycache__/models.cpython-312.pyc	name	IGNORED	UNTRACKED-BUILD-ARTIFACT	ACCEPTABLE	low
.venv-rtl/lib/python3.12/site-packages/pip/_vendor/requests/__pycache__/packages.cpython-312.pyc	name	IGNORED	UNTRACKED-BUILD-ARTIFACT	ACCEPTABLE	low
.venv-rtl/lib/python3.12/site-packages/pip/_vendor/requests/__pycache__/sessions.cpython-312.pyc	name	IGNORED	UNTRACKED-BUILD-ARTIFACT	ACCEPTABLE	low
.venv-rtl/lib/python3.12/site-packages/pip/_vendor/requests/__pycache__/status_codes.cpython-312.pyc	name	IGNORED	UNTRACKED-BUILD-ARTIFACT	ACCEPTABLE	low
.venv-rtl/lib/python3.12/site-packages/pip/_vendor/requests/__pycache__/structures.cpython-312.pyc	name	IGNORED	UNTRACKED-BUILD-ARTIFACT	ACCEPTABLE	low
.venv-rtl/lib/python3.12/site-packages/pip/_vendor/requests/__pycache__/utils.cpython-312.pyc	name	IGNORED	UNTRACKED-BUILD-ARTIFACT	ACCEPTABLE	low
.venv-rtl/lib/python3.12/site-packages/pip/_vendor/requests/__version__.py	name	IGNORED	UNTRACKED-BUILD-ARTIFACT	ACCEPTABLE	low
.venv-rtl/lib/python3.12/site-packages/pip/_vendor/requests/_internal_utils.py	name	IGNORED	UNTRACKED-BUILD-ARTIFACT	ACCEPTABLE	low
.venv-rtl/lib/python3.12/site-packages/pip/_vendor/requests/adapters.py	name	IGNORED	UNTRACKED-BUILD-ARTIFACT	ACCEPTABLE	low
.venv-rtl/lib/python3.12/site-packages/pip/_vendor/requests/api.py	name	IGNORED	UNTRACKED-BUILD-ARTIFACT	ACCEPTABLE	low
.venv-rtl/lib/python3.12/site-packages/pip/_vendor/requests/auth.py	name	IGNORED	UNTRACKED-BUILD-ARTIFACT	ACCEPTABLE	low
.venv-rtl/lib/python3.12/site-packages/pip/_vendor/requests/certs.py	name	IGNORED	UNTRACKED-BUILD-ARTIFACT	ACCEPTABLE	low
.venv-rtl/lib/python3.12/site-packages/pip/_vendor/requests/compat.py	name	IGNORED	UNTRACKED-BUILD-ARTIFACT	ACCEPTABLE	low
.venv-rtl/lib/python3.12/site-packages/pip/_vendor/requests/cookies.py	name	IGNORED	UNTRACKED-BUILD-ARTIFACT	ACCEPTABLE	low
.venv-rtl/lib/python3.12/site-packages/pip/_vendor/requests/exceptions.py	name	IGNORED	UNTRACKED-BUILD-ARTIFACT	ACCEPTABLE	low
.venv-rtl/lib/python3.12/site-packages/pip/_vendor/requests/help.py	name	IGNORED	UNTRACKED-BUILD-ARTIFACT	ACCEPTABLE	low
.venv-rtl/lib/python3.12/site-packages/pip/_vendor/requests/hooks.py	name	IGNORED	UNTRACKED-BUILD-ARTIFACT	ACCEPTABLE	low
.venv-rtl/lib/python3.12/site-packages/pip/_vendor/requests/models.py	name	IGNORED	UNTRACKED-BUILD-ARTIFACT	ACCEPTABLE	low
.venv-rtl/lib/python3.12/site-packages/pip/_vendor/requests/packages.py	name	IGNORED	UNTRACKED-BUILD-ARTIFACT	ACCEPTABLE	low
.venv-rtl/lib/python3.12/site-packages/pip/_vendor/requests/sessions.py	name	IGNORED	UNTRACKED-BUILD-ARTIFACT	ACCEPTABLE	low
.venv-rtl/lib/python3.12/site-packages/pip/_vendor/requests/status_codes.py	name	IGNORED	UNTRACKED-BUILD-ARTIFACT	ACCEPTABLE	low
.venv-rtl/lib/python3.12/site-packages/pip/_vendor/requests/structures.py	name	IGNORED	UNTRACKED-BUILD-ARTIFACT	ACCEPTABLE	low
.venv-rtl/lib/python3.12/site-packages/pip/_vendor/requests/utils.py	name	IGNORED	UNTRACKED-BUILD-ARTIFACT	ACCEPTABLE	low
.venv-rtl/lib/python3.12/site-packages/pip/_vendor/resolvelib/__init__.py	name	IGNORED	UNTRACKED-BUILD-ARTIFACT	ACCEPTABLE	low
.venv-rtl/lib/python3.12/site-packages/pip/_vendor/resolvelib/__pycache__/__init__.cpython-312.pyc	name	IGNORED	UNTRACKED-BUILD-ARTIFACT	ACCEPTABLE	low
.venv-rtl/lib/python3.12/site-packages/pip/_vendor/resolvelib/__pycache__/providers.cpython-312.pyc	name	IGNORED	UNTRACKED-BUILD-ARTIFACT	ACCEPTABLE	low
.venv-rtl/lib/python3.12/site-packages/pip/_vendor/resolvelib/__pycache__/reporters.cpython-312.pyc	name	IGNORED	UNTRACKED-BUILD-ARTIFACT	ACCEPTABLE	low
.venv-rtl/lib/python3.12/site-packages/pip/_vendor/resolvelib/__pycache__/resolvers.cpython-312.pyc	name	IGNORED	UNTRACKED-BUILD-ARTIFACT	ACCEPTABLE	low
.venv-rtl/lib/python3.12/site-packages/pip/_vendor/resolvelib/__pycache__/structs.cpython-312.pyc	name	IGNORED	UNTRACKED-BUILD-ARTIFACT	ACCEPTABLE	low
.venv-rtl/lib/python3.12/site-packages/pip/_vendor/resolvelib/compat/__init__.py	name	IGNORED	UNTRACKED-BUILD-ARTIFACT	ACCEPTABLE	low
.venv-rtl/lib/python3.12/site-packages/pip/_vendor/resolvelib/compat/__pycache__/__init__.cpython-312.pyc	name	IGNORED	UNTRACKED-BUILD-ARTIFACT	ACCEPTABLE	low
.venv-rtl/lib/python3.12/site-packages/pip/_vendor/resolvelib/compat/__pycache__/collections_abc.cpython-312.pyc	name	IGNORED	UNTRACKED-BUILD-ARTIFACT	ACCEPTABLE	low
.venv-rtl/lib/python3.12/site-packages/pip/_vendor/resolvelib/compat/collections_abc.py	name	IGNORED	UNTRACKED-BUILD-ARTIFACT	ACCEPTABLE	low
.venv-rtl/lib/python3.12/site-packages/pip/_vendor/resolvelib/providers.py	name	IGNORED	UNTRACKED-BUILD-ARTIFACT	ACCEPTABLE	low
.venv-rtl/lib/python3.12/site-packages/pip/_vendor/resolvelib/py.typed	name	IGNORED	UNTRACKED-BUILD-ARTIFACT	ACCEPTABLE	low
.venv-rtl/lib/python3.12/site-packages/pip/_vendor/resolvelib/reporters.py	name	IGNORED	UNTRACKED-BUILD-ARTIFACT	ACCEPTABLE	low
.venv-rtl/lib/python3.12/site-packages/pip/_vendor/resolvelib/resolvers.py	name	IGNORED	UNTRACKED-BUILD-ARTIFACT	ACCEPTABLE	low
.venv-rtl/lib/python3.12/site-packages/pip/_vendor/resolvelib/structs.py	name	IGNORED	UNTRACKED-BUILD-ARTIFACT	ACCEPTABLE	low
.venv-rtl/lib/python3.12/site-packages/pip/_vendor/rich/__init__.py	name	IGNORED	UNTRACKED-BUILD-ARTIFACT	ACCEPTABLE	low
.venv-rtl/lib/python3.12/site-packages/pip/_vendor/rich/__main__.py	name	IGNORED	UNTRACKED-BUILD-ARTIFACT	ACCEPTABLE	low
.venv-rtl/lib/python3.12/site-packages/pip/_vendor/rich/__pycache__/__init__.cpython-312.pyc	name	IGNORED	UNTRACKED-BUILD-ARTIFACT	ACCEPTABLE	low
.venv-rtl/lib/python3.12/site-packages/pip/_vendor/rich/__pycache__/__main__.cpython-312.pyc	name	IGNORED	UNTRACKED-BUILD-ARTIFACT	ACCEPTABLE	low
.venv-rtl/lib/python3.12/site-packages/pip/_vendor/rich/__pycache__/_cell_widths.cpython-312.pyc	name	IGNORED	UNTRACKED-BUILD-ARTIFACT	ACCEPTABLE	low
.venv-rtl/lib/python3.12/site-packages/pip/_vendor/rich/__pycache__/_emoji_codes.cpython-312.pyc	name	IGNORED	UNTRACKED-BUILD-ARTIFACT	ACCEPTABLE	low
.venv-rtl/lib/python3.12/site-packages/pip/_vendor/rich/__pycache__/_emoji_replace.cpython-312.pyc	name	IGNORED	UNTRACKED-BUILD-ARTIFACT	ACCEPTABLE	low
.venv-rtl/lib/python3.12/site-packages/pip/_vendor/rich/__pycache__/_export_format.cpython-312.pyc	name	IGNORED	UNTRACKED-BUILD-ARTIFACT	ACCEPTABLE	low
.venv-rtl/lib/python3.12/site-packages/pip/_vendor/rich/__pycache__/_extension.cpython-312.pyc	name	IGNORED	UNTRACKED-BUILD-ARTIFACT	ACCEPTABLE	low
.venv-rtl/lib/python3.12/site-packages/pip/_vendor/rich/__pycache__/_fileno.cpython-312.pyc	name	IGNORED	UNTRACKED-BUILD-ARTIFACT	ACCEPTABLE	low
.venv-rtl/lib/python3.12/site-packages/pip/_vendor/rich/__pycache__/_inspect.cpython-312.pyc	name	IGNORED	UNTRACKED-BUILD-ARTIFACT	ACCEPTABLE	low
.venv-rtl/lib/python3.12/site-packages/pip/_vendor/rich/__pycache__/_log_render.cpython-312.pyc	name	IGNORED	UNTRACKED-BUILD-ARTIFACT	ACCEPTABLE	low
.venv-rtl/lib/python3.12/site-packages/pip/_vendor/rich/__pycache__/_loop.cpython-312.pyc	name	IGNORED	UNTRACKED-BUILD-ARTIFACT	ACCEPTABLE	low
.venv-rtl/lib/python3.12/site-packages/pip/_vendor/rich/__pycache__/_null_file.cpython-312.pyc	name	IGNORED	UNTRACKED-BUILD-ARTIFACT	ACCEPTABLE	low
.venv-rtl/lib/python3.12/site-packages/pip/_vendor/rich/__pycache__/_palettes.cpython-312.pyc	name	IGNORED	UNTRACKED-BUILD-ARTIFACT	ACCEPTABLE	low
.venv-rtl/lib/python3.12/site-packages/pip/_vendor/rich/__pycache__/_pick.cpython-312.pyc	name	IGNORED	UNTRACKED-BUILD-ARTIFACT	ACCEPTABLE	low
.venv-rtl/lib/python3.12/site-packages/pip/_vendor/rich/__pycache__/_ratio.cpython-312.pyc	name	IGNORED	UNTRACKED-BUILD-ARTIFACT	ACCEPTABLE	low
.venv-rtl/lib/python3.12/site-packages/pip/_vendor/rich/__pycache__/_spinners.cpython-312.pyc	name	IGNORED	UNTRACKED-BUILD-ARTIFACT	ACCEPTABLE	low
.venv-rtl/lib/python3.12/site-packages/pip/_vendor/rich/__pycache__/_stack.cpython-312.pyc	name	IGNORED	UNTRACKED-BUILD-ARTIFACT	ACCEPTABLE	low
.venv-rtl/lib/python3.12/site-packages/pip/_vendor/rich/__pycache__/_timer.cpython-312.pyc	name	IGNORED	UNTRACKED-BUILD-ARTIFACT	ACCEPTABLE	low
.venv-rtl/lib/python3.12/site-packages/pip/_vendor/rich/__pycache__/_win32_console.cpython-312.pyc	name	IGNORED	UNTRACKED-BUILD-ARTIFACT	ACCEPTABLE	low
.venv-rtl/lib/python3.12/site-packages/pip/_vendor/rich/__pycache__/_windows.cpython-312.pyc	name	IGNORED	UNTRACKED-BUILD-ARTIFACT	ACCEPTABLE	low
.venv-rtl/lib/python3.12/site-packages/pip/_vendor/rich/__pycache__/_windows_renderer.cpython-312.pyc	name	IGNORED	UNTRACKED-BUILD-ARTIFACT	ACCEPTABLE	low
.venv-rtl/lib/python3.12/site-packages/pip/_vendor/rich/__pycache__/_wrap.cpython-312.pyc	name	IGNORED	UNTRACKED-BUILD-ARTIFACT	ACCEPTABLE	low
.venv-rtl/lib/python3.12/site-packages/pip/_vendor/rich/__pycache__/abc.cpython-312.pyc	name	IGNORED	UNTRACKED-BUILD-ARTIFACT	ACCEPTABLE	low
.venv-rtl/lib/python3.12/site-packages/pip/_vendor/rich/__pycache__/align.cpython-312.pyc	name	IGNORED	UNTRACKED-BUILD-ARTIFACT	ACCEPTABLE	low
.venv-rtl/lib/python3.12/site-packages/pip/_vendor/rich/__pycache__/ansi.cpython-312.pyc	name	IGNORED	UNTRACKED-BUILD-ARTIFACT	ACCEPTABLE	low
.venv-rtl/lib/python3.12/site-packages/pip/_vendor/rich/__pycache__/bar.cpython-312.pyc	name	IGNORED	UNTRACKED-BUILD-ARTIFACT	ACCEPTABLE	low
.venv-rtl/lib/python3.12/site-packages/pip/_vendor/rich/__pycache__/box.cpython-312.pyc	name	IGNORED	UNTRACKED-BUILD-ARTIFACT	ACCEPTABLE	low
.venv-rtl/lib/python3.12/site-packages/pip/_vendor/rich/__pycache__/cells.cpython-312.pyc	name	IGNORED	UNTRACKED-BUILD-ARTIFACT	ACCEPTABLE	low
.venv-rtl/lib/python3.12/site-packages/pip/_vendor/rich/__pycache__/color.cpython-312.pyc	name	IGNORED	UNTRACKED-BUILD-ARTIFACT	ACCEPTABLE	low
.venv-rtl/lib/python3.12/site-packages/pip/_vendor/rich/__pycache__/color_triplet.cpython-312.pyc	name	IGNORED	UNTRACKED-BUILD-ARTIFACT	ACCEPTABLE	low
.venv-rtl/lib/python3.12/site-packages/pip/_vendor/rich/__pycache__/columns.cpython-312.pyc	name	IGNORED	UNTRACKED-BUILD-ARTIFACT	ACCEPTABLE	low
.venv-rtl/lib/python3.12/site-packages/pip/_vendor/rich/__pycache__/console.cpython-312.pyc	name	IGNORED	UNTRACKED-BUILD-ARTIFACT	ACCEPTABLE	low
.venv-rtl/lib/python3.12/site-packages/pip/_vendor/rich/__pycache__/constrain.cpython-312.pyc	name	IGNORED	UNTRACKED-BUILD-ARTIFACT	ACCEPTABLE	low
.venv-rtl/lib/python3.12/site-packages/pip/_vendor/rich/__pycache__/containers.cpython-312.pyc	name	IGNORED	UNTRACKED-BUILD-ARTIFACT	ACCEPTABLE	low
.venv-rtl/lib/python3.12/site-packages/pip/_vendor/rich/__pycache__/control.cpython-312.pyc	name	IGNORED	UNTRACKED-BUILD-ARTIFACT	ACCEPTABLE	low
.venv-rtl/lib/python3.12/site-packages/pip/_vendor/rich/__pycache__/default_styles.cpython-312.pyc	name	IGNORED	UNTRACKED-BUILD-ARTIFACT	ACCEPTABLE	low
.venv-rtl/lib/python3.12/site-packages/pip/_vendor/rich/__pycache__/diagnose.cpython-312.pyc	name	IGNORED	UNTRACKED-BUILD-ARTIFACT	ACCEPTABLE	low
.venv-rtl/lib/python3.12/site-packages/pip/_vendor/rich/__pycache__/emoji.cpython-312.pyc	name	IGNORED	UNTRACKED-BUILD-ARTIFACT	ACCEPTABLE	low
.venv-rtl/lib/python3.12/site-packages/pip/_vendor/rich/__pycache__/errors.cpython-312.pyc	name	IGNORED	UNTRACKED-BUILD-ARTIFACT	ACCEPTABLE	low
.venv-rtl/lib/python3.12/site-packages/pip/_vendor/rich/__pycache__/file_proxy.cpython-312.pyc	name	IGNORED	UNTRACKED-BUILD-ARTIFACT	ACCEPTABLE	low
.venv-rtl/lib/python3.12/site-packages/pip/_vendor/rich/__pycache__/filesize.cpython-312.pyc	name	IGNORED	UNTRACKED-BUILD-ARTIFACT	ACCEPTABLE	low
.venv-rtl/lib/python3.12/site-packages/pip/_vendor/rich/__pycache__/highlighter.cpython-312.pyc	name	IGNORED	UNTRACKED-BUILD-ARTIFACT	ACCEPTABLE	low
.venv-rtl/lib/python3.12/site-packages/pip/_vendor/rich/__pycache__/json.cpython-312.pyc	name	IGNORED	UNTRACKED-BUILD-ARTIFACT	ACCEPTABLE	low
.venv-rtl/lib/python3.12/site-packages/pip/_vendor/rich/__pycache__/jupyter.cpython-312.pyc	name	IGNORED	UNTRACKED-BUILD-ARTIFACT	ACCEPTABLE	low
.venv-rtl/lib/python3.12/site-packages/pip/_vendor/rich/__pycache__/layout.cpython-312.pyc	name	IGNORED	UNTRACKED-BUILD-ARTIFACT	ACCEPTABLE	low
.venv-rtl/lib/python3.12/site-packages/pip/_vendor/rich/__pycache__/live.cpython-312.pyc	name	IGNORED	UNTRACKED-BUILD-ARTIFACT	ACCEPTABLE	low
.venv-rtl/lib/python3.12/site-packages/pip/_vendor/rich/__pycache__/live_render.cpython-312.pyc	name	IGNORED	UNTRACKED-BUILD-ARTIFACT	ACCEPTABLE	low
.venv-rtl/lib/python3.12/site-packages/pip/_vendor/rich/__pycache__/logging.cpython-312.pyc	name	IGNORED	UNTRACKED-BUILD-ARTIFACT	ACCEPTABLE	low
.venv-rtl/lib/python3.12/site-packages/pip/_vendor/rich/__pycache__/markup.cpython-312.pyc	name	IGNORED	UNTRACKED-BUILD-ARTIFACT	ACCEPTABLE	low
.venv-rtl/lib/python3.12/site-packages/pip/_vendor/rich/__pycache__/measure.cpython-312.pyc	name	IGNORED	UNTRACKED-BUILD-ARTIFACT	ACCEPTABLE	low
.venv-rtl/lib/python3.12/site-packages/pip/_vendor/rich/__pycache__/padding.cpython-312.pyc	name	IGNORED	UNTRACKED-BUILD-ARTIFACT	ACCEPTABLE	low
.venv-rtl/lib/python3.12/site-packages/pip/_vendor/rich/__pycache__/pager.cpython-312.pyc	name	IGNORED	UNTRACKED-BUILD-ARTIFACT	ACCEPTABLE	low
.venv-rtl/lib/python3.12/site-packages/pip/_vendor/rich/__pycache__/palette.cpython-312.pyc	name	IGNORED	UNTRACKED-BUILD-ARTIFACT	ACCEPTABLE	low
.venv-rtl/lib/python3.12/site-packages/pip/_vendor/rich/__pycache__/panel.cpython-312.pyc	name	IGNORED	UNTRACKED-BUILD-ARTIFACT	ACCEPTABLE	low
.venv-rtl/lib/python3.12/site-packages/pip/_vendor/rich/__pycache__/pretty.cpython-312.pyc	name	IGNORED	UNTRACKED-BUILD-ARTIFACT	ACCEPTABLE	low
.venv-rtl/lib/python3.12/site-packages/pip/_vendor/rich/__pycache__/progress.cpython-312.pyc	name	IGNORED	UNTRACKED-BUILD-ARTIFACT	ACCEPTABLE	low
.venv-rtl/lib/python3.12/site-packages/pip/_vendor/rich/__pycache__/progress_bar.cpython-312.pyc	name	IGNORED	UNTRACKED-BUILD-ARTIFACT	ACCEPTABLE	low
.venv-rtl/lib/python3.12/site-packages/pip/_vendor/rich/__pycache__/prompt.cpython-312.pyc	name	IGNORED	UNTRACKED-BUILD-ARTIFACT	ACCEPTABLE	low
.venv-rtl/lib/python3.12/site-packages/pip/_vendor/rich/__pycache__/protocol.cpython-312.pyc	name	IGNORED	UNTRACKED-BUILD-ARTIFACT	ACCEPTABLE	low
.venv-rtl/lib/python3.12/site-packages/pip/_vendor/rich/__pycache__/region.cpython-312.pyc	name	IGNORED	UNTRACKED-BUILD-ARTIFACT	ACCEPTABLE	low
.venv-rtl/lib/python3.12/site-packages/pip/_vendor/rich/__pycache__/repr.cpython-312.pyc	name	IGNORED	UNTRACKED-BUILD-ARTIFACT	ACCEPTABLE	low
.venv-rtl/lib/python3.12/site-packages/pip/_vendor/rich/__pycache__/rule.cpython-312.pyc	name	IGNORED	UNTRACKED-BUILD-ARTIFACT	ACCEPTABLE	low
.venv-rtl/lib/python3.12/site-packages/pip/_vendor/rich/__pycache__/scope.cpython-312.pyc	name	IGNORED	UNTRACKED-BUILD-ARTIFACT	ACCEPTABLE	low
.venv-rtl/lib/python3.12/site-packages/pip/_vendor/rich/__pycache__/screen.cpython-312.pyc	name	IGNORED	UNTRACKED-BUILD-ARTIFACT	ACCEPTABLE	low
.venv-rtl/lib/python3.12/site-packages/pip/_vendor/rich/__pycache__/segment.cpython-312.pyc	name	IGNORED	UNTRACKED-BUILD-ARTIFACT	ACCEPTABLE	low
.venv-rtl/lib/python3.12/site-packages/pip/_vendor/rich/__pycache__/spinner.cpython-312.pyc	name	IGNORED	UNTRACKED-BUILD-ARTIFACT	ACCEPTABLE	low
.venv-rtl/lib/python3.12/site-packages/pip/_vendor/rich/__pycache__/status.cpython-312.pyc	name	IGNORED	UNTRACKED-BUILD-ARTIFACT	ACCEPTABLE	low
.venv-rtl/lib/python3.12/site-packages/pip/_vendor/rich/__pycache__/style.cpython-312.pyc	name	IGNORED	UNTRACKED-BUILD-ARTIFACT	ACCEPTABLE	low
.venv-rtl/lib/python3.12/site-packages/pip/_vendor/rich/__pycache__/styled.cpython-312.pyc	name	IGNORED	UNTRACKED-BUILD-ARTIFACT	ACCEPTABLE	low
.venv-rtl/lib/python3.12/site-packages/pip/_vendor/rich/__pycache__/syntax.cpython-312.pyc	name	IGNORED	UNTRACKED-BUILD-ARTIFACT	ACCEPTABLE	low
.venv-rtl/lib/python3.12/site-packages/pip/_vendor/rich/__pycache__/table.cpython-312.pyc	name	IGNORED	UNTRACKED-BUILD-ARTIFACT	ACCEPTABLE	low
.venv-rtl/lib/python3.12/site-packages/pip/_vendor/rich/__pycache__/terminal_theme.cpython-312.pyc	name	IGNORED	UNTRACKED-BUILD-ARTIFACT	ACCEPTABLE	low
.venv-rtl/lib/python3.12/site-packages/pip/_vendor/rich/__pycache__/text.cpython-312.pyc	name	IGNORED	UNTRACKED-BUILD-ARTIFACT	ACCEPTABLE	low
.venv-rtl/lib/python3.12/site-packages/pip/_vendor/rich/__pycache__/theme.cpython-312.pyc	name	IGNORED	UNTRACKED-BUILD-ARTIFACT	ACCEPTABLE	low
.venv-rtl/lib/python3.12/site-packages/pip/_vendor/rich/__pycache__/themes.cpython-312.pyc	name	IGNORED	UNTRACKED-BUILD-ARTIFACT	ACCEPTABLE	low
.venv-rtl/lib/python3.12/site-packages/pip/_vendor/rich/__pycache__/traceback.cpython-312.pyc	name	IGNORED	UNTRACKED-BUILD-ARTIFACT	ACCEPTABLE	low
.venv-rtl/lib/python3.12/site-packages/pip/_vendor/rich/__pycache__/tree.cpython-312.pyc	name	IGNORED	UNTRACKED-BUILD-ARTIFACT	ACCEPTABLE	low
.venv-rtl/lib/python3.12/site-packages/pip/_vendor/rich/_cell_widths.py	name	IGNORED	UNTRACKED-BUILD-ARTIFACT	ACCEPTABLE	low
.venv-rtl/lib/python3.12/site-packages/pip/_vendor/rich/_emoji_codes.py	name	IGNORED	UNTRACKED-BUILD-ARTIFACT	ACCEPTABLE	low
.venv-rtl/lib/python3.12/site-packages/pip/_vendor/rich/_emoji_replace.py	name	IGNORED	UNTRACKED-BUILD-ARTIFACT	ACCEPTABLE	low
.venv-rtl/lib/python3.12/site-packages/pip/_vendor/rich/_export_format.py	name	IGNORED	UNTRACKED-BUILD-ARTIFACT	ACCEPTABLE	low
.venv-rtl/lib/python3.12/site-packages/pip/_vendor/rich/_extension.py	name	IGNORED	UNTRACKED-BUILD-ARTIFACT	ACCEPTABLE	low
.venv-rtl/lib/python3.12/site-packages/pip/_vendor/rich/_fileno.py	name	IGNORED	UNTRACKED-BUILD-ARTIFACT	ACCEPTABLE	low
.venv-rtl/lib/python3.12/site-packages/pip/_vendor/rich/_inspect.py	name	IGNORED	UNTRACKED-BUILD-ARTIFACT	ACCEPTABLE	low
.venv-rtl/lib/python3.12/site-packages/pip/_vendor/rich/_log_render.py	name	IGNORED	UNTRACKED-BUILD-ARTIFACT	ACCEPTABLE	low
.venv-rtl/lib/python3.12/site-packages/pip/_vendor/rich/_loop.py	name	IGNORED	UNTRACKED-BUILD-ARTIFACT	ACCEPTABLE	low
.venv-rtl/lib/python3.12/site-packages/pip/_vendor/rich/_null_file.py	name	IGNORED	UNTRACKED-BUILD-ARTIFACT	ACCEPTABLE	low
.venv-rtl/lib/python3.12/site-packages/pip/_vendor/rich/_palettes.py	name	IGNORED	UNTRACKED-BUILD-ARTIFACT	ACCEPTABLE	low
.venv-rtl/lib/python3.12/site-packages/pip/_vendor/rich/_pick.py	name	IGNORED	UNTRACKED-BUILD-ARTIFACT	ACCEPTABLE	low
.venv-rtl/lib/python3.12/site-packages/pip/_vendor/rich/_ratio.py	name	IGNORED	UNTRACKED-BUILD-ARTIFACT	ACCEPTABLE	low
.venv-rtl/lib/python3.12/site-packages/pip/_vendor/rich/_spinners.py	name	IGNORED	UNTRACKED-BUILD-ARTIFACT	ACCEPTABLE	low
.venv-rtl/lib/python3.12/site-packages/pip/_vendor/rich/_stack.py	name	IGNORED	UNTRACKED-BUILD-ARTIFACT	ACCEPTABLE	low
.venv-rtl/lib/python3.12/site-packages/pip/_vendor/rich/_timer.py	name	IGNORED	UNTRACKED-BUILD-ARTIFACT	ACCEPTABLE	low
.venv-rtl/lib/python3.12/site-packages/pip/_vendor/rich/_win32_console.py	name	IGNORED	UNTRACKED-BUILD-ARTIFACT	ACCEPTABLE	low
.venv-rtl/lib/python3.12/site-packages/pip/_vendor/rich/_windows.py	name	IGNORED	UNTRACKED-BUILD-ARTIFACT	ACCEPTABLE	low
.venv-rtl/lib/python3.12/site-packages/pip/_vendor/rich/_windows_renderer.py	name	IGNORED	UNTRACKED-BUILD-ARTIFACT	ACCEPTABLE	low
.venv-rtl/lib/python3.12/site-packages/pip/_vendor/rich/_wrap.py	name	IGNORED	UNTRACKED-BUILD-ARTIFACT	ACCEPTABLE	low
.venv-rtl/lib/python3.12/site-packages/pip/_vendor/rich/abc.py	name	IGNORED	UNTRACKED-BUILD-ARTIFACT	ACCEPTABLE	low
.venv-rtl/lib/python3.12/site-packages/pip/_vendor/rich/align.py	name	IGNORED	UNTRACKED-BUILD-ARTIFACT	ACCEPTABLE	low
.venv-rtl/lib/python3.12/site-packages/pip/_vendor/rich/ansi.py	name	IGNORED	UNTRACKED-BUILD-ARTIFACT	ACCEPTABLE	low
.venv-rtl/lib/python3.12/site-packages/pip/_vendor/rich/bar.py	name	IGNORED	UNTRACKED-BUILD-ARTIFACT	ACCEPTABLE	low
.venv-rtl/lib/python3.12/site-packages/pip/_vendor/rich/box.py	name	IGNORED	UNTRACKED-BUILD-ARTIFACT	ACCEPTABLE	low
.venv-rtl/lib/python3.12/site-packages/pip/_vendor/rich/cells.py	name	IGNORED	UNTRACKED-BUILD-ARTIFACT	ACCEPTABLE	low
.venv-rtl/lib/python3.12/site-packages/pip/_vendor/rich/color.py	name	IGNORED	UNTRACKED-BUILD-ARTIFACT	ACCEPTABLE	low
.venv-rtl/lib/python3.12/site-packages/pip/_vendor/rich/color_triplet.py	name	IGNORED	UNTRACKED-BUILD-ARTIFACT	ACCEPTABLE	low
.venv-rtl/lib/python3.12/site-packages/pip/_vendor/rich/columns.py	name	IGNORED	UNTRACKED-BUILD-ARTIFACT	ACCEPTABLE	low
.venv-rtl/lib/python3.12/site-packages/pip/_vendor/rich/console.py	name	IGNORED	UNTRACKED-BUILD-ARTIFACT	ACCEPTABLE	low
.venv-rtl/lib/python3.12/site-packages/pip/_vendor/rich/constrain.py	name	IGNORED	UNTRACKED-BUILD-ARTIFACT	ACCEPTABLE	low
.venv-rtl/lib/python3.12/site-packages/pip/_vendor/rich/containers.py	name	IGNORED	UNTRACKED-BUILD-ARTIFACT	ACCEPTABLE	low
.venv-rtl/lib/python3.12/site-packages/pip/_vendor/rich/control.py	name	IGNORED	UNTRACKED-BUILD-ARTIFACT	ACCEPTABLE	low
.venv-rtl/lib/python3.12/site-packages/pip/_vendor/rich/default_styles.py	name	IGNORED	UNTRACKED-BUILD-ARTIFACT	ACCEPTABLE	low
.venv-rtl/lib/python3.12/site-packages/pip/_vendor/rich/diagnose.py	name	IGNORED	UNTRACKED-BUILD-ARTIFACT	ACCEPTABLE	low
.venv-rtl/lib/python3.12/site-packages/pip/_vendor/rich/emoji.py	name	IGNORED	UNTRACKED-BUILD-ARTIFACT	ACCEPTABLE	low
.venv-rtl/lib/python3.12/site-packages/pip/_vendor/rich/errors.py	name	IGNORED	UNTRACKED-BUILD-ARTIFACT	ACCEPTABLE	low
.venv-rtl/lib/python3.12/site-packages/pip/_vendor/rich/file_proxy.py	name	IGNORED	UNTRACKED-BUILD-ARTIFACT	ACCEPTABLE	low
.venv-rtl/lib/python3.12/site-packages/pip/_vendor/rich/filesize.py	name	IGNORED	UNTRACKED-BUILD-ARTIFACT	ACCEPTABLE	low
.venv-rtl/lib/python3.12/site-packages/pip/_vendor/rich/highlighter.py	name	IGNORED	UNTRACKED-BUILD-ARTIFACT	ACCEPTABLE	low
.venv-rtl/lib/python3.12/site-packages/pip/_vendor/rich/json.py	name	IGNORED	UNTRACKED-BUILD-ARTIFACT	ACCEPTABLE	low
.venv-rtl/lib/python3.12/site-packages/pip/_vendor/rich/jupyter.py	name	IGNORED	UNTRACKED-BUILD-ARTIFACT	ACCEPTABLE	low
.venv-rtl/lib/python3.12/site-packages/pip/_vendor/rich/layout.py	name	IGNORED	UNTRACKED-BUILD-ARTIFACT	ACCEPTABLE	low
.venv-rtl/lib/python3.12/site-packages/pip/_vendor/rich/live.py	name	IGNORED	UNTRACKED-BUILD-ARTIFACT	ACCEPTABLE	low
.venv-rtl/lib/python3.12/site-packages/pip/_vendor/rich/live_render.py	name	IGNORED	UNTRACKED-BUILD-ARTIFACT	ACCEPTABLE	low
.venv-rtl/lib/python3.12/site-packages/pip/_vendor/rich/logging.py	name	IGNORED	UNTRACKED-BUILD-ARTIFACT	ACCEPTABLE	low
.venv-rtl/lib/python3.12/site-packages/pip/_vendor/rich/markup.py	name	IGNORED	UNTRACKED-BUILD-ARTIFACT	ACCEPTABLE	low
.venv-rtl/lib/python3.12/site-packages/pip/_vendor/rich/measure.py	name	IGNORED	UNTRACKED-BUILD-ARTIFACT	ACCEPTABLE	low
.venv-rtl/lib/python3.12/site-packages/pip/_vendor/rich/padding.py	name	IGNORED	UNTRACKED-BUILD-ARTIFACT	ACCEPTABLE	low
.venv-rtl/lib/python3.12/site-packages/pip/_vendor/rich/pager.py	name	IGNORED	UNTRACKED-BUILD-ARTIFACT	ACCEPTABLE	low
.venv-rtl/lib/python3.12/site-packages/pip/_vendor/rich/palette.py	name	IGNORED	UNTRACKED-BUILD-ARTIFACT	ACCEPTABLE	low
.venv-rtl/lib/python3.12/site-packages/pip/_vendor/rich/panel.py	name	IGNORED	UNTRACKED-BUILD-ARTIFACT	ACCEPTABLE	low
.venv-rtl/lib/python3.12/site-packages/pip/_vendor/rich/pretty.py	name	IGNORED	UNTRACKED-BUILD-ARTIFACT	ACCEPTABLE	low
.venv-rtl/lib/python3.12/site-packages/pip/_vendor/rich/progress.py	name	IGNORED	UNTRACKED-BUILD-ARTIFACT	ACCEPTABLE	low
.venv-rtl/lib/python3.12/site-packages/pip/_vendor/rich/progress_bar.py	name	IGNORED	UNTRACKED-BUILD-ARTIFACT	ACCEPTABLE	low
.venv-rtl/lib/python3.12/site-packages/pip/_vendor/rich/prompt.py	name	IGNORED	UNTRACKED-BUILD-ARTIFACT	ACCEPTABLE	low
.venv-rtl/lib/python3.12/site-packages/pip/_vendor/rich/protocol.py	name	IGNORED	UNTRACKED-BUILD-ARTIFACT	ACCEPTABLE	low
.venv-rtl/lib/python3.12/site-packages/pip/_vendor/rich/py.typed	name	IGNORED	UNTRACKED-BUILD-ARTIFACT	ACCEPTABLE	low
.venv-rtl/lib/python3.12/site-packages/pip/_vendor/rich/region.py	name	IGNORED	UNTRACKED-BUILD-ARTIFACT	ACCEPTABLE	low
.venv-rtl/lib/python3.12/site-packages/pip/_vendor/rich/repr.py	name	IGNORED	UNTRACKED-BUILD-ARTIFACT	ACCEPTABLE	low
.venv-rtl/lib/python3.12/site-packages/pip/_vendor/rich/rule.py	name	IGNORED	UNTRACKED-BUILD-ARTIFACT	ACCEPTABLE	low
.venv-rtl/lib/python3.12/site-packages/pip/_vendor/rich/scope.py	name	IGNORED	UNTRACKED-BUILD-ARTIFACT	ACCEPTABLE	low
.venv-rtl/lib/python3.12/site-packages/pip/_vendor/rich/screen.py	name	IGNORED	UNTRACKED-BUILD-ARTIFACT	ACCEPTABLE	low
.venv-rtl/lib/python3.12/site-packages/pip/_vendor/rich/segment.py	name	IGNORED	UNTRACKED-BUILD-ARTIFACT	ACCEPTABLE	low
.venv-rtl/lib/python3.12/site-packages/pip/_vendor/rich/spinner.py	name	IGNORED	UNTRACKED-BUILD-ARTIFACT	ACCEPTABLE	low
.venv-rtl/lib/python3.12/site-packages/pip/_vendor/rich/status.py	name	IGNORED	UNTRACKED-BUILD-ARTIFACT	ACCEPTABLE	low
.venv-rtl/lib/python3.12/site-packages/pip/_vendor/rich/style.py	name	IGNORED	UNTRACKED-BUILD-ARTIFACT	ACCEPTABLE	low
.venv-rtl/lib/python3.12/site-packages/pip/_vendor/rich/styled.py	name	IGNORED	UNTRACKED-BUILD-ARTIFACT	ACCEPTABLE	low
.venv-rtl/lib/python3.12/site-packages/pip/_vendor/rich/syntax.py	name	IGNORED	UNTRACKED-BUILD-ARTIFACT	ACCEPTABLE	low
.venv-rtl/lib/python3.12/site-packages/pip/_vendor/rich/table.py	name	IGNORED	UNTRACKED-BUILD-ARTIFACT	ACCEPTABLE	low
.venv-rtl/lib/python3.12/site-packages/pip/_vendor/rich/terminal_theme.py	name	IGNORED	UNTRACKED-BUILD-ARTIFACT	ACCEPTABLE	low
.venv-rtl/lib/python3.12/site-packages/pip/_vendor/rich/text.py	name	IGNORED	UNTRACKED-BUILD-ARTIFACT	ACCEPTABLE	low
.venv-rtl/lib/python3.12/site-packages/pip/_vendor/rich/theme.py	name	IGNORED	UNTRACKED-BUILD-ARTIFACT	ACCEPTABLE	low
.venv-rtl/lib/python3.12/site-packages/pip/_vendor/rich/themes.py	name	IGNORED	UNTRACKED-BUILD-ARTIFACT	ACCEPTABLE	low
.venv-rtl/lib/python3.12/site-packages/pip/_vendor/rich/traceback.py	name	IGNORED	UNTRACKED-BUILD-ARTIFACT	ACCEPTABLE	low
.venv-rtl/lib/python3.12/site-packages/pip/_vendor/rich/tree.py	name	IGNORED	UNTRACKED-BUILD-ARTIFACT	ACCEPTABLE	low
.venv-rtl/lib/python3.12/site-packages/pip/_vendor/tomli/__init__.py	name	IGNORED	UNTRACKED-BUILD-ARTIFACT	ACCEPTABLE	low
.venv-rtl/lib/python3.12/site-packages/pip/_vendor/tomli/__pycache__/__init__.cpython-312.pyc	name	IGNORED	UNTRACKED-BUILD-ARTIFACT	ACCEPTABLE	low
.venv-rtl/lib/python3.12/site-packages/pip/_vendor/tomli/__pycache__/_parser.cpython-312.pyc	name	IGNORED	UNTRACKED-BUILD-ARTIFACT	ACCEPTABLE	low
.venv-rtl/lib/python3.12/site-packages/pip/_vendor/tomli/__pycache__/_re.cpython-312.pyc	name	IGNORED	UNTRACKED-BUILD-ARTIFACT	ACCEPTABLE	low
.venv-rtl/lib/python3.12/site-packages/pip/_vendor/tomli/__pycache__/_types.cpython-312.pyc	name	IGNORED	UNTRACKED-BUILD-ARTIFACT	ACCEPTABLE	low
.venv-rtl/lib/python3.12/site-packages/pip/_vendor/tomli/_parser.py	name	IGNORED	UNTRACKED-BUILD-ARTIFACT	ACCEPTABLE	low
.venv-rtl/lib/python3.12/site-packages/pip/_vendor/tomli/_re.py	name	IGNORED	UNTRACKED-BUILD-ARTIFACT	ACCEPTABLE	low
.venv-rtl/lib/python3.12/site-packages/pip/_vendor/tomli/_types.py	name	IGNORED	UNTRACKED-BUILD-ARTIFACT	ACCEPTABLE	low
.venv-rtl/lib/python3.12/site-packages/pip/_vendor/tomli/py.typed	name	IGNORED	UNTRACKED-BUILD-ARTIFACT	ACCEPTABLE	low
.venv-rtl/lib/python3.12/site-packages/pip/_vendor/truststore/__init__.py	name	IGNORED	UNTRACKED-BUILD-ARTIFACT	ACCEPTABLE	low
.venv-rtl/lib/python3.12/site-packages/pip/_vendor/truststore/__pycache__/__init__.cpython-312.pyc	name	IGNORED	UNTRACKED-BUILD-ARTIFACT	ACCEPTABLE	low
.venv-rtl/lib/python3.12/site-packages/pip/_vendor/truststore/__pycache__/_api.cpython-312.pyc	name	IGNORED	UNTRACKED-BUILD-ARTIFACT	ACCEPTABLE	low
.venv-rtl/lib/python3.12/site-packages/pip/_vendor/truststore/__pycache__/_macos.cpython-312.pyc	name	IGNORED	UNTRACKED-BUILD-ARTIFACT	ACCEPTABLE	low
.venv-rtl/lib/python3.12/site-packages/pip/_vendor/truststore/__pycache__/_openssl.cpython-312.pyc	name	IGNORED	UNTRACKED-BUILD-ARTIFACT	ACCEPTABLE	low
.venv-rtl/lib/python3.12/site-packages/pip/_vendor/truststore/__pycache__/_ssl_constants.cpython-312.pyc	name	IGNORED	UNTRACKED-BUILD-ARTIFACT	ACCEPTABLE	low
.venv-rtl/lib/python3.12/site-packages/pip/_vendor/truststore/__pycache__/_windows.cpython-312.pyc	name	IGNORED	UNTRACKED-BUILD-ARTIFACT	ACCEPTABLE	low
.venv-rtl/lib/python3.12/site-packages/pip/_vendor/truststore/_api.py	name	IGNORED	UNTRACKED-BUILD-ARTIFACT	ACCEPTABLE	low
.venv-rtl/lib/python3.12/site-packages/pip/_vendor/truststore/_macos.py	name	IGNORED	UNTRACKED-BUILD-ARTIFACT	ACCEPTABLE	low
.venv-rtl/lib/python3.12/site-packages/pip/_vendor/truststore/_openssl.py	name	IGNORED	UNTRACKED-BUILD-ARTIFACT	ACCEPTABLE	low
.venv-rtl/lib/python3.12/site-packages/pip/_vendor/truststore/_ssl_constants.py	name	IGNORED	UNTRACKED-BUILD-ARTIFACT	ACCEPTABLE	low
.venv-rtl/lib/python3.12/site-packages/pip/_vendor/truststore/_windows.py	name	IGNORED	UNTRACKED-BUILD-ARTIFACT	ACCEPTABLE	low
.venv-rtl/lib/python3.12/site-packages/pip/_vendor/truststore/py.typed	name	IGNORED	UNTRACKED-BUILD-ARTIFACT	ACCEPTABLE	low
.venv-rtl/lib/python3.12/site-packages/pip/_vendor/typing_extensions.py	name	IGNORED	UNTRACKED-BUILD-ARTIFACT	ACCEPTABLE	low
.venv-rtl/lib/python3.12/site-packages/pip/_vendor/urllib3/__init__.py	name	IGNORED	UNTRACKED-BUILD-ARTIFACT	ACCEPTABLE	low
.venv-rtl/lib/python3.12/site-packages/pip/_vendor/urllib3/__pycache__/__init__.cpython-312.pyc	name	IGNORED	UNTRACKED-BUILD-ARTIFACT	ACCEPTABLE	low
.venv-rtl/lib/python3.12/site-packages/pip/_vendor/urllib3/__pycache__/_collections.cpython-312.pyc	name	IGNORED	UNTRACKED-BUILD-ARTIFACT	ACCEPTABLE	low
.venv-rtl/lib/python3.12/site-packages/pip/_vendor/urllib3/__pycache__/_version.cpython-312.pyc	name	IGNORED	UNTRACKED-BUILD-ARTIFACT	ACCEPTABLE	low
.venv-rtl/lib/python3.12/site-packages/pip/_vendor/urllib3/__pycache__/connection.cpython-312.pyc	name	IGNORED	UNTRACKED-BUILD-ARTIFACT	ACCEPTABLE	low
.venv-rtl/lib/python3.12/site-packages/pip/_vendor/urllib3/__pycache__/connectionpool.cpython-312.pyc	name	IGNORED	UNTRACKED-BUILD-ARTIFACT	ACCEPTABLE	low
.venv-rtl/lib/python3.12/site-packages/pip/_vendor/urllib3/__pycache__/exceptions.cpython-312.pyc	name	IGNORED	UNTRACKED-BUILD-ARTIFACT	ACCEPTABLE	low
.venv-rtl/lib/python3.12/site-packages/pip/_vendor/urllib3/__pycache__/fields.cpython-312.pyc	name	IGNORED	UNTRACKED-BUILD-ARTIFACT	ACCEPTABLE	low
.venv-rtl/lib/python3.12/site-packages/pip/_vendor/urllib3/__pycache__/filepost.cpython-312.pyc	name	IGNORED	UNTRACKED-BUILD-ARTIFACT	ACCEPTABLE	low
.venv-rtl/lib/python3.12/site-packages/pip/_vendor/urllib3/__pycache__/poolmanager.cpython-312.pyc	name	IGNORED	UNTRACKED-BUILD-ARTIFACT	ACCEPTABLE	low
.venv-rtl/lib/python3.12/site-packages/pip/_vendor/urllib3/__pycache__/request.cpython-312.pyc	name	IGNORED	UNTRACKED-BUILD-ARTIFACT	ACCEPTABLE	low
.venv-rtl/lib/python3.12/site-packages/pip/_vendor/urllib3/__pycache__/response.cpython-312.pyc	name	IGNORED	UNTRACKED-BUILD-ARTIFACT	ACCEPTABLE	low
.venv-rtl/lib/python3.12/site-packages/pip/_vendor/urllib3/_collections.py	name	IGNORED	UNTRACKED-BUILD-ARTIFACT	ACCEPTABLE	low
.venv-rtl/lib/python3.12/site-packages/pip/_vendor/urllib3/_version.py	name	IGNORED	UNTRACKED-BUILD-ARTIFACT	ACCEPTABLE	low
.venv-rtl/lib/python3.12/site-packages/pip/_vendor/urllib3/connection.py	name	IGNORED	UNTRACKED-BUILD-ARTIFACT	ACCEPTABLE	low
.venv-rtl/lib/python3.12/site-packages/pip/_vendor/urllib3/connectionpool.py	name	IGNORED	UNTRACKED-BUILD-ARTIFACT	ACCEPTABLE	low
.venv-rtl/lib/python3.12/site-packages/pip/_vendor/urllib3/contrib/__init__.py	name	IGNORED	UNTRACKED-BUILD-ARTIFACT	ACCEPTABLE	low
.venv-rtl/lib/python3.12/site-packages/pip/_vendor/urllib3/contrib/__pycache__/__init__.cpython-312.pyc	name	IGNORED	UNTRACKED-BUILD-ARTIFACT	ACCEPTABLE	low
.venv-rtl/lib/python3.12/site-packages/pip/_vendor/urllib3/contrib/__pycache__/_appengine_environ.cpython-312.pyc	name	IGNORED	UNTRACKED-BUILD-ARTIFACT	ACCEPTABLE	low
.venv-rtl/lib/python3.12/site-packages/pip/_vendor/urllib3/contrib/__pycache__/appengine.cpython-312.pyc	name	IGNORED	UNTRACKED-BUILD-ARTIFACT	ACCEPTABLE	low
.venv-rtl/lib/python3.12/site-packages/pip/_vendor/urllib3/contrib/__pycache__/ntlmpool.cpython-312.pyc	name	IGNORED	UNTRACKED-BUILD-ARTIFACT	ACCEPTABLE	low
.venv-rtl/lib/python3.12/site-packages/pip/_vendor/urllib3/contrib/__pycache__/pyopenssl.cpython-312.pyc	name	IGNORED	UNTRACKED-BUILD-ARTIFACT	ACCEPTABLE	low
.venv-rtl/lib/python3.12/site-packages/pip/_vendor/urllib3/contrib/__pycache__/securetransport.cpython-312.pyc	name	IGNORED	UNTRACKED-BUILD-ARTIFACT	ACCEPTABLE	low
.venv-rtl/lib/python3.12/site-packages/pip/_vendor/urllib3/contrib/__pycache__/socks.cpython-312.pyc	name	IGNORED	UNTRACKED-BUILD-ARTIFACT	ACCEPTABLE	low
.venv-rtl/lib/python3.12/site-packages/pip/_vendor/urllib3/contrib/_appengine_environ.py	name	IGNORED	UNTRACKED-BUILD-ARTIFACT	ACCEPTABLE	low
.venv-rtl/lib/python3.12/site-packages/pip/_vendor/urllib3/contrib/_securetransport/__init__.py	name	IGNORED	UNTRACKED-BUILD-ARTIFACT	ACCEPTABLE	low
.venv-rtl/lib/python3.12/site-packages/pip/_vendor/urllib3/contrib/_securetransport/__pycache__/__init__.cpython-312.pyc	name	IGNORED	UNTRACKED-BUILD-ARTIFACT	ACCEPTABLE	low
.venv-rtl/lib/python3.12/site-packages/pip/_vendor/urllib3/contrib/_securetransport/__pycache__/bindings.cpython-312.pyc	name	IGNORED	UNTRACKED-BUILD-ARTIFACT	ACCEPTABLE	low
.venv-rtl/lib/python3.12/site-packages/pip/_vendor/urllib3/contrib/_securetransport/__pycache__/low_level.cpython-312.pyc	name	IGNORED	UNTRACKED-BUILD-ARTIFACT	ACCEPTABLE	low
.venv-rtl/lib/python3.12/site-packages/pip/_vendor/urllib3/contrib/_securetransport/bindings.py	name	IGNORED	UNTRACKED-BUILD-ARTIFACT	ACCEPTABLE	low
.venv-rtl/lib/python3.12/site-packages/pip/_vendor/urllib3/contrib/_securetransport/low_level.py	name	IGNORED	UNTRACKED-BUILD-ARTIFACT	ACCEPTABLE	low
.venv-rtl/lib/python3.12/site-packages/pip/_vendor/urllib3/contrib/appengine.py	name	IGNORED	UNTRACKED-BUILD-ARTIFACT	ACCEPTABLE	low
.venv-rtl/lib/python3.12/site-packages/pip/_vendor/urllib3/contrib/ntlmpool.py	name	IGNORED	UNTRACKED-BUILD-ARTIFACT	ACCEPTABLE	low
.venv-rtl/lib/python3.12/site-packages/pip/_vendor/urllib3/contrib/pyopenssl.py	name	IGNORED	UNTRACKED-BUILD-ARTIFACT	ACCEPTABLE	low
.venv-rtl/lib/python3.12/site-packages/pip/_vendor/urllib3/contrib/securetransport.py	name	IGNORED	UNTRACKED-BUILD-ARTIFACT	ACCEPTABLE	low
.venv-rtl/lib/python3.12/site-packages/pip/_vendor/urllib3/contrib/socks.py	name	IGNORED	UNTRACKED-BUILD-ARTIFACT	ACCEPTABLE	low
.venv-rtl/lib/python3.12/site-packages/pip/_vendor/urllib3/exceptions.py	name	IGNORED	UNTRACKED-BUILD-ARTIFACT	ACCEPTABLE	low
.venv-rtl/lib/python3.12/site-packages/pip/_vendor/urllib3/fields.py	name	IGNORED	UNTRACKED-BUILD-ARTIFACT	ACCEPTABLE	low
.venv-rtl/lib/python3.12/site-packages/pip/_vendor/urllib3/filepost.py	name	IGNORED	UNTRACKED-BUILD-ARTIFACT	ACCEPTABLE	low
.venv-rtl/lib/python3.12/site-packages/pip/_vendor/urllib3/packages/__init__.py	name	IGNORED	UNTRACKED-BUILD-ARTIFACT	ACCEPTABLE	low
.venv-rtl/lib/python3.12/site-packages/pip/_vendor/urllib3/packages/__pycache__/__init__.cpython-312.pyc	name	IGNORED	UNTRACKED-BUILD-ARTIFACT	ACCEPTABLE	low
.venv-rtl/lib/python3.12/site-packages/pip/_vendor/urllib3/packages/__pycache__/six.cpython-312.pyc	name	IGNORED	UNTRACKED-BUILD-ARTIFACT	ACCEPTABLE	low
.venv-rtl/lib/python3.12/site-packages/pip/_vendor/urllib3/packages/backports/__init__.py	name	IGNORED	UNTRACKED-BUILD-ARTIFACT	ACCEPTABLE	low
.venv-rtl/lib/python3.12/site-packages/pip/_vendor/urllib3/packages/backports/__pycache__/__init__.cpython-312.pyc	name	IGNORED	UNTRACKED-BUILD-ARTIFACT	ACCEPTABLE	low
.venv-rtl/lib/python3.12/site-packages/pip/_vendor/urllib3/packages/backports/__pycache__/makefile.cpython-312.pyc	name	IGNORED	UNTRACKED-BUILD-ARTIFACT	ACCEPTABLE	low
.venv-rtl/lib/python3.12/site-packages/pip/_vendor/urllib3/packages/backports/__pycache__/weakref_finalize.cpython-312.pyc	name	IGNORED	UNTRACKED-BUILD-ARTIFACT	ACCEPTABLE	low
.venv-rtl/lib/python3.12/site-packages/pip/_vendor/urllib3/packages/backports/makefile.py	name	IGNORED	UNTRACKED-BUILD-ARTIFACT	ACCEPTABLE	low
.venv-rtl/lib/python3.12/site-packages/pip/_vendor/urllib3/packages/backports/weakref_finalize.py	name	IGNORED	UNTRACKED-BUILD-ARTIFACT	ACCEPTABLE	low
.venv-rtl/lib/python3.12/site-packages/pip/_vendor/urllib3/packages/six.py	name	IGNORED	UNTRACKED-BUILD-ARTIFACT	ACCEPTABLE	low
.venv-rtl/lib/python3.12/site-packages/pip/_vendor/urllib3/poolmanager.py	name	IGNORED	UNTRACKED-BUILD-ARTIFACT	ACCEPTABLE	low
.venv-rtl/lib/python3.12/site-packages/pip/_vendor/urllib3/request.py	name	IGNORED	UNTRACKED-BUILD-ARTIFACT	ACCEPTABLE	low
.venv-rtl/lib/python3.12/site-packages/pip/_vendor/urllib3/response.py	name	IGNORED	UNTRACKED-BUILD-ARTIFACT	ACCEPTABLE	low
.venv-rtl/lib/python3.12/site-packages/pip/_vendor/urllib3/util/__init__.py	name	IGNORED	UNTRACKED-BUILD-ARTIFACT	ACCEPTABLE	low
.venv-rtl/lib/python3.12/site-packages/pip/_vendor/urllib3/util/__pycache__/__init__.cpython-312.pyc	name	IGNORED	UNTRACKED-BUILD-ARTIFACT	ACCEPTABLE	low
.venv-rtl/lib/python3.12/site-packages/pip/_vendor/urllib3/util/__pycache__/connection.cpython-312.pyc	name	IGNORED	UNTRACKED-BUILD-ARTIFACT	ACCEPTABLE	low
.venv-rtl/lib/python3.12/site-packages/pip/_vendor/urllib3/util/__pycache__/proxy.cpython-312.pyc	name	IGNORED	UNTRACKED-BUILD-ARTIFACT	ACCEPTABLE	low
.venv-rtl/lib/python3.12/site-packages/pip/_vendor/urllib3/util/__pycache__/queue.cpython-312.pyc	name	IGNORED	UNTRACKED-BUILD-ARTIFACT	ACCEPTABLE	low
.venv-rtl/lib/python3.12/site-packages/pip/_vendor/urllib3/util/__pycache__/request.cpython-312.pyc	name	IGNORED	UNTRACKED-BUILD-ARTIFACT	ACCEPTABLE	low
.venv-rtl/lib/python3.12/site-packages/pip/_vendor/urllib3/util/__pycache__/response.cpython-312.pyc	name	IGNORED	UNTRACKED-BUILD-ARTIFACT	ACCEPTABLE	low
.venv-rtl/lib/python3.12/site-packages/pip/_vendor/urllib3/util/__pycache__/retry.cpython-312.pyc	name	IGNORED	UNTRACKED-BUILD-ARTIFACT	ACCEPTABLE	low
.venv-rtl/lib/python3.12/site-packages/pip/_vendor/urllib3/util/__pycache__/ssl_.cpython-312.pyc	name	IGNORED	UNTRACKED-BUILD-ARTIFACT	ACCEPTABLE	low
.venv-rtl/lib/python3.12/site-packages/pip/_vendor/urllib3/util/__pycache__/ssl_match_hostname.cpython-312.pyc	name	IGNORED	UNTRACKED-BUILD-ARTIFACT	ACCEPTABLE	low
.venv-rtl/lib/python3.12/site-packages/pip/_vendor/urllib3/util/__pycache__/ssltransport.cpython-312.pyc	name	IGNORED	UNTRACKED-BUILD-ARTIFACT	ACCEPTABLE	low
.venv-rtl/lib/python3.12/site-packages/pip/_vendor/urllib3/util/__pycache__/timeout.cpython-312.pyc	name	IGNORED	UNTRACKED-BUILD-ARTIFACT	ACCEPTABLE	low
.venv-rtl/lib/python3.12/site-packages/pip/_vendor/urllib3/util/__pycache__/url.cpython-312.pyc	name	IGNORED	UNTRACKED-BUILD-ARTIFACT	ACCEPTABLE	low
.venv-rtl/lib/python3.12/site-packages/pip/_vendor/urllib3/util/__pycache__/wait.cpython-312.pyc	name	IGNORED	UNTRACKED-BUILD-ARTIFACT	ACCEPTABLE	low
.venv-rtl/lib/python3.12/site-packages/pip/_vendor/urllib3/util/connection.py	name	IGNORED	UNTRACKED-BUILD-ARTIFACT	ACCEPTABLE	low
.venv-rtl/lib/python3.12/site-packages/pip/_vendor/urllib3/util/proxy.py	name	IGNORED	UNTRACKED-BUILD-ARTIFACT	ACCEPTABLE	low
.venv-rtl/lib/python3.12/site-packages/pip/_vendor/urllib3/util/queue.py	name	IGNORED	UNTRACKED-BUILD-ARTIFACT	ACCEPTABLE	low
.venv-rtl/lib/python3.12/site-packages/pip/_vendor/urllib3/util/request.py	name	IGNORED	UNTRACKED-BUILD-ARTIFACT	ACCEPTABLE	low
.venv-rtl/lib/python3.12/site-packages/pip/_vendor/urllib3/util/response.py	name	IGNORED	UNTRACKED-BUILD-ARTIFACT	ACCEPTABLE	low
.venv-rtl/lib/python3.12/site-packages/pip/_vendor/urllib3/util/retry.py	name	IGNORED	UNTRACKED-BUILD-ARTIFACT	ACCEPTABLE	low
.venv-rtl/lib/python3.12/site-packages/pip/_vendor/urllib3/util/ssl_.py	name	IGNORED	UNTRACKED-BUILD-ARTIFACT	ACCEPTABLE	low
.venv-rtl/lib/python3.12/site-packages/pip/_vendor/urllib3/util/ssl_match_hostname.py	name	IGNORED	UNTRACKED-BUILD-ARTIFACT	ACCEPTABLE	low
.venv-rtl/lib/python3.12/site-packages/pip/_vendor/urllib3/util/ssltransport.py	name	IGNORED	UNTRACKED-BUILD-ARTIFACT	ACCEPTABLE	low
.venv-rtl/lib/python3.12/site-packages/pip/_vendor/urllib3/util/timeout.py	name	IGNORED	UNTRACKED-BUILD-ARTIFACT	ACCEPTABLE	low
.venv-rtl/lib/python3.12/site-packages/pip/_vendor/urllib3/util/url.py	name	IGNORED	UNTRACKED-BUILD-ARTIFACT	ACCEPTABLE	low
.venv-rtl/lib/python3.12/site-packages/pip/_vendor/urllib3/util/wait.py	name	IGNORED	UNTRACKED-BUILD-ARTIFACT	ACCEPTABLE	low
.venv-rtl/lib/python3.12/site-packages/pip/_vendor/vendor.txt	name	IGNORED	UNTRACKED-BUILD-ARTIFACT	ACCEPTABLE	low
.venv-rtl/lib/python3.12/site-packages/pip/py.typed	name	IGNORED	UNTRACKED-BUILD-ARTIFACT	ACCEPTABLE	low
.venv-rtl/lib/python3.12/site-packages/pluggy-1.6.0.dist-info/INSTALLER	name	IGNORED	UNTRACKED-BUILD-ARTIFACT	ACCEPTABLE	low
.venv-rtl/lib/python3.12/site-packages/pluggy-1.6.0.dist-info/METADATA	name	IGNORED	UNTRACKED-BUILD-ARTIFACT	ACCEPTABLE	low
.venv-rtl/lib/python3.12/site-packages/pluggy-1.6.0.dist-info/RECORD	name	IGNORED	UNTRACKED-BUILD-ARTIFACT	ACCEPTABLE	low
.venv-rtl/lib/python3.12/site-packages/pluggy-1.6.0.dist-info/WHEEL	name	IGNORED	UNTRACKED-BUILD-ARTIFACT	ACCEPTABLE	low
.venv-rtl/lib/python3.12/site-packages/pluggy-1.6.0.dist-info/licenses/LICENSE	name	IGNORED	UNTRACKED-BUILD-ARTIFACT	ACCEPTABLE	low
.venv-rtl/lib/python3.12/site-packages/pluggy-1.6.0.dist-info/top_level.txt	name	IGNORED	UNTRACKED-BUILD-ARTIFACT	ACCEPTABLE	low
.venv-rtl/lib/python3.12/site-packages/pluggy/__init__.py	name	IGNORED	UNTRACKED-BUILD-ARTIFACT	ACCEPTABLE	low
.venv-rtl/lib/python3.12/site-packages/pluggy/__pycache__/__init__.cpython-312.pyc	name	IGNORED	UNTRACKED-BUILD-ARTIFACT	ACCEPTABLE	low
.venv-rtl/lib/python3.12/site-packages/pluggy/__pycache__/_callers.cpython-312.pyc	name	IGNORED	UNTRACKED-BUILD-ARTIFACT	ACCEPTABLE	low
.venv-rtl/lib/python3.12/site-packages/pluggy/__pycache__/_hooks.cpython-312.pyc	name	IGNORED	UNTRACKED-BUILD-ARTIFACT	ACCEPTABLE	low
.venv-rtl/lib/python3.12/site-packages/pluggy/__pycache__/_manager.cpython-312.pyc	name	IGNORED	UNTRACKED-BUILD-ARTIFACT	ACCEPTABLE	low
.venv-rtl/lib/python3.12/site-packages/pluggy/__pycache__/_result.cpython-312.pyc	name	IGNORED	UNTRACKED-BUILD-ARTIFACT	ACCEPTABLE	low
.venv-rtl/lib/python3.12/site-packages/pluggy/__pycache__/_tracing.cpython-312.pyc	name	IGNORED	UNTRACKED-BUILD-ARTIFACT	ACCEPTABLE	low
.venv-rtl/lib/python3.12/site-packages/pluggy/__pycache__/_version.cpython-312.pyc	name	IGNORED	UNTRACKED-BUILD-ARTIFACT	ACCEPTABLE	low
.venv-rtl/lib/python3.12/site-packages/pluggy/__pycache__/_warnings.cpython-312.pyc	name	IGNORED	UNTRACKED-BUILD-ARTIFACT	ACCEPTABLE	low
.venv-rtl/lib/python3.12/site-packages/pluggy/_callers.py	name	IGNORED	UNTRACKED-BUILD-ARTIFACT	ACCEPTABLE	low
.venv-rtl/lib/python3.12/site-packages/pluggy/_hooks.py	name	IGNORED	UNTRACKED-BUILD-ARTIFACT	ACCEPTABLE	low
.venv-rtl/lib/python3.12/site-packages/pluggy/_manager.py	name	IGNORED	UNTRACKED-BUILD-ARTIFACT	ACCEPTABLE	low
.venv-rtl/lib/python3.12/site-packages/pluggy/_result.py	name	IGNORED	UNTRACKED-BUILD-ARTIFACT	ACCEPTABLE	low
.venv-rtl/lib/python3.12/site-packages/pluggy/_tracing.py	name	IGNORED	UNTRACKED-BUILD-ARTIFACT	ACCEPTABLE	low
.venv-rtl/lib/python3.12/site-packages/pluggy/_version.py	name	IGNORED	UNTRACKED-BUILD-ARTIFACT	ACCEPTABLE	low
.venv-rtl/lib/python3.12/site-packages/pluggy/_warnings.py	name	IGNORED	UNTRACKED-BUILD-ARTIFACT	ACCEPTABLE	low
.venv-rtl/lib/python3.12/site-packages/pluggy/py.typed	name	IGNORED	UNTRACKED-BUILD-ARTIFACT	ACCEPTABLE	low
.venv-rtl/lib/python3.12/site-packages/py.py	name	IGNORED	UNTRACKED-BUILD-ARTIFACT	ACCEPTABLE	low
.venv-rtl/lib/python3.12/site-packages/pygments-2.21.0.dist-info/INSTALLER	name	IGNORED	UNTRACKED-BUILD-ARTIFACT	ACCEPTABLE	low
.venv-rtl/lib/python3.12/site-packages/pygments-2.21.0.dist-info/METADATA	name	IGNORED	UNTRACKED-BUILD-ARTIFACT	ACCEPTABLE	low
.venv-rtl/lib/python3.12/site-packages/pygments-2.21.0.dist-info/RECORD	name	IGNORED	UNTRACKED-BUILD-ARTIFACT	ACCEPTABLE	low
.venv-rtl/lib/python3.12/site-packages/pygments-2.21.0.dist-info/WHEEL	name	IGNORED	UNTRACKED-BUILD-ARTIFACT	ACCEPTABLE	low
.venv-rtl/lib/python3.12/site-packages/pygments-2.21.0.dist-info/entry_points.txt	name	IGNORED	UNTRACKED-BUILD-ARTIFACT	ACCEPTABLE	low
.venv-rtl/lib/python3.12/site-packages/pygments-2.21.0.dist-info/licenses/AUTHORS	name	IGNORED	UNTRACKED-BUILD-ARTIFACT	ACCEPTABLE	low
.venv-rtl/lib/python3.12/site-packages/pygments-2.21.0.dist-info/licenses/LICENSE	name	IGNORED	UNTRACKED-BUILD-ARTIFACT	ACCEPTABLE	low
.venv-rtl/lib/python3.12/site-packages/pygments/__init__.py	name	IGNORED	UNTRACKED-BUILD-ARTIFACT	ACCEPTABLE	low
.venv-rtl/lib/python3.12/site-packages/pygments/__main__.py	name	IGNORED	UNTRACKED-BUILD-ARTIFACT	ACCEPTABLE	low
.venv-rtl/lib/python3.12/site-packages/pygments/__pycache__/__init__.cpython-312.pyc	name	IGNORED	UNTRACKED-BUILD-ARTIFACT	ACCEPTABLE	low
.venv-rtl/lib/python3.12/site-packages/pygments/__pycache__/__main__.cpython-312.pyc	name	IGNORED	UNTRACKED-BUILD-ARTIFACT	ACCEPTABLE	low
.venv-rtl/lib/python3.12/site-packages/pygments/__pycache__/cmdline.cpython-312.pyc	name	IGNORED	UNTRACKED-BUILD-ARTIFACT	ACCEPTABLE	low
.venv-rtl/lib/python3.12/site-packages/pygments/__pycache__/console.cpython-312.pyc	name	IGNORED	UNTRACKED-BUILD-ARTIFACT	ACCEPTABLE	low
.venv-rtl/lib/python3.12/site-packages/pygments/__pycache__/filter.cpython-312.pyc	name	IGNORED	UNTRACKED-BUILD-ARTIFACT	ACCEPTABLE	low
.venv-rtl/lib/python3.12/site-packages/pygments/__pycache__/formatter.cpython-312.pyc	name	IGNORED	UNTRACKED-BUILD-ARTIFACT	ACCEPTABLE	low
.venv-rtl/lib/python3.12/site-packages/pygments/__pycache__/lexer.cpython-312.pyc	name	IGNORED	UNTRACKED-BUILD-ARTIFACT	ACCEPTABLE	low
.venv-rtl/lib/python3.12/site-packages/pygments/__pycache__/modeline.cpython-312.pyc	name	IGNORED	UNTRACKED-BUILD-ARTIFACT	ACCEPTABLE	low
.venv-rtl/lib/python3.12/site-packages/pygments/__pycache__/plugin.cpython-312.pyc	name	IGNORED	UNTRACKED-BUILD-ARTIFACT	ACCEPTABLE	low
.venv-rtl/lib/python3.12/site-packages/pygments/__pycache__/regexopt.cpython-312.pyc	name	IGNORED	UNTRACKED-BUILD-ARTIFACT	ACCEPTABLE	low
.venv-rtl/lib/python3.12/site-packages/pygments/__pycache__/scanner.cpython-312.pyc	name	IGNORED	UNTRACKED-BUILD-ARTIFACT	ACCEPTABLE	low
.venv-rtl/lib/python3.12/site-packages/pygments/__pycache__/sphinxext.cpython-312.pyc	name	IGNORED	UNTRACKED-BUILD-ARTIFACT	ACCEPTABLE	low
.venv-rtl/lib/python3.12/site-packages/pygments/__pycache__/style.cpython-312.pyc	name	IGNORED	UNTRACKED-BUILD-ARTIFACT	ACCEPTABLE	low
.venv-rtl/lib/python3.12/site-packages/pygments/__pycache__/token.cpython-312.pyc	name	IGNORED	UNTRACKED-BUILD-ARTIFACT	ACCEPTABLE	low
.venv-rtl/lib/python3.12/site-packages/pygments/__pycache__/unistring.cpython-312.pyc	name	IGNORED	UNTRACKED-BUILD-ARTIFACT	ACCEPTABLE	low
.venv-rtl/lib/python3.12/site-packages/pygments/__pycache__/util.cpython-312.pyc	name	IGNORED	UNTRACKED-BUILD-ARTIFACT	ACCEPTABLE	low
.venv-rtl/lib/python3.12/site-packages/pygments/cmdline.py	name	IGNORED	UNTRACKED-BUILD-ARTIFACT	ACCEPTABLE	low
.venv-rtl/lib/python3.12/site-packages/pygments/console.py	name	IGNORED	UNTRACKED-BUILD-ARTIFACT	ACCEPTABLE	low
.venv-rtl/lib/python3.12/site-packages/pygments/filter.py	name	IGNORED	UNTRACKED-BUILD-ARTIFACT	ACCEPTABLE	low
.venv-rtl/lib/python3.12/site-packages/pygments/filters/__init__.py	name	IGNORED	UNTRACKED-BUILD-ARTIFACT	ACCEPTABLE	low
.venv-rtl/lib/python3.12/site-packages/pygments/filters/__pycache__/__init__.cpython-312.pyc	name	IGNORED	UNTRACKED-BUILD-ARTIFACT	ACCEPTABLE	low
.venv-rtl/lib/python3.12/site-packages/pygments/formatter.py	name	IGNORED	UNTRACKED-BUILD-ARTIFACT	ACCEPTABLE	low
.venv-rtl/lib/python3.12/site-packages/pygments/formatters/__init__.py	name	IGNORED	UNTRACKED-BUILD-ARTIFACT	ACCEPTABLE	low
.venv-rtl/lib/python3.12/site-packages/pygments/formatters/__pycache__/__init__.cpython-312.pyc	name	IGNORED	UNTRACKED-BUILD-ARTIFACT	ACCEPTABLE	low
.venv-rtl/lib/python3.12/site-packages/pygments/formatters/__pycache__/_mapping.cpython-312.pyc	name	IGNORED	UNTRACKED-BUILD-ARTIFACT	ACCEPTABLE	low
.venv-rtl/lib/python3.12/site-packages/pygments/formatters/__pycache__/bbcode.cpython-312.pyc	name	IGNORED	UNTRACKED-BUILD-ARTIFACT	ACCEPTABLE	low
.venv-rtl/lib/python3.12/site-packages/pygments/formatters/__pycache__/groff.cpython-312.pyc	name	IGNORED	UNTRACKED-BUILD-ARTIFACT	ACCEPTABLE	low
.venv-rtl/lib/python3.12/site-packages/pygments/formatters/__pycache__/html.cpython-312.pyc	name	IGNORED	UNTRACKED-BUILD-ARTIFACT	ACCEPTABLE	low
.venv-rtl/lib/python3.12/site-packages/pygments/formatters/__pycache__/img.cpython-312.pyc	name	IGNORED	UNTRACKED-BUILD-ARTIFACT	ACCEPTABLE	low
.venv-rtl/lib/python3.12/site-packages/pygments/formatters/__pycache__/irc.cpython-312.pyc	name	IGNORED	UNTRACKED-BUILD-ARTIFACT	ACCEPTABLE	low
.venv-rtl/lib/python3.12/site-packages/pygments/formatters/__pycache__/latex.cpython-312.pyc	name	IGNORED	UNTRACKED-BUILD-ARTIFACT	ACCEPTABLE	low
.venv-rtl/lib/python3.12/site-packages/pygments/formatters/__pycache__/other.cpython-312.pyc	name	IGNORED	UNTRACKED-BUILD-ARTIFACT	ACCEPTABLE	low
.venv-rtl/lib/python3.12/site-packages/pygments/formatters/__pycache__/pangomarkup.cpython-312.pyc	name	IGNORED	UNTRACKED-BUILD-ARTIFACT	ACCEPTABLE	low
.venv-rtl/lib/python3.12/site-packages/pygments/formatters/__pycache__/rtf.cpython-312.pyc	name	IGNORED	UNTRACKED-BUILD-ARTIFACT	ACCEPTABLE	low
.venv-rtl/lib/python3.12/site-packages/pygments/formatters/__pycache__/svg.cpython-312.pyc	name	IGNORED	UNTRACKED-BUILD-ARTIFACT	ACCEPTABLE	low
.venv-rtl/lib/python3.12/site-packages/pygments/formatters/__pycache__/terminal.cpython-312.pyc	name	IGNORED	UNTRACKED-BUILD-ARTIFACT	ACCEPTABLE	low
.venv-rtl/lib/python3.12/site-packages/pygments/formatters/__pycache__/terminal256.cpython-312.pyc	name	IGNORED	UNTRACKED-BUILD-ARTIFACT	ACCEPTABLE	low
.venv-rtl/lib/python3.12/site-packages/pygments/formatters/_mapping.py	name	IGNORED	UNTRACKED-BUILD-ARTIFACT	ACCEPTABLE	low
.venv-rtl/lib/python3.12/site-packages/pygments/formatters/bbcode.py	name	IGNORED	UNTRACKED-BUILD-ARTIFACT	ACCEPTABLE	low
.venv-rtl/lib/python3.12/site-packages/pygments/formatters/groff.py	name	IGNORED	UNTRACKED-BUILD-ARTIFACT	ACCEPTABLE	low
.venv-rtl/lib/python3.12/site-packages/pygments/formatters/html.py	name	IGNORED	UNTRACKED-BUILD-ARTIFACT	ACCEPTABLE	low
.venv-rtl/lib/python3.12/site-packages/pygments/formatters/img.py	name	IGNORED	UNTRACKED-BUILD-ARTIFACT	ACCEPTABLE	low
.venv-rtl/lib/python3.12/site-packages/pygments/formatters/irc.py	name	IGNORED	UNTRACKED-BUILD-ARTIFACT	ACCEPTABLE	low
.venv-rtl/lib/python3.12/site-packages/pygments/formatters/latex.py	name	IGNORED	UNTRACKED-BUILD-ARTIFACT	ACCEPTABLE	low
.venv-rtl/lib/python3.12/site-packages/pygments/formatters/other.py	name	IGNORED	UNTRACKED-BUILD-ARTIFACT	ACCEPTABLE	low
.venv-rtl/lib/python3.12/site-packages/pygments/formatters/pangomarkup.py	name	IGNORED	UNTRACKED-BUILD-ARTIFACT	ACCEPTABLE	low
.venv-rtl/lib/python3.12/site-packages/pygments/formatters/rtf.py	name	IGNORED	UNTRACKED-BUILD-ARTIFACT	ACCEPTABLE	low
.venv-rtl/lib/python3.12/site-packages/pygments/formatters/svg.py	name	IGNORED	UNTRACKED-BUILD-ARTIFACT	ACCEPTABLE	low
.venv-rtl/lib/python3.12/site-packages/pygments/formatters/terminal.py	name	IGNORED	UNTRACKED-BUILD-ARTIFACT	ACCEPTABLE	low
.venv-rtl/lib/python3.12/site-packages/pygments/formatters/terminal256.py	name	IGNORED	UNTRACKED-BUILD-ARTIFACT	ACCEPTABLE	low
.venv-rtl/lib/python3.12/site-packages/pygments/lexer.py	name	IGNORED	UNTRACKED-BUILD-ARTIFACT	ACCEPTABLE	low
.venv-rtl/lib/python3.12/site-packages/pygments/lexers/__init__.py	name	IGNORED	UNTRACKED-BUILD-ARTIFACT	ACCEPTABLE	low
.venv-rtl/lib/python3.12/site-packages/pygments/lexers/__pycache__/__init__.cpython-312.pyc	name	IGNORED	UNTRACKED-BUILD-ARTIFACT	ACCEPTABLE	low
.venv-rtl/lib/python3.12/site-packages/pygments/lexers/__pycache__/_ada_builtins.cpython-312.pyc	name	IGNORED	UNTRACKED-BUILD-ARTIFACT	ACCEPTABLE	low
.venv-rtl/lib/python3.12/site-packages/pygments/lexers/__pycache__/_asy_builtins.cpython-312.pyc	name	IGNORED	UNTRACKED-BUILD-ARTIFACT	ACCEPTABLE	low
.venv-rtl/lib/python3.12/site-packages/pygments/lexers/__pycache__/_cl_builtins.cpython-312.pyc	name	IGNORED	UNTRACKED-BUILD-ARTIFACT	ACCEPTABLE	low
.venv-rtl/lib/python3.12/site-packages/pygments/lexers/__pycache__/_cocoa_builtins.cpython-312.pyc	name	IGNORED	UNTRACKED-BUILD-ARTIFACT	ACCEPTABLE	low
.venv-rtl/lib/python3.12/site-packages/pygments/lexers/__pycache__/_csound_builtins.cpython-312.pyc	name	IGNORED	UNTRACKED-BUILD-ARTIFACT	ACCEPTABLE	low
.venv-rtl/lib/python3.12/site-packages/pygments/lexers/__pycache__/_css_builtins.cpython-312.pyc	name	IGNORED	UNTRACKED-BUILD-ARTIFACT	ACCEPTABLE	low
.venv-rtl/lib/python3.12/site-packages/pygments/lexers/__pycache__/_googlesql_builtins.cpython-312.pyc	name	IGNORED	UNTRACKED-BUILD-ARTIFACT	ACCEPTABLE	low
.venv-rtl/lib/python3.12/site-packages/pygments/lexers/__pycache__/_julia_builtins.cpython-312.pyc	name	IGNORED	UNTRACKED-BUILD-ARTIFACT	ACCEPTABLE	low
.venv-rtl/lib/python3.12/site-packages/pygments/lexers/__pycache__/_lasso_builtins.cpython-312.pyc	name	IGNORED	UNTRACKED-BUILD-ARTIFACT	ACCEPTABLE	low
.venv-rtl/lib/python3.12/site-packages/pygments/lexers/__pycache__/_lilypond_builtins.cpython-312.pyc	name	IGNORED	UNTRACKED-BUILD-ARTIFACT	ACCEPTABLE	low
.venv-rtl/lib/python3.12/site-packages/pygments/lexers/__pycache__/_lua_builtins.cpython-312.pyc	name	IGNORED	UNTRACKED-BUILD-ARTIFACT	ACCEPTABLE	low
.venv-rtl/lib/python3.12/site-packages/pygments/lexers/__pycache__/_luau_builtins.cpython-312.pyc	name	IGNORED	UNTRACKED-BUILD-ARTIFACT	ACCEPTABLE	low
.venv-rtl/lib/python3.12/site-packages/pygments/lexers/__pycache__/_mapping.cpython-312.pyc	name	IGNORED	UNTRACKED-BUILD-ARTIFACT	ACCEPTABLE	low
.venv-rtl/lib/python3.12/site-packages/pygments/lexers/__pycache__/_mql_builtins.cpython-312.pyc	name	IGNORED	UNTRACKED-BUILD-ARTIFACT	ACCEPTABLE	low
.venv-rtl/lib/python3.12/site-packages/pygments/lexers/__pycache__/_mysql_builtins.cpython-312.pyc	name	IGNORED	UNTRACKED-BUILD-ARTIFACT	ACCEPTABLE	low
.venv-rtl/lib/python3.12/site-packages/pygments/lexers/__pycache__/_openedge_builtins.cpython-312.pyc	name	IGNORED	UNTRACKED-BUILD-ARTIFACT	ACCEPTABLE	low
.venv-rtl/lib/python3.12/site-packages/pygments/lexers/__pycache__/_php_builtins.cpython-312.pyc	name	IGNORED	UNTRACKED-BUILD-ARTIFACT	ACCEPTABLE	low
.venv-rtl/lib/python3.12/site-packages/pygments/lexers/__pycache__/_postgres_builtins.cpython-312.pyc	name	IGNORED	UNTRACKED-BUILD-ARTIFACT	ACCEPTABLE	low
.venv-rtl/lib/python3.12/site-packages/pygments/lexers/__pycache__/_qlik_builtins.cpython-312.pyc	name	IGNORED	UNTRACKED-BUILD-ARTIFACT	ACCEPTABLE	low
.venv-rtl/lib/python3.12/site-packages/pygments/lexers/__pycache__/_scheme_builtins.cpython-312.pyc	name	IGNORED	UNTRACKED-BUILD-ARTIFACT	ACCEPTABLE	low
.venv-rtl/lib/python3.12/site-packages/pygments/lexers/__pycache__/_scilab_builtins.cpython-312.pyc	name	IGNORED	UNTRACKED-BUILD-ARTIFACT	ACCEPTABLE	low
.venv-rtl/lib/python3.12/site-packages/pygments/lexers/__pycache__/_sourcemod_builtins.cpython-312.pyc	name	IGNORED	UNTRACKED-BUILD-ARTIFACT	ACCEPTABLE	low
.venv-rtl/lib/python3.12/site-packages/pygments/lexers/__pycache__/_sql_builtins.cpython-312.pyc	name	IGNORED	UNTRACKED-BUILD-ARTIFACT	ACCEPTABLE	low
.venv-rtl/lib/python3.12/site-packages/pygments/lexers/__pycache__/_stan_builtins.cpython-312.pyc	name	IGNORED	UNTRACKED-BUILD-ARTIFACT	ACCEPTABLE	low
.venv-rtl/lib/python3.12/site-packages/pygments/lexers/__pycache__/_stata_builtins.cpython-312.pyc	name	IGNORED	UNTRACKED-BUILD-ARTIFACT	ACCEPTABLE	low
.venv-rtl/lib/python3.12/site-packages/pygments/lexers/__pycache__/_tsql_builtins.cpython-312.pyc	name	IGNORED	UNTRACKED-BUILD-ARTIFACT	ACCEPTABLE	low
.venv-rtl/lib/python3.12/site-packages/pygments/lexers/__pycache__/_usd_builtins.cpython-312.pyc	name	IGNORED	UNTRACKED-BUILD-ARTIFACT	ACCEPTABLE	low
.venv-rtl/lib/python3.12/site-packages/pygments/lexers/__pycache__/_vbscript_builtins.cpython-312.pyc	name	IGNORED	UNTRACKED-BUILD-ARTIFACT	ACCEPTABLE	low
.venv-rtl/lib/python3.12/site-packages/pygments/lexers/__pycache__/_vim_builtins.cpython-312.pyc	name	IGNORED	UNTRACKED-BUILD-ARTIFACT	ACCEPTABLE	low
.venv-rtl/lib/python3.12/site-packages/pygments/lexers/__pycache__/actionscript.cpython-312.pyc	name	IGNORED	UNTRACKED-BUILD-ARTIFACT	ACCEPTABLE	low
.venv-rtl/lib/python3.12/site-packages/pygments/lexers/__pycache__/ada.cpython-312.pyc	name	IGNORED	UNTRACKED-BUILD-ARTIFACT	ACCEPTABLE	low
.venv-rtl/lib/python3.12/site-packages/pygments/lexers/__pycache__/agile.cpython-312.pyc	name	IGNORED	UNTRACKED-BUILD-ARTIFACT	ACCEPTABLE	low
.venv-rtl/lib/python3.12/site-packages/pygments/lexers/__pycache__/algebra.cpython-312.pyc	name	IGNORED	UNTRACKED-BUILD-ARTIFACT	ACCEPTABLE	low
.venv-rtl/lib/python3.12/site-packages/pygments/lexers/__pycache__/ambient.cpython-312.pyc	name	IGNORED	UNTRACKED-BUILD-ARTIFACT	ACCEPTABLE	low
.venv-rtl/lib/python3.12/site-packages/pygments/lexers/__pycache__/amdgpu.cpython-312.pyc	name	IGNORED	UNTRACKED-BUILD-ARTIFACT	ACCEPTABLE	low
.venv-rtl/lib/python3.12/site-packages/pygments/lexers/__pycache__/ampl.cpython-312.pyc	name	IGNORED	UNTRACKED-BUILD-ARTIFACT	ACCEPTABLE	low
.venv-rtl/lib/python3.12/site-packages/pygments/lexers/__pycache__/apdlexer.cpython-312.pyc	name	IGNORED	UNTRACKED-BUILD-ARTIFACT	ACCEPTABLE	low
.venv-rtl/lib/python3.12/site-packages/pygments/lexers/__pycache__/apl.cpython-312.pyc	name	IGNORED	UNTRACKED-BUILD-ARTIFACT	ACCEPTABLE	low
.venv-rtl/lib/python3.12/site-packages/pygments/lexers/__pycache__/archetype.cpython-312.pyc	name	IGNORED	UNTRACKED-BUILD-ARTIFACT	ACCEPTABLE	low
.venv-rtl/lib/python3.12/site-packages/pygments/lexers/__pycache__/arrow.cpython-312.pyc	name	IGNORED	UNTRACKED-BUILD-ARTIFACT	ACCEPTABLE	low
.venv-rtl/lib/python3.12/site-packages/pygments/lexers/__pycache__/arturo.cpython-312.pyc	name	IGNORED	UNTRACKED-BUILD-ARTIFACT	ACCEPTABLE	low
.venv-rtl/lib/python3.12/site-packages/pygments/lexers/__pycache__/asc.cpython-312.pyc	name	IGNORED	UNTRACKED-BUILD-ARTIFACT	ACCEPTABLE	low
.venv-rtl/lib/python3.12/site-packages/pygments/lexers/__pycache__/asm.cpython-312.pyc	name	IGNORED	UNTRACKED-BUILD-ARTIFACT	ACCEPTABLE	low
.venv-rtl/lib/python3.12/site-packages/pygments/lexers/__pycache__/asn1.cpython-312.pyc	name	IGNORED	UNTRACKED-BUILD-ARTIFACT	ACCEPTABLE	low
.venv-rtl/lib/python3.12/site-packages/pygments/lexers/__pycache__/automation.cpython-312.pyc	name	IGNORED	UNTRACKED-BUILD-ARTIFACT	ACCEPTABLE	low
.venv-rtl/lib/python3.12/site-packages/pygments/lexers/__pycache__/bare.cpython-312.pyc	name	IGNORED	UNTRACKED-BUILD-ARTIFACT	ACCEPTABLE	low
.venv-rtl/lib/python3.12/site-packages/pygments/lexers/__pycache__/basic.cpython-312.pyc	name	IGNORED	UNTRACKED-BUILD-ARTIFACT	ACCEPTABLE	low
.venv-rtl/lib/python3.12/site-packages/pygments/lexers/__pycache__/bdd.cpython-312.pyc	name	IGNORED	UNTRACKED-BUILD-ARTIFACT	ACCEPTABLE	low
.venv-rtl/lib/python3.12/site-packages/pygments/lexers/__pycache__/berry.cpython-312.pyc	name	IGNORED	UNTRACKED-BUILD-ARTIFACT	ACCEPTABLE	low
.venv-rtl/lib/python3.12/site-packages/pygments/lexers/__pycache__/bibtex.cpython-312.pyc	name	IGNORED	UNTRACKED-BUILD-ARTIFACT	ACCEPTABLE	low
.venv-rtl/lib/python3.12/site-packages/pygments/lexers/__pycache__/bitbake.cpython-312.pyc	name	IGNORED	UNTRACKED-BUILD-ARTIFACT	ACCEPTABLE	low
.venv-rtl/lib/python3.12/site-packages/pygments/lexers/__pycache__/blueprint.cpython-312.pyc	name	IGNORED	UNTRACKED-BUILD-ARTIFACT	ACCEPTABLE	low
.venv-rtl/lib/python3.12/site-packages/pygments/lexers/__pycache__/boa.cpython-312.pyc	name	IGNORED	UNTRACKED-BUILD-ARTIFACT	ACCEPTABLE	low
.venv-rtl/lib/python3.12/site-packages/pygments/lexers/__pycache__/bqn.cpython-312.pyc	name	IGNORED	UNTRACKED-BUILD-ARTIFACT	ACCEPTABLE	low
.venv-rtl/lib/python3.12/site-packages/pygments/lexers/__pycache__/business.cpython-312.pyc	name	IGNORED	UNTRACKED-BUILD-ARTIFACT	ACCEPTABLE	low
.venv-rtl/lib/python3.12/site-packages/pygments/lexers/__pycache__/c_cpp.cpython-312.pyc	name	IGNORED	UNTRACKED-BUILD-ARTIFACT	ACCEPTABLE	low
.venv-rtl/lib/python3.12/site-packages/pygments/lexers/__pycache__/c_like.cpython-312.pyc	name	IGNORED	UNTRACKED-BUILD-ARTIFACT	ACCEPTABLE	low
.venv-rtl/lib/python3.12/site-packages/pygments/lexers/__pycache__/capnproto.cpython-312.pyc	name	IGNORED	UNTRACKED-BUILD-ARTIFACT	ACCEPTABLE	low
.venv-rtl/lib/python3.12/site-packages/pygments/lexers/__pycache__/carbon.cpython-312.pyc	name	IGNORED	UNTRACKED-BUILD-ARTIFACT	ACCEPTABLE	low
.venv-rtl/lib/python3.12/site-packages/pygments/lexers/__pycache__/cddl.cpython-312.pyc	name	IGNORED	UNTRACKED-BUILD-ARTIFACT	ACCEPTABLE	low
.venv-rtl/lib/python3.12/site-packages/pygments/lexers/__pycache__/cel.cpython-312.pyc	name	IGNORED	UNTRACKED-BUILD-ARTIFACT	ACCEPTABLE	low
.venv-rtl/lib/python3.12/site-packages/pygments/lexers/__pycache__/chapel.cpython-312.pyc	name	IGNORED	UNTRACKED-BUILD-ARTIFACT	ACCEPTABLE	low
.venv-rtl/lib/python3.12/site-packages/pygments/lexers/__pycache__/clean.cpython-312.pyc	name	IGNORED	UNTRACKED-BUILD-ARTIFACT	ACCEPTABLE	low
.venv-rtl/lib/python3.12/site-packages/pygments/lexers/__pycache__/codeql.cpython-312.pyc	name	IGNORED	UNTRACKED-BUILD-ARTIFACT	ACCEPTABLE	low
.venv-rtl/lib/python3.12/site-packages/pygments/lexers/__pycache__/comal.cpython-312.pyc	name	IGNORED	UNTRACKED-BUILD-ARTIFACT	ACCEPTABLE	low
.venv-rtl/lib/python3.12/site-packages/pygments/lexers/__pycache__/compiled.cpython-312.pyc	name	IGNORED	UNTRACKED-BUILD-ARTIFACT	ACCEPTABLE	low
.venv-rtl/lib/python3.12/site-packages/pygments/lexers/__pycache__/configs.cpython-312.pyc	name	IGNORED	UNTRACKED-BUILD-ARTIFACT	ACCEPTABLE	low
.venv-rtl/lib/python3.12/site-packages/pygments/lexers/__pycache__/console.cpython-312.pyc	name	IGNORED	UNTRACKED-BUILD-ARTIFACT	ACCEPTABLE	low
.venv-rtl/lib/python3.12/site-packages/pygments/lexers/__pycache__/cplint.cpython-312.pyc	name	IGNORED	UNTRACKED-BUILD-ARTIFACT	ACCEPTABLE	low
.venv-rtl/lib/python3.12/site-packages/pygments/lexers/__pycache__/crystal.cpython-312.pyc	name	IGNORED	UNTRACKED-BUILD-ARTIFACT	ACCEPTABLE	low
.venv-rtl/lib/python3.12/site-packages/pygments/lexers/__pycache__/csound.cpython-312.pyc	name	IGNORED	UNTRACKED-BUILD-ARTIFACT	ACCEPTABLE	low
.venv-rtl/lib/python3.12/site-packages/pygments/lexers/__pycache__/css.cpython-312.pyc	name	IGNORED	UNTRACKED-BUILD-ARTIFACT	ACCEPTABLE	low
.venv-rtl/lib/python3.12/site-packages/pygments/lexers/__pycache__/d.cpython-312.pyc	name	IGNORED	UNTRACKED-BUILD-ARTIFACT	ACCEPTABLE	low
.venv-rtl/lib/python3.12/site-packages/pygments/lexers/__pycache__/dalvik.cpython-312.pyc	name	IGNORED	UNTRACKED-BUILD-ARTIFACT	ACCEPTABLE	low
.venv-rtl/lib/python3.12/site-packages/pygments/lexers/__pycache__/data.cpython-312.pyc	name	IGNORED	UNTRACKED-BUILD-ARTIFACT	ACCEPTABLE	low
.venv-rtl/lib/python3.12/site-packages/pygments/lexers/__pycache__/dax.cpython-312.pyc	name	IGNORED	UNTRACKED-BUILD-ARTIFACT	ACCEPTABLE	low
.venv-rtl/lib/python3.12/site-packages/pygments/lexers/__pycache__/devicetree.cpython-312.pyc	name	IGNORED	UNTRACKED-BUILD-ARTIFACT	ACCEPTABLE	low
.venv-rtl/lib/python3.12/site-packages/pygments/lexers/__pycache__/diff.cpython-312.pyc	name	IGNORED	UNTRACKED-BUILD-ARTIFACT	ACCEPTABLE	low
.venv-rtl/lib/python3.12/site-packages/pygments/lexers/__pycache__/dns.cpython-312.pyc	name	IGNORED	UNTRACKED-BUILD-ARTIFACT	ACCEPTABLE	low
.venv-rtl/lib/python3.12/site-packages/pygments/lexers/__pycache__/dotnet.cpython-312.pyc	name	IGNORED	UNTRACKED-BUILD-ARTIFACT	ACCEPTABLE	low
.venv-rtl/lib/python3.12/site-packages/pygments/lexers/__pycache__/dsls.cpython-312.pyc	name	IGNORED	UNTRACKED-BUILD-ARTIFACT	ACCEPTABLE	low
.venv-rtl/lib/python3.12/site-packages/pygments/lexers/__pycache__/dylan.cpython-312.pyc	name	IGNORED	UNTRACKED-BUILD-ARTIFACT	ACCEPTABLE	low
.venv-rtl/lib/python3.12/site-packages/pygments/lexers/__pycache__/ecl.cpython-312.pyc	name	IGNORED	UNTRACKED-BUILD-ARTIFACT	ACCEPTABLE	low
.venv-rtl/lib/python3.12/site-packages/pygments/lexers/__pycache__/eiffel.cpython-312.pyc	name	IGNORED	UNTRACKED-BUILD-ARTIFACT	ACCEPTABLE	low
.venv-rtl/lib/python3.12/site-packages/pygments/lexers/__pycache__/elm.cpython-312.pyc	name	IGNORED	UNTRACKED-BUILD-ARTIFACT	ACCEPTABLE	low
.venv-rtl/lib/python3.12/site-packages/pygments/lexers/__pycache__/elpi.cpython-312.pyc	name	IGNORED	UNTRACKED-BUILD-ARTIFACT	ACCEPTABLE	low
.venv-rtl/lib/python3.12/site-packages/pygments/lexers/__pycache__/email.cpython-312.pyc	name	IGNORED	UNTRACKED-BUILD-ARTIFACT	ACCEPTABLE	low
.venv-rtl/lib/python3.12/site-packages/pygments/lexers/__pycache__/erlang.cpython-312.pyc	name	IGNORED	UNTRACKED-BUILD-ARTIFACT	ACCEPTABLE	low
.venv-rtl/lib/python3.12/site-packages/pygments/lexers/__pycache__/esoteric.cpython-312.pyc	name	IGNORED	UNTRACKED-BUILD-ARTIFACT	ACCEPTABLE	low
.venv-rtl/lib/python3.12/site-packages/pygments/lexers/__pycache__/ezhil.cpython-312.pyc	name	IGNORED	UNTRACKED-BUILD-ARTIFACT	ACCEPTABLE	low
.venv-rtl/lib/python3.12/site-packages/pygments/lexers/__pycache__/factor.cpython-312.pyc	name	IGNORED	UNTRACKED-BUILD-ARTIFACT	ACCEPTABLE	low
.venv-rtl/lib/python3.12/site-packages/pygments/lexers/__pycache__/fantom.cpython-312.pyc	name	IGNORED	UNTRACKED-BUILD-ARTIFACT	ACCEPTABLE	low
.venv-rtl/lib/python3.12/site-packages/pygments/lexers/__pycache__/felix.cpython-312.pyc	name	IGNORED	UNTRACKED-BUILD-ARTIFACT	ACCEPTABLE	low
.venv-rtl/lib/python3.12/site-packages/pygments/lexers/__pycache__/fift.cpython-312.pyc	name	IGNORED	UNTRACKED-BUILD-ARTIFACT	ACCEPTABLE	low
.venv-rtl/lib/python3.12/site-packages/pygments/lexers/__pycache__/floscript.cpython-312.pyc	name	IGNORED	UNTRACKED-BUILD-ARTIFACT	ACCEPTABLE	low
.venv-rtl/lib/python3.12/site-packages/pygments/lexers/__pycache__/forth.cpython-312.pyc	name	IGNORED	UNTRACKED-BUILD-ARTIFACT	ACCEPTABLE	low
.venv-rtl/lib/python3.12/site-packages/pygments/lexers/__pycache__/fortran.cpython-312.pyc	name	IGNORED	UNTRACKED-BUILD-ARTIFACT	ACCEPTABLE	low
.venv-rtl/lib/python3.12/site-packages/pygments/lexers/__pycache__/foxpro.cpython-312.pyc	name	IGNORED	UNTRACKED-BUILD-ARTIFACT	ACCEPTABLE	low
.venv-rtl/lib/python3.12/site-packages/pygments/lexers/__pycache__/freefem.cpython-312.pyc	name	IGNORED	UNTRACKED-BUILD-ARTIFACT	ACCEPTABLE	low
.venv-rtl/lib/python3.12/site-packages/pygments/lexers/__pycache__/func.cpython-312.pyc	name	IGNORED	UNTRACKED-BUILD-ARTIFACT	ACCEPTABLE	low
.venv-rtl/lib/python3.12/site-packages/pygments/lexers/__pycache__/functional.cpython-312.pyc	name	IGNORED	UNTRACKED-BUILD-ARTIFACT	ACCEPTABLE	low
.venv-rtl/lib/python3.12/site-packages/pygments/lexers/__pycache__/futhark.cpython-312.pyc	name	IGNORED	UNTRACKED-BUILD-ARTIFACT	ACCEPTABLE	low
.venv-rtl/lib/python3.12/site-packages/pygments/lexers/__pycache__/gcodelexer.cpython-312.pyc	name	IGNORED	UNTRACKED-BUILD-ARTIFACT	ACCEPTABLE	low
.venv-rtl/lib/python3.12/site-packages/pygments/lexers/__pycache__/gdscript.cpython-312.pyc	name	IGNORED	UNTRACKED-BUILD-ARTIFACT	ACCEPTABLE	low
.venv-rtl/lib/python3.12/site-packages/pygments/lexers/__pycache__/gleam.cpython-312.pyc	name	IGNORED	UNTRACKED-BUILD-ARTIFACT	ACCEPTABLE	low
.venv-rtl/lib/python3.12/site-packages/pygments/lexers/__pycache__/go.cpython-312.pyc	name	IGNORED	UNTRACKED-BUILD-ARTIFACT	ACCEPTABLE	low
.venv-rtl/lib/python3.12/site-packages/pygments/lexers/__pycache__/grammar_notation.cpython-312.pyc	name	IGNORED	UNTRACKED-BUILD-ARTIFACT	ACCEPTABLE	low
.venv-rtl/lib/python3.12/site-packages/pygments/lexers/__pycache__/graph.cpython-312.pyc	name	IGNORED	UNTRACKED-BUILD-ARTIFACT	ACCEPTABLE	low
.venv-rtl/lib/python3.12/site-packages/pygments/lexers/__pycache__/graphics.cpython-312.pyc	name	IGNORED	UNTRACKED-BUILD-ARTIFACT	ACCEPTABLE	low
.venv-rtl/lib/python3.12/site-packages/pygments/lexers/__pycache__/graphql.cpython-312.pyc	name	IGNORED	UNTRACKED-BUILD-ARTIFACT	ACCEPTABLE	low
.venv-rtl/lib/python3.12/site-packages/pygments/lexers/__pycache__/graphviz.cpython-312.pyc	name	IGNORED	UNTRACKED-BUILD-ARTIFACT	ACCEPTABLE	low
.venv-rtl/lib/python3.12/site-packages/pygments/lexers/__pycache__/gsql.cpython-312.pyc	name	IGNORED	UNTRACKED-BUILD-ARTIFACT	ACCEPTABLE	low
.venv-rtl/lib/python3.12/site-packages/pygments/lexers/__pycache__/hare.cpython-312.pyc	name	IGNORED	UNTRACKED-BUILD-ARTIFACT	ACCEPTABLE	low
.venv-rtl/lib/python3.12/site-packages/pygments/lexers/__pycache__/haskell.cpython-312.pyc	name	IGNORED	UNTRACKED-BUILD-ARTIFACT	ACCEPTABLE	low
.venv-rtl/lib/python3.12/site-packages/pygments/lexers/__pycache__/haxe.cpython-312.pyc	name	IGNORED	UNTRACKED-BUILD-ARTIFACT	ACCEPTABLE	low
.venv-rtl/lib/python3.12/site-packages/pygments/lexers/__pycache__/hdl.cpython-312.pyc	name	IGNORED	UNTRACKED-BUILD-ARTIFACT	ACCEPTABLE	low
.venv-rtl/lib/python3.12/site-packages/pygments/lexers/__pycache__/hexdump.cpython-312.pyc	name	IGNORED	UNTRACKED-BUILD-ARTIFACT	ACCEPTABLE	low
.venv-rtl/lib/python3.12/site-packages/pygments/lexers/__pycache__/html.cpython-312.pyc	name	IGNORED	UNTRACKED-BUILD-ARTIFACT	ACCEPTABLE	low
.venv-rtl/lib/python3.12/site-packages/pygments/lexers/__pycache__/idl.cpython-312.pyc	name	IGNORED	UNTRACKED-BUILD-ARTIFACT	ACCEPTABLE	low
.venv-rtl/lib/python3.12/site-packages/pygments/lexers/__pycache__/igor.cpython-312.pyc	name	IGNORED	UNTRACKED-BUILD-ARTIFACT	ACCEPTABLE	low
.venv-rtl/lib/python3.12/site-packages/pygments/lexers/__pycache__/inferno.cpython-312.pyc	name	IGNORED	UNTRACKED-BUILD-ARTIFACT	ACCEPTABLE	low
.venv-rtl/lib/python3.12/site-packages/pygments/lexers/__pycache__/installers.cpython-312.pyc	name	IGNORED	UNTRACKED-BUILD-ARTIFACT	ACCEPTABLE	low
.venv-rtl/lib/python3.12/site-packages/pygments/lexers/__pycache__/int_fiction.cpython-312.pyc	name	IGNORED	UNTRACKED-BUILD-ARTIFACT	ACCEPTABLE	low
.venv-rtl/lib/python3.12/site-packages/pygments/lexers/__pycache__/iolang.cpython-312.pyc	name	IGNORED	UNTRACKED-BUILD-ARTIFACT	ACCEPTABLE	low
.venv-rtl/lib/python3.12/site-packages/pygments/lexers/__pycache__/j.cpython-312.pyc	name	IGNORED	UNTRACKED-BUILD-ARTIFACT	ACCEPTABLE	low
.venv-rtl/lib/python3.12/site-packages/pygments/lexers/__pycache__/javascript.cpython-312.pyc	name	IGNORED	UNTRACKED-BUILD-ARTIFACT	ACCEPTABLE	low
.venv-rtl/lib/python3.12/site-packages/pygments/lexers/__pycache__/jmespath.cpython-312.pyc	name	IGNORED	UNTRACKED-BUILD-ARTIFACT	ACCEPTABLE	low
.venv-rtl/lib/python3.12/site-packages/pygments/lexers/__pycache__/jslt.cpython-312.pyc	name	IGNORED	UNTRACKED-BUILD-ARTIFACT	ACCEPTABLE	low
.venv-rtl/lib/python3.12/site-packages/pygments/lexers/__pycache__/json5.cpython-312.pyc	name	IGNORED	UNTRACKED-BUILD-ARTIFACT	ACCEPTABLE	low
.venv-rtl/lib/python3.12/site-packages/pygments/lexers/__pycache__/jsonnet.cpython-312.pyc	name	IGNORED	UNTRACKED-BUILD-ARTIFACT	ACCEPTABLE	low
.venv-rtl/lib/python3.12/site-packages/pygments/lexers/__pycache__/jsx.cpython-312.pyc	name	IGNORED	UNTRACKED-BUILD-ARTIFACT	ACCEPTABLE	low
.venv-rtl/lib/python3.12/site-packages/pygments/lexers/__pycache__/julia.cpython-312.pyc	name	IGNORED	UNTRACKED-BUILD-ARTIFACT	ACCEPTABLE	low
.venv-rtl/lib/python3.12/site-packages/pygments/lexers/__pycache__/jvm.cpython-312.pyc	name	IGNORED	UNTRACKED-BUILD-ARTIFACT	ACCEPTABLE	low
.venv-rtl/lib/python3.12/site-packages/pygments/lexers/__pycache__/kuin.cpython-312.pyc	name	IGNORED	UNTRACKED-BUILD-ARTIFACT	ACCEPTABLE	low
.venv-rtl/lib/python3.12/site-packages/pygments/lexers/__pycache__/kusto.cpython-312.pyc	name	IGNORED	UNTRACKED-BUILD-ARTIFACT	ACCEPTABLE	low
.venv-rtl/lib/python3.12/site-packages/pygments/lexers/__pycache__/ldap.cpython-312.pyc	name	IGNORED	UNTRACKED-BUILD-ARTIFACT	ACCEPTABLE	low
.venv-rtl/lib/python3.12/site-packages/pygments/lexers/__pycache__/lean.cpython-312.pyc	name	IGNORED	UNTRACKED-BUILD-ARTIFACT	ACCEPTABLE	low
.venv-rtl/lib/python3.12/site-packages/pygments/lexers/__pycache__/lilypond.cpython-312.pyc	name	IGNORED	UNTRACKED-BUILD-ARTIFACT	ACCEPTABLE	low
.venv-rtl/lib/python3.12/site-packages/pygments/lexers/__pycache__/lisp.cpython-312.pyc	name	IGNORED	UNTRACKED-BUILD-ARTIFACT	ACCEPTABLE	low
.venv-rtl/lib/python3.12/site-packages/pygments/lexers/__pycache__/macaulay2.cpython-312.pyc	name	IGNORED	UNTRACKED-BUILD-ARTIFACT	ACCEPTABLE	low
.venv-rtl/lib/python3.12/site-packages/pygments/lexers/__pycache__/make.cpython-312.pyc	name	IGNORED	UNTRACKED-BUILD-ARTIFACT	ACCEPTABLE	low
.venv-rtl/lib/python3.12/site-packages/pygments/lexers/__pycache__/maple.cpython-312.pyc	name	IGNORED	UNTRACKED-BUILD-ARTIFACT	ACCEPTABLE	low
.venv-rtl/lib/python3.12/site-packages/pygments/lexers/__pycache__/markup.cpython-312.pyc	name	IGNORED	UNTRACKED-BUILD-ARTIFACT	ACCEPTABLE	low
.venv-rtl/lib/python3.12/site-packages/pygments/lexers/__pycache__/math.cpython-312.pyc	name	IGNORED	UNTRACKED-BUILD-ARTIFACT	ACCEPTABLE	low
.venv-rtl/lib/python3.12/site-packages/pygments/lexers/__pycache__/matlab.cpython-312.pyc	name	IGNORED	UNTRACKED-BUILD-ARTIFACT	ACCEPTABLE	low
.venv-rtl/lib/python3.12/site-packages/pygments/lexers/__pycache__/maxima.cpython-312.pyc	name	IGNORED	UNTRACKED-BUILD-ARTIFACT	ACCEPTABLE	low
.venv-rtl/lib/python3.12/site-packages/pygments/lexers/__pycache__/meson.cpython-312.pyc	name	IGNORED	UNTRACKED-BUILD-ARTIFACT	ACCEPTABLE	low
.venv-rtl/lib/python3.12/site-packages/pygments/lexers/__pycache__/mime.cpython-312.pyc	name	IGNORED	UNTRACKED-BUILD-ARTIFACT	ACCEPTABLE	low
.venv-rtl/lib/python3.12/site-packages/pygments/lexers/__pycache__/minecraft.cpython-312.pyc	name	IGNORED	UNTRACKED-BUILD-ARTIFACT	ACCEPTABLE	low
.venv-rtl/lib/python3.12/site-packages/pygments/lexers/__pycache__/mips.cpython-312.pyc	name	IGNORED	UNTRACKED-BUILD-ARTIFACT	ACCEPTABLE	low
.venv-rtl/lib/python3.12/site-packages/pygments/lexers/__pycache__/ml.cpython-312.pyc	name	IGNORED	UNTRACKED-BUILD-ARTIFACT	ACCEPTABLE	low
.venv-rtl/lib/python3.12/site-packages/pygments/lexers/__pycache__/modeling.cpython-312.pyc	name	IGNORED	UNTRACKED-BUILD-ARTIFACT	ACCEPTABLE	low
.venv-rtl/lib/python3.12/site-packages/pygments/lexers/__pycache__/modula2.cpython-312.pyc	name	IGNORED	UNTRACKED-BUILD-ARTIFACT	ACCEPTABLE	low
.venv-rtl/lib/python3.12/site-packages/pygments/lexers/__pycache__/mojo.cpython-312.pyc	name	IGNORED	UNTRACKED-BUILD-ARTIFACT	ACCEPTABLE	low
.venv-rtl/lib/python3.12/site-packages/pygments/lexers/__pycache__/monte.cpython-312.pyc	name	IGNORED	UNTRACKED-BUILD-ARTIFACT	ACCEPTABLE	low
.venv-rtl/lib/python3.12/site-packages/pygments/lexers/__pycache__/mosel.cpython-312.pyc	name	IGNORED	UNTRACKED-BUILD-ARTIFACT	ACCEPTABLE	low
.venv-rtl/lib/python3.12/site-packages/pygments/lexers/__pycache__/ncl.cpython-312.pyc	name	IGNORED	UNTRACKED-BUILD-ARTIFACT	ACCEPTABLE	low
.venv-rtl/lib/python3.12/site-packages/pygments/lexers/__pycache__/nimrod.cpython-312.pyc	name	IGNORED	UNTRACKED-BUILD-ARTIFACT	ACCEPTABLE	low
.venv-rtl/lib/python3.12/site-packages/pygments/lexers/__pycache__/nit.cpython-312.pyc	name	IGNORED	UNTRACKED-BUILD-ARTIFACT	ACCEPTABLE	low
.venv-rtl/lib/python3.12/site-packages/pygments/lexers/__pycache__/nix.cpython-312.pyc	name	IGNORED	UNTRACKED-BUILD-ARTIFACT	ACCEPTABLE	low
.venv-rtl/lib/python3.12/site-packages/pygments/lexers/__pycache__/numbair.cpython-312.pyc	name	IGNORED	UNTRACKED-BUILD-ARTIFACT	ACCEPTABLE	low
.venv-rtl/lib/python3.12/site-packages/pygments/lexers/__pycache__/oberon.cpython-312.pyc	name	IGNORED	UNTRACKED-BUILD-ARTIFACT	ACCEPTABLE	low
.venv-rtl/lib/python3.12/site-packages/pygments/lexers/__pycache__/objective.cpython-312.pyc	name	IGNORED	UNTRACKED-BUILD-ARTIFACT	ACCEPTABLE	low
.venv-rtl/lib/python3.12/site-packages/pygments/lexers/__pycache__/ooc.cpython-312.pyc	name	IGNORED	UNTRACKED-BUILD-ARTIFACT	ACCEPTABLE	low
.venv-rtl/lib/python3.12/site-packages/pygments/lexers/__pycache__/openscad.cpython-312.pyc	name	IGNORED	UNTRACKED-BUILD-ARTIFACT	ACCEPTABLE	low
.venv-rtl/lib/python3.12/site-packages/pygments/lexers/__pycache__/other.cpython-312.pyc	name	IGNORED	UNTRACKED-BUILD-ARTIFACT	ACCEPTABLE	low
.venv-rtl/lib/python3.12/site-packages/pygments/lexers/__pycache__/parasail.cpython-312.pyc	name	IGNORED	UNTRACKED-BUILD-ARTIFACT	ACCEPTABLE	low
.venv-rtl/lib/python3.12/site-packages/pygments/lexers/__pycache__/parsers.cpython-312.pyc	name	IGNORED	UNTRACKED-BUILD-ARTIFACT	ACCEPTABLE	low
.venv-rtl/lib/python3.12/site-packages/pygments/lexers/__pycache__/pascal.cpython-312.pyc	name	IGNORED	UNTRACKED-BUILD-ARTIFACT	ACCEPTABLE	low
.venv-rtl/lib/python3.12/site-packages/pygments/lexers/__pycache__/pawn.cpython-312.pyc	name	IGNORED	UNTRACKED-BUILD-ARTIFACT	ACCEPTABLE	low
.venv-rtl/lib/python3.12/site-packages/pygments/lexers/__pycache__/pddl.cpython-312.pyc	name	IGNORED	UNTRACKED-BUILD-ARTIFACT	ACCEPTABLE	low
.venv-rtl/lib/python3.12/site-packages/pygments/lexers/__pycache__/perl.cpython-312.pyc	name	IGNORED	UNTRACKED-BUILD-ARTIFACT	ACCEPTABLE	low
.venv-rtl/lib/python3.12/site-packages/pygments/lexers/__pycache__/phix.cpython-312.pyc	name	IGNORED	UNTRACKED-BUILD-ARTIFACT	ACCEPTABLE	low
.venv-rtl/lib/python3.12/site-packages/pygments/lexers/__pycache__/php.cpython-312.pyc	name	IGNORED	UNTRACKED-BUILD-ARTIFACT	ACCEPTABLE	low
.venv-rtl/lib/python3.12/site-packages/pygments/lexers/__pycache__/pointless.cpython-312.pyc	name	IGNORED	UNTRACKED-BUILD-ARTIFACT	ACCEPTABLE	low
.venv-rtl/lib/python3.12/site-packages/pygments/lexers/__pycache__/pony.cpython-312.pyc	name	IGNORED	UNTRACKED-BUILD-ARTIFACT	ACCEPTABLE	low
.venv-rtl/lib/python3.12/site-packages/pygments/lexers/__pycache__/praat.cpython-312.pyc	name	IGNORED	UNTRACKED-BUILD-ARTIFACT	ACCEPTABLE	low
.venv-rtl/lib/python3.12/site-packages/pygments/lexers/__pycache__/procfile.cpython-312.pyc	name	IGNORED	UNTRACKED-BUILD-ARTIFACT	ACCEPTABLE	low
.venv-rtl/lib/python3.12/site-packages/pygments/lexers/__pycache__/prolog.cpython-312.pyc	name	IGNORED	UNTRACKED-BUILD-ARTIFACT	ACCEPTABLE	low
.venv-rtl/lib/python3.12/site-packages/pygments/lexers/__pycache__/promql.cpython-312.pyc	name	IGNORED	UNTRACKED-BUILD-ARTIFACT	ACCEPTABLE	low
.venv-rtl/lib/python3.12/site-packages/pygments/lexers/__pycache__/prql.cpython-312.pyc	name	IGNORED	UNTRACKED-BUILD-ARTIFACT	ACCEPTABLE	low
.venv-rtl/lib/python3.12/site-packages/pygments/lexers/__pycache__/ptx.cpython-312.pyc	name	IGNORED	UNTRACKED-BUILD-ARTIFACT	ACCEPTABLE	low
.venv-rtl/lib/python3.12/site-packages/pygments/lexers/__pycache__/purescript.cpython-312.pyc	name	IGNORED	UNTRACKED-BUILD-ARTIFACT	ACCEPTABLE	low
.venv-rtl/lib/python3.12/site-packages/pygments/lexers/__pycache__/python.cpython-312.pyc	name	IGNORED	UNTRACKED-BUILD-ARTIFACT	ACCEPTABLE	low
.venv-rtl/lib/python3.12/site-packages/pygments/lexers/__pycache__/q.cpython-312.pyc	name	IGNORED	UNTRACKED-BUILD-ARTIFACT	ACCEPTABLE	low
.venv-rtl/lib/python3.12/site-packages/pygments/lexers/__pycache__/qlik.cpython-312.pyc	name	IGNORED	UNTRACKED-BUILD-ARTIFACT	ACCEPTABLE	low
.venv-rtl/lib/python3.12/site-packages/pygments/lexers/__pycache__/qvt.cpython-312.pyc	name	IGNORED	UNTRACKED-BUILD-ARTIFACT	ACCEPTABLE	low
.venv-rtl/lib/python3.12/site-packages/pygments/lexers/__pycache__/r.cpython-312.pyc	name	IGNORED	UNTRACKED-BUILD-ARTIFACT	ACCEPTABLE	low
.venv-rtl/lib/python3.12/site-packages/pygments/lexers/__pycache__/rdf.cpython-312.pyc	name	IGNORED	UNTRACKED-BUILD-ARTIFACT	ACCEPTABLE	low
.venv-rtl/lib/python3.12/site-packages/pygments/lexers/__pycache__/rebol.cpython-312.pyc	name	IGNORED	UNTRACKED-BUILD-ARTIFACT	ACCEPTABLE	low
.venv-rtl/lib/python3.12/site-packages/pygments/lexers/__pycache__/rego.cpython-312.pyc	name	IGNORED	UNTRACKED-BUILD-ARTIFACT	ACCEPTABLE	low
.venv-rtl/lib/python3.12/site-packages/pygments/lexers/__pycache__/rell.cpython-312.pyc	name	IGNORED	UNTRACKED-BUILD-ARTIFACT	ACCEPTABLE	low
.venv-rtl/lib/python3.12/site-packages/pygments/lexers/__pycache__/resource.cpython-312.pyc	name	IGNORED	UNTRACKED-BUILD-ARTIFACT	ACCEPTABLE	low
.venv-rtl/lib/python3.12/site-packages/pygments/lexers/__pycache__/ride.cpython-312.pyc	name	IGNORED	UNTRACKED-BUILD-ARTIFACT	ACCEPTABLE	low
.venv-rtl/lib/python3.12/site-packages/pygments/lexers/__pycache__/rita.cpython-312.pyc	name	IGNORED	UNTRACKED-BUILD-ARTIFACT	ACCEPTABLE	low
.venv-rtl/lib/python3.12/site-packages/pygments/lexers/__pycache__/rnc.cpython-312.pyc	name	IGNORED	UNTRACKED-BUILD-ARTIFACT	ACCEPTABLE	low
.venv-rtl/lib/python3.12/site-packages/pygments/lexers/__pycache__/roboconf.cpython-312.pyc	name	IGNORED	UNTRACKED-BUILD-ARTIFACT	ACCEPTABLE	low
.venv-rtl/lib/python3.12/site-packages/pygments/lexers/__pycache__/robotframework.cpython-312.pyc	name	IGNORED	UNTRACKED-BUILD-ARTIFACT	ACCEPTABLE	low
.venv-rtl/lib/python3.12/site-packages/pygments/lexers/__pycache__/ruby.cpython-312.pyc	name	IGNORED	UNTRACKED-BUILD-ARTIFACT	ACCEPTABLE	low
.venv-rtl/lib/python3.12/site-packages/pygments/lexers/__pycache__/rust.cpython-312.pyc	name	IGNORED	UNTRACKED-BUILD-ARTIFACT	ACCEPTABLE	low
.venv-rtl/lib/python3.12/site-packages/pygments/lexers/__pycache__/sas.cpython-312.pyc	name	IGNORED	UNTRACKED-BUILD-ARTIFACT	ACCEPTABLE	low
.venv-rtl/lib/python3.12/site-packages/pygments/lexers/__pycache__/savi.cpython-312.pyc	name	IGNORED	UNTRACKED-BUILD-ARTIFACT	ACCEPTABLE	low
.venv-rtl/lib/python3.12/site-packages/pygments/lexers/__pycache__/scdoc.cpython-312.pyc	name	IGNORED	UNTRACKED-BUILD-ARTIFACT	ACCEPTABLE	low
.venv-rtl/lib/python3.12/site-packages/pygments/lexers/__pycache__/scripting.cpython-312.pyc	name	IGNORED	UNTRACKED-BUILD-ARTIFACT	ACCEPTABLE	low
.venv-rtl/lib/python3.12/site-packages/pygments/lexers/__pycache__/sgf.cpython-312.pyc	name	IGNORED	UNTRACKED-BUILD-ARTIFACT	ACCEPTABLE	low
.venv-rtl/lib/python3.12/site-packages/pygments/lexers/__pycache__/shell.cpython-312.pyc	name	IGNORED	UNTRACKED-BUILD-ARTIFACT	ACCEPTABLE	low
.venv-rtl/lib/python3.12/site-packages/pygments/lexers/__pycache__/sieve.cpython-312.pyc	name	IGNORED	UNTRACKED-BUILD-ARTIFACT	ACCEPTABLE	low
.venv-rtl/lib/python3.12/site-packages/pygments/lexers/__pycache__/slash.cpython-312.pyc	name	IGNORED	UNTRACKED-BUILD-ARTIFACT	ACCEPTABLE	low
.venv-rtl/lib/python3.12/site-packages/pygments/lexers/__pycache__/smalltalk.cpython-312.pyc	name	IGNORED	UNTRACKED-BUILD-ARTIFACT	ACCEPTABLE	low
.venv-rtl/lib/python3.12/site-packages/pygments/lexers/__pycache__/smithy.cpython-312.pyc	name	IGNORED	UNTRACKED-BUILD-ARTIFACT	ACCEPTABLE	low
.venv-rtl/lib/python3.12/site-packages/pygments/lexers/__pycache__/smv.cpython-312.pyc	name	IGNORED	UNTRACKED-BUILD-ARTIFACT	ACCEPTABLE	low
.venv-rtl/lib/python3.12/site-packages/pygments/lexers/__pycache__/snobol.cpython-312.pyc	name	IGNORED	UNTRACKED-BUILD-ARTIFACT	ACCEPTABLE	low
.venv-rtl/lib/python3.12/site-packages/pygments/lexers/__pycache__/solidity.cpython-312.pyc	name	IGNORED	UNTRACKED-BUILD-ARTIFACT	ACCEPTABLE	low
.venv-rtl/lib/python3.12/site-packages/pygments/lexers/__pycache__/soong.cpython-312.pyc	name	IGNORED	UNTRACKED-BUILD-ARTIFACT	ACCEPTABLE	low
.venv-rtl/lib/python3.12/site-packages/pygments/lexers/__pycache__/sophia.cpython-312.pyc	name	IGNORED	UNTRACKED-BUILD-ARTIFACT	ACCEPTABLE	low
.venv-rtl/lib/python3.12/site-packages/pygments/lexers/__pycache__/special.cpython-312.pyc	name	IGNORED	UNTRACKED-BUILD-ARTIFACT	ACCEPTABLE	low
.venv-rtl/lib/python3.12/site-packages/pygments/lexers/__pycache__/spice.cpython-312.pyc	name	IGNORED	UNTRACKED-BUILD-ARTIFACT	ACCEPTABLE	low
.venv-rtl/lib/python3.12/site-packages/pygments/lexers/__pycache__/sql.cpython-312.pyc	name	IGNORED	UNTRACKED-BUILD-ARTIFACT	ACCEPTABLE	low
.venv-rtl/lib/python3.12/site-packages/pygments/lexers/__pycache__/srcinfo.cpython-312.pyc	name	IGNORED	UNTRACKED-BUILD-ARTIFACT	ACCEPTABLE	low
.venv-rtl/lib/python3.12/site-packages/pygments/lexers/__pycache__/stata.cpython-312.pyc	name	IGNORED	UNTRACKED-BUILD-ARTIFACT	ACCEPTABLE	low
.venv-rtl/lib/python3.12/site-packages/pygments/lexers/__pycache__/supercollider.cpython-312.pyc	name	IGNORED	UNTRACKED-BUILD-ARTIFACT	ACCEPTABLE	low
.venv-rtl/lib/python3.12/site-packages/pygments/lexers/__pycache__/tablegen.cpython-312.pyc	name	IGNORED	UNTRACKED-BUILD-ARTIFACT	ACCEPTABLE	low
.venv-rtl/lib/python3.12/site-packages/pygments/lexers/__pycache__/tact.cpython-312.pyc	name	IGNORED	UNTRACKED-BUILD-ARTIFACT	ACCEPTABLE	low
.venv-rtl/lib/python3.12/site-packages/pygments/lexers/__pycache__/tal.cpython-312.pyc	name	IGNORED	UNTRACKED-BUILD-ARTIFACT	ACCEPTABLE	low
.venv-rtl/lib/python3.12/site-packages/pygments/lexers/__pycache__/tcl.cpython-312.pyc	name	IGNORED	UNTRACKED-BUILD-ARTIFACT	ACCEPTABLE	low
.venv-rtl/lib/python3.12/site-packages/pygments/lexers/__pycache__/teal.cpython-312.pyc	name	IGNORED	UNTRACKED-BUILD-ARTIFACT	ACCEPTABLE	low
.venv-rtl/lib/python3.12/site-packages/pygments/lexers/__pycache__/templates.cpython-312.pyc	name	IGNORED	UNTRACKED-BUILD-ARTIFACT	ACCEPTABLE	low
.venv-rtl/lib/python3.12/site-packages/pygments/lexers/__pycache__/teraterm.cpython-312.pyc	name	IGNORED	UNTRACKED-BUILD-ARTIFACT	ACCEPTABLE	low
.venv-rtl/lib/python3.12/site-packages/pygments/lexers/__pycache__/testing.cpython-312.pyc	name	IGNORED	UNTRACKED-BUILD-ARTIFACT	ACCEPTABLE	low
.venv-rtl/lib/python3.12/site-packages/pygments/lexers/__pycache__/text.cpython-312.pyc	name	IGNORED	UNTRACKED-BUILD-ARTIFACT	ACCEPTABLE	low
.venv-rtl/lib/python3.12/site-packages/pygments/lexers/__pycache__/textedit.cpython-312.pyc	name	IGNORED	UNTRACKED-BUILD-ARTIFACT	ACCEPTABLE	low
.venv-rtl/lib/python3.12/site-packages/pygments/lexers/__pycache__/textfmts.cpython-312.pyc	name	IGNORED	UNTRACKED-BUILD-ARTIFACT	ACCEPTABLE	low
.venv-rtl/lib/python3.12/site-packages/pygments/lexers/__pycache__/theorem.cpython-312.pyc	name	IGNORED	UNTRACKED-BUILD-ARTIFACT	ACCEPTABLE	low
.venv-rtl/lib/python3.12/site-packages/pygments/lexers/__pycache__/thingsdb.cpython-312.pyc	name	IGNORED	UNTRACKED-BUILD-ARTIFACT	ACCEPTABLE	low
.venv-rtl/lib/python3.12/site-packages/pygments/lexers/__pycache__/tlb.cpython-312.pyc	name	IGNORED	UNTRACKED-BUILD-ARTIFACT	ACCEPTABLE	low
.venv-rtl/lib/python3.12/site-packages/pygments/lexers/__pycache__/tls.cpython-312.pyc	name	IGNORED	UNTRACKED-BUILD-ARTIFACT	ACCEPTABLE	low
.venv-rtl/lib/python3.12/site-packages/pygments/lexers/__pycache__/tnt.cpython-312.pyc	name	IGNORED	UNTRACKED-BUILD-ARTIFACT	ACCEPTABLE	low
.venv-rtl/lib/python3.12/site-packages/pygments/lexers/__pycache__/trafficscript.cpython-312.pyc	name	IGNORED	UNTRACKED-BUILD-ARTIFACT	ACCEPTABLE	low
.venv-rtl/lib/python3.12/site-packages/pygments/lexers/__pycache__/typoscript.cpython-312.pyc	name	IGNORED	UNTRACKED-BUILD-ARTIFACT	ACCEPTABLE	low
.venv-rtl/lib/python3.12/site-packages/pygments/lexers/__pycache__/typst.cpython-312.pyc	name	IGNORED	UNTRACKED-BUILD-ARTIFACT	ACCEPTABLE	low
.venv-rtl/lib/python3.12/site-packages/pygments/lexers/__pycache__/ul4.cpython-312.pyc	name	IGNORED	UNTRACKED-BUILD-ARTIFACT	ACCEPTABLE	low
.venv-rtl/lib/python3.12/site-packages/pygments/lexers/__pycache__/unicon.cpython-312.pyc	name	IGNORED	UNTRACKED-BUILD-ARTIFACT	ACCEPTABLE	low
.venv-rtl/lib/python3.12/site-packages/pygments/lexers/__pycache__/urbi.cpython-312.pyc	name	IGNORED	UNTRACKED-BUILD-ARTIFACT	ACCEPTABLE	low
.venv-rtl/lib/python3.12/site-packages/pygments/lexers/__pycache__/usd.cpython-312.pyc	name	IGNORED	UNTRACKED-BUILD-ARTIFACT	ACCEPTABLE	low
.venv-rtl/lib/python3.12/site-packages/pygments/lexers/__pycache__/varnish.cpython-312.pyc	name	IGNORED	UNTRACKED-BUILD-ARTIFACT	ACCEPTABLE	low
.venv-rtl/lib/python3.12/site-packages/pygments/lexers/__pycache__/verification.cpython-312.pyc	name	IGNORED	UNTRACKED-BUILD-ARTIFACT	ACCEPTABLE	low
.venv-rtl/lib/python3.12/site-packages/pygments/lexers/__pycache__/verifpal.cpython-312.pyc	name	IGNORED	UNTRACKED-BUILD-ARTIFACT	ACCEPTABLE	low
.venv-rtl/lib/python3.12/site-packages/pygments/lexers/__pycache__/vip.cpython-312.pyc	name	IGNORED	UNTRACKED-BUILD-ARTIFACT	ACCEPTABLE	low
.venv-rtl/lib/python3.12/site-packages/pygments/lexers/__pycache__/vyper.cpython-312.pyc	name	IGNORED	UNTRACKED-BUILD-ARTIFACT	ACCEPTABLE	low
.venv-rtl/lib/python3.12/site-packages/pygments/lexers/__pycache__/web.cpython-312.pyc	name	IGNORED	UNTRACKED-BUILD-ARTIFACT	ACCEPTABLE	low
.venv-rtl/lib/python3.12/site-packages/pygments/lexers/__pycache__/webassembly.cpython-312.pyc	name	IGNORED	UNTRACKED-BUILD-ARTIFACT	ACCEPTABLE	low
.venv-rtl/lib/python3.12/site-packages/pygments/lexers/__pycache__/webidl.cpython-312.pyc	name	IGNORED	UNTRACKED-BUILD-ARTIFACT	ACCEPTABLE	low
.venv-rtl/lib/python3.12/site-packages/pygments/lexers/__pycache__/webmisc.cpython-312.pyc	name	IGNORED	UNTRACKED-BUILD-ARTIFACT	ACCEPTABLE	low
.venv-rtl/lib/python3.12/site-packages/pygments/lexers/__pycache__/wgsl.cpython-312.pyc	name	IGNORED	UNTRACKED-BUILD-ARTIFACT	ACCEPTABLE	low
.venv-rtl/lib/python3.12/site-packages/pygments/lexers/__pycache__/whiley.cpython-312.pyc	name	IGNORED	UNTRACKED-BUILD-ARTIFACT	ACCEPTABLE	low
.venv-rtl/lib/python3.12/site-packages/pygments/lexers/__pycache__/wowtoc.cpython-312.pyc	name	IGNORED	UNTRACKED-BUILD-ARTIFACT	ACCEPTABLE	low
.venv-rtl/lib/python3.12/site-packages/pygments/lexers/__pycache__/wren.cpython-312.pyc	name	IGNORED	UNTRACKED-BUILD-ARTIFACT	ACCEPTABLE	low
.venv-rtl/lib/python3.12/site-packages/pygments/lexers/__pycache__/x10.cpython-312.pyc	name	IGNORED	UNTRACKED-BUILD-ARTIFACT	ACCEPTABLE	low
.venv-rtl/lib/python3.12/site-packages/pygments/lexers/__pycache__/xorg.cpython-312.pyc	name	IGNORED	UNTRACKED-BUILD-ARTIFACT	ACCEPTABLE	low
.venv-rtl/lib/python3.12/site-packages/pygments/lexers/__pycache__/yang.cpython-312.pyc	name	IGNORED	UNTRACKED-BUILD-ARTIFACT	ACCEPTABLE	low
.venv-rtl/lib/python3.12/site-packages/pygments/lexers/__pycache__/yara.cpython-312.pyc	name	IGNORED	UNTRACKED-BUILD-ARTIFACT	ACCEPTABLE	low
.venv-rtl/lib/python3.12/site-packages/pygments/lexers/__pycache__/zig.cpython-312.pyc	name	IGNORED	UNTRACKED-BUILD-ARTIFACT	ACCEPTABLE	low
.venv-rtl/lib/python3.12/site-packages/pygments/lexers/_ada_builtins.py	name	IGNORED	UNTRACKED-BUILD-ARTIFACT	ACCEPTABLE	low
.venv-rtl/lib/python3.12/site-packages/pygments/lexers/_asy_builtins.py	name	IGNORED	UNTRACKED-BUILD-ARTIFACT	ACCEPTABLE	low
.venv-rtl/lib/python3.12/site-packages/pygments/lexers/_cl_builtins.py	name	IGNORED	UNTRACKED-BUILD-ARTIFACT	ACCEPTABLE	low
.venv-rtl/lib/python3.12/site-packages/pygments/lexers/_cocoa_builtins.py	name	IGNORED	UNTRACKED-BUILD-ARTIFACT	ACCEPTABLE	low
.venv-rtl/lib/python3.12/site-packages/pygments/lexers/_csound_builtins.py	name	IGNORED	UNTRACKED-BUILD-ARTIFACT	ACCEPTABLE	low
.venv-rtl/lib/python3.12/site-packages/pygments/lexers/_css_builtins.py	name	IGNORED	UNTRACKED-BUILD-ARTIFACT	ACCEPTABLE	low
.venv-rtl/lib/python3.12/site-packages/pygments/lexers/_googlesql_builtins.py	name	IGNORED	UNTRACKED-BUILD-ARTIFACT	ACCEPTABLE	low
.venv-rtl/lib/python3.12/site-packages/pygments/lexers/_julia_builtins.py	name	IGNORED	UNTRACKED-BUILD-ARTIFACT	ACCEPTABLE	low
.venv-rtl/lib/python3.12/site-packages/pygments/lexers/_lasso_builtins.py	name	IGNORED	UNTRACKED-BUILD-ARTIFACT	ACCEPTABLE	low
.venv-rtl/lib/python3.12/site-packages/pygments/lexers/_lilypond_builtins.py	name	IGNORED	UNTRACKED-BUILD-ARTIFACT	ACCEPTABLE	low
.venv-rtl/lib/python3.12/site-packages/pygments/lexers/_lua_builtins.py	name	IGNORED	UNTRACKED-BUILD-ARTIFACT	ACCEPTABLE	low
.venv-rtl/lib/python3.12/site-packages/pygments/lexers/_luau_builtins.py	name	IGNORED	UNTRACKED-BUILD-ARTIFACT	ACCEPTABLE	low
.venv-rtl/lib/python3.12/site-packages/pygments/lexers/_mapping.py	name	IGNORED	UNTRACKED-BUILD-ARTIFACT	ACCEPTABLE	low
.venv-rtl/lib/python3.12/site-packages/pygments/lexers/_mql_builtins.py	name	IGNORED	UNTRACKED-BUILD-ARTIFACT	ACCEPTABLE	low
.venv-rtl/lib/python3.12/site-packages/pygments/lexers/_mysql_builtins.py	name	IGNORED	UNTRACKED-BUILD-ARTIFACT	ACCEPTABLE	low
.venv-rtl/lib/python3.12/site-packages/pygments/lexers/_openedge_builtins.py	name	IGNORED	UNTRACKED-BUILD-ARTIFACT	ACCEPTABLE	low
.venv-rtl/lib/python3.12/site-packages/pygments/lexers/_php_builtins.py	name	IGNORED	UNTRACKED-BUILD-ARTIFACT	ACCEPTABLE	low
.venv-rtl/lib/python3.12/site-packages/pygments/lexers/_postgres_builtins.py	name	IGNORED	UNTRACKED-BUILD-ARTIFACT	ACCEPTABLE	low
.venv-rtl/lib/python3.12/site-packages/pygments/lexers/_qlik_builtins.py	name	IGNORED	UNTRACKED-BUILD-ARTIFACT	ACCEPTABLE	low
.venv-rtl/lib/python3.12/site-packages/pygments/lexers/_scheme_builtins.py	name	IGNORED	UNTRACKED-BUILD-ARTIFACT	ACCEPTABLE	low
.venv-rtl/lib/python3.12/site-packages/pygments/lexers/_scilab_builtins.py	name	IGNORED	UNTRACKED-BUILD-ARTIFACT	ACCEPTABLE	low
.venv-rtl/lib/python3.12/site-packages/pygments/lexers/_sourcemod_builtins.py	name	IGNORED	UNTRACKED-BUILD-ARTIFACT	ACCEPTABLE	low
.venv-rtl/lib/python3.12/site-packages/pygments/lexers/_sql_builtins.py	name	IGNORED	UNTRACKED-BUILD-ARTIFACT	ACCEPTABLE	low
.venv-rtl/lib/python3.12/site-packages/pygments/lexers/_stan_builtins.py	name	IGNORED	UNTRACKED-BUILD-ARTIFACT	ACCEPTABLE	low
.venv-rtl/lib/python3.12/site-packages/pygments/lexers/_stata_builtins.py	name	IGNORED	UNTRACKED-BUILD-ARTIFACT	ACCEPTABLE	low
.venv-rtl/lib/python3.12/site-packages/pygments/lexers/_tsql_builtins.py	name	IGNORED	UNTRACKED-BUILD-ARTIFACT	ACCEPTABLE	low
.venv-rtl/lib/python3.12/site-packages/pygments/lexers/_usd_builtins.py	name	IGNORED	UNTRACKED-BUILD-ARTIFACT	ACCEPTABLE	low
.venv-rtl/lib/python3.12/site-packages/pygments/lexers/_vbscript_builtins.py	name	IGNORED	UNTRACKED-BUILD-ARTIFACT	ACCEPTABLE	low
.venv-rtl/lib/python3.12/site-packages/pygments/lexers/_vim_builtins.py	name	IGNORED	UNTRACKED-BUILD-ARTIFACT	ACCEPTABLE	low
.venv-rtl/lib/python3.12/site-packages/pygments/lexers/actionscript.py	name	IGNORED	UNTRACKED-BUILD-ARTIFACT	ACCEPTABLE	low
.venv-rtl/lib/python3.12/site-packages/pygments/lexers/ada.py	name	IGNORED	UNTRACKED-BUILD-ARTIFACT	ACCEPTABLE	low
.venv-rtl/lib/python3.12/site-packages/pygments/lexers/agile.py	name	IGNORED	UNTRACKED-BUILD-ARTIFACT	ACCEPTABLE	low
.venv-rtl/lib/python3.12/site-packages/pygments/lexers/algebra.py	name	IGNORED	UNTRACKED-BUILD-ARTIFACT	ACCEPTABLE	low
.venv-rtl/lib/python3.12/site-packages/pygments/lexers/ambient.py	name	IGNORED	UNTRACKED-BUILD-ARTIFACT	ACCEPTABLE	low
.venv-rtl/lib/python3.12/site-packages/pygments/lexers/amdgpu.py	name	IGNORED	UNTRACKED-BUILD-ARTIFACT	ACCEPTABLE	low
.venv-rtl/lib/python3.12/site-packages/pygments/lexers/ampl.py	name	IGNORED	UNTRACKED-BUILD-ARTIFACT	ACCEPTABLE	low
.venv-rtl/lib/python3.12/site-packages/pygments/lexers/apdlexer.py	name	IGNORED	UNTRACKED-BUILD-ARTIFACT	ACCEPTABLE	low
.venv-rtl/lib/python3.12/site-packages/pygments/lexers/apl.py	name	IGNORED	UNTRACKED-BUILD-ARTIFACT	ACCEPTABLE	low
.venv-rtl/lib/python3.12/site-packages/pygments/lexers/archetype.py	name	IGNORED	UNTRACKED-BUILD-ARTIFACT	ACCEPTABLE	low
.venv-rtl/lib/python3.12/site-packages/pygments/lexers/arrow.py	name	IGNORED	UNTRACKED-BUILD-ARTIFACT	ACCEPTABLE	low
.venv-rtl/lib/python3.12/site-packages/pygments/lexers/arturo.py	name	IGNORED	UNTRACKED-BUILD-ARTIFACT	ACCEPTABLE	low
.venv-rtl/lib/python3.12/site-packages/pygments/lexers/asc.py	name	IGNORED	UNTRACKED-BUILD-ARTIFACT	ACCEPTABLE	low
.venv-rtl/lib/python3.12/site-packages/pygments/lexers/asm.py	name	IGNORED	UNTRACKED-BUILD-ARTIFACT	ACCEPTABLE	low
.venv-rtl/lib/python3.12/site-packages/pygments/lexers/asn1.py	name	IGNORED	UNTRACKED-BUILD-ARTIFACT	ACCEPTABLE	low
.venv-rtl/lib/python3.12/site-packages/pygments/lexers/automation.py	name	IGNORED	UNTRACKED-BUILD-ARTIFACT	ACCEPTABLE	low
.venv-rtl/lib/python3.12/site-packages/pygments/lexers/bare.py	name	IGNORED	UNTRACKED-BUILD-ARTIFACT	ACCEPTABLE	low
.venv-rtl/lib/python3.12/site-packages/pygments/lexers/basic.py	name	IGNORED	UNTRACKED-BUILD-ARTIFACT	ACCEPTABLE	low
.venv-rtl/lib/python3.12/site-packages/pygments/lexers/bdd.py	name	IGNORED	UNTRACKED-BUILD-ARTIFACT	ACCEPTABLE	low
.venv-rtl/lib/python3.12/site-packages/pygments/lexers/berry.py	name	IGNORED	UNTRACKED-BUILD-ARTIFACT	ACCEPTABLE	low
.venv-rtl/lib/python3.12/site-packages/pygments/lexers/bibtex.py	name	IGNORED	UNTRACKED-BUILD-ARTIFACT	ACCEPTABLE	low
.venv-rtl/lib/python3.12/site-packages/pygments/lexers/bitbake.py	name	IGNORED	UNTRACKED-BUILD-ARTIFACT	ACCEPTABLE	low
.venv-rtl/lib/python3.12/site-packages/pygments/lexers/blueprint.py	name	IGNORED	UNTRACKED-BUILD-ARTIFACT	ACCEPTABLE	low
.venv-rtl/lib/python3.12/site-packages/pygments/lexers/boa.py	name	IGNORED	UNTRACKED-BUILD-ARTIFACT	ACCEPTABLE	low
.venv-rtl/lib/python3.12/site-packages/pygments/lexers/bqn.py	name	IGNORED	UNTRACKED-BUILD-ARTIFACT	ACCEPTABLE	low
.venv-rtl/lib/python3.12/site-packages/pygments/lexers/business.py	name	IGNORED	UNTRACKED-BUILD-ARTIFACT	ACCEPTABLE	low
.venv-rtl/lib/python3.12/site-packages/pygments/lexers/c_cpp.py	name	IGNORED	UNTRACKED-BUILD-ARTIFACT	ACCEPTABLE	low
.venv-rtl/lib/python3.12/site-packages/pygments/lexers/c_like.py	name	IGNORED	UNTRACKED-BUILD-ARTIFACT	ACCEPTABLE	low
.venv-rtl/lib/python3.12/site-packages/pygments/lexers/capnproto.py	name	IGNORED	UNTRACKED-BUILD-ARTIFACT	ACCEPTABLE	low
.venv-rtl/lib/python3.12/site-packages/pygments/lexers/carbon.py	name	IGNORED	UNTRACKED-BUILD-ARTIFACT	ACCEPTABLE	low
.venv-rtl/lib/python3.12/site-packages/pygments/lexers/cddl.py	name	IGNORED	UNTRACKED-BUILD-ARTIFACT	ACCEPTABLE	low
.venv-rtl/lib/python3.12/site-packages/pygments/lexers/cel.py	name	IGNORED	UNTRACKED-BUILD-ARTIFACT	ACCEPTABLE	low
.venv-rtl/lib/python3.12/site-packages/pygments/lexers/chapel.py	name	IGNORED	UNTRACKED-BUILD-ARTIFACT	ACCEPTABLE	low
.venv-rtl/lib/python3.12/site-packages/pygments/lexers/clean.py	name	IGNORED	UNTRACKED-BUILD-ARTIFACT	ACCEPTABLE	low
.venv-rtl/lib/python3.12/site-packages/pygments/lexers/codeql.py	name	IGNORED	UNTRACKED-BUILD-ARTIFACT	ACCEPTABLE	low
.venv-rtl/lib/python3.12/site-packages/pygments/lexers/comal.py	name	IGNORED	UNTRACKED-BUILD-ARTIFACT	ACCEPTABLE	low
.venv-rtl/lib/python3.12/site-packages/pygments/lexers/compiled.py	name	IGNORED	UNTRACKED-BUILD-ARTIFACT	ACCEPTABLE	low
.venv-rtl/lib/python3.12/site-packages/pygments/lexers/configs.py	name	IGNORED	UNTRACKED-BUILD-ARTIFACT	ACCEPTABLE	low
.venv-rtl/lib/python3.12/site-packages/pygments/lexers/console.py	name	IGNORED	UNTRACKED-BUILD-ARTIFACT	ACCEPTABLE	low
.venv-rtl/lib/python3.12/site-packages/pygments/lexers/cplint.py	name	IGNORED	UNTRACKED-BUILD-ARTIFACT	ACCEPTABLE	low
.venv-rtl/lib/python3.12/site-packages/pygments/lexers/crystal.py	name	IGNORED	UNTRACKED-BUILD-ARTIFACT	ACCEPTABLE	low
.venv-rtl/lib/python3.12/site-packages/pygments/lexers/csound.py	name	IGNORED	UNTRACKED-BUILD-ARTIFACT	ACCEPTABLE	low
.venv-rtl/lib/python3.12/site-packages/pygments/lexers/css.py	name	IGNORED	UNTRACKED-BUILD-ARTIFACT	ACCEPTABLE	low
.venv-rtl/lib/python3.12/site-packages/pygments/lexers/d.py	name	IGNORED	UNTRACKED-BUILD-ARTIFACT	ACCEPTABLE	low
.venv-rtl/lib/python3.12/site-packages/pygments/lexers/dalvik.py	name	IGNORED	UNTRACKED-BUILD-ARTIFACT	ACCEPTABLE	low
.venv-rtl/lib/python3.12/site-packages/pygments/lexers/data.py	name	IGNORED	UNTRACKED-BUILD-ARTIFACT	ACCEPTABLE	low
.venv-rtl/lib/python3.12/site-packages/pygments/lexers/dax.py	name	IGNORED	UNTRACKED-BUILD-ARTIFACT	ACCEPTABLE	low
.venv-rtl/lib/python3.12/site-packages/pygments/lexers/devicetree.py	name	IGNORED	UNTRACKED-BUILD-ARTIFACT	ACCEPTABLE	low
.venv-rtl/lib/python3.12/site-packages/pygments/lexers/diff.py	name	IGNORED	UNTRACKED-BUILD-ARTIFACT	ACCEPTABLE	low
.venv-rtl/lib/python3.12/site-packages/pygments/lexers/dns.py	name	IGNORED	UNTRACKED-BUILD-ARTIFACT	ACCEPTABLE	low
.venv-rtl/lib/python3.12/site-packages/pygments/lexers/dotnet.py	name	IGNORED	UNTRACKED-BUILD-ARTIFACT	ACCEPTABLE	low
.venv-rtl/lib/python3.12/site-packages/pygments/lexers/dsls.py	name	IGNORED	UNTRACKED-BUILD-ARTIFACT	ACCEPTABLE	low
.venv-rtl/lib/python3.12/site-packages/pygments/lexers/dylan.py	name	IGNORED	UNTRACKED-BUILD-ARTIFACT	ACCEPTABLE	low
.venv-rtl/lib/python3.12/site-packages/pygments/lexers/ecl.py	name	IGNORED	UNTRACKED-BUILD-ARTIFACT	ACCEPTABLE	low
.venv-rtl/lib/python3.12/site-packages/pygments/lexers/eiffel.py	name	IGNORED	UNTRACKED-BUILD-ARTIFACT	ACCEPTABLE	low
.venv-rtl/lib/python3.12/site-packages/pygments/lexers/elm.py	name	IGNORED	UNTRACKED-BUILD-ARTIFACT	ACCEPTABLE	low
.venv-rtl/lib/python3.12/site-packages/pygments/lexers/elpi.py	name	IGNORED	UNTRACKED-BUILD-ARTIFACT	ACCEPTABLE	low
.venv-rtl/lib/python3.12/site-packages/pygments/lexers/email.py	name	IGNORED	UNTRACKED-BUILD-ARTIFACT	ACCEPTABLE	low
.venv-rtl/lib/python3.12/site-packages/pygments/lexers/erlang.py	name	IGNORED	UNTRACKED-BUILD-ARTIFACT	ACCEPTABLE	low
.venv-rtl/lib/python3.12/site-packages/pygments/lexers/esoteric.py	name	IGNORED	UNTRACKED-BUILD-ARTIFACT	ACCEPTABLE	low
.venv-rtl/lib/python3.12/site-packages/pygments/lexers/ezhil.py	name	IGNORED	UNTRACKED-BUILD-ARTIFACT	ACCEPTABLE	low
.venv-rtl/lib/python3.12/site-packages/pygments/lexers/factor.py	name	IGNORED	UNTRACKED-BUILD-ARTIFACT	ACCEPTABLE	low
.venv-rtl/lib/python3.12/site-packages/pygments/lexers/fantom.py	name	IGNORED	UNTRACKED-BUILD-ARTIFACT	ACCEPTABLE	low
.venv-rtl/lib/python3.12/site-packages/pygments/lexers/felix.py	name	IGNORED	UNTRACKED-BUILD-ARTIFACT	ACCEPTABLE	low
.venv-rtl/lib/python3.12/site-packages/pygments/lexers/fift.py	name	IGNORED	UNTRACKED-BUILD-ARTIFACT	ACCEPTABLE	low
.venv-rtl/lib/python3.12/site-packages/pygments/lexers/floscript.py	name	IGNORED	UNTRACKED-BUILD-ARTIFACT	ACCEPTABLE	low
.venv-rtl/lib/python3.12/site-packages/pygments/lexers/forth.py	name	IGNORED	UNTRACKED-BUILD-ARTIFACT	ACCEPTABLE	low
.venv-rtl/lib/python3.12/site-packages/pygments/lexers/fortran.py	name	IGNORED	UNTRACKED-BUILD-ARTIFACT	ACCEPTABLE	low
.venv-rtl/lib/python3.12/site-packages/pygments/lexers/foxpro.py	name	IGNORED	UNTRACKED-BUILD-ARTIFACT	ACCEPTABLE	low
.venv-rtl/lib/python3.12/site-packages/pygments/lexers/freefem.py	name	IGNORED	UNTRACKED-BUILD-ARTIFACT	ACCEPTABLE	low
.venv-rtl/lib/python3.12/site-packages/pygments/lexers/func.py	name	IGNORED	UNTRACKED-BUILD-ARTIFACT	ACCEPTABLE	low
.venv-rtl/lib/python3.12/site-packages/pygments/lexers/functional.py	name	IGNORED	UNTRACKED-BUILD-ARTIFACT	ACCEPTABLE	low
.venv-rtl/lib/python3.12/site-packages/pygments/lexers/futhark.py	name	IGNORED	UNTRACKED-BUILD-ARTIFACT	ACCEPTABLE	low
.venv-rtl/lib/python3.12/site-packages/pygments/lexers/gcodelexer.py	name	IGNORED	UNTRACKED-BUILD-ARTIFACT	ACCEPTABLE	low
.venv-rtl/lib/python3.12/site-packages/pygments/lexers/gdscript.py	name	IGNORED	UNTRACKED-BUILD-ARTIFACT	ACCEPTABLE	low
.venv-rtl/lib/python3.12/site-packages/pygments/lexers/gleam.py	name	IGNORED	UNTRACKED-BUILD-ARTIFACT	ACCEPTABLE	low
.venv-rtl/lib/python3.12/site-packages/pygments/lexers/go.py	name	IGNORED	UNTRACKED-BUILD-ARTIFACT	ACCEPTABLE	low
.venv-rtl/lib/python3.12/site-packages/pygments/lexers/grammar_notation.py	name	IGNORED	UNTRACKED-BUILD-ARTIFACT	ACCEPTABLE	low
.venv-rtl/lib/python3.12/site-packages/pygments/lexers/graph.py	name	IGNORED	UNTRACKED-BUILD-ARTIFACT	ACCEPTABLE	low
.venv-rtl/lib/python3.12/site-packages/pygments/lexers/graphics.py	name	IGNORED	UNTRACKED-BUILD-ARTIFACT	ACCEPTABLE	low
.venv-rtl/lib/python3.12/site-packages/pygments/lexers/graphql.py	name	IGNORED	UNTRACKED-BUILD-ARTIFACT	ACCEPTABLE	low
.venv-rtl/lib/python3.12/site-packages/pygments/lexers/graphviz.py	name	IGNORED	UNTRACKED-BUILD-ARTIFACT	ACCEPTABLE	low
.venv-rtl/lib/python3.12/site-packages/pygments/lexers/gsql.py	name	IGNORED	UNTRACKED-BUILD-ARTIFACT	ACCEPTABLE	low
.venv-rtl/lib/python3.12/site-packages/pygments/lexers/hare.py	name	IGNORED	UNTRACKED-BUILD-ARTIFACT	ACCEPTABLE	low
.venv-rtl/lib/python3.12/site-packages/pygments/lexers/haskell.py	name	IGNORED	UNTRACKED-BUILD-ARTIFACT	ACCEPTABLE	low
.venv-rtl/lib/python3.12/site-packages/pygments/lexers/haxe.py	name	IGNORED	UNTRACKED-BUILD-ARTIFACT	ACCEPTABLE	low
.venv-rtl/lib/python3.12/site-packages/pygments/lexers/hdl.py	name	IGNORED	UNTRACKED-BUILD-ARTIFACT	ACCEPTABLE	low
.venv-rtl/lib/python3.12/site-packages/pygments/lexers/hexdump.py	name	IGNORED	UNTRACKED-BUILD-ARTIFACT	ACCEPTABLE	low
.venv-rtl/lib/python3.12/site-packages/pygments/lexers/html.py	name	IGNORED	UNTRACKED-BUILD-ARTIFACT	ACCEPTABLE	low
.venv-rtl/lib/python3.12/site-packages/pygments/lexers/idl.py	name	IGNORED	UNTRACKED-BUILD-ARTIFACT	ACCEPTABLE	low
.venv-rtl/lib/python3.12/site-packages/pygments/lexers/igor.py	name	IGNORED	UNTRACKED-BUILD-ARTIFACT	ACCEPTABLE	low
.venv-rtl/lib/python3.12/site-packages/pygments/lexers/inferno.py	name	IGNORED	UNTRACKED-BUILD-ARTIFACT	ACCEPTABLE	low
.venv-rtl/lib/python3.12/site-packages/pygments/lexers/installers.py	name	IGNORED	UNTRACKED-BUILD-ARTIFACT	ACCEPTABLE	low
.venv-rtl/lib/python3.12/site-packages/pygments/lexers/int_fiction.py	name	IGNORED	UNTRACKED-BUILD-ARTIFACT	ACCEPTABLE	low
.venv-rtl/lib/python3.12/site-packages/pygments/lexers/iolang.py	name	IGNORED	UNTRACKED-BUILD-ARTIFACT	ACCEPTABLE	low
.venv-rtl/lib/python3.12/site-packages/pygments/lexers/j.py	name	IGNORED	UNTRACKED-BUILD-ARTIFACT	ACCEPTABLE	low
.venv-rtl/lib/python3.12/site-packages/pygments/lexers/javascript.py	name	IGNORED	UNTRACKED-BUILD-ARTIFACT	ACCEPTABLE	low
.venv-rtl/lib/python3.12/site-packages/pygments/lexers/jmespath.py	name	IGNORED	UNTRACKED-BUILD-ARTIFACT	ACCEPTABLE	low
.venv-rtl/lib/python3.12/site-packages/pygments/lexers/jslt.py	name	IGNORED	UNTRACKED-BUILD-ARTIFACT	ACCEPTABLE	low
.venv-rtl/lib/python3.12/site-packages/pygments/lexers/json5.py	name	IGNORED	UNTRACKED-BUILD-ARTIFACT	ACCEPTABLE	low
.venv-rtl/lib/python3.12/site-packages/pygments/lexers/jsonnet.py	name	IGNORED	UNTRACKED-BUILD-ARTIFACT	ACCEPTABLE	low
.venv-rtl/lib/python3.12/site-packages/pygments/lexers/jsx.py	name	IGNORED	UNTRACKED-BUILD-ARTIFACT	ACCEPTABLE	low
.venv-rtl/lib/python3.12/site-packages/pygments/lexers/julia.py	name	IGNORED	UNTRACKED-BUILD-ARTIFACT	ACCEPTABLE	low
.venv-rtl/lib/python3.12/site-packages/pygments/lexers/jvm.py	name	IGNORED	UNTRACKED-BUILD-ARTIFACT	ACCEPTABLE	low
.venv-rtl/lib/python3.12/site-packages/pygments/lexers/kuin.py	name	IGNORED	UNTRACKED-BUILD-ARTIFACT	ACCEPTABLE	low
.venv-rtl/lib/python3.12/site-packages/pygments/lexers/kusto.py	name	IGNORED	UNTRACKED-BUILD-ARTIFACT	ACCEPTABLE	low
.venv-rtl/lib/python3.12/site-packages/pygments/lexers/ldap.py	name	IGNORED	UNTRACKED-BUILD-ARTIFACT	ACCEPTABLE	low
.venv-rtl/lib/python3.12/site-packages/pygments/lexers/lean.py	name	IGNORED	UNTRACKED-BUILD-ARTIFACT	ACCEPTABLE	low
.venv-rtl/lib/python3.12/site-packages/pygments/lexers/lilypond.py	name	IGNORED	UNTRACKED-BUILD-ARTIFACT	ACCEPTABLE	low
.venv-rtl/lib/python3.12/site-packages/pygments/lexers/lisp.py	name	IGNORED	UNTRACKED-BUILD-ARTIFACT	ACCEPTABLE	low
.venv-rtl/lib/python3.12/site-packages/pygments/lexers/macaulay2.py	name	IGNORED	UNTRACKED-BUILD-ARTIFACT	ACCEPTABLE	low
.venv-rtl/lib/python3.12/site-packages/pygments/lexers/make.py	name	IGNORED	UNTRACKED-BUILD-ARTIFACT	ACCEPTABLE	low
.venv-rtl/lib/python3.12/site-packages/pygments/lexers/maple.py	name	IGNORED	UNTRACKED-BUILD-ARTIFACT	ACCEPTABLE	low
.venv-rtl/lib/python3.12/site-packages/pygments/lexers/markup.py	name	IGNORED	UNTRACKED-BUILD-ARTIFACT	ACCEPTABLE	low
.venv-rtl/lib/python3.12/site-packages/pygments/lexers/math.py	name	IGNORED	UNTRACKED-BUILD-ARTIFACT	ACCEPTABLE	low
.venv-rtl/lib/python3.12/site-packages/pygments/lexers/matlab.py	name	IGNORED	UNTRACKED-BUILD-ARTIFACT	ACCEPTABLE	low
.venv-rtl/lib/python3.12/site-packages/pygments/lexers/maxima.py	name	IGNORED	UNTRACKED-BUILD-ARTIFACT	ACCEPTABLE	low
.venv-rtl/lib/python3.12/site-packages/pygments/lexers/meson.py	name	IGNORED	UNTRACKED-BUILD-ARTIFACT	ACCEPTABLE	low
.venv-rtl/lib/python3.12/site-packages/pygments/lexers/mime.py	name	IGNORED	UNTRACKED-BUILD-ARTIFACT	ACCEPTABLE	low
.venv-rtl/lib/python3.12/site-packages/pygments/lexers/minecraft.py	name	IGNORED	UNTRACKED-BUILD-ARTIFACT	ACCEPTABLE	low
.venv-rtl/lib/python3.12/site-packages/pygments/lexers/mips.py	name	IGNORED	UNTRACKED-BUILD-ARTIFACT	ACCEPTABLE	low
.venv-rtl/lib/python3.12/site-packages/pygments/lexers/ml.py	name	IGNORED	UNTRACKED-BUILD-ARTIFACT	ACCEPTABLE	low
.venv-rtl/lib/python3.12/site-packages/pygments/lexers/modeling.py	name	IGNORED	UNTRACKED-BUILD-ARTIFACT	ACCEPTABLE	low
.venv-rtl/lib/python3.12/site-packages/pygments/lexers/modula2.py	name	IGNORED	UNTRACKED-BUILD-ARTIFACT	ACCEPTABLE	low
.venv-rtl/lib/python3.12/site-packages/pygments/lexers/mojo.py	name	IGNORED	UNTRACKED-BUILD-ARTIFACT	ACCEPTABLE	low
.venv-rtl/lib/python3.12/site-packages/pygments/lexers/monte.py	name	IGNORED	UNTRACKED-BUILD-ARTIFACT	ACCEPTABLE	low
.venv-rtl/lib/python3.12/site-packages/pygments/lexers/mosel.py	name	IGNORED	UNTRACKED-BUILD-ARTIFACT	ACCEPTABLE	low
.venv-rtl/lib/python3.12/site-packages/pygments/lexers/ncl.py	name	IGNORED	UNTRACKED-BUILD-ARTIFACT	ACCEPTABLE	low
.venv-rtl/lib/python3.12/site-packages/pygments/lexers/nimrod.py	name	IGNORED	UNTRACKED-BUILD-ARTIFACT	ACCEPTABLE	low
.venv-rtl/lib/python3.12/site-packages/pygments/lexers/nit.py	name	IGNORED	UNTRACKED-BUILD-ARTIFACT	ACCEPTABLE	low
.venv-rtl/lib/python3.12/site-packages/pygments/lexers/nix.py	name	IGNORED	UNTRACKED-BUILD-ARTIFACT	ACCEPTABLE	low
.venv-rtl/lib/python3.12/site-packages/pygments/lexers/numbair.py	name	IGNORED	UNTRACKED-BUILD-ARTIFACT	ACCEPTABLE	low
.venv-rtl/lib/python3.12/site-packages/pygments/lexers/oberon.py	name	IGNORED	UNTRACKED-BUILD-ARTIFACT	ACCEPTABLE	low
.venv-rtl/lib/python3.12/site-packages/pygments/lexers/objective.py	name	IGNORED	UNTRACKED-BUILD-ARTIFACT	ACCEPTABLE	low
.venv-rtl/lib/python3.12/site-packages/pygments/lexers/ooc.py	name	IGNORED	UNTRACKED-BUILD-ARTIFACT	ACCEPTABLE	low
.venv-rtl/lib/python3.12/site-packages/pygments/lexers/openscad.py	name	IGNORED	UNTRACKED-BUILD-ARTIFACT	ACCEPTABLE	low
.venv-rtl/lib/python3.12/site-packages/pygments/lexers/other.py	name	IGNORED	UNTRACKED-BUILD-ARTIFACT	ACCEPTABLE	low
.venv-rtl/lib/python3.12/site-packages/pygments/lexers/parasail.py	name	IGNORED	UNTRACKED-BUILD-ARTIFACT	ACCEPTABLE	low
.venv-rtl/lib/python3.12/site-packages/pygments/lexers/parsers.py	name	IGNORED	UNTRACKED-BUILD-ARTIFACT	ACCEPTABLE	low
.venv-rtl/lib/python3.12/site-packages/pygments/lexers/pascal.py	name	IGNORED	UNTRACKED-BUILD-ARTIFACT	ACCEPTABLE	low
.venv-rtl/lib/python3.12/site-packages/pygments/lexers/pawn.py	name	IGNORED	UNTRACKED-BUILD-ARTIFACT	ACCEPTABLE	low
.venv-rtl/lib/python3.12/site-packages/pygments/lexers/pddl.py	name	IGNORED	UNTRACKED-BUILD-ARTIFACT	ACCEPTABLE	low
.venv-rtl/lib/python3.12/site-packages/pygments/lexers/perl.py	name	IGNORED	UNTRACKED-BUILD-ARTIFACT	ACCEPTABLE	low
.venv-rtl/lib/python3.12/site-packages/pygments/lexers/phix.py	name	IGNORED	UNTRACKED-BUILD-ARTIFACT	ACCEPTABLE	low
.venv-rtl/lib/python3.12/site-packages/pygments/lexers/php.py	name	IGNORED	UNTRACKED-BUILD-ARTIFACT	ACCEPTABLE	low
.venv-rtl/lib/python3.12/site-packages/pygments/lexers/pointless.py	name	IGNORED	UNTRACKED-BUILD-ARTIFACT	ACCEPTABLE	low
.venv-rtl/lib/python3.12/site-packages/pygments/lexers/pony.py	name	IGNORED	UNTRACKED-BUILD-ARTIFACT	ACCEPTABLE	low
.venv-rtl/lib/python3.12/site-packages/pygments/lexers/praat.py	name	IGNORED	UNTRACKED-BUILD-ARTIFACT	ACCEPTABLE	low
.venv-rtl/lib/python3.12/site-packages/pygments/lexers/procfile.py	name	IGNORED	UNTRACKED-BUILD-ARTIFACT	ACCEPTABLE	low
.venv-rtl/lib/python3.12/site-packages/pygments/lexers/prolog.py	name	IGNORED	UNTRACKED-BUILD-ARTIFACT	ACCEPTABLE	low
.venv-rtl/lib/python3.12/site-packages/pygments/lexers/promql.py	name	IGNORED	UNTRACKED-BUILD-ARTIFACT	ACCEPTABLE	low
.venv-rtl/lib/python3.12/site-packages/pygments/lexers/prql.py	name	IGNORED	UNTRACKED-BUILD-ARTIFACT	ACCEPTABLE	low
.venv-rtl/lib/python3.12/site-packages/pygments/lexers/ptx.py	name	IGNORED	UNTRACKED-BUILD-ARTIFACT	ACCEPTABLE	low
.venv-rtl/lib/python3.12/site-packages/pygments/lexers/purescript.py	name	IGNORED	UNTRACKED-BUILD-ARTIFACT	ACCEPTABLE	low
.venv-rtl/lib/python3.12/site-packages/pygments/lexers/python.py	name	IGNORED	UNTRACKED-BUILD-ARTIFACT	ACCEPTABLE	low
.venv-rtl/lib/python3.12/site-packages/pygments/lexers/q.py	name	IGNORED	UNTRACKED-BUILD-ARTIFACT	ACCEPTABLE	low
.venv-rtl/lib/python3.12/site-packages/pygments/lexers/qlik.py	name	IGNORED	UNTRACKED-BUILD-ARTIFACT	ACCEPTABLE	low
.venv-rtl/lib/python3.12/site-packages/pygments/lexers/qvt.py	name	IGNORED	UNTRACKED-BUILD-ARTIFACT	ACCEPTABLE	low
.venv-rtl/lib/python3.12/site-packages/pygments/lexers/r.py	name	IGNORED	UNTRACKED-BUILD-ARTIFACT	ACCEPTABLE	low
.venv-rtl/lib/python3.12/site-packages/pygments/lexers/rdf.py	name	IGNORED	UNTRACKED-BUILD-ARTIFACT	ACCEPTABLE	low
.venv-rtl/lib/python3.12/site-packages/pygments/lexers/rebol.py	name	IGNORED	UNTRACKED-BUILD-ARTIFACT	ACCEPTABLE	low
.venv-rtl/lib/python3.12/site-packages/pygments/lexers/rego.py	name	IGNORED	UNTRACKED-BUILD-ARTIFACT	ACCEPTABLE	low
.venv-rtl/lib/python3.12/site-packages/pygments/lexers/rell.py	name	IGNORED	UNTRACKED-BUILD-ARTIFACT	ACCEPTABLE	low
.venv-rtl/lib/python3.12/site-packages/pygments/lexers/resource.py	name	IGNORED	UNTRACKED-BUILD-ARTIFACT	ACCEPTABLE	low
.venv-rtl/lib/python3.12/site-packages/pygments/lexers/ride.py	name	IGNORED	UNTRACKED-BUILD-ARTIFACT	ACCEPTABLE	low
.venv-rtl/lib/python3.12/site-packages/pygments/lexers/rita.py	name	IGNORED	UNTRACKED-BUILD-ARTIFACT	ACCEPTABLE	low
.venv-rtl/lib/python3.12/site-packages/pygments/lexers/rnc.py	name	IGNORED	UNTRACKED-BUILD-ARTIFACT	ACCEPTABLE	low
.venv-rtl/lib/python3.12/site-packages/pygments/lexers/roboconf.py	name	IGNORED	UNTRACKED-BUILD-ARTIFACT	ACCEPTABLE	low
.venv-rtl/lib/python3.12/site-packages/pygments/lexers/robotframework.py	name	IGNORED	UNTRACKED-BUILD-ARTIFACT	ACCEPTABLE	low
.venv-rtl/lib/python3.12/site-packages/pygments/lexers/ruby.py	name	IGNORED	UNTRACKED-BUILD-ARTIFACT	ACCEPTABLE	low
.venv-rtl/lib/python3.12/site-packages/pygments/lexers/rust.py	name	IGNORED	UNTRACKED-BUILD-ARTIFACT	ACCEPTABLE	low
.venv-rtl/lib/python3.12/site-packages/pygments/lexers/sas.py	name	IGNORED	UNTRACKED-BUILD-ARTIFACT	ACCEPTABLE	low
.venv-rtl/lib/python3.12/site-packages/pygments/lexers/savi.py	name	IGNORED	UNTRACKED-BUILD-ARTIFACT	ACCEPTABLE	low
.venv-rtl/lib/python3.12/site-packages/pygments/lexers/scdoc.py	name	IGNORED	UNTRACKED-BUILD-ARTIFACT	ACCEPTABLE	low
.venv-rtl/lib/python3.12/site-packages/pygments/lexers/scripting.py	name	IGNORED	UNTRACKED-BUILD-ARTIFACT	ACCEPTABLE	low
.venv-rtl/lib/python3.12/site-packages/pygments/lexers/sgf.py	name	IGNORED	UNTRACKED-BUILD-ARTIFACT	ACCEPTABLE	low
.venv-rtl/lib/python3.12/site-packages/pygments/lexers/shell.py	name	IGNORED	UNTRACKED-BUILD-ARTIFACT	ACCEPTABLE	low
.venv-rtl/lib/python3.12/site-packages/pygments/lexers/sieve.py	name	IGNORED	UNTRACKED-BUILD-ARTIFACT	ACCEPTABLE	low
.venv-rtl/lib/python3.12/site-packages/pygments/lexers/slash.py	name	IGNORED	UNTRACKED-BUILD-ARTIFACT	ACCEPTABLE	low
.venv-rtl/lib/python3.12/site-packages/pygments/lexers/smalltalk.py	name	IGNORED	UNTRACKED-BUILD-ARTIFACT	ACCEPTABLE	low
.venv-rtl/lib/python3.12/site-packages/pygments/lexers/smithy.py	name	IGNORED	UNTRACKED-BUILD-ARTIFACT	ACCEPTABLE	low
.venv-rtl/lib/python3.12/site-packages/pygments/lexers/smv.py	name	IGNORED	UNTRACKED-BUILD-ARTIFACT	ACCEPTABLE	low
.venv-rtl/lib/python3.12/site-packages/pygments/lexers/snobol.py	name	IGNORED	UNTRACKED-BUILD-ARTIFACT	ACCEPTABLE	low
.venv-rtl/lib/python3.12/site-packages/pygments/lexers/solidity.py	name	IGNORED	UNTRACKED-BUILD-ARTIFACT	ACCEPTABLE	low
.venv-rtl/lib/python3.12/site-packages/pygments/lexers/soong.py	name	IGNORED	UNTRACKED-BUILD-ARTIFACT	ACCEPTABLE	low
.venv-rtl/lib/python3.12/site-packages/pygments/lexers/sophia.py	name	IGNORED	UNTRACKED-BUILD-ARTIFACT	ACCEPTABLE	low
.venv-rtl/lib/python3.12/site-packages/pygments/lexers/special.py	name	IGNORED	UNTRACKED-BUILD-ARTIFACT	ACCEPTABLE	low
.venv-rtl/lib/python3.12/site-packages/pygments/lexers/spice.py	name	IGNORED	UNTRACKED-BUILD-ARTIFACT	ACCEPTABLE	low
.venv-rtl/lib/python3.12/site-packages/pygments/lexers/sql.py	name	IGNORED	UNTRACKED-BUILD-ARTIFACT	ACCEPTABLE	low
.venv-rtl/lib/python3.12/site-packages/pygments/lexers/srcinfo.py	name	IGNORED	UNTRACKED-BUILD-ARTIFACT	ACCEPTABLE	low
.venv-rtl/lib/python3.12/site-packages/pygments/lexers/stata.py	name	IGNORED	UNTRACKED-BUILD-ARTIFACT	ACCEPTABLE	low
.venv-rtl/lib/python3.12/site-packages/pygments/lexers/supercollider.py	name	IGNORED	UNTRACKED-BUILD-ARTIFACT	ACCEPTABLE	low
.venv-rtl/lib/python3.12/site-packages/pygments/lexers/tablegen.py	name	IGNORED	UNTRACKED-BUILD-ARTIFACT	ACCEPTABLE	low
.venv-rtl/lib/python3.12/site-packages/pygments/lexers/tact.py	name	IGNORED	UNTRACKED-BUILD-ARTIFACT	ACCEPTABLE	low
.venv-rtl/lib/python3.12/site-packages/pygments/lexers/tal.py	name	IGNORED	UNTRACKED-BUILD-ARTIFACT	ACCEPTABLE	low
.venv-rtl/lib/python3.12/site-packages/pygments/lexers/tcl.py	name	IGNORED	UNTRACKED-BUILD-ARTIFACT	ACCEPTABLE	low
.venv-rtl/lib/python3.12/site-packages/pygments/lexers/teal.py	name	IGNORED	UNTRACKED-BUILD-ARTIFACT	ACCEPTABLE	low
.venv-rtl/lib/python3.12/site-packages/pygments/lexers/templates.py	name	IGNORED	UNTRACKED-BUILD-ARTIFACT	ACCEPTABLE	low
.venv-rtl/lib/python3.12/site-packages/pygments/lexers/teraterm.py	name	IGNORED	UNTRACKED-BUILD-ARTIFACT	ACCEPTABLE	low
.venv-rtl/lib/python3.12/site-packages/pygments/lexers/testing.py	name	IGNORED	UNTRACKED-BUILD-ARTIFACT	ACCEPTABLE	low
.venv-rtl/lib/python3.12/site-packages/pygments/lexers/text.py	name	IGNORED	UNTRACKED-BUILD-ARTIFACT	ACCEPTABLE	low
.venv-rtl/lib/python3.12/site-packages/pygments/lexers/textedit.py	name	IGNORED	UNTRACKED-BUILD-ARTIFACT	ACCEPTABLE	low
.venv-rtl/lib/python3.12/site-packages/pygments/lexers/textfmts.py	name	IGNORED	UNTRACKED-BUILD-ARTIFACT	ACCEPTABLE	low
.venv-rtl/lib/python3.12/site-packages/pygments/lexers/theorem.py	name	IGNORED	UNTRACKED-BUILD-ARTIFACT	ACCEPTABLE	low
.venv-rtl/lib/python3.12/site-packages/pygments/lexers/thingsdb.py	name	IGNORED	UNTRACKED-BUILD-ARTIFACT	ACCEPTABLE	low
.venv-rtl/lib/python3.12/site-packages/pygments/lexers/tlb.py	name	IGNORED	UNTRACKED-BUILD-ARTIFACT	ACCEPTABLE	low
.venv-rtl/lib/python3.12/site-packages/pygments/lexers/tls.py	name	IGNORED	UNTRACKED-BUILD-ARTIFACT	ACCEPTABLE	low
.venv-rtl/lib/python3.12/site-packages/pygments/lexers/tnt.py	name	IGNORED	UNTRACKED-BUILD-ARTIFACT	ACCEPTABLE	low
.venv-rtl/lib/python3.12/site-packages/pygments/lexers/trafficscript.py	name	IGNORED	UNTRACKED-BUILD-ARTIFACT	ACCEPTABLE	low
.venv-rtl/lib/python3.12/site-packages/pygments/lexers/typoscript.py	name	IGNORED	UNTRACKED-BUILD-ARTIFACT	ACCEPTABLE	low
.venv-rtl/lib/python3.12/site-packages/pygments/lexers/typst.py	name	IGNORED	UNTRACKED-BUILD-ARTIFACT	ACCEPTABLE	low
.venv-rtl/lib/python3.12/site-packages/pygments/lexers/ul4.py	name	IGNORED	UNTRACKED-BUILD-ARTIFACT	ACCEPTABLE	low
.venv-rtl/lib/python3.12/site-packages/pygments/lexers/unicon.py	name	IGNORED	UNTRACKED-BUILD-ARTIFACT	ACCEPTABLE	low
.venv-rtl/lib/python3.12/site-packages/pygments/lexers/urbi.py	name	IGNORED	UNTRACKED-BUILD-ARTIFACT	ACCEPTABLE	low
.venv-rtl/lib/python3.12/site-packages/pygments/lexers/usd.py	name	IGNORED	UNTRACKED-BUILD-ARTIFACT	ACCEPTABLE	low
.venv-rtl/lib/python3.12/site-packages/pygments/lexers/varnish.py	name	IGNORED	UNTRACKED-BUILD-ARTIFACT	ACCEPTABLE	low
.venv-rtl/lib/python3.12/site-packages/pygments/lexers/verification.py	name	IGNORED	UNTRACKED-BUILD-ARTIFACT	ACCEPTABLE	low
.venv-rtl/lib/python3.12/site-packages/pygments/lexers/verifpal.py	name	IGNORED	UNTRACKED-BUILD-ARTIFACT	ACCEPTABLE	low
.venv-rtl/lib/python3.12/site-packages/pygments/lexers/vip.py	name	IGNORED	UNTRACKED-BUILD-ARTIFACT	ACCEPTABLE	low
.venv-rtl/lib/python3.12/site-packages/pygments/lexers/vyper.py	name	IGNORED	UNTRACKED-BUILD-ARTIFACT	ACCEPTABLE	low
.venv-rtl/lib/python3.12/site-packages/pygments/lexers/web.py	name	IGNORED	UNTRACKED-BUILD-ARTIFACT	ACCEPTABLE	low
.venv-rtl/lib/python3.12/site-packages/pygments/lexers/webassembly.py	name	IGNORED	UNTRACKED-BUILD-ARTIFACT	ACCEPTABLE	low
.venv-rtl/lib/python3.12/site-packages/pygments/lexers/webidl.py	name	IGNORED	UNTRACKED-BUILD-ARTIFACT	ACCEPTABLE	low
.venv-rtl/lib/python3.12/site-packages/pygments/lexers/webmisc.py	name	IGNORED	UNTRACKED-BUILD-ARTIFACT	ACCEPTABLE	low
.venv-rtl/lib/python3.12/site-packages/pygments/lexers/wgsl.py	name	IGNORED	UNTRACKED-BUILD-ARTIFACT	ACCEPTABLE	low
.venv-rtl/lib/python3.12/site-packages/pygments/lexers/whiley.py	name	IGNORED	UNTRACKED-BUILD-ARTIFACT	ACCEPTABLE	low
.venv-rtl/lib/python3.12/site-packages/pygments/lexers/wowtoc.py	name	IGNORED	UNTRACKED-BUILD-ARTIFACT	ACCEPTABLE	low
.venv-rtl/lib/python3.12/site-packages/pygments/lexers/wren.py	name	IGNORED	UNTRACKED-BUILD-ARTIFACT	ACCEPTABLE	low
.venv-rtl/lib/python3.12/site-packages/pygments/lexers/x10.py	name	IGNORED	UNTRACKED-BUILD-ARTIFACT	ACCEPTABLE	low
.venv-rtl/lib/python3.12/site-packages/pygments/lexers/xorg.py	name	IGNORED	UNTRACKED-BUILD-ARTIFACT	ACCEPTABLE	low
.venv-rtl/lib/python3.12/site-packages/pygments/lexers/yang.py	name	IGNORED	UNTRACKED-BUILD-ARTIFACT	ACCEPTABLE	low
.venv-rtl/lib/python3.12/site-packages/pygments/lexers/yara.py	name	IGNORED	UNTRACKED-BUILD-ARTIFACT	ACCEPTABLE	low
.venv-rtl/lib/python3.12/site-packages/pygments/lexers/zig.py	name	IGNORED	UNTRACKED-BUILD-ARTIFACT	ACCEPTABLE	low
.venv-rtl/lib/python3.12/site-packages/pygments/modeline.py	name	IGNORED	UNTRACKED-BUILD-ARTIFACT	ACCEPTABLE	low
.venv-rtl/lib/python3.12/site-packages/pygments/plugin.py	name	IGNORED	UNTRACKED-BUILD-ARTIFACT	ACCEPTABLE	low
.venv-rtl/lib/python3.12/site-packages/pygments/regexopt.py	name	IGNORED	UNTRACKED-BUILD-ARTIFACT	ACCEPTABLE	low
.venv-rtl/lib/python3.12/site-packages/pygments/scanner.py	name	IGNORED	UNTRACKED-BUILD-ARTIFACT	ACCEPTABLE	low
.venv-rtl/lib/python3.12/site-packages/pygments/sphinxext.py	name	IGNORED	UNTRACKED-BUILD-ARTIFACT	ACCEPTABLE	low
.venv-rtl/lib/python3.12/site-packages/pygments/style.py	name	IGNORED	UNTRACKED-BUILD-ARTIFACT	ACCEPTABLE	low
.venv-rtl/lib/python3.12/site-packages/pygments/styles/__init__.py	name	IGNORED	UNTRACKED-BUILD-ARTIFACT	ACCEPTABLE	low
.venv-rtl/lib/python3.12/site-packages/pygments/styles/__pycache__/__init__.cpython-312.pyc	name	IGNORED	UNTRACKED-BUILD-ARTIFACT	ACCEPTABLE	low
.venv-rtl/lib/python3.12/site-packages/pygments/styles/__pycache__/_mapping.cpython-312.pyc	name	IGNORED	UNTRACKED-BUILD-ARTIFACT	ACCEPTABLE	low
.venv-rtl/lib/python3.12/site-packages/pygments/styles/__pycache__/abap.cpython-312.pyc	name	IGNORED	UNTRACKED-BUILD-ARTIFACT	ACCEPTABLE	low
.venv-rtl/lib/python3.12/site-packages/pygments/styles/__pycache__/algol.cpython-312.pyc	name	IGNORED	UNTRACKED-BUILD-ARTIFACT	ACCEPTABLE	low
.venv-rtl/lib/python3.12/site-packages/pygments/styles/__pycache__/algol_nu.cpython-312.pyc	name	IGNORED	UNTRACKED-BUILD-ARTIFACT	ACCEPTABLE	low
.venv-rtl/lib/python3.12/site-packages/pygments/styles/__pycache__/arduino.cpython-312.pyc	name	IGNORED	UNTRACKED-BUILD-ARTIFACT	ACCEPTABLE	low
.venv-rtl/lib/python3.12/site-packages/pygments/styles/__pycache__/autumn.cpython-312.pyc	name	IGNORED	UNTRACKED-BUILD-ARTIFACT	ACCEPTABLE	low
.venv-rtl/lib/python3.12/site-packages/pygments/styles/__pycache__/borland.cpython-312.pyc	name	IGNORED	UNTRACKED-BUILD-ARTIFACT	ACCEPTABLE	low
.venv-rtl/lib/python3.12/site-packages/pygments/styles/__pycache__/bw.cpython-312.pyc	name	IGNORED	UNTRACKED-BUILD-ARTIFACT	ACCEPTABLE	low
.venv-rtl/lib/python3.12/site-packages/pygments/styles/__pycache__/coffee.cpython-312.pyc	name	IGNORED	UNTRACKED-BUILD-ARTIFACT	ACCEPTABLE	low
.venv-rtl/lib/python3.12/site-packages/pygments/styles/__pycache__/colorful.cpython-312.pyc	name	IGNORED	UNTRACKED-BUILD-ARTIFACT	ACCEPTABLE	low
.venv-rtl/lib/python3.12/site-packages/pygments/styles/__pycache__/default.cpython-312.pyc	name	IGNORED	UNTRACKED-BUILD-ARTIFACT	ACCEPTABLE	low
.venv-rtl/lib/python3.12/site-packages/pygments/styles/__pycache__/dracula.cpython-312.pyc	name	IGNORED	UNTRACKED-BUILD-ARTIFACT	ACCEPTABLE	low
.venv-rtl/lib/python3.12/site-packages/pygments/styles/__pycache__/emacs.cpython-312.pyc	name	IGNORED	UNTRACKED-BUILD-ARTIFACT	ACCEPTABLE	low
.venv-rtl/lib/python3.12/site-packages/pygments/styles/__pycache__/friendly.cpython-312.pyc	name	IGNORED	UNTRACKED-BUILD-ARTIFACT	ACCEPTABLE	low
.venv-rtl/lib/python3.12/site-packages/pygments/styles/__pycache__/friendly_grayscale.cpython-312.pyc	name	IGNORED	UNTRACKED-BUILD-ARTIFACT	ACCEPTABLE	low
.venv-rtl/lib/python3.12/site-packages/pygments/styles/__pycache__/fruity.cpython-312.pyc	name	IGNORED	UNTRACKED-BUILD-ARTIFACT	ACCEPTABLE	low
.venv-rtl/lib/python3.12/site-packages/pygments/styles/__pycache__/gh_dark.cpython-312.pyc	name	IGNORED	UNTRACKED-BUILD-ARTIFACT	ACCEPTABLE	low
.venv-rtl/lib/python3.12/site-packages/pygments/styles/__pycache__/gruvbox.cpython-312.pyc	name	IGNORED	UNTRACKED-BUILD-ARTIFACT	ACCEPTABLE	low
.venv-rtl/lib/python3.12/site-packages/pygments/styles/__pycache__/igor.cpython-312.pyc	name	IGNORED	UNTRACKED-BUILD-ARTIFACT	ACCEPTABLE	low
.venv-rtl/lib/python3.12/site-packages/pygments/styles/__pycache__/inkpot.cpython-312.pyc	name	IGNORED	UNTRACKED-BUILD-ARTIFACT	ACCEPTABLE	low
.venv-rtl/lib/python3.12/site-packages/pygments/styles/__pycache__/lightbulb.cpython-312.pyc	name	IGNORED	UNTRACKED-BUILD-ARTIFACT	ACCEPTABLE	low
.venv-rtl/lib/python3.12/site-packages/pygments/styles/__pycache__/lilypond.cpython-312.pyc	name	IGNORED	UNTRACKED-BUILD-ARTIFACT	ACCEPTABLE	low
.venv-rtl/lib/python3.12/site-packages/pygments/styles/__pycache__/lovelace.cpython-312.pyc	name	IGNORED	UNTRACKED-BUILD-ARTIFACT	ACCEPTABLE	low
.venv-rtl/lib/python3.12/site-packages/pygments/styles/__pycache__/manni.cpython-312.pyc	name	IGNORED	UNTRACKED-BUILD-ARTIFACT	ACCEPTABLE	low
.venv-rtl/lib/python3.12/site-packages/pygments/styles/__pycache__/material.cpython-312.pyc	name	IGNORED	UNTRACKED-BUILD-ARTIFACT	ACCEPTABLE	low
.venv-rtl/lib/python3.12/site-packages/pygments/styles/__pycache__/monokai.cpython-312.pyc	name	IGNORED	UNTRACKED-BUILD-ARTIFACT	ACCEPTABLE	low
.venv-rtl/lib/python3.12/site-packages/pygments/styles/__pycache__/murphy.cpython-312.pyc	name	IGNORED	UNTRACKED-BUILD-ARTIFACT	ACCEPTABLE	low
.venv-rtl/lib/python3.12/site-packages/pygments/styles/__pycache__/native.cpython-312.pyc	name	IGNORED	UNTRACKED-BUILD-ARTIFACT	ACCEPTABLE	low
.venv-rtl/lib/python3.12/site-packages/pygments/styles/__pycache__/night_owl.cpython-312.pyc	name	IGNORED	UNTRACKED-BUILD-ARTIFACT	ACCEPTABLE	low
.venv-rtl/lib/python3.12/site-packages/pygments/styles/__pycache__/nord.cpython-312.pyc	name	IGNORED	UNTRACKED-BUILD-ARTIFACT	ACCEPTABLE	low
.venv-rtl/lib/python3.12/site-packages/pygments/styles/__pycache__/onedark.cpython-312.pyc	name	IGNORED	UNTRACKED-BUILD-ARTIFACT	ACCEPTABLE	low
.venv-rtl/lib/python3.12/site-packages/pygments/styles/__pycache__/paraiso_dark.cpython-312.pyc	name	IGNORED	UNTRACKED-BUILD-ARTIFACT	ACCEPTABLE	low
.venv-rtl/lib/python3.12/site-packages/pygments/styles/__pycache__/paraiso_light.cpython-312.pyc	name	IGNORED	UNTRACKED-BUILD-ARTIFACT	ACCEPTABLE	low
.venv-rtl/lib/python3.12/site-packages/pygments/styles/__pycache__/pastie.cpython-312.pyc	name	IGNORED	UNTRACKED-BUILD-ARTIFACT	ACCEPTABLE	low
.venv-rtl/lib/python3.12/site-packages/pygments/styles/__pycache__/perldoc.cpython-312.pyc	name	IGNORED	UNTRACKED-BUILD-ARTIFACT	ACCEPTABLE	low
.venv-rtl/lib/python3.12/site-packages/pygments/styles/__pycache__/rainbow_dash.cpython-312.pyc	name	IGNORED	UNTRACKED-BUILD-ARTIFACT	ACCEPTABLE	low
.venv-rtl/lib/python3.12/site-packages/pygments/styles/__pycache__/rrt.cpython-312.pyc	name	IGNORED	UNTRACKED-BUILD-ARTIFACT	ACCEPTABLE	low
.venv-rtl/lib/python3.12/site-packages/pygments/styles/__pycache__/sas.cpython-312.pyc	name	IGNORED	UNTRACKED-BUILD-ARTIFACT	ACCEPTABLE	low
.venv-rtl/lib/python3.12/site-packages/pygments/styles/__pycache__/solarized.cpython-312.pyc	name	IGNORED	UNTRACKED-BUILD-ARTIFACT	ACCEPTABLE	low
.venv-rtl/lib/python3.12/site-packages/pygments/styles/__pycache__/staroffice.cpython-312.pyc	name	IGNORED	UNTRACKED-BUILD-ARTIFACT	ACCEPTABLE	low
.venv-rtl/lib/python3.12/site-packages/pygments/styles/__pycache__/stata_dark.cpython-312.pyc	name	IGNORED	UNTRACKED-BUILD-ARTIFACT	ACCEPTABLE	low
.venv-rtl/lib/python3.12/site-packages/pygments/styles/__pycache__/stata_light.cpython-312.pyc	name	IGNORED	UNTRACKED-BUILD-ARTIFACT	ACCEPTABLE	low
.venv-rtl/lib/python3.12/site-packages/pygments/styles/__pycache__/tango.cpython-312.pyc	name	IGNORED	UNTRACKED-BUILD-ARTIFACT	ACCEPTABLE	low
.venv-rtl/lib/python3.12/site-packages/pygments/styles/__pycache__/trac.cpython-312.pyc	name	IGNORED	UNTRACKED-BUILD-ARTIFACT	ACCEPTABLE	low
.venv-rtl/lib/python3.12/site-packages/pygments/styles/__pycache__/vim.cpython-312.pyc	name	IGNORED	UNTRACKED-BUILD-ARTIFACT	ACCEPTABLE	low
.venv-rtl/lib/python3.12/site-packages/pygments/styles/__pycache__/vs.cpython-312.pyc	name	IGNORED	UNTRACKED-BUILD-ARTIFACT	ACCEPTABLE	low
.venv-rtl/lib/python3.12/site-packages/pygments/styles/__pycache__/xcode.cpython-312.pyc	name	IGNORED	UNTRACKED-BUILD-ARTIFACT	ACCEPTABLE	low
.venv-rtl/lib/python3.12/site-packages/pygments/styles/__pycache__/zenburn.cpython-312.pyc	name	IGNORED	UNTRACKED-BUILD-ARTIFACT	ACCEPTABLE	low
.venv-rtl/lib/python3.12/site-packages/pygments/styles/_mapping.py	name	IGNORED	UNTRACKED-BUILD-ARTIFACT	ACCEPTABLE	low
.venv-rtl/lib/python3.12/site-packages/pygments/styles/abap.py	name	IGNORED	UNTRACKED-BUILD-ARTIFACT	ACCEPTABLE	low
.venv-rtl/lib/python3.12/site-packages/pygments/styles/algol.py	name	IGNORED	UNTRACKED-BUILD-ARTIFACT	ACCEPTABLE	low
.venv-rtl/lib/python3.12/site-packages/pygments/styles/algol_nu.py	name	IGNORED	UNTRACKED-BUILD-ARTIFACT	ACCEPTABLE	low
.venv-rtl/lib/python3.12/site-packages/pygments/styles/arduino.py	name	IGNORED	UNTRACKED-BUILD-ARTIFACT	ACCEPTABLE	low
.venv-rtl/lib/python3.12/site-packages/pygments/styles/autumn.py	name	IGNORED	UNTRACKED-BUILD-ARTIFACT	ACCEPTABLE	low
.venv-rtl/lib/python3.12/site-packages/pygments/styles/borland.py	name	IGNORED	UNTRACKED-BUILD-ARTIFACT	ACCEPTABLE	low
.venv-rtl/lib/python3.12/site-packages/pygments/styles/bw.py	name	IGNORED	UNTRACKED-BUILD-ARTIFACT	ACCEPTABLE	low
.venv-rtl/lib/python3.12/site-packages/pygments/styles/coffee.py	name	IGNORED	UNTRACKED-BUILD-ARTIFACT	ACCEPTABLE	low
.venv-rtl/lib/python3.12/site-packages/pygments/styles/colorful.py	name	IGNORED	UNTRACKED-BUILD-ARTIFACT	ACCEPTABLE	low
.venv-rtl/lib/python3.12/site-packages/pygments/styles/default.py	name	IGNORED	UNTRACKED-BUILD-ARTIFACT	ACCEPTABLE	low
.venv-rtl/lib/python3.12/site-packages/pygments/styles/dracula.py	name	IGNORED	UNTRACKED-BUILD-ARTIFACT	ACCEPTABLE	low
.venv-rtl/lib/python3.12/site-packages/pygments/styles/emacs.py	name	IGNORED	UNTRACKED-BUILD-ARTIFACT	ACCEPTABLE	low
.venv-rtl/lib/python3.12/site-packages/pygments/styles/friendly.py	name	IGNORED	UNTRACKED-BUILD-ARTIFACT	ACCEPTABLE	low
.venv-rtl/lib/python3.12/site-packages/pygments/styles/friendly_grayscale.py	name	IGNORED	UNTRACKED-BUILD-ARTIFACT	ACCEPTABLE	low
.venv-rtl/lib/python3.12/site-packages/pygments/styles/fruity.py	name	IGNORED	UNTRACKED-BUILD-ARTIFACT	ACCEPTABLE	low
.venv-rtl/lib/python3.12/site-packages/pygments/styles/gh_dark.py	name	IGNORED	UNTRACKED-BUILD-ARTIFACT	ACCEPTABLE	low
.venv-rtl/lib/python3.12/site-packages/pygments/styles/gruvbox.py	name	IGNORED	UNTRACKED-BUILD-ARTIFACT	ACCEPTABLE	low
.venv-rtl/lib/python3.12/site-packages/pygments/styles/igor.py	name	IGNORED	UNTRACKED-BUILD-ARTIFACT	ACCEPTABLE	low
.venv-rtl/lib/python3.12/site-packages/pygments/styles/inkpot.py	name	IGNORED	UNTRACKED-BUILD-ARTIFACT	ACCEPTABLE	low
.venv-rtl/lib/python3.12/site-packages/pygments/styles/lightbulb.py	name	IGNORED	UNTRACKED-BUILD-ARTIFACT	ACCEPTABLE	low
.venv-rtl/lib/python3.12/site-packages/pygments/styles/lilypond.py	name	IGNORED	UNTRACKED-BUILD-ARTIFACT	ACCEPTABLE	low
.venv-rtl/lib/python3.12/site-packages/pygments/styles/lovelace.py	name	IGNORED	UNTRACKED-BUILD-ARTIFACT	ACCEPTABLE	low
.venv-rtl/lib/python3.12/site-packages/pygments/styles/manni.py	name	IGNORED	UNTRACKED-BUILD-ARTIFACT	ACCEPTABLE	low
.venv-rtl/lib/python3.12/site-packages/pygments/styles/material.py	name	IGNORED	UNTRACKED-BUILD-ARTIFACT	ACCEPTABLE	low
.venv-rtl/lib/python3.12/site-packages/pygments/styles/monokai.py	name	IGNORED	UNTRACKED-BUILD-ARTIFACT	ACCEPTABLE	low
.venv-rtl/lib/python3.12/site-packages/pygments/styles/murphy.py	name	IGNORED	UNTRACKED-BUILD-ARTIFACT	ACCEPTABLE	low
.venv-rtl/lib/python3.12/site-packages/pygments/styles/native.py	name	IGNORED	UNTRACKED-BUILD-ARTIFACT	ACCEPTABLE	low
.venv-rtl/lib/python3.12/site-packages/pygments/styles/night_owl.py	name	IGNORED	UNTRACKED-BUILD-ARTIFACT	ACCEPTABLE	low
.venv-rtl/lib/python3.12/site-packages/pygments/styles/nord.py	name	IGNORED	UNTRACKED-BUILD-ARTIFACT	ACCEPTABLE	low
.venv-rtl/lib/python3.12/site-packages/pygments/styles/onedark.py	name	IGNORED	UNTRACKED-BUILD-ARTIFACT	ACCEPTABLE	low
.venv-rtl/lib/python3.12/site-packages/pygments/styles/paraiso_dark.py	name	IGNORED	UNTRACKED-BUILD-ARTIFACT	ACCEPTABLE	low
.venv-rtl/lib/python3.12/site-packages/pygments/styles/paraiso_light.py	name	IGNORED	UNTRACKED-BUILD-ARTIFACT	ACCEPTABLE	low
.venv-rtl/lib/python3.12/site-packages/pygments/styles/pastie.py	name	IGNORED	UNTRACKED-BUILD-ARTIFACT	ACCEPTABLE	low
.venv-rtl/lib/python3.12/site-packages/pygments/styles/perldoc.py	name	IGNORED	UNTRACKED-BUILD-ARTIFACT	ACCEPTABLE	low
.venv-rtl/lib/python3.12/site-packages/pygments/styles/rainbow_dash.py	name	IGNORED	UNTRACKED-BUILD-ARTIFACT	ACCEPTABLE	low
.venv-rtl/lib/python3.12/site-packages/pygments/styles/rrt.py	name	IGNORED	UNTRACKED-BUILD-ARTIFACT	ACCEPTABLE	low
.venv-rtl/lib/python3.12/site-packages/pygments/styles/sas.py	name	IGNORED	UNTRACKED-BUILD-ARTIFACT	ACCEPTABLE	low
.venv-rtl/lib/python3.12/site-packages/pygments/styles/solarized.py	name	IGNORED	UNTRACKED-BUILD-ARTIFACT	ACCEPTABLE	low
.venv-rtl/lib/python3.12/site-packages/pygments/styles/staroffice.py	name	IGNORED	UNTRACKED-BUILD-ARTIFACT	ACCEPTABLE	low
.venv-rtl/lib/python3.12/site-packages/pygments/styles/stata_dark.py	name	IGNORED	UNTRACKED-BUILD-ARTIFACT	ACCEPTABLE	low
.venv-rtl/lib/python3.12/site-packages/pygments/styles/stata_light.py	name	IGNORED	UNTRACKED-BUILD-ARTIFACT	ACCEPTABLE	low
.venv-rtl/lib/python3.12/site-packages/pygments/styles/tango.py	name	IGNORED	UNTRACKED-BUILD-ARTIFACT	ACCEPTABLE	low
.venv-rtl/lib/python3.12/site-packages/pygments/styles/trac.py	name	IGNORED	UNTRACKED-BUILD-ARTIFACT	ACCEPTABLE	low
.venv-rtl/lib/python3.12/site-packages/pygments/styles/vim.py	name	IGNORED	UNTRACKED-BUILD-ARTIFACT	ACCEPTABLE	low
.venv-rtl/lib/python3.12/site-packages/pygments/styles/vs.py	name	IGNORED	UNTRACKED-BUILD-ARTIFACT	ACCEPTABLE	low
.venv-rtl/lib/python3.12/site-packages/pygments/styles/xcode.py	name	IGNORED	UNTRACKED-BUILD-ARTIFACT	ACCEPTABLE	low
.venv-rtl/lib/python3.12/site-packages/pygments/styles/zenburn.py	name	IGNORED	UNTRACKED-BUILD-ARTIFACT	ACCEPTABLE	low
.venv-rtl/lib/python3.12/site-packages/pygments/token.py	name	IGNORED	UNTRACKED-BUILD-ARTIFACT	ACCEPTABLE	low
.venv-rtl/lib/python3.12/site-packages/pygments/unistring.py	name	IGNORED	UNTRACKED-BUILD-ARTIFACT	ACCEPTABLE	low
.venv-rtl/lib/python3.12/site-packages/pygments/util.py	name	IGNORED	UNTRACKED-BUILD-ARTIFACT	ACCEPTABLE	low
.venv-rtl/lib/python3.12/site-packages/pygpi/__init__.py	name	IGNORED	UNTRACKED-BUILD-ARTIFACT	ACCEPTABLE	low
.venv-rtl/lib/python3.12/site-packages/pygpi/__pycache__/__init__.cpython-312.pyc	name	IGNORED	UNTRACKED-BUILD-ARTIFACT	ACCEPTABLE	low
.venv-rtl/lib/python3.12/site-packages/pygpi/__pycache__/entry.cpython-312.pyc	name	IGNORED	UNTRACKED-BUILD-ARTIFACT	ACCEPTABLE	low
.venv-rtl/lib/python3.12/site-packages/pygpi/entry.py	name	IGNORED	UNTRACKED-BUILD-ARTIFACT	ACCEPTABLE	low
.venv-rtl/lib/python3.12/site-packages/pygpi/py.typed	name	IGNORED	UNTRACKED-BUILD-ARTIFACT	ACCEPTABLE	low
.venv-rtl/lib/python3.12/site-packages/pytest-9.1.1.dist-info/INSTALLER	name	IGNORED	UNTRACKED-BUILD-ARTIFACT	ACCEPTABLE	low
.venv-rtl/lib/python3.12/site-packages/pytest-9.1.1.dist-info/METADATA	name	IGNORED	UNTRACKED-BUILD-ARTIFACT	ACCEPTABLE	low
.venv-rtl/lib/python3.12/site-packages/pytest-9.1.1.dist-info/RECORD	name	IGNORED	UNTRACKED-BUILD-ARTIFACT	ACCEPTABLE	low
.venv-rtl/lib/python3.12/site-packages/pytest-9.1.1.dist-info/WHEEL	name	IGNORED	UNTRACKED-BUILD-ARTIFACT	ACCEPTABLE	low
.venv-rtl/lib/python3.12/site-packages/pytest-9.1.1.dist-info/entry_points.txt	name	IGNORED	UNTRACKED-BUILD-ARTIFACT	ACCEPTABLE	low
.venv-rtl/lib/python3.12/site-packages/pytest-9.1.1.dist-info/licenses/LICENSE	name	IGNORED	UNTRACKED-BUILD-ARTIFACT	ACCEPTABLE	low
.venv-rtl/lib/python3.12/site-packages/pytest-9.1.1.dist-info/top_level.txt	name	IGNORED	UNTRACKED-BUILD-ARTIFACT	ACCEPTABLE	low
.venv-rtl/lib/python3.12/site-packages/pytest/__init__.py	name	IGNORED	UNTRACKED-BUILD-ARTIFACT	ACCEPTABLE	low
.venv-rtl/lib/python3.12/site-packages/pytest/__main__.py	name	IGNORED	UNTRACKED-BUILD-ARTIFACT	ACCEPTABLE	low
.venv-rtl/lib/python3.12/site-packages/pytest/__pycache__/__init__.cpython-312.pyc	name	IGNORED	UNTRACKED-BUILD-ARTIFACT	ACCEPTABLE	low
.venv-rtl/lib/python3.12/site-packages/pytest/__pycache__/__main__.cpython-312.pyc	name	IGNORED	UNTRACKED-BUILD-ARTIFACT	ACCEPTABLE	low
.venv-rtl/lib/python3.12/site-packages/pytest/py.typed	name	IGNORED	UNTRACKED-BUILD-ARTIFACT	ACCEPTABLE	low
.venv-rtl/pyvenv.cfg	name	IGNORED	UNTRACKED-BUILD-ARTIFACT	ACCEPTABLE	low
AGENTS.md	content,content-precise	TRACKED	PROCESS-RECORD	ACCEPTABLE	low
PLAN.md	content,content-precise	TRACKED	PROCESS-RECORD	ACCEPTABLE	none
VENDOR_LOCK.json	content	TRACKED	KEYWORD-FALSE-POSITIVE	ACCEPTABLE	none
dist/mpd-package/skills/dsh-qa/scripts/rtl-ip-profile.mjs	name	IGNORED	UNTRACKED-BUILD-ARTIFACT	ACCEPTABLE	low
dist/mpd-package/skills/dsh-qa/scripts/rtl-verif.mjs	name	IGNORED	UNTRACKED-BUILD-ARTIFACT	ACCEPTABLE	low
dist/mpd-package/skills/lsp-setup/scripts/verify-lsp.ts	name	IGNORED	KEYWORD-FALSE-POSITIVE	ACCEPTABLE	none
docs/adder4.md	content-precise	TRACKED	BRIDGE-BY-DESIGN	ACCEPTABLE	none
docs/architecture.md	content	TRACKED	KEYWORD-FALSE-POSITIVE	ACCEPTABLE	none
docs/architecture.zh-CN.md	content	TRACKED	KEYWORD-FALSE-POSITIVE	ACCEPTABLE	none
docs/bline-report.md	content	TRACKED	KEYWORD-FALSE-POSITIVE	ACCEPTABLE	none
docs/cnt8.md	content-precise	TRACKED	BRIDGE-BY-DESIGN	ACCEPTABLE	none
docs/decisions.md	content	TRACKED	KEYWORD-FALSE-POSITIVE	ACCEPTABLE	none
docs/development.md	content	TRACKED	KEYWORD-FALSE-POSITIVE	ACCEPTABLE	none
docs/development.zh-CN.md	content	TRACKED	KEYWORD-FALSE-POSITIVE	ACCEPTABLE	none
docs/feature-audit.md	content	TRACKED	KEYWORD-FALSE-POSITIVE	ACCEPTABLE	none
docs/feature-audit.zh-CN.md	content	TRACKED	KEYWORD-FALSE-POSITIVE	ACCEPTABLE	none
docs/index.md	content,content-precise	TRACKED	FULL-STRIP-DEFECT	IN-SCOPE-DEFECT	medium
docs/index.zh-CN.md	content,content-precise	TRACKED	FULL-STRIP-DEFECT	IN-SCOPE-DEFECT	medium
docs/omo-parity-gap.md	content	TRACKED	KEYWORD-FALSE-POSITIVE	ACCEPTABLE	none
docs/plan-c.md	content	TRACKED	KEYWORD-FALSE-POSITIVE	ACCEPTABLE	none
docs/plan-d.md	content	TRACKED	KEYWORD-FALSE-POSITIVE	ACCEPTABLE	none
docs/plan-e.md	content	TRACKED	KEYWORD-FALSE-POSITIVE	ACCEPTABLE	none
docs/plan-f.md	content	TRACKED	KEYWORD-FALSE-POSITIVE	ACCEPTABLE	none
docs/review-p0-p3.md	content,content-precise	TRACKED	PROCESS-RECORD	ACCEPTABLE	none
docs/rtl-gap-assessment.md	content,content-precise,name	TRACKED	FULL-STRIP-DEFECT	IN-SCOPE-DEFECT	high
docs/rtl-gap-assessment.zh-CN.md	content,content-precise,name	TRACKED	FULL-STRIP-DEFECT	IN-SCOPE-DEFECT	high
docs/rtl-ip-flow-guide.md	content,content-precise,name	TRACKED	FULL-STRIP-DEFECT	IN-SCOPE-DEFECT	high
docs/rtl-ip-flow-guide.zh-CN.md	content,content-precise,name	TRACKED	FULL-STRIP-DEFECT	IN-SCOPE-DEFECT	high
docs/rtl-verif-guide.md	content,content-precise,name	TRACKED	FULL-STRIP-DEFECT	IN-SCOPE-DEFECT	high
docs/rtl-verif-guide.zh-CN.md	content,content-precise,name	TRACKED	FULL-STRIP-DEFECT	IN-SCOPE-DEFECT	high
docs/track-a-report.md	content,content-precise	TRACKED	PROCESS-RECORD	ACCEPTABLE	none
docs/ulw-deepseek-optimization.md	content	TRACKED	KEYWORD-FALSE-POSITIVE	ACCEPTABLE	none
docs/user-guide.md	content	TRACKED	KEYWORD-FALSE-POSITIVE	ACCEPTABLE	none
docs/user-guide.zh-CN.md	content	TRACKED	KEYWORD-FALSE-POSITIVE	ACCEPTABLE	none
evidence/agent-teams/harness-seam-0.1.5-rc.2/20260911T012022Z-frozen/output.log	content	TRACKED	KEYWORD-FALSE-POSITIVE	ACCEPTABLE	none
evidence/agent-teams/harness-seam-0.1.5-rc.2/20260911T015831Z-dispatch-hold-open/output.log	content	TRACKED	KEYWORD-FALSE-POSITIVE	ACCEPTABLE	none
evidence/agent-teams/provenance-version-align/20260911T032030Z/result.json	content	TRACKED	KEYWORD-FALSE-POSITIVE	ACCEPTABLE	none
evidence/agent-teams/provenance-version-align/20260911T032030Z/verify.log	content,name	TRACKED	KEYWORD-FALSE-POSITIVE	ACCEPTABLE	none
evidence/agent-teams/scheduler-wakeup-fix/2026-09-10T10-16-23Z/captain-session-f333e946.jsonl	content	TRACKED	KEYWORD-FALSE-POSITIVE	ACCEPTABLE	none
evidence/agent-teams/scheduler-wakeup-fix/2026-09-10T10-16-23Z/gates.log	content	TRACKED	KEYWORD-FALSE-POSITIVE	ACCEPTABLE	none
evidence/agent-teams/scheduler-wakeup-fix/2026-09-10T10-16-23Z/live-diagnosis.txt	content	TRACKED	KEYWORD-FALSE-POSITIVE	ACCEPTABLE	none
evidence/agent-teams/scheduler-wakeup-fix/2026-09-10T10-16-23Z/result.json	content	TRACKED	KEYWORD-FALSE-POSITIVE	ACCEPTABLE	none
evidence/agent-teams/sidebar-migration/2026-09-10T02-38-08.459Z/result.json	content	TRACKED	KEYWORD-FALSE-POSITIVE	ACCEPTABLE	none
evidence/agent-teams/sidebar-migration/2026-09-10T02-38-08.459Z/sweep.log	content	TRACKED	KEYWORD-FALSE-POSITIVE	ACCEPTABLE	none
evidence/agent-teams/sidebar-migration/2026-09-10T02-38-08.459Z/verify-vendor-pristine-worktree.log	content,name	TRACKED	KEYWORD-FALSE-POSITIVE	ACCEPTABLE	none
evidence/agent-teams/sidebar-migration/final-2026-09-10T03-04-41Z/bun-test-packages.log	content	TRACKED	KEYWORD-FALSE-POSITIVE	ACCEPTABLE	none
evidence/agent-teams/sidebar-migration/final-2026-09-10T03-04-41Z/install-dry-run.log	content	TRACKED	KEYWORD-FALSE-POSITIVE	ACCEPTABLE	none
evidence/agent-teams/sidebar-migration/final-2026-09-10T03-04-41Z/result.json	content	TRACKED	KEYWORD-FALSE-POSITIVE	ACCEPTABLE	none
evidence/agent-teams/sidebar-migration/final-2026-09-10T03-04-41Z/test-qa.log	content	TRACKED	KEYWORD-FALSE-POSITIVE	ACCEPTABLE	none
evidence/agent-teams/sidebar-migration/final-2026-09-10T03-04-41Z/verify-vendor.log	content,name	TRACKED	KEYWORD-FALSE-POSITIVE	ACCEPTABLE	none
evidence/agent-teams/sidebar-migration/final-2026-09-10T06-21-45Z/bun-test-packages.log	content	TRACKED	KEYWORD-FALSE-POSITIVE	ACCEPTABLE	none
evidence/agent-teams/sidebar-migration/final-2026-09-10T06-21-45Z/exits.txt	content	TRACKED	KEYWORD-FALSE-POSITIVE	ACCEPTABLE	none
evidence/agent-teams/sidebar-migration/final-2026-09-10T06-21-45Z/install-dry-run.log	content	TRACKED	KEYWORD-FALSE-POSITIVE	ACCEPTABLE	none
evidence/agent-teams/sidebar-migration/final-2026-09-10T06-21-45Z/live-gui/live-gui-drive.log	content	TRACKED	KEYWORD-FALSE-POSITIVE	ACCEPTABLE	none
evidence/agent-teams/sidebar-migration/final-2026-09-10T06-21-45Z/real-react-render-harness.cjs	content	TRACKED	KEYWORD-FALSE-POSITIVE	ACCEPTABLE	none
evidence/agent-teams/sidebar-migration/final-2026-09-10T06-21-45Z/result-parity-round.json	content	TRACKED	KEYWORD-FALSE-POSITIVE	ACCEPTABLE	none
evidence/agent-teams/sidebar-migration/final-2026-09-10T06-21-45Z/result.json	content	TRACKED	KEYWORD-FALSE-POSITIVE	ACCEPTABLE	none
evidence/agent-teams/sidebar-migration/final-2026-09-10T06-21-45Z/test-qa.log	content	TRACKED	KEYWORD-FALSE-POSITIVE	ACCEPTABLE	none
evidence/agent-teams/sidebar-migration/final-2026-09-10T06-21-45Z/verify-vendor.log	content,name	TRACKED	KEYWORD-FALSE-POSITIVE	ACCEPTABLE	none
evidence/dsh-qa/agent-teams-dispatch/2026-09-11T01-45-58.484Z/output.log	content	TRACKED	KEYWORD-FALSE-POSITIVE	ACCEPTABLE	none
evidence/dsh-qa/agent-teams-dispatch/2026-09-11T01-52-00.539Z/output.log	content	TRACKED	KEYWORD-FALSE-POSITIVE	ACCEPTABLE	none
evidence/dsh-qa/bundle-lifecycle/2026-09-09T10-18-42.678Z/output.log	content	TRACKED	KEYWORD-FALSE-POSITIVE	ACCEPTABLE	none
evidence/dsh-qa/bundle-lifecycle/2026-09-10T00-52-16.838Z/output.log	content	TRACKED	KEYWORD-FALSE-POSITIVE	ACCEPTABLE	none
evidence/dsh-qa/bundle-lifecycle/2026-09-11T01-18-30.802Z/output.log	content	TRACKED	KEYWORD-FALSE-POSITIVE	ACCEPTABLE	none
evidence/dsh-qa/bundle-lifecycle/2026-09-11T01-31-01.986Z/output.log	content	TRACKED	KEYWORD-FALSE-POSITIVE	ACCEPTABLE	none
evidence/dsh-qa/bundle-lifecycle/2026-09-11T01-48-08.977Z/output.log	content	TRACKED	KEYWORD-FALSE-POSITIVE	ACCEPTABLE	none
evidence/dsh-qa/bundle-lifecycle/2026-09-11T02-10-56.816Z/output.log	content	TRACKED	KEYWORD-FALSE-POSITIVE	ACCEPTABLE	none
evidence/dsh-qa/bundle-lifecycle/2026-09-11T02-30-10.646Z/output.log	content	TRACKED	KEYWORD-FALSE-POSITIVE	ACCEPTABLE	none
evidence/dsh-qa/bundle-lifecycle/2026-09-11T03-29-26.635Z/output.log	content	TRACKED	KEYWORD-FALSE-POSITIVE	ACCEPTABLE	none
evidence/dsh-qa/bundle-lifecycle/2026-09-11T03-32-18.464Z/output.log	content	TRACKED	KEYWORD-FALSE-POSITIVE	ACCEPTABLE	none
evidence/dsh-qa/bundle-lifecycle/2026-09-11T03-38-25.172Z/output.log	content	TRACKED	KEYWORD-FALSE-POSITIVE	ACCEPTABLE	none
evidence/dsh-qa/bundle-lifecycle/2026-09-11T04-00-12.771Z/output.log	content	TRACKED	KEYWORD-FALSE-POSITIVE	ACCEPTABLE	none
evidence/dsh-qa/bundle-lifecycle/2026-09-11T04-16-09.053Z/output.log	content	TRACKED	KEYWORD-FALSE-POSITIVE	ACCEPTABLE	none
evidence/dsh-qa/bundle-lifecycle/2026-09-11T04-26-31.637Z/output.log	content	TRACKED	KEYWORD-FALSE-POSITIVE	ACCEPTABLE	none
evidence/dsh-qa/bundle-lifecycle/2026-09-11T05-59-54.071Z/output.log	content	TRACKED	KEYWORD-FALSE-POSITIVE	ACCEPTABLE	none
evidence/dsh-qa/bundle-lifecycle/2026-09-11T06-22-38.974Z/output.log	content	TRACKED	KEYWORD-FALSE-POSITIVE	ACCEPTABLE	none
evidence/dsh-qa/bundle-lifecycle/2026-09-11T06-32-04.790Z/output.log	content	TRACKED	KEYWORD-FALSE-POSITIVE	ACCEPTABLE	none
evidence/dsh-qa/bundle-lifecycle/2026-09-11T07-19-39.067Z/output.log	content	TRACKED	KEYWORD-FALSE-POSITIVE	ACCEPTABLE	none
evidence/dsh-qa/bundle-lifecycle/2026-09-11T09-15-31.554Z/output.log	content	TRACKED	KEYWORD-FALSE-POSITIVE	ACCEPTABLE	none
evidence/dsh-qa/llm-dual-track/deepseek/2026-09-11T05-48-46.492Z/output.log	content	TRACKED	KEYWORD-FALSE-POSITIVE	ACCEPTABLE	none
evidence/dsh-qa/llm-dual-track/deepseek/2026-09-11T05-56-59.321Z/output.log	content	TRACKED	KEYWORD-FALSE-POSITIVE	ACCEPTABLE	none
evidence/dsh-qa/llm-dual-track/official/2026-09-11T05-48-42.431Z/output.log	content	TRACKED	KEYWORD-FALSE-POSITIVE	ACCEPTABLE	none
evidence/dsh-qa/llm-dual-track/official/2026-09-11T05-56-52.220Z/output.log	content	TRACKED	KEYWORD-FALSE-POSITIVE	ACCEPTABLE	none
evidence/dsh-qa/preset-register/2026-08-26T07-49-07.265Z/output.log	content	TRACKED	KEYWORD-FALSE-POSITIVE	ACCEPTABLE	none
evidence/dsh-qa/preset-register/2026-08-26T07-59-39.076Z/output.log	content	TRACKED	KEYWORD-FALSE-POSITIVE	ACCEPTABLE	none
evidence/dsh-qa/rtl-ip-profile/2026-09-12T17-31-16.275Z/output.log	content,name	TRACKED	PROCESS-RECORD	ACCEPTABLE	none
evidence/dsh-qa/rtl-ip-profile/2026-09-12T17-31-16.275Z/result.json	content,name	TRACKED	PROCESS-RECORD	ACCEPTABLE	none
evidence/dsh-qa/rtl-verif/2026-08-30T18-08-24.459Z/output.log	name	TRACKED	PROCESS-RECORD	ACCEPTABLE	none
evidence/dsh-qa/rtl-verif/2026-08-30T18-08-24.459Z/result.json	content,name	TRACKED	PROCESS-RECORD	ACCEPTABLE	none
evidence/dsh-qa/rtl-verif/2026-08-30T18-09-23.778Z/output.log	name	TRACKED	PROCESS-RECORD	ACCEPTABLE	none
evidence/dsh-qa/rtl-verif/2026-08-30T18-09-23.778Z/result.json	content,name	TRACKED	PROCESS-RECORD	ACCEPTABLE	none
evidence/dsh-qa/rtl-verif/2026-08-30T18-12-33.955Z/output.log	content,name	TRACKED	PROCESS-RECORD	ACCEPTABLE	none
evidence/dsh-qa/rtl-verif/2026-08-30T18-12-33.955Z/result.json	content,name	TRACKED	PROCESS-RECORD	ACCEPTABLE	none
evidence/dsh-qa/rtl-verif/2026-08-30T18-17-13.235Z/output.log	content,name	TRACKED	PROCESS-RECORD	ACCEPTABLE	none
evidence/dsh-qa/rtl-verif/2026-08-30T18-17-13.235Z/result.json	content,name	TRACKED	PROCESS-RECORD	ACCEPTABLE	none
evidence/dsh-qa/rtl-verif/2026-08-30T18-51-41.321Z/output.log	content,name	TRACKED	PROCESS-RECORD	ACCEPTABLE	none
evidence/dsh-qa/rtl-verif/2026-08-30T18-51-41.321Z/result.json	content,name	TRACKED	PROCESS-RECORD	ACCEPTABLE	none
evidence/dsh-qa/rtl-verif/2026-08-31T03-14-14.810Z/output.log	content,name	TRACKED	PROCESS-RECORD	ACCEPTABLE	none
evidence/dsh-qa/rtl-verif/2026-08-31T03-14-14.810Z/result.json	content,name	TRACKED	PROCESS-RECORD	ACCEPTABLE	none
evidence/dsh-qa/rtl-verif/2026-08-31T03-27-46.157Z/output.log	content,name	TRACKED	PROCESS-RECORD	ACCEPTABLE	none
evidence/dsh-qa/rtl-verif/2026-08-31T03-27-46.157Z/result.json	content,name	TRACKED	PROCESS-RECORD	ACCEPTABLE	none
evidence/dsh-qa/rtl-verif/2026-09-11T08-22-44.955Z/output.log	content,name	TRACKED	PROCESS-RECORD	ACCEPTABLE	none
evidence/dsh-qa/rtl-verif/2026-09-11T08-22-44.955Z/result.json	content,name	TRACKED	PROCESS-RECORD	ACCEPTABLE	none
evidence/dsh-qa/rtl-verif/2026-09-11T09-17-11.519Z/output.log	content,name	TRACKED	PROCESS-RECORD	ACCEPTABLE	none
evidence/dsh-qa/rtl-verif/2026-09-11T09-17-11.519Z/result.json	content,name	TRACKED	PROCESS-RECORD	ACCEPTABLE	none
evidence/dsh-qa/rtl-verif/2026-09-12T17-32-57.308Z/output.log	content,name	TRACKED	PROCESS-RECORD	ACCEPTABLE	none
evidence/dsh-qa/rtl-verif/2026-09-12T17-32-57.308Z/result.json	content,name	TRACKED	PROCESS-RECORD	ACCEPTABLE	none
evidence/dsh-qa/session-start-team/2026-08-31T02-46-01.116Z/output.log	content	TRACKED	KEYWORD-FALSE-POSITIVE	ACCEPTABLE	none
evidence/dsh-qa/session-start-team/2026-08-31T02-48-34.573Z/output.log	content	TRACKED	KEYWORD-FALSE-POSITIVE	ACCEPTABLE	none
evidence/dsh-qa/session-start-team/2026-08-31T02-50-01.463Z/output.log	content	TRACKED	KEYWORD-FALSE-POSITIVE	ACCEPTABLE	none
evidence/dsh-qa/session-start-team/2026-09-10T10-11-31.320Z/output.log	content	TRACKED	KEYWORD-FALSE-POSITIVE	ACCEPTABLE	none
evidence/dsh-qa/session-start-team/2026-09-10T10-18-07.896Z/output.log	content	TRACKED	KEYWORD-FALSE-POSITIVE	ACCEPTABLE	none
evidence/fix/cluster4-ops/2026-08-29T16-47-39/install-dry-run.log	content	TRACKED	KEYWORD-FALSE-POSITIVE	ACCEPTABLE	none
evidence/fix/cluster4-ops/2026-08-29T16-47-39/result.json	content	TRACKED	KEYWORD-FALSE-POSITIVE	ACCEPTABLE	none
evidence/fix/cluster4-ops/2026-08-29T16-47-39/verify-vendor-final.log	content,name	TRACKED	KEYWORD-FALSE-POSITIVE	ACCEPTABLE	none
evidence/fix/cluster4-ops/2026-08-29T16-47-39/verify-vendor.log	content,name	TRACKED	KEYWORD-FALSE-POSITIVE	ACCEPTABLE	none
evidence/fix/config-get-lossless/2026-08-27T05-15-18.102Z/output.log	content	TRACKED	KEYWORD-FALSE-POSITIVE	ACCEPTABLE	none
evidence/fix/config-get-lossless/2026-08-27T05-15-18.102Z/result.json	content	TRACKED	KEYWORD-FALSE-POSITIVE	ACCEPTABLE	none
evidence/fix/preset-mount/2026-09-11T02-29-35.000Z/result.json	content	TRACKED	KEYWORD-FALSE-POSITIVE	ACCEPTABLE	none
evidence/fix/readonly-deny/2026-09-10T12-46-50.477Z/gates.md	content	TRACKED	KEYWORD-FALSE-POSITIVE	ACCEPTABLE	none
evidence/fix/readonly-deny/2026-09-10T12-46-50.477Z/result.json	content	TRACKED	KEYWORD-FALSE-POSITIVE	ACCEPTABLE	none
evidence/fix/readonly-deny/2026-09-10T13-09-56.629Z/summary.json	content	TRACKED	KEYWORD-FALSE-POSITIVE	ACCEPTABLE	none
evidence/fix/readonly-deny/2026-09-10T13-16-22.237Z/summary.json	content	TRACKED	KEYWORD-FALSE-POSITIVE	ACCEPTABLE	none
evidence/fix/readonly-deny/2026-09-10T13-18-51.548Z/live-probe-raw.txt	content	TRACKED	KEYWORD-FALSE-POSITIVE	ACCEPTABLE	none
evidence/fix/readonly-deny/2026-09-10T13-18-51.548Z/summary.json	content	TRACKED	KEYWORD-FALSE-POSITIVE	ACCEPTABLE	none
evidence/fix/verif-tool-lossless/20260911T030646Z/fixed-dist/index.js	content,name	TRACKED	KEYWORD-FALSE-POSITIVE	ACCEPTABLE	none
evidence/fix/verif-tool-lossless/20260911T030646Z/fixed-src/backends.ts	content,name	TRACKED	KEYWORD-FALSE-POSITIVE	ACCEPTABLE	none
evidence/fix/verif-tool-lossless/20260911T030646Z/fixed-src/compile.ts	content,name	TRACKED	KEYWORD-FALSE-POSITIVE	ACCEPTABLE	none
evidence/fix/verif-tool-lossless/20260911T030646Z/install-profile.log	content,name	TRACKED	KEYWORD-FALSE-POSITIVE	ACCEPTABLE	none
evidence/fix/verif-tool-lossless/20260911T030646Z/mounted-backends.log	content,name	TRACKED	KEYWORD-FALSE-POSITIVE	ACCEPTABLE	none
evidence/fix/verif-tool-lossless/20260911T030646Z/mounted-calls.sh	content,name	TRACKED	KEYWORD-FALSE-POSITIVE	ACCEPTABLE	none
evidence/fix/verif-tool-lossless/20260911T030646Z/mounted-lint-compile.log	content,name	TRACKED	KEYWORD-FALSE-POSITIVE	ACCEPTABLE	none
evidence/fix/verif-tool-lossless/20260911T030646Z/mounted-run.log	content,name	TRACKED	KEYWORD-FALSE-POSITIVE	ACCEPTABLE	none
evidence/fix/verif-tool-lossless/20260911T030646Z/mpd-verif-overlay.yml	content,name	TRACKED	PROCESS-RECORD	ACCEPTABLE	none
evidence/fix/verif-tool-lossless/20260911T030646Z/negative-control-mounted.sh	content,name	TRACKED	KEYWORD-FALSE-POSITIVE	ACCEPTABLE	none
evidence/fix/verif-tool-lossless/20260911T030646Z/negative-control.install.log	content,name	TRACKED	KEYWORD-FALSE-POSITIVE	ACCEPTABLE	none
evidence/fix/verif-tool-lossless/20260911T030646Z/negative-control.log	content,name	TRACKED	KEYWORD-FALSE-POSITIVE	ACCEPTABLE	none
evidence/fix/verif-tool-lossless/20260911T030646Z/negative-control.mounted-run.log	content,name	TRACKED	KEYWORD-FALSE-POSITIVE	ACCEPTABLE	none
evidence/fix/verif-tool-lossless/20260911T030646Z/negative-control.mounted.log	content,name	TRACKED	KEYWORD-FALSE-POSITIVE	ACCEPTABLE	none
evidence/fix/verif-tool-lossless/20260911T030646Z/negative-control.prefix.log	content,name	TRACKED	KEYWORD-FALSE-POSITIVE	ACCEPTABLE	none
evidence/fix/verif-tool-lossless/20260911T030646Z/postfix-full-suite.log	content,name	TRACKED	KEYWORD-FALSE-POSITIVE	ACCEPTABLE	none
evidence/fix/verif-tool-lossless/20260911T030646Z/postfix-lossless.log	content,name	TRACKED	KEYWORD-FALSE-POSITIVE	ACCEPTABLE	none
evidence/fix/verif-tool-lossless/20260911T030646Z/result-check.log	content,name	TRACKED	KEYWORD-FALSE-POSITIVE	ACCEPTABLE	none
evidence/fix/verif-tool-lossless/20260911T030646Z/result.json	content,name	TRACKED	KEYWORD-FALSE-POSITIVE	ACCEPTABLE	none
evidence/fix/verif-tool-lossless/20260911T030646Z/write-result.mjs	content,name	TRACKED	KEYWORD-FALSE-POSITIVE	ACCEPTABLE	none
evidence/hashline/schema-union-fix/gates/test-qa-self-tests.log	content	TRACKED	KEYWORD-FALSE-POSITIVE	ACCEPTABLE	none
evidence/integration-use.log	content	TRACKED	KEYWORD-FALSE-POSITIVE	ACCEPTABLE	none
evidence/p0/bootstrap.log	content	TRACKED	KEYWORD-FALSE-POSITIVE	ACCEPTABLE	none
evidence/p0/self-test.log	content	TRACKED	KEYWORD-FALSE-POSITIVE	ACCEPTABLE	none
evidence/p0/verify-vendor.log	content,name	TRACKED	KEYWORD-FALSE-POSITIVE	ACCEPTABLE	none
evidence/p1/dual-track.md	content	TRACKED	KEYWORD-FALSE-POSITIVE	ACCEPTABLE	none
evidence/p1/verify-web-compose.log	name	TRACKED	KEYWORD-FALSE-POSITIVE	ACCEPTABLE	none
evidence/p2/verify-vendor.log	content,name	TRACKED	KEYWORD-FALSE-POSITIVE	ACCEPTABLE	none
evidence/p3/verify-vendor.log	content,name	TRACKED	KEYWORD-FALSE-POSITIVE	ACCEPTABLE	none
evidence/p5/gate-qa.log	content	TRACKED	KEYWORD-FALSE-POSITIVE	ACCEPTABLE	none
evidence/p5/gate-verify.log	content,name	TRACKED	KEYWORD-FALSE-POSITIVE	ACCEPTABLE	none
evidence/p5/golden-g3.log	content	TRACKED	KEYWORD-FALSE-POSITIVE	ACCEPTABLE	none
evidence/p5/golden-g5.log	content	TRACKED	KEYWORD-FALSE-POSITIVE	ACCEPTABLE	none
evidence/p5/golden-g9.log	content	TRACKED	KEYWORD-FALSE-POSITIVE	ACCEPTABLE	none
evidence/plan-c/c1-team/2026-08-26T09-06-05.804Z/output.log	content	TRACKED	KEYWORD-FALSE-POSITIVE	ACCEPTABLE	none
evidence/plan-c/c1-team/2026-08-26T09-12-53.972Z/output.log	content	TRACKED	KEYWORD-FALSE-POSITIVE	ACCEPTABLE	none
evidence/plan-c/c1-team/2026-08-26T09-12-53.972Z/result.json	content	TRACKED	KEYWORD-FALSE-POSITIVE	ACCEPTABLE	none
evidence/plan-c/c1-team/2026-08-31T03-49-34.603Z/output.log	content	TRACKED	KEYWORD-FALSE-POSITIVE	ACCEPTABLE	none
evidence/plan-c/c1-team/2026-08-31T03-49-34.603Z/result.json	content	TRACKED	KEYWORD-FALSE-POSITIVE	ACCEPTABLE	none
evidence/plan-c/c1-team/2026-08-31T04-25-14.530Z/output.log	content	TRACKED	KEYWORD-FALSE-POSITIVE	ACCEPTABLE	none
evidence/plan-c/c1-team/2026-08-31T04-25-14.530Z/result.json	content	TRACKED	KEYWORD-FALSE-POSITIVE	ACCEPTABLE	none
evidence/plan-c/c1-team/2026-08-31T04-30-23.487Z/output.log	content	TRACKED	KEYWORD-FALSE-POSITIVE	ACCEPTABLE	none
evidence/plan-c/c1-team/2026-08-31T04-30-23.487Z/result.json	content	TRACKED	KEYWORD-FALSE-POSITIVE	ACCEPTABLE	none
evidence/plan-c/c1-team/2026-08-31T04-45-45.444Z/output.log	content	TRACKED	KEYWORD-FALSE-POSITIVE	ACCEPTABLE	none
evidence/plan-c/c1-team/2026-08-31T04-45-45.444Z/result.json	content	TRACKED	KEYWORD-FALSE-POSITIVE	ACCEPTABLE	none
evidence/plan-c/c2-ultrawork/2026-08-26T09-52-42.840Z/output.log	content	TRACKED	KEYWORD-FALSE-POSITIVE	ACCEPTABLE	none
evidence/plan-c/c2-ultrawork/2026-08-26T10-26-34.798Z/output.log	content	TRACKED	KEYWORD-FALSE-POSITIVE	ACCEPTABLE	none
evidence/plan-c/c6-memory/2026-08-26T10-40-18.271Z/output.log	content	TRACKED	KEYWORD-FALSE-POSITIVE	ACCEPTABLE	none
evidence/plan-c/c6-memory/svn-real/svn-real.log	content	TRACKED	KEYWORD-FALSE-POSITIVE	ACCEPTABLE	none
evidence/plan-c/plan-c-smoke/2026-08-26T09-30-24.605Z/output.log	content	TRACKED	KEYWORD-FALSE-POSITIVE	ACCEPTABLE	none
evidence/plan-c/plan-c-smoke/2026-08-26T14-28-00.786Z/output.log	content	TRACKED	KEYWORD-FALSE-POSITIVE	ACCEPTABLE	none
evidence/plan-d/relocate/2026-08-27T01-05-42.749Z/output.log	content	TRACKED	KEYWORD-FALSE-POSITIVE	ACCEPTABLE	none
evidence/plan-d/relocate/2026-08-27T01-09-34.031Z/output.log	content	TRACKED	KEYWORD-FALSE-POSITIVE	ACCEPTABLE	none
evidence/plan-d/relocate/2026-08-27T01-14-51.325Z/output.log	content	TRACKED	KEYWORD-FALSE-POSITIVE	ACCEPTABLE	none
evidence/plan-d/relocate/2026-08-27T02-12-53.139Z/output.log	content	TRACKED	KEYWORD-FALSE-POSITIVE	ACCEPTABLE	none
evidence/plan-d/relocate/2026-08-27T02-18-07.172Z/output.log	content	TRACKED	KEYWORD-FALSE-POSITIVE	ACCEPTABLE	none
evidence/plan-d/relocate/2026-08-27T02-30-03.283Z/output.log	content	TRACKED	KEYWORD-FALSE-POSITIVE	ACCEPTABLE	none
evidence/plan-d/relocate/2026-08-27T02-44-25.357Z/output.log	content	TRACKED	KEYWORD-FALSE-POSITIVE	ACCEPTABLE	none
evidence/plan-d/relocate/2026-08-27T02-49-08.336Z/output.log	content	TRACKED	KEYWORD-FALSE-POSITIVE	ACCEPTABLE	none
evidence/plan-d/relocate/2026-08-27T02-55-47.629Z/output.log	content	TRACKED	KEYWORD-FALSE-POSITIVE	ACCEPTABLE	none
evidence/plan-d/relocate/2026-08-27T03-05-24.004Z/output.log	content	TRACKED	KEYWORD-FALSE-POSITIVE	ACCEPTABLE	none
evidence/plan-d/relocate/2026-08-27T03-17-39.216Z/output.log	content	TRACKED	KEYWORD-FALSE-POSITIVE	ACCEPTABLE	none
evidence/plan-d/relocate/2026-08-27T05-58-01.615Z/output.log	content	TRACKED	KEYWORD-FALSE-POSITIVE	ACCEPTABLE	none
evidence/plan-d/relocate/2026-08-27T06-10-28.833Z/output.log	content	TRACKED	KEYWORD-FALSE-POSITIVE	ACCEPTABLE	none
evidence/plan-d/relocate/2026-08-27T06-22-39.732Z/output.log	content	TRACKED	KEYWORD-FALSE-POSITIVE	ACCEPTABLE	none
evidence/plan-d/relocate/2026-08-27T06-37-14.389Z/output.log	content	TRACKED	KEYWORD-FALSE-POSITIVE	ACCEPTABLE	none
evidence/plan-d/relocate/2026-08-27T06-41-49.907Z/output.log	content	TRACKED	KEYWORD-FALSE-POSITIVE	ACCEPTABLE	none
evidence/plan-d/relocate/2026-08-27T06-59-35.949Z/output.log	content	TRACKED	KEYWORD-FALSE-POSITIVE	ACCEPTABLE	none
evidence/plan-d/relocate/2026-08-27T07-45-28.768Z/output.log	content	TRACKED	KEYWORD-FALSE-POSITIVE	ACCEPTABLE	none
evidence/plan-d/relocate/2026-08-27T07-47-56.072Z/output.log	content	TRACKED	KEYWORD-FALSE-POSITIVE	ACCEPTABLE	none
evidence/plan-d/relocate/2026-08-27T08-17-21.729Z/output.log	content	TRACKED	KEYWORD-FALSE-POSITIVE	ACCEPTABLE	none
evidence/plan-d/relocate/2026-09-09T10-20-37.705Z/output.log	content	TRACKED	KEYWORD-FALSE-POSITIVE	ACCEPTABLE	none
evidence/plan-e/e1-team-route/2026-08-27T07-38-13.142Z/output.log	content	TRACKED	KEYWORD-FALSE-POSITIVE	ACCEPTABLE	none
evidence/plan-e/e4-team-vendor/2026-08-27T08-00-23.320Z/output.log	content	TRACKED	KEYWORD-FALSE-POSITIVE	ACCEPTABLE	none
evidence/plan-e/e4-team-vendor/2026-08-27T08-01-51.729Z/output.log	content	TRACKED	KEYWORD-FALSE-POSITIVE	ACCEPTABLE	none
evidence/plan-e/e4-team-vendor/2026-08-27T08-09-28.822Z/output.log	content	TRACKED	KEYWORD-FALSE-POSITIVE	ACCEPTABLE	none
evidence/plan-e/e4-team-vendor/2026-08-27T08-17-39.776Z/output.log	content	TRACKED	KEYWORD-FALSE-POSITIVE	ACCEPTABLE	none
evidence/plan-e/e4-team-vendor/2026-08-28T07-50-52.230Z/output.log	content	TRACKED	KEYWORD-FALSE-POSITIVE	ACCEPTABLE	none
evidence/plan-e/e4-team-vendor/2026-08-28T09-02-11.514Z/output.log	content	TRACKED	KEYWORD-FALSE-POSITIVE	ACCEPTABLE	none
evidence/plan-e/e4-team-vendor/2026-09-09T10-20-44.769Z/output.log	content	TRACKED	KEYWORD-FALSE-POSITIVE	ACCEPTABLE	none
evidence/plan-f/roles-subagent/2026-08-28T03-50-53/boot-dump-config.log	content	TRACKED	KEYWORD-FALSE-POSITIVE	ACCEPTABLE	none
evidence/plan-f/roles-subagent/2026-08-28T03-50-53/gates.log	content	TRACKED	KEYWORD-FALSE-POSITIVE	ACCEPTABLE	none
evidence/plan-f/roles-subagent/2026-08-28T03-51-07/boot-dump-config.log	content	TRACKED	KEYWORD-FALSE-POSITIVE	ACCEPTABLE	none
evidence/plan-f/roles-subagent/2026-08-28T03-51-07/gates.log	content	TRACKED	KEYWORD-FALSE-POSITIVE	ACCEPTABLE	none
evidence/plan-f/roles-subagent/2026-08-28T03-51-07/result.json	content	TRACKED	KEYWORD-FALSE-POSITIVE	ACCEPTABLE	none
evidence/plan-f/web-client-adapt/2026-09-10T06-22-09.080Z/output.log	content	TRACKED	KEYWORD-FALSE-POSITIVE	ACCEPTABLE	none
evidence/plan-f/web-client-adapt/2026-09-10T06-22-09.080Z/web.log	content	TRACKED	KEYWORD-FALSE-POSITIVE	ACCEPTABLE	none
evidence/plan-f/workmate-library/2026-08-28T09-33-38.409Z/output.log	content	TRACKED	KEYWORD-FALSE-POSITIVE	ACCEPTABLE	none
evidence/plan-f/workmate-team-member/2026-08-28T09-42-08.988Z/output.log	content	TRACKED	KEYWORD-FALSE-POSITIVE	ACCEPTABLE	none
evidence/plan-f/workmate-team-member/2026-08-28T09-42-08.988Z/result.json	content	TRACKED	KEYWORD-FALSE-POSITIVE	ACCEPTABLE	none
evidence/repo-scan/closure/20260830/summary.md	content	TRACKED	KEYWORD-FALSE-POSITIVE	ACCEPTABLE	none
evidence/rtl-extraction-residual/cross-repo/bridge.md	name	UNTRACKED	AUDIT-EVIDENCE	ACCEPTABLE	none
evidence/rtl-extraction-residual/cross-repo/parity.md	name	UNTRACKED	AUDIT-EVIDENCE	ACCEPTABLE	none
evidence/rtl-extraction-residual/cross-repo/raw/bridge-audit.log	name	UNTRACKED	AUDIT-EVIDENCE	ACCEPTABLE	none
evidence/rtl-extraction-residual/cross-repo/raw/bridge-runtime.log	name	UNTRACKED	AUDIT-EVIDENCE	ACCEPTABLE	none
evidence/rtl-extraction-residual/cross-repo/raw/del-list.raw.txt	name	UNTRACKED	AUDIT-EVIDENCE	ACCEPTABLE	none
evidence/rtl-extraction-residual/cross-repo/raw/diff-rtl-gap-assessment.md.txt	name	UNTRACKED	AUDIT-EVIDENCE	ACCEPTABLE	none
evidence/rtl-extraction-residual/cross-repo/raw/diff-rtl-gap-assessment.zh-CN.md.txt	name	UNTRACKED	AUDIT-EVIDENCE	ACCEPTABLE	none
evidence/rtl-extraction-residual/cross-repo/raw/diff-rtl-verif-guide.md.txt	name	UNTRACKED	AUDIT-EVIDENCE	ACCEPTABLE	none
evidence/rtl-extraction-residual/cross-repo/raw/diff-rtl-verif-guide.zh-CN.md.txt	name	UNTRACKED	AUDIT-EVIDENCE	ACCEPTABLE	none
evidence/rtl-extraction-residual/cross-repo/raw/dual-copy-docs.tsv	name	UNTRACKED	AUDIT-EVIDENCE	ACCEPTABLE	none
evidence/rtl-extraction-residual/cross-repo/raw/parity-rows.tsv	name	UNTRACKED	AUDIT-EVIDENCE	ACCEPTABLE	none
evidence/rtl-extraction-residual/cross-repo/raw/resolved-where.tsv	name	UNTRACKED	AUDIT-EVIDENCE	ACCEPTABLE	none
evidence/rtl-extraction-residual/cross-repo/raw/sha256-all.log	name	UNTRACKED	AUDIT-EVIDENCE	ACCEPTABLE	none
evidence/rtl-extraction-residual/cross-repo/raw/verify-rtl-references.json	name	UNTRACKED	AUDIT-EVIDENCE	ACCEPTABLE	none
evidence/rtl-extraction-residual/cross-repo/raw/verify-rtl-refs-silicon-absent.log	name	UNTRACKED	AUDIT-EVIDENCE	ACCEPTABLE	none
evidence/rtl-extraction-residual/gates/raw/bun-test-baseline-3d99718.log	name	UNTRACKED	AUDIT-EVIDENCE	ACCEPTABLE	none
evidence/rtl-extraction-residual/gates/raw/bun-test-packages.log	name	UNTRACKED	AUDIT-EVIDENCE	ACCEPTABLE	none
evidence/rtl-extraction-residual/gates/raw/bundle-lifecycle-baseline-3d99718.log	name	UNTRACKED	AUDIT-EVIDENCE	ACCEPTABLE	none
evidence/rtl-extraction-residual/gates/raw/bundle-lifecycle.log	name	UNTRACKED	AUDIT-EVIDENCE	ACCEPTABLE	none
evidence/rtl-extraction-residual/gates/raw/installer-dry-run.log	name	UNTRACKED	AUDIT-EVIDENCE	ACCEPTABLE	none
evidence/rtl-extraction-residual/gates/raw/preset-conformance.log	name	UNTRACKED	AUDIT-EVIDENCE	ACCEPTABLE	none
evidence/rtl-extraction-residual/gates/raw/test-qa.log	name	UNTRACKED	AUDIT-EVIDENCE	ACCEPTABLE	none
evidence/rtl-extraction-residual/gates/raw/typecheck-falsifiability.log	name	UNTRACKED	AUDIT-EVIDENCE	ACCEPTABLE	none
evidence/rtl-extraction-residual/gates/raw/typecheck.log	name	UNTRACKED	AUDIT-EVIDENCE	ACCEPTABLE	none
evidence/rtl-extraction-residual/gates/raw/verify-rows-parity.log	name	UNTRACKED	AUDIT-EVIDENCE	ACCEPTABLE	none
evidence/rtl-extraction-residual/gates/raw/verify-rtl-references.err	name	UNTRACKED	AUDIT-EVIDENCE	ACCEPTABLE	none
evidence/rtl-extraction-residual/gates/raw/verify-rtl-references.json	name	UNTRACKED	AUDIT-EVIDENCE	ACCEPTABLE	none
evidence/rtl-extraction-residual/gates/raw/verify-vendor.log	name	UNTRACKED	AUDIT-EVIDENCE	ACCEPTABLE	none
evidence/rtl-extraction-residual/qa-standard/raw/skill-case-table.txt	name	UNTRACKED	AUDIT-EVIDENCE	ACCEPTABLE	none
evidence/rtl-extraction-residual/qa-standard/raw/test-qa-baseline.log	name	UNTRACKED	AUDIT-EVIDENCE	ACCEPTABLE	none
evidence/rtl-extraction-residual/repo-scan/raw/.A3.list	name	UNTRACKED	AUDIT-EVIDENCE	ACCEPTABLE	none
evidence/rtl-extraction-residual/repo-scan/raw/passA1-tracked-names.log	name	UNTRACKED	AUDIT-EVIDENCE	ACCEPTABLE	none
evidence/rtl-extraction-residual/repo-scan/raw/passA3-all-names.log	name	UNTRACKED	AUDIT-EVIDENCE	ACCEPTABLE	none
evidence/rtl-extraction-residual/repo-scan/raw/passA5-supplementary-names.log	name	UNTRACKED	AUDIT-EVIDENCE	ACCEPTABLE	none
evidence/rtl-extraction-residual/repo-scan/raw/passB1-tracked-content.log	name	UNTRACKED	AUDIT-EVIDENCE	ACCEPTABLE	none
evidence/rtl-extraction-residual/repo-scan/raw/passB1b-refined-content.log	name	UNTRACKED	AUDIT-EVIDENCE	ACCEPTABLE	none
evidence/rtl-extraction-residual/repo-scan/raw/passB1c-precision-content.log	name	UNTRACKED	AUDIT-EVIDENCE	ACCEPTABLE	none
evidence/rtl-extraction-residual/repo-scan/raw/passC1-bundle-wiring.log	name	UNTRACKED	AUDIT-EVIDENCE	ACCEPTABLE	none
evidence/rtl-extraction-residual/repo-scan/raw/passC2-docs-wiring.log	name	UNTRACKED	AUDIT-EVIDENCE	ACCEPTABLE	none
evidence/rtl-extraction-residual/repo-scan/raw/passC3-scripts-wiring.log	name	UNTRACKED	AUDIT-EVIDENCE	ACCEPTABLE	none
evidence/rtl-extraction-residual/repo-scan/raw/passC4-tests-lsp-wiring.log	name	UNTRACKED	AUDIT-EVIDENCE	ACCEPTABLE	none
evidence/rtl-extraction-residual/repo-scan/raw/passD-state-artifacts.log	name	UNTRACKED	AUDIT-EVIDENCE	ACCEPTABLE	none
evidence/rtl-verif/t12-cnt8-pre/sim/cnt8-20260831-022201-840/Makefile	content,name	TRACKED	PROCESS-RECORD	ACCEPTABLE	none
evidence/rtl-verif/t12-cnt8-pre/sim/cnt8-20260831-022201-840/results.xml	content,name	TRACKED	PROCESS-RECORD	ACCEPTABLE	none
evidence/rtl-verif/t12-cnt8-pre/sim/cnt8-20260831-022201-840/sim.log	content,name	TRACKED	PROCESS-RECORD	ACCEPTABLE	none
evidence/rtl-verif/t12-repair/20260830T183607Z/adder4-iverilog.log	content,name	TRACKED	PROCESS-RECORD	ACCEPTABLE	none
evidence/rtl-verif/t12-repair/20260830T183607Z/adder4-tb.v	name	TRACKED	PROCESS-RECORD	ACCEPTABLE	none
evidence/rtl-verif/t12-repair/20260830T183607Z/adder4-verilator-coverage.log	content,name	TRACKED	PROCESS-RECORD	ACCEPTABLE	none
evidence/rtl-verif/t12-repair/20260830T183607Z/compose-iverilog.log	name	TRACKED	PROCESS-RECORD	ACCEPTABLE	none
evidence/rtl-verif/t12-repair/20260830T183607Z/compose-iverilog.log.head	name	TRACKED	PROCESS-RECORD	ACCEPTABLE	none
evidence/rtl-verif/t12-repair/20260830T183607Z/compose_example.v	name	TRACKED	PROCESS-RECORD	ACCEPTABLE	none
evidence/rtl-verif/t12-repair/20260830T183607Z/result.json	content,name	TRACKED	PROCESS-RECORD	ACCEPTABLE	none
evidence/rtl-verif/t12-repair/sim/cnt8-20260831-023349-142/Makefile	content,name	TRACKED	PROCESS-RECORD	ACCEPTABLE	none
evidence/rtl-verif/t12-repair/sim/cnt8-20260831-023349-142/results.xml	content,name	TRACKED	PROCESS-RECORD	ACCEPTABLE	none
evidence/rtl-verif/t12-repair/sim/cnt8-20260831-023349-142/sim.log	content,name	TRACKED	PROCESS-RECORD	ACCEPTABLE	none
evidence/rtl-verif/t9-integration/2026-08-30T18-56-01Z/.ts	name	TRACKED	PROCESS-RECORD	ACCEPTABLE	none
evidence/rtl-verif/t9-integration/2026-08-30T18-56-01Z/boot-rows.txt	content,name	TRACKED	PROCESS-RECORD	ACCEPTABLE	none
evidence/rtl-verif/t9-integration/2026-08-30T18-56-01Z/result.json	content,name	TRACKED	PROCESS-RECORD	ACCEPTABLE	none
evidence/rtl-verif/t9-integration/2026-08-30T18-56-01Z/vendor-gate.log	content,name	TRACKED	PROCESS-RECORD	ACCEPTABLE	none
evidence/scan/t13-cluster3-remainder-20260830/20260829T163315Z/output.log	content	TRACKED	KEYWORD-FALSE-POSITIVE	ACCEPTABLE	none
evidence/scan/t13-cluster3-remainder-20260830/20260829T163315Z/result.json	content	TRACKED	KEYWORD-FALSE-POSITIVE	ACCEPTABLE	none
evidence/scan/t2-20260829/scripts-vendor-deps-installer-scan.md	content	TRACKED	KEYWORD-FALSE-POSITIVE	ACCEPTABLE	none
evidence/scan/t3-20260829/build/mpd-boulder-plugin.js	content	TRACKED	KEYWORD-FALSE-POSITIVE	ACCEPTABLE	none
evidence/scan/t3-20260829/build/mpd-config-plugin.js	content	TRACKED	KEYWORD-FALSE-POSITIVE	ACCEPTABLE	none
evidence/scan/t3-20260829/build/mpd-hashline-plugin.js	content	TRACKED	KEYWORD-FALSE-POSITIVE	ACCEPTABLE	none
evidence/scan/t3-20260829/build/mpd-memory-plugin.js	content	TRACKED	KEYWORD-FALSE-POSITIVE	ACCEPTABLE	none
evidence/scan/t3-20260829/build/mpd-roles-plugin.js	content	TRACKED	KEYWORD-FALSE-POSITIVE	ACCEPTABLE	none
evidence/scan/t3-20260829/build/mpd-ulw-plugin.js	content	TRACKED	KEYWORD-FALSE-POSITIVE	ACCEPTABLE	none
evidence/scan/t3-20260829/test-root.log	content	TRACKED	KEYWORD-FALSE-POSITIVE	ACCEPTABLE	none
evidence/scan/t7-20260830-testqa.log	content	TRACKED	KEYWORD-FALSE-POSITIVE	ACCEPTABLE	none
evidence/scan/t7-20260830/closure.md	content	TRACKED	KEYWORD-FALSE-POSITIVE	ACCEPTABLE	none
evidence/scan/t8-cluster3-20260830/20260829T162744Z/output.log	content	TRACKED	KEYWORD-FALSE-POSITIVE	ACCEPTABLE	none
evidence/scan/t8-cluster3-20260830/20260829T162744Z/result.json	content	TRACKED	KEYWORD-FALSE-POSITIVE	ACCEPTABLE	none
evidence/session-workspace-root/b1-resolution/2026-09-11T03-31-55Z-proof/boot.log	content	TRACKED	KEYWORD-FALSE-POSITIVE	ACCEPTABLE	none
evidence/session-workspace-root/b1-resolution/2026-09-11T03-31-55Z-proof/result.json	content	TRACKED	KEYWORD-FALSE-POSITIVE	ACCEPTABLE	none
evidence/session-workspace-root/b1-resolution/RESULT.json	content	TRACKED	KEYWORD-FALSE-POSITIVE	ACCEPTABLE	none
evidence/session-workspace-root/b1-resolution/dist-consistency.txt	content	TRACKED	KEYWORD-FALSE-POSITIVE	ACCEPTABLE	none
evidence/session-workspace-root/b1-resolution/mount-probe.mjs	content	TRACKED	KEYWORD-FALSE-POSITIVE	ACCEPTABLE	none
evidence/session-workspace-root/b1-resolution/root-resolution-sweep.txt	content	TRACKED	KEYWORD-FALSE-POSITIVE	ACCEPTABLE	none
evidence/session-workspace-root/dist-repair/RESULT.json	content	TRACKED	KEYWORD-FALSE-POSITIVE	ACCEPTABLE	none
evidence/session-workspace-root/dist-repair/bun-test-packages.txt	content	TRACKED	KEYWORD-FALSE-POSITIVE	ACCEPTABLE	none
evidence/session-workspace-root/dist-repair/clean-room.txt	content	TRACKED	KEYWORD-FALSE-POSITIVE	ACCEPTABLE	none
evidence/session-workspace-root/dist-repair/sweep-after.txt	content	TRACKED	KEYWORD-FALSE-POSITIVE	ACCEPTABLE	none
evidence/session-workspace-root/dist-repair/sweep-apply.txt	content	TRACKED	KEYWORD-FALSE-POSITIVE	ACCEPTABLE	none
evidence/session-workspace-root/dist-repair/sweep-before.txt	content	TRACKED	KEYWORD-FALSE-POSITIVE	ACCEPTABLE	none
evidence/session-workspace-root/t8-verify/2026-09-11T03-39-20Z-proof/boot.log	name	TRACKED	KEYWORD-FALSE-POSITIVE	ACCEPTABLE	none
evidence/session-workspace-root/t8-verify/2026-09-11T03-39-20Z-proof/result.json	content,name	TRACKED	KEYWORD-FALSE-POSITIVE	ACCEPTABLE	none
evidence/session-workspace-root/t8-verify/2026-09-11T03-44-48Z-proof/boot.log	name	TRACKED	KEYWORD-FALSE-POSITIVE	ACCEPTABLE	none
evidence/session-workspace-root/t8-verify/2026-09-11T03-44-48Z-proof/result.json	content,name	TRACKED	KEYWORD-FALSE-POSITIVE	ACCEPTABLE	none
evidence/session-workspace-root/t8-verify/2026-09-11T03-44-48Z-proof/session-blocked.jsonl	name	TRACKED	KEYWORD-FALSE-POSITIVE	ACCEPTABLE	none
evidence/session-workspace-root/t8-verify/2026-09-11T03-44-48Z-proof/session-clean.jsonl	name	TRACKED	KEYWORD-FALSE-POSITIVE	ACCEPTABLE	none
evidence/session-workspace-root/t8-verify/2026-09-11T03-44-48Z-proof/session-repo.jsonl	name	TRACKED	KEYWORD-FALSE-POSITIVE	ACCEPTABLE	none
evidence/session-workspace-root/t8-verify/2026-09-11T03-51-20Z-proof/boot.log	name	TRACKED	KEYWORD-FALSE-POSITIVE	ACCEPTABLE	none
evidence/session-workspace-root/t8-verify/2026-09-11T03-51-20Z-proof/result.json	content,name	TRACKED	KEYWORD-FALSE-POSITIVE	ACCEPTABLE	none
evidence/session-workspace-root/t8-verify/2026-09-11T03-51-20Z-proof/session-blocked.jsonl	content,name	TRACKED	KEYWORD-FALSE-POSITIVE	ACCEPTABLE	none
evidence/session-workspace-root/t8-verify/2026-09-11T03-51-20Z-proof/session-clean.jsonl	content,name	TRACKED	KEYWORD-FALSE-POSITIVE	ACCEPTABLE	none
evidence/session-workspace-root/t8-verify/2026-09-11T03-51-20Z-proof/session-repo.jsonl	content,name	TRACKED	KEYWORD-FALSE-POSITIVE	ACCEPTABLE	none
evidence/session-workspace-root/t8-verify/2026-09-11T03-53-11Z-toolcall/boot.log	content,name	TRACKED	KEYWORD-FALSE-POSITIVE	ACCEPTABLE	none
evidence/session-workspace-root/t8-verify/2026-09-11T03-53-11Z-toolcall/result.json	content,name	TRACKED	KEYWORD-FALSE-POSITIVE	ACCEPTABLE	none
evidence/session-workspace-root/t8-verify/2026-09-11T04-27-19Z-toolcall/boot.log	content,name	TRACKED	KEYWORD-FALSE-POSITIVE	ACCEPTABLE	none
evidence/session-workspace-root/t8-verify/2026-09-11T04-27-19Z-toolcall/result.json	content,name	TRACKED	KEYWORD-FALSE-POSITIVE	ACCEPTABLE	none
evidence/session-workspace-root/t8-verify/RESULT.json	content,name	TRACKED	KEYWORD-FALSE-POSITIVE	ACCEPTABLE	none
evidence/session-workspace-root/t8-verify/RESULT.md	content,name	TRACKED	KEYWORD-FALSE-POSITIVE	ACCEPTABLE	none
evidence/session-workspace-root/t8-verify/attempt-2/RESULT.json	content,name	TRACKED	KEYWORD-FALSE-POSITIVE	ACCEPTABLE	none
evidence/session-workspace-root/t8-verify/attempt-2/RESULT.md	content,name	TRACKED	KEYWORD-FALSE-POSITIVE	ACCEPTABLE	none
evidence/session-workspace-root/t8-verify/attempt-2/dist-consistency-attempt2.txt	content,name	TRACKED	KEYWORD-FALSE-POSITIVE	ACCEPTABLE	none
evidence/session-workspace-root/t8-verify/attempt-2/gates/bun-test-packages.log	content,name	TRACKED	KEYWORD-FALSE-POSITIVE	ACCEPTABLE	none
evidence/session-workspace-root/t8-verify/attempt-2/gates/bundle-lifecycle.log	name	TRACKED	KEYWORD-FALSE-POSITIVE	ACCEPTABLE	none
evidence/session-workspace-root/t8-verify/attempt-2/gates/preset-conformance-selftest.log	name	TRACKED	KEYWORD-FALSE-POSITIVE	ACCEPTABLE	none
evidence/session-workspace-root/t8-verify/attempt-2/gates/preset-conformance.log	name	TRACKED	KEYWORD-FALSE-POSITIVE	ACCEPTABLE	none
evidence/session-workspace-root/t8-verify/attempt-2/gates/summary.txt	name	TRACKED	KEYWORD-FALSE-POSITIVE	ACCEPTABLE	none
evidence/session-workspace-root/t8-verify/attempt-2/gates/test-qa.log	content,name	TRACKED	KEYWORD-FALSE-POSITIVE	ACCEPTABLE	none
evidence/session-workspace-root/t8-verify/attempt-2/gates/typecheck.log	name	TRACKED	KEYWORD-FALSE-POSITIVE	ACCEPTABLE	none
evidence/session-workspace-root/t8-verify/attempt-2/grep-root-resolution-attempt2.txt	content,name	TRACKED	KEYWORD-FALSE-POSITIVE	ACCEPTABLE	none
evidence/session-workspace-root/t8-verify/attempt-2/repair-t13/2026-09-11T04-14-35Z-proof/boot.log	content,name	TRACKED	KEYWORD-FALSE-POSITIVE	ACCEPTABLE	none
evidence/session-workspace-root/t8-verify/attempt-2/repair-t13/2026-09-11T04-14-35Z-proof/result.json	content,name	TRACKED	KEYWORD-FALSE-POSITIVE	ACCEPTABLE	none
evidence/session-workspace-root/t8-verify/attempt-2/repair-t13/ADDENDUM.md	content,name	TRACKED	KEYWORD-FALSE-POSITIVE	ACCEPTABLE	none
evidence/session-workspace-root/t8-verify/attempt-2/repair-t13/RESULT.json	content,name	TRACKED	KEYWORD-FALSE-POSITIVE	ACCEPTABLE	none
evidence/session-workspace-root/t8-verify/attempt-2/repair-t13/dist-sweep-t13.txt	name	TRACKED	KEYWORD-FALSE-POSITIVE	ACCEPTABLE	none
evidence/session-workspace-root/t8-verify/attempt-2/repair-t13/gates/bun-test-packages.log	name	TRACKED	KEYWORD-FALSE-POSITIVE	ACCEPTABLE	none
evidence/session-workspace-root/t8-verify/attempt-2/repair-t13/gates/bundle-lifecycle.log	name	TRACKED	KEYWORD-FALSE-POSITIVE	ACCEPTABLE	none
evidence/session-workspace-root/t8-verify/attempt-2/repair-t13/gates/preset-conformance.log	name	TRACKED	KEYWORD-FALSE-POSITIVE	ACCEPTABLE	none
evidence/session-workspace-root/t8-verify/attempt-2/repair-t13/gates/test-qa.log	name	TRACKED	KEYWORD-FALSE-POSITIVE	ACCEPTABLE	none
evidence/session-workspace-root/t8-verify/attempt-2/repair-t13/gates/typecheck.log	name	TRACKED	KEYWORD-FALSE-POSITIVE	ACCEPTABLE	none
evidence/session-workspace-root/t8-verify/attempt-2/repair-t13/mount-probe.mjs	content,name	TRACKED	KEYWORD-FALSE-POSITIVE	ACCEPTABLE	none
evidence/session-workspace-root/t8-verify/attempt-2/repair-t13/pack-refresh.txt	content,name	TRACKED	KEYWORD-FALSE-POSITIVE	ACCEPTABLE	none
evidence/session-workspace-root/t8-verify/attempt-2/repair-t13/repro-venv-gate-t13-PREFIX-control.log	content,name	TRACKED	KEYWORD-FALSE-POSITIVE	ACCEPTABLE	none
evidence/session-workspace-root/t8-verify/attempt-2/repair-t13/repro-venv-gate-t13.log	content,name	TRACKED	KEYWORD-FALSE-POSITIVE	ACCEPTABLE	none
evidence/session-workspace-root/t8-verify/attempt-2/repair-t13/repro-venv-gate-t13.ts	content,name	TRACKED	KEYWORD-FALSE-POSITIVE	ACCEPTABLE	none
evidence/session-workspace-root/t8-verify/attempt-2/repair-t13/run-repair-proof.mjs	content,name	TRACKED	KEYWORD-FALSE-POSITIVE	ACCEPTABLE	none
evidence/session-workspace-root/t8-verify/attempt-2/toolcall-proof/boot.log	content,name	TRACKED	KEYWORD-FALSE-POSITIVE	ACCEPTABLE	none
evidence/session-workspace-root/t8-verify/attempt-2/toolcall-proof/result.json	content,name	TRACKED	KEYWORD-FALSE-POSITIVE	ACCEPTABLE	none
evidence/session-workspace-root/t8-verify/diagnose-prompt.mjs	name	TRACKED	KEYWORD-FALSE-POSITIVE	ACCEPTABLE	none
evidence/session-workspace-root/t8-verify/dist-consistency.txt	content,name	TRACKED	KEYWORD-FALSE-POSITIVE	ACCEPTABLE	none
evidence/session-workspace-root/t8-verify/gates/bun-test-packages.log	content,name	TRACKED	KEYWORD-FALSE-POSITIVE	ACCEPTABLE	none
evidence/session-workspace-root/t8-verify/gates/bundle-lifecycle.log	name	TRACKED	KEYWORD-FALSE-POSITIVE	ACCEPTABLE	none
evidence/session-workspace-root/t8-verify/gates/preset-conformance-selftest.log	name	TRACKED	KEYWORD-FALSE-POSITIVE	ACCEPTABLE	none
evidence/session-workspace-root/t8-verify/gates/preset-conformance.log	name	TRACKED	KEYWORD-FALSE-POSITIVE	ACCEPTABLE	none
evidence/session-workspace-root/t8-verify/gates/summary.txt	name	TRACKED	KEYWORD-FALSE-POSITIVE	ACCEPTABLE	none
evidence/session-workspace-root/t8-verify/gates/test-qa.log	content,name	TRACKED	KEYWORD-FALSE-POSITIVE	ACCEPTABLE	none
evidence/session-workspace-root/t8-verify/gates/typecheck.log	name	TRACKED	KEYWORD-FALSE-POSITIVE	ACCEPTABLE	none
evidence/session-workspace-root/t8-verify/grep-root-resolution.txt	content,name	TRACKED	KEYWORD-FALSE-POSITIVE	ACCEPTABLE	none
evidence/session-workspace-root/t8-verify/live-deployment-evidence.md	content,name	TRACKED	KEYWORD-FALSE-POSITIVE	ACCEPTABLE	none
evidence/session-workspace-root/t8-verify/live-session-proof.mjs	content,name	TRACKED	KEYWORD-FALSE-POSITIVE	ACCEPTABLE	none
evidence/session-workspace-root/t8-verify/run-toolcall-proof.mjs	content,name	TRACKED	KEYWORD-FALSE-POSITIVE	ACCEPTABLE	none
evidence/session-workspace-root/t8-verify/subagent-context-proof.mjs	content,name	TRACKED	KEYWORD-FALSE-POSITIVE	ACCEPTABLE	none
evidence/session-workspace-root/t8-verify/t8-ws-probe.mjs	content,name	TRACKED	KEYWORD-FALSE-POSITIVE	ACCEPTABLE	none
evidence/verification/t10-review/ADDENDUM-t12-scope-raw.txt	content,name	TRACKED	KEYWORD-FALSE-POSITIVE	ACCEPTABLE	none
evidence/verification/t10-review/ADDENDUM-t12-scope.md	content,name	TRACKED	KEYWORD-FALSE-POSITIVE	ACCEPTABLE	none
evidence/verification/t10-review/RESULT.md	content,name	TRACKED	KEYWORD-FALSE-POSITIVE	ACCEPTABLE	none
evidence/verification/t10-review/dist-consistency-full.txt	content,name	TRACKED	KEYWORD-FALSE-POSITIVE	ACCEPTABLE	none
evidence/verification/t10-review/dist-consistency-review.txt	content,name	TRACKED	KEYWORD-FALSE-POSITIVE	ACCEPTABLE	none
evidence/verification/t10-review/gates-current-tree.log	name	TRACKED	KEYWORD-FALSE-POSITIVE	ACCEPTABLE	none
evidence/verification/t10-review/preset-conformance-review.log	name	TRACKED	KEYWORD-FALSE-POSITIVE	ACCEPTABLE	none
evidence/verification/t10-review/repro-venv-gate.log	content,name	TRACKED	KEYWORD-FALSE-POSITIVE	ACCEPTABLE	none
evidence/verification/t10-review/repro-venv-gate.ts	content,name	TRACKED	KEYWORD-FALSE-POSITIVE	ACCEPTABLE	none
evidence/verification/t10-review/vendor-lock-derivation.txt	content,name	TRACKED	KEYWORD-FALSE-POSITIVE	ACCEPTABLE	none
evidence/verification/t11-integration/RESULT.json	content,name	TRACKED	KEYWORD-FALSE-POSITIVE	ACCEPTABLE	none
evidence/verification/t11-integration/RESULT.md	content,name	TRACKED	KEYWORD-FALSE-POSITIVE	ACCEPTABLE	none
evidence/verification/t11-integration/b7-team-audit.json	name	TRACKED	KEYWORD-FALSE-POSITIVE	ACCEPTABLE	none
evidence/verification/t11-integration/b7-team-inventory.md	content,name	TRACKED	KEYWORD-FALSE-POSITIVE	ACCEPTABLE	none
evidence/verification/t11-integration/bun-test-packages.log	content,name	TRACKED	KEYWORD-FALSE-POSITIVE	ACCEPTABLE	none
evidence/verification/t11-integration/bundle-lifecycle.log	name	TRACKED	KEYWORD-FALSE-POSITIVE	ACCEPTABLE	none
evidence/verification/t11-integration/commit-plan.md	content,name	TRACKED	KEYWORD-FALSE-POSITIVE	ACCEPTABLE	none
evidence/verification/t11-integration/evidence-consolidation.md	content,name	TRACKED	KEYWORD-FALSE-POSITIVE	ACCEPTABLE	none
evidence/verification/t11-integration/final-green-snapshot.txt	content,name	TRACKED	KEYWORD-FALSE-POSITIVE	ACCEPTABLE	none
evidence/verification/t11-integration/gates-summary.txt	content,name	TRACKED	KEYWORD-FALSE-POSITIVE	ACCEPTABLE	none
evidence/verification/t11-integration/git-status-verbatim.txt	content,name	TRACKED	KEYWORD-FALSE-POSITIVE	ACCEPTABLE	none
evidence/verification/t11-integration/mount-proof.log	content,name	TRACKED	KEYWORD-FALSE-POSITIVE	ACCEPTABLE	none
evidence/verification/t11-integration/preset-conformance.log	name	TRACKED	KEYWORD-FALSE-POSITIVE	ACCEPTABLE	none
evidence/verification/t11-integration/test-qa.log	content,name	TRACKED	KEYWORD-FALSE-POSITIVE	ACCEPTABLE	none
evidence/verification/t11-integration/typecheck.log	name	TRACKED	KEYWORD-FALSE-POSITIVE	ACCEPTABLE	none
evidence/verification/t11-integration/verify-vendor.log	content,name	TRACKED	KEYWORD-FALSE-POSITIVE	ACCEPTABLE	none
evidence/verification/t14-review/ADDENDUM-captain-brief-items.md	content,name	TRACKED	KEYWORD-FALSE-POSITIVE	ACCEPTABLE	none
evidence/verification/t14-review/RESULT.md	content,name	TRACKED	KEYWORD-FALSE-POSITIVE	ACCEPTABLE	none
evidence/verification/t14-review/cumulative-rules-hygiene.txt	content,name	TRACKED	KEYWORD-FALSE-POSITIVE	ACCEPTABLE	none
evidence/verification/t14-review/f4-f6-f5-f7-checks.txt	content,name	TRACKED	KEYWORD-FALSE-POSITIVE	ACCEPTABLE	none
evidence/verification/t14-review/final-exec-less-scan.txt	content,name	TRACKED	KEYWORD-FALSE-POSITIVE	ACCEPTABLE	none
evidence/verification/t14-review/gates-post-t13.log	content,name	TRACKED	KEYWORD-FALSE-POSITIVE	ACCEPTABLE	none
evidence/verification/t14-review/mount-boot-corrected-parse.txt	content,name	TRACKED	KEYWORD-FALSE-POSITIVE	ACCEPTABLE	none
evidence/verification/t14-review/mount/install.log	name	TRACKED	KEYWORD-FALSE-POSITIVE	ACCEPTABLE	none
evidence/verification/t14-review/mount/mount-boot.log	content,name	TRACKED	KEYWORD-FALSE-POSITIVE	ACCEPTABLE	none
evidence/verification/t14-review/mount/mount-proof-t14.log	content,name	TRACKED	KEYWORD-FALSE-POSITIVE	ACCEPTABLE	none
evidence/verification/t14-review/mount/result.json	content,name	TRACKED	KEYWORD-FALSE-POSITIVE	ACCEPTABLE	none
evidence/verification/t14-review/mount/run-mount-proof-t14.sh	content,name	TRACKED	KEYWORD-FALSE-POSITIVE	ACCEPTABLE	none
evidence/verification/t14-review/mount/runner.out	name	TRACKED	KEYWORD-FALSE-POSITIVE	ACCEPTABLE	none
evidence/verification/t14-review/mount/t14-mount-probe.mjs	content,name	TRACKED	KEYWORD-FALSE-POSITIVE	ACCEPTABLE	none
evidence/verification/t14-review/preset-conformance-t14.log	name	TRACKED	KEYWORD-FALSE-POSITIVE	ACCEPTABLE	none
evidence/verification/t14-review/repro-f1-fixed.log	content,name	TRACKED	KEYWORD-FALSE-POSITIVE	ACCEPTABLE	none
evidence/verification/t14-review/repro-f1-fixed.ts	content,name	TRACKED	KEYWORD-FALSE-POSITIVE	ACCEPTABLE	none
evidence/verification/t14-review/repro-f6-agentless.log	name	TRACKED	KEYWORD-FALSE-POSITIVE	ACCEPTABLE	none
evidence/verification/t14-review/repro-f6-agentless.ts	name	TRACKED	KEYWORD-FALSE-POSITIVE	ACCEPTABLE	none
evidence/verification/t14-review/repro-r1.log	content,name	TRACKED	KEYWORD-FALSE-POSITIVE	ACCEPTABLE	none
evidence/verification/t14-review/repro-r1.ts	content,name	TRACKED	KEYWORD-FALSE-POSITIVE	ACCEPTABLE	none
evidence/verification/t14-review/residual-checks.txt	content,name	TRACKED	KEYWORD-FALSE-POSITIVE	ACCEPTABLE	none
evidence/verification/t14-review/tree-fingerprint-at-pass.txt	name	TRACKED	KEYWORD-FALSE-POSITIVE	ACCEPTABLE	none
evidence/verification/t9-b2-b6/20260911T033622Z/.skillmd.sha.before	name	TRACKED	KEYWORD-FALSE-POSITIVE	ACCEPTABLE	none
evidence/verification/t9-b2-b6/20260911T033622Z/RESULT.json	content,name	TRACKED	KEYWORD-FALSE-POSITIVE	ACCEPTABLE	none
evidence/verification/t9-b2-b6/20260911T033622Z/b2-mutation-fresh.log	content,name	TRACKED	KEYWORD-FALSE-POSITIVE	ACCEPTABLE	none
evidence/verification/t9-b2-b6/20260911T033622Z/b2-mutation-raw.log	content,name	TRACKED	KEYWORD-FALSE-POSITIVE	ACCEPTABLE	none
evidence/verification/t9-b2-b6/20260911T033622Z/b2-verify-vendor.log	content,name	TRACKED	KEYWORD-FALSE-POSITIVE	ACCEPTABLE	none
evidence/verification/t9-b2-b6/20260911T033622Z/b3-negative-control.log	content,name	TRACKED	KEYWORD-FALSE-POSITIVE	ACCEPTABLE	none
evidence/verification/t9-b2-b6/20260911T033622Z/b5-preprovision-skip.log	name	TRACKED	KEYWORD-FALSE-POSITIVE	ACCEPTABLE	none
evidence/verification/t9-b2-b6/20260911T033622Z/bun-test-packages.log	content,name	TRACKED	KEYWORD-FALSE-POSITIVE	ACCEPTABLE	none
evidence/verification/t9-b2-b6/20260911T033622Z/final-tree-recheck.log	content,name	TRACKED	KEYWORD-FALSE-POSITIVE	ACCEPTABLE	none
evidence/verification/t9-b2-b6/20260911T033622Z/final-verify-commands.log	content,name	TRACKED	KEYWORD-FALSE-POSITIVE	ACCEPTABLE	none
evidence/verification/t9-b2-b6/20260911T033622Z/mount/control-boot.log	name	TRACKED	KEYWORD-FALSE-POSITIVE	ACCEPTABLE	none
evidence/verification/t9-b2-b6/20260911T033622Z/mount/control-install.log	name	TRACKED	KEYWORD-FALSE-POSITIVE	ACCEPTABLE	none
evidence/verification/t9-b2-b6/20260911T033622Z/mount/install.log	name	TRACKED	KEYWORD-FALSE-POSITIVE	ACCEPTABLE	none
evidence/verification/t9-b2-b6/20260911T033622Z/mount/lossless-control.log	name	TRACKED	KEYWORD-FALSE-POSITIVE	ACCEPTABLE	none
evidence/verification/t9-b2-b6/20260911T033622Z/mount/mount-boot.log	content,name	TRACKED	KEYWORD-FALSE-POSITIVE	ACCEPTABLE	none
evidence/verification/t9-b2-b6/20260911T033622Z/mount/mount-proof.log	content,name	TRACKED	KEYWORD-FALSE-POSITIVE	ACCEPTABLE	none
evidence/verification/t9-b2-b6/20260911T033622Z/mount/result.json	content,name	TRACKED	KEYWORD-FALSE-POSITIVE	ACCEPTABLE	none
evidence/verification/t9-b2-b6/20260911T033622Z/mount/run-lossless-control.sh	content,name	TRACKED	KEYWORD-FALSE-POSITIVE	ACCEPTABLE	none
evidence/verification/t9-b2-b6/20260911T033622Z/mount/run-mount-proof.sh	content,name	TRACKED	KEYWORD-FALSE-POSITIVE	ACCEPTABLE	none
evidence/verification/t9-b2-b6/20260911T033622Z/mount/runner.out	name	TRACKED	KEYWORD-FALSE-POSITIVE	ACCEPTABLE	none
evidence/verification/t9-b2-b6/20260911T033622Z/mount/t9-lossless-control-probe.mjs	name	TRACKED	KEYWORD-FALSE-POSITIVE	ACCEPTABLE	none
evidence/verification/t9-b2-b6/20260911T033622Z/mount/t9-mount-probe.mjs	content,name	TRACKED	KEYWORD-FALSE-POSITIVE	ACCEPTABLE	none
evidence/verification/t9-b2-b6/20260911T033622Z/test-qa.log	content,name	TRACKED	KEYWORD-FALSE-POSITIVE	ACCEPTABLE	none
evidence/verification/t9-b2-b6/20260911T033622Z/tree-fingerprint-at-verification.txt	name	TRACKED	KEYWORD-FALSE-POSITIVE	ACCEPTABLE	none
evidence/verify/gate-sweep/20260829T165326Z/01-typecheck/output.log	name	TRACKED	KEYWORD-FALSE-POSITIVE	ACCEPTABLE	none
evidence/verify/gate-sweep/20260829T165326Z/01-typecheck/result.json	content,name	TRACKED	KEYWORD-FALSE-POSITIVE	ACCEPTABLE	none
evidence/verify/gate-sweep/20260829T165326Z/02-bun-test/output.log	content,name	TRACKED	KEYWORD-FALSE-POSITIVE	ACCEPTABLE	none
evidence/verify/gate-sweep/20260829T165326Z/02-bun-test/result.json	content,name	TRACKED	KEYWORD-FALSE-POSITIVE	ACCEPTABLE	none
evidence/verify/gate-sweep/20260829T165326Z/03-test-qa/output.log	content,name	TRACKED	KEYWORD-FALSE-POSITIVE	ACCEPTABLE	none
evidence/verify/gate-sweep/20260829T165326Z/03-test-qa/result.json	content,name	TRACKED	KEYWORD-FALSE-POSITIVE	ACCEPTABLE	none
evidence/verify/gate-sweep/20260829T165326Z/04-verify-vendor/output.log	content,name	TRACKED	KEYWORD-FALSE-POSITIVE	ACCEPTABLE	none
evidence/verify/gate-sweep/20260829T165326Z/04-verify-vendor/result.json	content,name	TRACKED	KEYWORD-FALSE-POSITIVE	ACCEPTABLE	none
evidence/verify/gate-sweep/20260829T165326Z/05-install-dryrun/output.log	content,name	TRACKED	KEYWORD-FALSE-POSITIVE	ACCEPTABLE	none
evidence/verify/gate-sweep/20260829T165326Z/05-install-dryrun/result.json	content,name	TRACKED	KEYWORD-FALSE-POSITIVE	ACCEPTABLE	none
evidence/verify/gate-sweep/20260829T165326Z/06-boot-check/output.log	content,name	TRACKED	KEYWORD-FALSE-POSITIVE	ACCEPTABLE	none
evidence/verify/gate-sweep/20260829T165326Z/06-boot-check/result.json	name	TRACKED	KEYWORD-FALSE-POSITIVE	ACCEPTABLE	none
evidence/verify/gate-sweep/20260829T165326Z/06-boot-check/run-boot-check.mjs	content,name	TRACKED	KEYWORD-FALSE-POSITIVE	ACCEPTABLE	none
evidence/verify/gate-sweep/20260829T165326Z/output.log	content,name	TRACKED	KEYWORD-FALSE-POSITIVE	ACCEPTABLE	none
evidence/verify/gate-sweep/20260829T165326Z/result.json	content,name	TRACKED	KEYWORD-FALSE-POSITIVE	ACCEPTABLE	none
evidence/verify/rtl-dev-gate/2026-08-30T18-59-59Z/.ts	name	TRACKED	PROCESS-RECORD	ACCEPTABLE	none
evidence/verify/rtl-dev-gate/2026-08-30T18-59-59Z/boot-dump.log	content,name	TRACKED	PROCESS-RECORD	ACCEPTABLE	none
evidence/verify/rtl-dev-gate/2026-08-30T18-59-59Z/boot-result.json	content,name	TRACKED	PROCESS-RECORD	ACCEPTABLE	none
evidence/verify/rtl-dev-gate/2026-08-30T18-59-59Z/iverilog-lint.log	name	TRACKED	PROCESS-RECORD	ACCEPTABLE	none
evidence/verify/rtl-dev-gate/2026-08-30T18-59-59Z/result.json	content,name	TRACKED	PROCESS-RECORD	ACCEPTABLE	none
evidence/verify/rtl-dev-gate/2026-08-30T18-59-59Z/tb_adder4.vvp	content,name	TRACKED	PROCESS-RECORD	ACCEPTABLE	none
evidence/verify/rtl-dev-gate/2026-08-30T18-59-59Z/vvp.log	name	TRACKED	PROCESS-RECORD	ACCEPTABLE	none
evidence/verify/rtl-dev-gate/20260830T174428Z/gate-sweep-phase2.mjs	content,name	TRACKED	PROCESS-RECORD	ACCEPTABLE	none
evidence/verify/rtl-dev-gate/20260830T174428Z/gate-sweep.mjs	content,name	TRACKED	PROCESS-RECORD	ACCEPTABLE	none
evidence/verify/rtl-dev-gate/20260830T174428Z/logs/cnt8-plugin-run-results.xml	content,name	TRACKED	PROCESS-RECORD	ACCEPTABLE	none
evidence/verify/rtl-dev-gate/20260830T174428Z/logs/cnt8-plugin-run-sim.log	content,name	TRACKED	PROCESS-RECORD	ACCEPTABLE	none
evidence/verify/rtl-dev-gate/20260830T174428Z/logs/cnt8-probe-D3.log	content,name	TRACKED	PROCESS-RECORD	ACCEPTABLE	none
evidence/verify/rtl-dev-gate/20260830T174428Z/logs/iverilog-compile-D1.log	content,name	TRACKED	PROCESS-RECORD	ACCEPTABLE	none
evidence/verify/rtl-dev-gate/20260830T174428Z/logs/sim.log	content,name	TRACKED	PROCESS-RECORD	ACCEPTABLE	none
evidence/verify/rtl-dev-gate/20260830T174428Z/output.log	content,name	TRACKED	PROCESS-RECORD	ACCEPTABLE	none
evidence/verify/rtl-dev-gate/20260830T174428Z/result-phase2.json	content,name	TRACKED	PROCESS-RECORD	ACCEPTABLE	none
evidence/verify/rtl-dev-gate/20260830T174428Z/result.json	content,name	TRACKED	PROCESS-RECORD	ACCEPTABLE	none
evidence/verify/rtl-dev-gate/20260830T174428Z/write-evidence.mjs	content,name	TRACKED	PROCESS-RECORD	ACCEPTABLE	none
evidence/verify/rtl-dev-phase1-gate/20260831T031230Z/01-typecheck.log	name	TRACKED	PROCESS-RECORD	ACCEPTABLE	none
evidence/verify/rtl-dev-phase1-gate/20260831T031230Z/02-bun-test.log	content,name	TRACKED	PROCESS-RECORD	ACCEPTABLE	none
evidence/verify/rtl-dev-phase1-gate/20260831T031230Z/03-test-qa.log	content,name	TRACKED	PROCESS-RECORD	ACCEPTABLE	none
evidence/verify/rtl-dev-phase1-gate/20260831T031230Z/04-verify-vendor.log	content,name	TRACKED	PROCESS-RECORD	ACCEPTABLE	none
evidence/verify/rtl-dev-phase1-gate/20260831T031230Z/05-install-dryrun.log	content,name	TRACKED	PROCESS-RECORD	ACCEPTABLE	none
evidence/verify/rtl-dev-phase1-gate/20260831T031230Z/06-boot-check.log	content,name	TRACKED	PROCESS-RECORD	ACCEPTABLE	none
evidence/verify/rtl-dev-phase1-gate/20260831T031230Z/manifest.txt	content,name	TRACKED	PROCESS-RECORD	ACCEPTABLE	none
evidence/wave2/adopted-tooling-repair-f4-sibling/README.md	content	TRACKED	KEYWORD-FALSE-POSITIVE	ACCEPTABLE	none
evidence/wave2/adopted-tooling-repair-f4/README.md	content	TRACKED	KEYWORD-FALSE-POSITIVE	ACCEPTABLE	none
evidence/wave2/adopted-tooling-repair-f4/drivers-attempt2/check1-glob.post-f4.json	content	TRACKED	KEYWORD-FALSE-POSITIVE	ACCEPTABLE	none
evidence/wave2/adopted-tooling-repair-f4/drivers-attempt2/check2-contract.post-f4.json	content	TRACKED	KEYWORD-FALSE-POSITIVE	ACCEPTABLE	none
evidence/wave2/adopted-tooling-repair-f4/drivers-attempt2/check4d-revendor-heal.out	content	TRACKED	KEYWORD-FALSE-POSITIVE	ACCEPTABLE	none
evidence/wave2/adopted-tooling-repair-f4/drivers-attempt2/summary.json	content	TRACKED	KEYWORD-FALSE-POSITIVE	ACCEPTABLE	none
evidence/wave2/adopted-tooling-repair-f4/drivers/check1-glob.post-f4.json	content	TRACKED	KEYWORD-FALSE-POSITIVE	ACCEPTABLE	none
evidence/wave2/adopted-tooling-repair-f4/drivers/check2-contract.post-f4.json	content	TRACKED	KEYWORD-FALSE-POSITIVE	ACCEPTABLE	none
evidence/wave2/adopted-tooling-repair-f4/drivers/check4-guard.post-f4.log	content	TRACKED	KEYWORD-FALSE-POSITIVE	ACCEPTABLE	none
evidence/wave2/adopted-tooling-repair-f4/drivers/check4d-revendor-heal.post-f4.raw.json	content	TRACKED	KEYWORD-FALSE-POSITIVE	ACCEPTABLE	none
evidence/wave2/adopted-tooling-repair-f4/drivers/check4d.driver.out	content	TRACKED	KEYWORD-FALSE-POSITIVE	ACCEPTABLE	none
evidence/wave2/adopted-tooling-repair-f4/gates/full-suite.log	content	TRACKED	KEYWORD-FALSE-POSITIVE	ACCEPTABLE	none
evidence/wave2/adopted-tooling-repair-f4/result.json	content	TRACKED	KEYWORD-FALSE-POSITIVE	ACCEPTABLE	none
evidence/wave2/adopted-tooling-repair/README.md	content	TRACKED	KEYWORD-FALSE-POSITIVE	ACCEPTABLE	none
evidence/wave2/adopted-tooling-repair/drivers/check1-glob.post-fix.json	content	TRACKED	KEYWORD-FALSE-POSITIVE	ACCEPTABLE	none
evidence/wave2/adopted-tooling-repair/drivers/check2-contract.post-fix.json	content	TRACKED	KEYWORD-FALSE-POSITIVE	ACCEPTABLE	none
evidence/wave2/adopted-tooling-repair/drivers/check4-guard.post-fix.log	content	TRACKED	KEYWORD-FALSE-POSITIVE	ACCEPTABLE	none
evidence/wave2/adopted-tooling-repair/drivers/check4d-revendor-heal.post-fix.raw.json	content	TRACKED	KEYWORD-FALSE-POSITIVE	ACCEPTABLE	none
evidence/wave2/adopted-tooling-repair/drivers/driver-rerun-summary.json	content	TRACKED	KEYWORD-FALSE-POSITIVE	ACCEPTABLE	none
evidence/wave2/adopted-tooling-repair/f1/real-inputs-replay.log	content	TRACKED	KEYWORD-FALSE-POSITIVE	ACCEPTABLE	none
evidence/wave2/adopted-tooling-repair/f2/region-inventory.log	content	TRACKED	KEYWORD-FALSE-POSITIVE	ACCEPTABLE	none
evidence/wave2/adopted-tooling-repair/f3/hand-rematerialize.log	content	TRACKED	KEYWORD-FALSE-POSITIVE	ACCEPTABLE	none
evidence/wave2/adopted-tooling-repair/gates/full-suite.log	content	TRACKED	KEYWORD-FALSE-POSITIVE	ACCEPTABLE	none
evidence/wave2/adopted-tooling-repair/gates/guard-driver-rerun.log	content	TRACKED	KEYWORD-FALSE-POSITIVE	ACCEPTABLE	none
evidence/wave2/adopted-tooling-repair/result.json	content	TRACKED	KEYWORD-FALSE-POSITIVE	ACCEPTABLE	none
evidence/wave2/adopted-tooling/README.md	content	TRACKED	KEYWORD-FALSE-POSITIVE	ACCEPTABLE	none
evidence/wave2/adopted-tooling/boot/dump-config.txt	content	TRACKED	KEYWORD-FALSE-POSITIVE	ACCEPTABLE	none
evidence/wave2/adopted-tooling/fix/guard-failure-exercise.log	content	TRACKED	KEYWORD-FALSE-POSITIVE	ACCEPTABLE	none
evidence/wave2/adopted-tooling/result.json	content	TRACKED	KEYWORD-FALSE-POSITIVE	ACCEPTABLE	none
evidence/wave2/adopted-tooling/tests/full-suite.log	content	TRACKED	KEYWORD-FALSE-POSITIVE	ACCEPTABLE	none
evidence/wave2/b8-binary-resolution/RESULT.json	content	TRACKED	KEYWORD-FALSE-POSITIVE	ACCEPTABLE	none
evidence/wave2/b8-binary-resolution/mcp-gate.result.json	content	TRACKED	KEYWORD-FALSE-POSITIVE	ACCEPTABLE	none
evidence/wave2/b8-binary-resolution/sweep-clean-room.txt	content	TRACKED	KEYWORD-FALSE-POSITIVE	ACCEPTABLE	none
evidence/wave2/b8-binary-resolution/t1-decision-record.md	content	TRACKED	KEYWORD-FALSE-POSITIVE	ACCEPTABLE	none
evidence/wave2/b9-installer-parity/20260911T054527Z/installer-dry-run.log	content	TRACKED	KEYWORD-FALSE-POSITIVE	ACCEPTABLE	none
evidence/wave2/b9-installer-parity/20260911T054527Z/installer-self-test.log	content	TRACKED	KEYWORD-FALSE-POSITIVE	ACCEPTABLE	none
evidence/wave2/b9-installer-parity/20260911T054527Z/negative-control-helper.mjs	content	TRACKED	KEYWORD-FALSE-POSITIVE	ACCEPTABLE	none
evidence/wave2/b9-installer-parity/20260911T054527Z/parity-cwd-independent.log	content	TRACKED	KEYWORD-FALSE-POSITIVE	ACCEPTABLE	none
evidence/wave2/b9-installer-parity/20260911T054527Z/parity-negative-control.log	content	TRACKED	KEYWORD-FALSE-POSITIVE	ACCEPTABLE	none
evidence/wave2/b9-installer-parity/20260911T054527Z/parity-ok.log	content	TRACKED	KEYWORD-FALSE-POSITIVE	ACCEPTABLE	none
evidence/wave2/b9-installer-parity/20260911T054527Z/parity-restored.log	content	TRACKED	KEYWORD-FALSE-POSITIVE	ACCEPTABLE	none
evidence/wave2/b9-installer-parity/20260911T054527Z/result.json	content	TRACKED	KEYWORD-FALSE-POSITIVE	ACCEPTABLE	none
evidence/wave2/b9-installer-parity/20260911T054527Z/verify-vendor.log	content,name	TRACKED	KEYWORD-FALSE-POSITIVE	ACCEPTABLE	none
evidence/wave2/memory-migration/20260911T055855Z/mpd-memory-read-call.txt	content	TRACKED	KEYWORD-FALSE-POSITIVE	ACCEPTABLE	none
evidence/wave2/memory-migration/20260911T055855Z/result.json	content	TRACKED	KEYWORD-FALSE-POSITIVE	ACCEPTABLE	none
evidence/wave2/memory-migration/20260911T055855Z/state-after-target.json	content	TRACKED	KEYWORD-FALSE-POSITIVE	ACCEPTABLE	none
evidence/wave2/memory-migration/20260911T055855Z/state-before-target.json	content	TRACKED	KEYWORD-FALSE-POSITIVE	ACCEPTABLE	none
evidence/wave2/qa-workspace-isolation/20260911T054831Z/derive-skills-lock.mjs	content	TRACKED	KEYWORD-FALSE-POSITIVE	ACCEPTABLE	none
evidence/wave2/qa-workspace-isolation/20260911T054831Z/repin-negative-control.log	content	TRACKED	KEYWORD-FALSE-POSITIVE	ACCEPTABLE	none
evidence/wave2/qa-workspace-isolation/20260911T054831Z/repin-restored.log	content	TRACKED	KEYWORD-FALSE-POSITIVE	ACCEPTABLE	none
evidence/wave2/qa-workspace-isolation/20260911T054831Z/result.json	content	TRACKED	KEYWORD-FALSE-POSITIVE	ACCEPTABLE	none
evidence/wave2/qa-workspace-isolation/20260911T054831Z/test-qa-final.log	content	TRACKED	KEYWORD-FALSE-POSITIVE	ACCEPTABLE	none
evidence/wave2/qa-workspace-isolation/20260911T054831Z/test-qa.log	content	TRACKED	KEYWORD-FALSE-POSITIVE	ACCEPTABLE	none
evidence/wave2/r1-f1-exec-forward/RESULT.json	content	TRACKED	KEYWORD-FALSE-POSITIVE	ACCEPTABLE	none
evidence/wave2/r1-f1-exec-forward/bun-test-package.txt	content	TRACKED	KEYWORD-FALSE-POSITIVE	ACCEPTABLE	none
evidence/wave2/r1-f1-exec-forward/bun-test-packages.txt	content	TRACKED	KEYWORD-FALSE-POSITIVE	ACCEPTABLE	none
evidence/wave2/r1-f1-exec-forward/negative-control-post-fix.txt	content	TRACKED	KEYWORD-FALSE-POSITIVE	ACCEPTABLE	none
evidence/wave2/r1-f1-exec-forward/negative-control-pre-fix.txt	content	TRACKED	KEYWORD-FALSE-POSITIVE	ACCEPTABLE	none
evidence/wave2/r1-f1-exec-forward/per-case-probe-post-fix.json	content	TRACKED	KEYWORD-FALSE-POSITIVE	ACCEPTABLE	none
evidence/wave2/r1-f1-exec-forward/per-case-probe-pre-fix.json	content	TRACKED	KEYWORD-FALSE-POSITIVE	ACCEPTABLE	none
evidence/wave2/r1-f1-exec-forward/per-case-probe.ts	content	TRACKED	KEYWORD-FALSE-POSITIVE	ACCEPTABLE	none
evidence/wave2/r1-f1-exec-forward/pre-fix-exec.mjs	content	TRACKED	KEYWORD-FALSE-POSITIVE	ACCEPTABLE	none
evidence/wave2/r1-f1-exec-forward/session-call.mjs	content	TRACKED	KEYWORD-FALSE-POSITIVE	ACCEPTABLE	none
evidence/wave2/r1-f1-exec-forward/session-call.output.txt	content	TRACKED	KEYWORD-FALSE-POSITIVE	ACCEPTABLE	none
evidence/wave2/r1-f1-exec-forward/session-call.result.json	content	TRACKED	KEYWORD-FALSE-POSITIVE	ACCEPTABLE	none
evidence/wave2/r1-f1-exec-forward/sweep-clean-room.txt	content	TRACKED	KEYWORD-FALSE-POSITIVE	ACCEPTABLE	none
evidence/wave2/r1-gate-order/RESULT.json	content	TRACKED	KEYWORD-FALSE-POSITIVE	ACCEPTABLE	none
evidence/wave2/r1-gate-order/bun-test-package.txt	content	TRACKED	KEYWORD-FALSE-POSITIVE	ACCEPTABLE	none
evidence/wave2/r1-gate-order/bun-test-packages.txt	content	TRACKED	KEYWORD-FALSE-POSITIVE	ACCEPTABLE	none
evidence/wave2/r1-gate-order/dist-order.txt	content	TRACKED	KEYWORD-FALSE-POSITIVE	ACCEPTABLE	none
evidence/wave2/r1-gate-order/negative-control-post-fix.txt	content	TRACKED	KEYWORD-FALSE-POSITIVE	ACCEPTABLE	none
evidence/wave2/r1-gate-order/negative-control-pre-fix.txt	content	TRACKED	KEYWORD-FALSE-POSITIVE	ACCEPTABLE	none
evidence/wave2/r1-gate-order/pre-fix-order.mjs	content	TRACKED	KEYWORD-FALSE-POSITIVE	ACCEPTABLE	none
evidence/wave2/r1-gate-order/session-call.mjs	content	TRACKED	KEYWORD-FALSE-POSITIVE	ACCEPTABLE	none
evidence/wave2/r1-gate-order/session-call.output.txt	content	TRACKED	KEYWORD-FALSE-POSITIVE	ACCEPTABLE	none
evidence/wave2/r1-gate-order/session-call.result.json	content	TRACKED	KEYWORD-FALSE-POSITIVE	ACCEPTABLE	none
evidence/wave2/r1-gate-order/source-order.txt	content	TRACKED	KEYWORD-FALSE-POSITIVE	ACCEPTABLE	none
evidence/wave2/r1-gate-order/sweep-clean-room.txt	content	TRACKED	KEYWORD-FALSE-POSITIVE	ACCEPTABLE	none
evidence/wave2/r1-gate-order/sweep-with-package-dir-build.txt	content	TRACKED	KEYWORD-FALSE-POSITIVE	ACCEPTABLE	none
evidence/wave2/t10-review/20260911T063000Z/gate-bun-test-packages.log	content	TRACKED	KEYWORD-FALSE-POSITIVE	ACCEPTABLE	none
evidence/wave2/t10-review/20260911T063000Z/gate-verify-vendor.log	content,name	TRACKED	KEYWORD-FALSE-POSITIVE	ACCEPTABLE	none
evidence/wave2/t10-review/20260911T063000Z/glob-e2e.log	content	TRACKED	KEYWORD-FALSE-POSITIVE	ACCEPTABLE	none
evidence/wave2/t10-review/20260911T063000Z/glob-e2e.mjs	content	TRACKED	KEYWORD-FALSE-POSITIVE	ACCEPTABLE	none
evidence/wave2/t10-review/20260911T063000Z/glob-e2e.result.json	content	TRACKED	KEYWORD-FALSE-POSITIVE	ACCEPTABLE	none
evidence/wave2/t10-review/20260911T063000Z/guard-copy.result.json	content	TRACKED	KEYWORD-FALSE-POSITIVE	ACCEPTABLE	none
evidence/wave2/t10-review/20260911T063000Z/guard-fullstrip.result.json	content	TRACKED	KEYWORD-FALSE-POSITIVE	ACCEPTABLE	none
evidence/wave2/t10-review/20260911T063000Z/healed-tools.js	content	TRACKED	KEYWORD-FALSE-POSITIVE	ACCEPTABLE	none
evidence/wave2/t10-review/20260911T063000Z/hygiene.txt	content	TRACKED	KEYWORD-FALSE-POSITIVE	ACCEPTABLE	none
evidence/wave2/t10-review/20260911T063000Z/revision-anchor.txt	content	TRACKED	KEYWORD-FALSE-POSITIVE	ACCEPTABLE	none
evidence/wave2/t10-review/20260911T063000Z/rules-compliance.txt	content	TRACKED	KEYWORD-FALSE-POSITIVE	ACCEPTABLE	none
evidence/wave2/t10-review/20260911T063000Z/t10-REVIEW.md	content	TRACKED	KEYWORD-FALSE-POSITIVE	ACCEPTABLE	none
evidence/wave2/t10-review/20260911T063000Z/tools.js.canonical.backup	content	TRACKED	KEYWORD-FALSE-POSITIVE	ACCEPTABLE	none
evidence/wave2/t11-integration/20260911T072333Z/carry-forward.md	content	TRACKED	KEYWORD-FALSE-POSITIVE	ACCEPTABLE	none
evidence/wave2/t11-integration/20260911T072333Z/commit-plan.md	content	TRACKED	KEYWORD-FALSE-POSITIVE	ACCEPTABLE	none
evidence/wave2/t11-integration/20260911T072333Z/evidence-consolidation-detail.log	content	TRACKED	KEYWORD-FALSE-POSITIVE	ACCEPTABLE	none
evidence/wave2/t11-integration/20260911T072333Z/evidence-consolidation.log	content	TRACKED	KEYWORD-FALSE-POSITIVE	ACCEPTABLE	none
evidence/wave2/t11-integration/20260911T072333Z/evidence-consolidation.md	content	TRACKED	KEYWORD-FALSE-POSITIVE	ACCEPTABLE	none
evidence/wave2/t11-integration/20260911T072333Z/final-report.md	content	TRACKED	KEYWORD-FALSE-POSITIVE	ACCEPTABLE	none
evidence/wave2/t11-integration/20260911T072333Z/gate-sweep-part1.log	content	TRACKED	KEYWORD-FALSE-POSITIVE	ACCEPTABLE	none
evidence/wave2/t11-integration/20260911T072333Z/gate-sweep-part2.log	content	TRACKED	KEYWORD-FALSE-POSITIVE	ACCEPTABLE	none
evidence/wave2/t11-integration/20260911T072333Z/git-status.txt	content	TRACKED	KEYWORD-FALSE-POSITIVE	ACCEPTABLE	none
evidence/wave2/t11-integration/20260911T072333Z/repin-skills.mjs	content	TRACKED	KEYWORD-FALSE-POSITIVE	ACCEPTABLE	none
evidence/wave2/t11-integration/20260911T072333Z/result.json	content	TRACKED	KEYWORD-FALSE-POSITIVE	ACCEPTABLE	none
evidence/wave2/t8-verification/20260911T061046Z/README.md	content,name	TRACKED	KEYWORD-FALSE-POSITIVE	ACCEPTABLE	none
evidence/wave2/t8-verification/20260911T061046Z/attempt2/check1-postfix.raw.json	content,name	TRACKED	KEYWORD-FALSE-POSITIVE	ACCEPTABLE	none
evidence/wave2/t8-verification/20260911T061046Z/attempt2/check1-prefix.raw.json	content,name	TRACKED	KEYWORD-FALSE-POSITIVE	ACCEPTABLE	none
evidence/wave2/t8-verification/20260911T061046Z/attempt2/check2-falsifiability-probe.raw.json	content,name	TRACKED	KEYWORD-FALSE-POSITIVE	ACCEPTABLE	none
evidence/wave2/t8-verification/20260911T061046Z/attempt2/check2-postfix.raw.json	content,name	TRACKED	KEYWORD-FALSE-POSITIVE	ACCEPTABLE	none
evidence/wave2/t8-verification/20260911T061046Z/attempt2/check2-prefix.raw.json	content,name	TRACKED	KEYWORD-FALSE-POSITIVE	ACCEPTABLE	none
evidence/wave2/t8-verification/20260911T061046Z/attempt2/check2-sweep-partition.raw.json	name	TRACKED	KEYWORD-FALSE-POSITIVE	ACCEPTABLE	none
evidence/wave2/t8-verification/20260911T061046Z/attempt2/check3-t13-captain.err	name	TRACKED	KEYWORD-FALSE-POSITIVE	ACCEPTABLE	none
evidence/wave2/t8-verification/20260911T061046Z/attempt2/check3-t13-captain.raw.json	content,name	TRACKED	KEYWORD-FALSE-POSITIVE	ACCEPTABLE	none
evidence/wave2/t8-verification/20260911T061046Z/attempt2/check3-t8-captain.err	name	TRACKED	KEYWORD-FALSE-POSITIVE	ACCEPTABLE	none
evidence/wave2/t8-verification/20260911T061046Z/attempt2/check3-t8-captain.raw.json	content,name	TRACKED	KEYWORD-FALSE-POSITIVE	ACCEPTABLE	none
evidence/wave2/t8-verification/20260911T061046Z/attempt2/check4-guard.log	content,name	TRACKED	KEYWORD-FALSE-POSITIVE	ACCEPTABLE	none
evidence/wave2/t8-verification/20260911T061046Z/attempt2/check4-guard.raw.json	content,name	TRACKED	KEYWORD-FALSE-POSITIVE	ACCEPTABLE	none
evidence/wave2/t8-verification/20260911T061046Z/attempt2/check4b-region-coverage.raw.json	name	TRACKED	KEYWORD-FALSE-POSITIVE	ACCEPTABLE	none
evidence/wave2/t8-verification/20260911T061046Z/attempt2/check4d-revendor-heal.log	content,name	TRACKED	KEYWORD-FALSE-POSITIVE	ACCEPTABLE	none
evidence/wave2/t8-verification/20260911T061046Z/attempt2/check4d-revendor-heal.raw.json	content,name	TRACKED	KEYWORD-FALSE-POSITIVE	ACCEPTABLE	none
evidence/wave2/t8-verification/20260911T061046Z/attempt2/check4e-heal-fidelity.log	name	TRACKED	KEYWORD-FALSE-POSITIVE	ACCEPTABLE	none
evidence/wave2/t8-verification/20260911T061046Z/attempt2/check4e-heal-fidelity.raw.json	name	TRACKED	KEYWORD-FALSE-POSITIVE	ACCEPTABLE	none
evidence/wave2/t8-verification/20260911T061046Z/attempt2/check4f-tools-heal-fidelity.log	name	TRACKED	KEYWORD-FALSE-POSITIVE	ACCEPTABLE	none
evidence/wave2/t8-verification/20260911T061046Z/attempt2/check4f-tools-heal-fidelity.raw.json	name	TRACKED	KEYWORD-FALSE-POSITIVE	ACCEPTABLE	none
evidence/wave2/t8-verification/20260911T061046Z/attempt2/check5-driver.out	name	TRACKED	KEYWORD-FALSE-POSITIVE	ACCEPTABLE	none
evidence/wave2/t8-verification/20260911T061046Z/attempt2/check5-install.log	name	TRACKED	KEYWORD-FALSE-POSITIVE	ACCEPTABLE	none
evidence/wave2/t8-verification/20260911T061046Z/attempt2/check5-mount-boot.log	name	TRACKED	KEYWORD-FALSE-POSITIVE	ACCEPTABLE	none
evidence/wave2/t8-verification/20260911T061046Z/attempt2/check5-mount.log	content,name	TRACKED	KEYWORD-FALSE-POSITIVE	ACCEPTABLE	none
evidence/wave2/t8-verification/20260911T061046Z/attempt2/check5-mount.raw.json	name	TRACKED	KEYWORD-FALSE-POSITIVE	ACCEPTABLE	none
evidence/wave2/t8-verification/20260911T061046Z/attempt2/check5-plugin-suite.log	name	TRACKED	KEYWORD-FALSE-POSITIVE	ACCEPTABLE	none
evidence/wave2/t8-verification/20260911T061046Z/attempt2/drivers/agent-teams-mount-probe.mjs	content,name	TRACKED	KEYWORD-FALSE-POSITIVE	ACCEPTABLE	none
evidence/wave2/t8-verification/20260911T061046Z/attempt2/drivers/check1-glob.mjs	content,name	TRACKED	KEYWORD-FALSE-POSITIVE	ACCEPTABLE	none
evidence/wave2/t8-verification/20260911T061046Z/attempt2/drivers/check2-contract.mjs	content,name	TRACKED	KEYWORD-FALSE-POSITIVE	ACCEPTABLE	none
evidence/wave2/t8-verification/20260911T061046Z/attempt2/drivers/check3-live-contract.mjs	content,name	TRACKED	KEYWORD-FALSE-POSITIVE	ACCEPTABLE	none
evidence/wave2/t8-verification/20260911T061046Z/attempt2/drivers/check4-guard-failure.sh	content,name	TRACKED	KEYWORD-FALSE-POSITIVE	ACCEPTABLE	none
evidence/wave2/t8-verification/20260911T061046Z/attempt2/drivers/check4b-region-coverage.sh	content,name	TRACKED	KEYWORD-FALSE-POSITIVE	ACCEPTABLE	none
evidence/wave2/t8-verification/20260911T061046Z/attempt2/drivers/check4d-revendor-heal.sh	content,name	TRACKED	KEYWORD-FALSE-POSITIVE	ACCEPTABLE	none
evidence/wave2/t8-verification/20260911T061046Z/attempt2/drivers/check4e-heal-fidelity.sh	content,name	TRACKED	KEYWORD-FALSE-POSITIVE	ACCEPTABLE	none
evidence/wave2/t8-verification/20260911T061046Z/attempt2/drivers/check5-mount.sh	content,name	TRACKED	KEYWORD-FALSE-POSITIVE	ACCEPTABLE	none
evidence/wave2/t8-verification/20260911T061046Z/attempt2/result.json	content,name	TRACKED	KEYWORD-FALSE-POSITIVE	ACCEPTABLE	none
evidence/wave2/t8-verification/20260911T061046Z/attempt3/check1-postfix.raw.json	content,name	TRACKED	KEYWORD-FALSE-POSITIVE	ACCEPTABLE	none
evidence/wave2/t8-verification/20260911T061046Z/attempt3/check1-prefix.raw.json	content,name	TRACKED	KEYWORD-FALSE-POSITIVE	ACCEPTABLE	none
evidence/wave2/t8-verification/20260911T061046Z/attempt3/check2-postfix.raw.json	content,name	TRACKED	KEYWORD-FALSE-POSITIVE	ACCEPTABLE	none
evidence/wave2/t8-verification/20260911T061046Z/attempt3/check2-prefix.raw.json	content,name	TRACKED	KEYWORD-FALSE-POSITIVE	ACCEPTABLE	none
evidence/wave2/t8-verification/20260911T061046Z/attempt3/check2-sweep-partition.raw.json	name	TRACKED	KEYWORD-FALSE-POSITIVE	ACCEPTABLE	none
evidence/wave2/t8-verification/20260911T061046Z/attempt3/check2b-falsifiability.raw.json	content,name	TRACKED	KEYWORD-FALSE-POSITIVE	ACCEPTABLE	none
evidence/wave2/t8-verification/20260911T061046Z/attempt3/check3-t14-captain.err	name	TRACKED	KEYWORD-FALSE-POSITIVE	ACCEPTABLE	none
evidence/wave2/t8-verification/20260911T061046Z/attempt3/check3-t14-captain.raw.json	content,name	TRACKED	KEYWORD-FALSE-POSITIVE	ACCEPTABLE	none
evidence/wave2/t8-verification/20260911T061046Z/attempt3/check3-t8-captain.err	name	TRACKED	KEYWORD-FALSE-POSITIVE	ACCEPTABLE	none
evidence/wave2/t8-verification/20260911T061046Z/attempt3/check3-t8-captain.raw.json	content,name	TRACKED	KEYWORD-FALSE-POSITIVE	ACCEPTABLE	none
evidence/wave2/t8-verification/20260911T061046Z/attempt3/check4-guard.log	content,name	TRACKED	KEYWORD-FALSE-POSITIVE	ACCEPTABLE	none
evidence/wave2/t8-verification/20260911T061046Z/attempt3/check4-guard.raw.json	content,name	TRACKED	KEYWORD-FALSE-POSITIVE	ACCEPTABLE	none
evidence/wave2/t8-verification/20260911T061046Z/attempt3/check4b-region-coverage.raw.json	name	TRACKED	KEYWORD-FALSE-POSITIVE	ACCEPTABLE	none
evidence/wave2/t8-verification/20260911T061046Z/attempt3/check4d-revendor-heal.log	content,name	TRACKED	KEYWORD-FALSE-POSITIVE	ACCEPTABLE	none
evidence/wave2/t8-verification/20260911T061046Z/attempt3/check4d-revendor-heal.raw.json	content,name	TRACKED	KEYWORD-FALSE-POSITIVE	ACCEPTABLE	none
evidence/wave2/t8-verification/20260911T061046Z/attempt3/check4e-heal-fidelity.log	name	TRACKED	KEYWORD-FALSE-POSITIVE	ACCEPTABLE	none
evidence/wave2/t8-verification/20260911T061046Z/attempt3/check4e-heal-fidelity.raw.json	name	TRACKED	KEYWORD-FALSE-POSITIVE	ACCEPTABLE	none
evidence/wave2/t8-verification/20260911T061046Z/attempt3/check4f-tools-heal-fidelity.log	content,name	TRACKED	KEYWORD-FALSE-POSITIVE	ACCEPTABLE	none
evidence/wave2/t8-verification/20260911T061046Z/attempt3/check4f-tools-heal-fidelity.raw.json	content,name	TRACKED	KEYWORD-FALSE-POSITIVE	ACCEPTABLE	none
evidence/wave2/t8-verification/20260911T061046Z/attempt3/check5-driver.out	name	TRACKED	KEYWORD-FALSE-POSITIVE	ACCEPTABLE	none
evidence/wave2/t8-verification/20260911T061046Z/attempt3/check5-full-suite.log	content,name	TRACKED	KEYWORD-FALSE-POSITIVE	ACCEPTABLE	none
evidence/wave2/t8-verification/20260911T061046Z/attempt3/check5-install.log	name	TRACKED	KEYWORD-FALSE-POSITIVE	ACCEPTABLE	none
evidence/wave2/t8-verification/20260911T061046Z/attempt3/check5-mount-boot.log	name	TRACKED	KEYWORD-FALSE-POSITIVE	ACCEPTABLE	none
evidence/wave2/t8-verification/20260911T061046Z/attempt3/check5-mount.log	content,name	TRACKED	KEYWORD-FALSE-POSITIVE	ACCEPTABLE	none
evidence/wave2/t8-verification/20260911T061046Z/attempt3/check5-mount.raw.json	name	TRACKED	KEYWORD-FALSE-POSITIVE	ACCEPTABLE	none
evidence/wave2/t8-verification/20260911T061046Z/attempt3/check5-plugin-suite.log	name	TRACKED	KEYWORD-FALSE-POSITIVE	ACCEPTABLE	none
evidence/wave2/t8-verification/20260911T061046Z/attempt3/check5-self-fix-suite.log	name	TRACKED	KEYWORD-FALSE-POSITIVE	ACCEPTABLE	none
evidence/wave2/t8-verification/20260911T061046Z/attempt3/check5-typecheck.log	name	TRACKED	KEYWORD-FALSE-POSITIVE	ACCEPTABLE	none
evidence/wave2/t8-verification/20260911T061046Z/attempt3/drivers/agent-teams-mount-probe.mjs	content,name	TRACKED	KEYWORD-FALSE-POSITIVE	ACCEPTABLE	none
evidence/wave2/t8-verification/20260911T061046Z/attempt3/drivers/check1-glob.mjs	content,name	TRACKED	KEYWORD-FALSE-POSITIVE	ACCEPTABLE	none
evidence/wave2/t8-verification/20260911T061046Z/attempt3/drivers/check2-contract.mjs	content,name	TRACKED	KEYWORD-FALSE-POSITIVE	ACCEPTABLE	none
evidence/wave2/t8-verification/20260911T061046Z/attempt3/drivers/check2b-falsifiability-probe.mjs	content,name	TRACKED	KEYWORD-FALSE-POSITIVE	ACCEPTABLE	none
evidence/wave2/t8-verification/20260911T061046Z/attempt3/drivers/check3-live-contract.mjs	content,name	TRACKED	KEYWORD-FALSE-POSITIVE	ACCEPTABLE	none
evidence/wave2/t8-verification/20260911T061046Z/attempt3/drivers/check4-guard-failure.sh	content,name	TRACKED	KEYWORD-FALSE-POSITIVE	ACCEPTABLE	none
evidence/wave2/t8-verification/20260911T061046Z/attempt3/drivers/check4b-region-coverage.sh	content,name	TRACKED	KEYWORD-FALSE-POSITIVE	ACCEPTABLE	none
evidence/wave2/t8-verification/20260911T061046Z/attempt3/drivers/check4d-revendor-heal.sh	content,name	TRACKED	KEYWORD-FALSE-POSITIVE	ACCEPTABLE	none
evidence/wave2/t8-verification/20260911T061046Z/attempt3/drivers/check4e-heal-fidelity.sh	content,name	TRACKED	KEYWORD-FALSE-POSITIVE	ACCEPTABLE	none
evidence/wave2/t8-verification/20260911T061046Z/attempt3/drivers/check4f-tools-heal-fidelity.sh	content,name	TRACKED	KEYWORD-FALSE-POSITIVE	ACCEPTABLE	none
evidence/wave2/t8-verification/20260911T061046Z/attempt3/drivers/check5-mount.sh	content,name	TRACKED	KEYWORD-FALSE-POSITIVE	ACCEPTABLE	none
evidence/wave2/t8-verification/20260911T061046Z/attempt3/result.json	content,name	TRACKED	KEYWORD-FALSE-POSITIVE	ACCEPTABLE	none
evidence/wave2/t8-verification/20260911T061046Z/check1-postfix.err	name	TRACKED	KEYWORD-FALSE-POSITIVE	ACCEPTABLE	none
evidence/wave2/t8-verification/20260911T061046Z/check1-postfix.raw.json	content,name	TRACKED	KEYWORD-FALSE-POSITIVE	ACCEPTABLE	none
evidence/wave2/t8-verification/20260911T061046Z/check1-prefix.err	name	TRACKED	KEYWORD-FALSE-POSITIVE	ACCEPTABLE	none
evidence/wave2/t8-verification/20260911T061046Z/check1-prefix.raw.json	content,name	TRACKED	KEYWORD-FALSE-POSITIVE	ACCEPTABLE	none
evidence/wave2/t8-verification/20260911T061046Z/check2-postfix.err	name	TRACKED	KEYWORD-FALSE-POSITIVE	ACCEPTABLE	none
evidence/wave2/t8-verification/20260911T061046Z/check2-postfix.raw.json	content,name	TRACKED	KEYWORD-FALSE-POSITIVE	ACCEPTABLE	none
evidence/wave2/t8-verification/20260911T061046Z/check2-prefix.err	name	TRACKED	KEYWORD-FALSE-POSITIVE	ACCEPTABLE	none
evidence/wave2/t8-verification/20260911T061046Z/check2-prefix.raw.json	content,name	TRACKED	KEYWORD-FALSE-POSITIVE	ACCEPTABLE	none
evidence/wave2/t8-verification/20260911T061046Z/check3-t4-captain.err	name	TRACKED	KEYWORD-FALSE-POSITIVE	ACCEPTABLE	none
evidence/wave2/t8-verification/20260911T061046Z/check3-t4-captain.raw.json	content,name	TRACKED	KEYWORD-FALSE-POSITIVE	ACCEPTABLE	none
evidence/wave2/t8-verification/20260911T061046Z/check3-t6-captain.err	name	TRACKED	KEYWORD-FALSE-POSITIVE	ACCEPTABLE	none
evidence/wave2/t8-verification/20260911T061046Z/check3-t6-captain.raw.json	content,name	TRACKED	KEYWORD-FALSE-POSITIVE	ACCEPTABLE	none
evidence/wave2/t8-verification/20260911T061046Z/check3-t8-captain.err	name	TRACKED	KEYWORD-FALSE-POSITIVE	ACCEPTABLE	none
evidence/wave2/t8-verification/20260911T061046Z/check3-t8-captain.raw.json	content,name	TRACKED	KEYWORD-FALSE-POSITIVE	ACCEPTABLE	none
evidence/wave2/t8-verification/20260911T061046Z/check3-t8-declaration-compare.json	content,name	TRACKED	KEYWORD-FALSE-POSITIVE	ACCEPTABLE	none
evidence/wave2/t8-verification/20260911T061046Z/check4-guard.log	content,name	TRACKED	KEYWORD-FALSE-POSITIVE	ACCEPTABLE	none
evidence/wave2/t8-verification/20260911T061046Z/check4-guard.raw.json	content,name	TRACKED	KEYWORD-FALSE-POSITIVE	ACCEPTABLE	none
evidence/wave2/t8-verification/20260911T061046Z/check4b-adaptation-markers.raw.json	name	TRACKED	KEYWORD-FALSE-POSITIVE	ACCEPTABLE	none
evidence/wave2/t8-verification/20260911T061046Z/check4c-revendor-simulation.log	content,name	TRACKED	KEYWORD-FALSE-POSITIVE	ACCEPTABLE	none
evidence/wave2/t8-verification/20260911T061046Z/check4d-revendor-heal.log	content,name	TRACKED	KEYWORD-FALSE-POSITIVE	ACCEPTABLE	none
evidence/wave2/t8-verification/20260911T061046Z/check4d-revendor-heal.raw.json	content,name	TRACKED	KEYWORD-FALSE-POSITIVE	ACCEPTABLE	none
evidence/wave2/t8-verification/20260911T061046Z/check5-driver.out	name	TRACKED	KEYWORD-FALSE-POSITIVE	ACCEPTABLE	none
evidence/wave2/t8-verification/20260911T061046Z/check5-install.log	name	TRACKED	KEYWORD-FALSE-POSITIVE	ACCEPTABLE	none
evidence/wave2/t8-verification/20260911T061046Z/check5-mount-boot.log	name	TRACKED	KEYWORD-FALSE-POSITIVE	ACCEPTABLE	none
evidence/wave2/t8-verification/20260911T061046Z/check5-mount.log	content,name	TRACKED	KEYWORD-FALSE-POSITIVE	ACCEPTABLE	none
evidence/wave2/t8-verification/20260911T061046Z/check5-mount.raw.json	name	TRACKED	KEYWORD-FALSE-POSITIVE	ACCEPTABLE	none
evidence/wave2/t8-verification/20260911T061046Z/check5-plugin-suite.log	name	TRACKED	KEYWORD-FALSE-POSITIVE	ACCEPTABLE	none
evidence/wave2/t8-verification/20260911T061046Z/drivers/agent-teams-mount-probe.mjs	content,name	TRACKED	KEYWORD-FALSE-POSITIVE	ACCEPTABLE	none
evidence/wave2/t8-verification/20260911T061046Z/drivers/check1-glob.mjs	content,name	TRACKED	KEYWORD-FALSE-POSITIVE	ACCEPTABLE	none
evidence/wave2/t8-verification/20260911T061046Z/drivers/check2-contract.mjs	content,name	TRACKED	KEYWORD-FALSE-POSITIVE	ACCEPTABLE	none
evidence/wave2/t8-verification/20260911T061046Z/drivers/check3-live-contract.mjs	content,name	TRACKED	KEYWORD-FALSE-POSITIVE	ACCEPTABLE	none
evidence/wave2/t8-verification/20260911T061046Z/drivers/check4-guard-failure.sh	content,name	TRACKED	KEYWORD-FALSE-POSITIVE	ACCEPTABLE	none
evidence/wave2/t8-verification/20260911T061046Z/drivers/check4d-revendor-heal.sh	content,name	TRACKED	KEYWORD-FALSE-POSITIVE	ACCEPTABLE	none
evidence/wave2/t8-verification/20260911T061046Z/drivers/check5-mount.sh	content,name	TRACKED	KEYWORD-FALSE-POSITIVE	ACCEPTABLE	none
evidence/wave2/t8-verification/20260911T061046Z/result.json	content,name	TRACKED	KEYWORD-FALSE-POSITIVE	ACCEPTABLE	none
evidence/wave2/t9-verification/.current	content,name	TRACKED	KEYWORD-FALSE-POSITIVE	ACCEPTABLE	none
evidence/wave2/t9-verification/20260911T061339Z/b8-checkout-astgrep-negative.log	name	TRACKED	KEYWORD-FALSE-POSITIVE	ACCEPTABLE	none
evidence/wave2/t9-verification/20260911T061339Z/b8-checkout-astgrep.log	name	TRACKED	KEYWORD-FALSE-POSITIVE	ACCEPTABLE	none
evidence/wave2/t9-verification/20260911T061339Z/b8-checkout-codegraph-negative.log	name	TRACKED	KEYWORD-FALSE-POSITIVE	ACCEPTABLE	none
evidence/wave2/t9-verification/20260911T061339Z/b8-checkout-codegraph.log	content,name	TRACKED	KEYWORD-FALSE-POSITIVE	ACCEPTABLE	none
evidence/wave2/t9-verification/20260911T061339Z/b8-mount-boot.log	name	TRACKED	KEYWORD-FALSE-POSITIVE	ACCEPTABLE	none
evidence/wave2/t9-verification/20260911T061339Z/b8-mount-boot.mjs	name	TRACKED	KEYWORD-FALSE-POSITIVE	ACCEPTABLE	none
evidence/wave2/t9-verification/20260911T061339Z/b8-mount-boot.out	name	TRACKED	KEYWORD-FALSE-POSITIVE	ACCEPTABLE	none
evidence/wave2/t9-verification/20260911T061339Z/b8-mount-boot.result.json	content,name	TRACKED	KEYWORD-FALSE-POSITIVE	ACCEPTABLE	none
evidence/wave2/t9-verification/20260911T061339Z/b8-mount.dev.patch.yml	content,name	TRACKED	KEYWORD-FALSE-POSITIVE	ACCEPTABLE	none
evidence/wave2/t9-verification/20260911T061339Z/b8-own-gate.log	content,name	TRACKED	KEYWORD-FALSE-POSITIVE	ACCEPTABLE	none
evidence/wave2/t9-verification/20260911T061339Z/b8-own-gate.mjs	content,name	TRACKED	KEYWORD-FALSE-POSITIVE	ACCEPTABLE	none
evidence/wave2/t9-verification/20260911T061339Z/b8-own-gate.result.json	content,name	TRACKED	KEYWORD-FALSE-POSITIVE	ACCEPTABLE	none
evidence/wave2/t9-verification/20260911T061339Z/b8-patch-inspection.txt	content,name	TRACKED	KEYWORD-FALSE-POSITIVE	ACCEPTABLE	none
evidence/wave2/t9-verification/20260911T061339Z/b8-resolver-ordering.log	name	TRACKED	KEYWORD-FALSE-POSITIVE	ACCEPTABLE	none
evidence/wave2/t9-verification/20260911T061339Z/b9-installer-dry-run.log	content,name	TRACKED	KEYWORD-FALSE-POSITIVE	ACCEPTABLE	none
evidence/wave2/t9-verification/20260911T061339Z/b9-installer-self-test.log	content,name	TRACKED	KEYWORD-FALSE-POSITIVE	ACCEPTABLE	none
evidence/wave2/t9-verification/20260911T061339Z/b9-parity-negative-control.log	content,name	TRACKED	KEYWORD-FALSE-POSITIVE	ACCEPTABLE	none
evidence/wave2/t9-verification/20260911T061339Z/b9-parity-ok.log	content,name	TRACKED	KEYWORD-FALSE-POSITIVE	ACCEPTABLE	none
evidence/wave2/t9-verification/20260911T061339Z/b9-parity-restored.log	content,name	TRACKED	KEYWORD-FALSE-POSITIVE	ACCEPTABLE	none
evidence/wave2/t9-verification/20260911T061339Z/b9-restore-verify.log	name	TRACKED	KEYWORD-FALSE-POSITIVE	ACCEPTABLE	none
evidence/wave2/t9-verification/20260911T061339Z/b9-skills-attribution.txt	content,name	TRACKED	KEYWORD-FALSE-POSITIVE	ACCEPTABLE	none
evidence/wave2/t9-verification/20260911T061339Z/drift-investigation.txt	content,name	TRACKED	KEYWORD-FALSE-POSITIVE	ACCEPTABLE	none
evidence/wave2/t9-verification/20260911T061339Z/final-battery.txt	content,name	TRACKED	KEYWORD-FALSE-POSITIVE	ACCEPTABLE	none
evidence/wave2/t9-verification/20260911T061339Z/finalize.mjs	content,name	TRACKED	KEYWORD-FALSE-POSITIVE	ACCEPTABLE	none
evidence/wave2/t9-verification/20260911T061339Z/frozen-after-dirs.txt	name	TRACKED	KEYWORD-FALSE-POSITIVE	ACCEPTABLE	none
evidence/wave2/t9-verification/20260911T061339Z/frozen-before-dirs.txt	name	TRACKED	KEYWORD-FALSE-POSITIVE	ACCEPTABLE	none
evidence/wave2/t9-verification/20260911T061339Z/gate-bun-test-packages-final.log	content,name	TRACKED	KEYWORD-FALSE-POSITIVE	ACCEPTABLE	none
evidence/wave2/t9-verification/20260911T061339Z/gate-bun-test-packages-rerun.log	content,name	TRACKED	KEYWORD-FALSE-POSITIVE	ACCEPTABLE	none
evidence/wave2/t9-verification/20260911T061339Z/gate-bun-test-packages-t12.log	content,name	TRACKED	KEYWORD-FALSE-POSITIVE	ACCEPTABLE	none
evidence/wave2/t9-verification/20260911T061339Z/gate-bun-test-packages.log	content,name	TRACKED	KEYWORD-FALSE-POSITIVE	ACCEPTABLE	none
evidence/wave2/t9-verification/20260911T061339Z/gate-dist-sweep-final.log	content,name	TRACKED	KEYWORD-FALSE-POSITIVE	ACCEPTABLE	none
evidence/wave2/t9-verification/20260911T061339Z/gate-dist-sweep-t12.log	content,name	TRACKED	KEYWORD-FALSE-POSITIVE	ACCEPTABLE	none
evidence/wave2/t9-verification/20260911T061339Z/gate-preset-conformance-final.log	name	TRACKED	KEYWORD-FALSE-POSITIVE	ACCEPTABLE	none
evidence/wave2/t9-verification/20260911T061339Z/gate-preset-conformance.log	name	TRACKED	KEYWORD-FALSE-POSITIVE	ACCEPTABLE	none
evidence/wave2/t9-verification/20260911T061339Z/gate-test-qa-final.log	content,name	TRACKED	KEYWORD-FALSE-POSITIVE	ACCEPTABLE	none
evidence/wave2/t9-verification/20260911T061339Z/gate-test-qa.log	content,name	TRACKED	KEYWORD-FALSE-POSITIVE	ACCEPTABLE	none
evidence/wave2/t9-verification/20260911T061339Z/gate-typecheck-final.log	name	TRACKED	KEYWORD-FALSE-POSITIVE	ACCEPTABLE	none
evidence/wave2/t9-verification/20260911T061339Z/gate-typecheck.log	name	TRACKED	KEYWORD-FALSE-POSITIVE	ACCEPTABLE	none
evidence/wave2/t9-verification/20260911T061339Z/gate-verify-vendor-final.log	content,name	TRACKED	KEYWORD-FALSE-POSITIVE	ACCEPTABLE	none
evidence/wave2/t9-verification/20260911T061339Z/gate-verify-vendor.log	content,name	TRACKED	KEYWORD-FALSE-POSITIVE	ACCEPTABLE	none
evidence/wave2/t9-verification/20260911T061339Z/install-profile.before.mjs	content,name	TRACKED	KEYWORD-FALSE-POSITIVE	ACCEPTABLE	none
evidence/wave2/t9-verification/20260911T061339Z/install-profile.before.sha	name	TRACKED	KEYWORD-FALSE-POSITIVE	ACCEPTABLE	none
evidence/wave2/t9-verification/20260911T061339Z/memory-git-target.txt	content,name	TRACKED	KEYWORD-FALSE-POSITIVE	ACCEPTABLE	none
evidence/wave2/t9-verification/20260911T061339Z/memory-git.txt	content,name	TRACKED	KEYWORD-FALSE-POSITIVE	ACCEPTABLE	none
evidence/wave2/t9-verification/20260911T061339Z/memory-read-call.log	content,name	TRACKED	KEYWORD-FALSE-POSITIVE	ACCEPTABLE	none
evidence/wave2/t9-verification/20260911T061339Z/memory-read-call.mjs	content,name	TRACKED	KEYWORD-FALSE-POSITIVE	ACCEPTABLE	none
evidence/wave2/t9-verification/20260911T061339Z/memory-read-call.result.json	content,name	TRACKED	KEYWORD-FALSE-POSITIVE	ACCEPTABLE	none
evidence/wave2/t9-verification/20260911T061339Z/memory-reflection-current.txt	name	TRACKED	KEYWORD-FALSE-POSITIVE	ACCEPTABLE	none
evidence/wave2/t9-verification/20260911T061339Z/memory-sha256.txt	name	TRACKED	KEYWORD-FALSE-POSITIVE	ACCEPTABLE	none
evidence/wave2/t9-verification/20260911T061339Z/memory-source-listing.txt	name	TRACKED	KEYWORD-FALSE-POSITIVE	ACCEPTABLE	none
evidence/wave2/t9-verification/20260911T061339Z/memory-target-listing.txt	content,name	TRACKED	KEYWORD-FALSE-POSITIVE	ACCEPTABLE	none
evidence/wave2/t9-verification/20260911T061339Z/memory-vcs-investigation.txt	name	TRACKED	KEYWORD-FALSE-POSITIVE	ACCEPTABLE	none
evidence/wave2/t9-verification/20260911T061339Z/qa-agent-teams-sidebar.log	name	TRACKED	KEYWORD-FALSE-POSITIVE	ACCEPTABLE	none
evidence/wave2/t9-verification/20260911T061339Z/qa-bundle-lifecycle.log	name	TRACKED	KEYWORD-FALSE-POSITIVE	ACCEPTABLE	none
evidence/wave2/t9-verification/20260911T061339Z/qa-frozen-bundle-lifecycle.log	name	TRACKED	KEYWORD-FALSE-POSITIVE	ACCEPTABLE	none
evidence/wave2/t9-verification/20260911T061339Z/qa-frozen-preset-register.log	name	TRACKED	KEYWORD-FALSE-POSITIVE	ACCEPTABLE	none
evidence/wave2/t9-verification/20260911T061339Z/qa-frozen-web-client-adapt.log	name	TRACKED	KEYWORD-FALSE-POSITIVE	ACCEPTABLE	none
evidence/wave2/t9-verification/20260911T061339Z/qa-isolation-frozen.txt	name	TRACKED	KEYWORD-FALSE-POSITIVE	ACCEPTABLE	none
evidence/wave2/t9-verification/20260911T061339Z/qa-isolation-negative/before-after.txt	name	TRACKED	KEYWORD-FALSE-POSITIVE	ACCEPTABLE	none
evidence/wave2/t9-verification/20260911T061339Z/qa-isolation-negative/dirs-after-fixed.txt	name	TRACKED	KEYWORD-FALSE-POSITIVE	ACCEPTABLE	none
evidence/wave2/t9-verification/20260911T061339Z/qa-isolation-negative/dirs-after.txt	name	TRACKED	KEYWORD-FALSE-POSITIVE	ACCEPTABLE	none
evidence/wave2/t9-verification/20260911T061339Z/qa-isolation-negative/dirs-before.txt	name	TRACKED	KEYWORD-FALSE-POSITIVE	ACCEPTABLE	none
evidence/wave2/t9-verification/20260911T061339Z/qa-isolation-negative/prefix-run.log	name	TRACKED	KEYWORD-FALSE-POSITIVE	ACCEPTABLE	none
evidence/wave2/t9-verification/20260911T061339Z/qa-isolation-negative/preset-register-prefix.mjs	content,name	TRACKED	KEYWORD-FALSE-POSITIVE	ACCEPTABLE	none
evidence/wave2/t9-verification/20260911T061339Z/qa-isolation-sweep.txt	name	TRACKED	KEYWORD-FALSE-POSITIVE	ACCEPTABLE	none
evidence/wave2/t9-verification/20260911T061339Z/qa-mcp-call.log	name	TRACKED	KEYWORD-FALSE-POSITIVE	ACCEPTABLE	none
evidence/wave2/t9-verification/20260911T061339Z/qa-preset-register-fixed.log	name	TRACKED	KEYWORD-FALSE-POSITIVE	ACCEPTABLE	none
evidence/wave2/t9-verification/20260911T061339Z/qa-solo-web-client-adapt.log	name	TRACKED	KEYWORD-FALSE-POSITIVE	ACCEPTABLE	none
evidence/wave2/t9-verification/20260911T061339Z/qa-web-client-adapt.log	name	TRACKED	KEYWORD-FALSE-POSITIVE	ACCEPTABLE	none
evidence/wave2/t9-verification/20260911T061339Z/r1-own-calls-t12.log	content,name	TRACKED	KEYWORD-FALSE-POSITIVE	ACCEPTABLE	none
evidence/wave2/t9-verification/20260911T061339Z/r1-own-calls-t12.result.json	content,name	TRACKED	KEYWORD-FALSE-POSITIVE	ACCEPTABLE	none
evidence/wave2/t9-verification/20260911T061339Z/r1-own-calls.log	content,name	TRACKED	KEYWORD-FALSE-POSITIVE	ACCEPTABLE	none
evidence/wave2/t9-verification/20260911T061339Z/r1-own-calls.mjs	content,name	TRACKED	KEYWORD-FALSE-POSITIVE	ACCEPTABLE	none
evidence/wave2/t9-verification/20260911T061339Z/r1-own-calls.result.json	content,name	TRACKED	KEYWORD-FALSE-POSITIVE	ACCEPTABLE	none
evidence/wave2/t9-verification/20260911T061339Z/r1-prefix-control-baseline.log	content,name	TRACKED	KEYWORD-FALSE-POSITIVE	ACCEPTABLE	none
evidence/wave2/t9-verification/20260911T061339Z/r1-prefix-control-flipped.log	content,name	TRACKED	KEYWORD-FALSE-POSITIVE	ACCEPTABLE	none
evidence/wave2/t9-verification/20260911T061339Z/r1-prefix-control.log	content,name	TRACKED	KEYWORD-FALSE-POSITIVE	ACCEPTABLE	none
evidence/wave2/t9-verification/20260911T061339Z/r1-prefix-control.mjs	content,name	TRACKED	KEYWORD-FALSE-POSITIVE	ACCEPTABLE	none
evidence/wave2/t9-verification/20260911T061339Z/r1-prefix-control.result.json	content,name	TRACKED	KEYWORD-FALSE-POSITIVE	ACCEPTABLE	none
evidence/wave2/t9-verification/20260911T061339Z/revision-fingerprint.txt	content,name	TRACKED	KEYWORD-FALSE-POSITIVE	ACCEPTABLE	none
evidence/wave2/t9-verification/20260911T061339Z/sweep-dirs-after.txt	name	TRACKED	KEYWORD-FALSE-POSITIVE	ACCEPTABLE	none
evidence/wave2/t9-verification/20260911T061339Z/sweep-dirs-before.txt	name	TRACKED	KEYWORD-FALSE-POSITIVE	ACCEPTABLE	none
evidence/wave2/t9-verification/20260911T061339Z/t9-RESULT.json	content,name	TRACKED	KEYWORD-FALSE-POSITIVE	ACCEPTABLE	none
evidence/wave2/t9-verification/20260911T061339Z/team-after-presetconf.txt	content,name	TRACKED	KEYWORD-FALSE-POSITIVE	ACCEPTABLE	none
evidence/wave2/t9-verification/20260911T061339Z/team-before.txt	content,name	TRACKED	KEYWORD-FALSE-POSITIVE	ACCEPTABLE	none
evidence/wave3/codegraph-degrade-and-applytime/20260911T081649Z/RESULT.json	content	TRACKED	KEYWORD-FALSE-POSITIVE	ACCEPTABLE	none
evidence/wave3/codegraph-degrade-and-applytime/20260911T081649Z/mcp-run/fakebundle/packages/mpd-mcp-codegraph/dist/serve.js	content	TRACKED	KEYWORD-FALSE-POSITIVE	ACCEPTABLE	none
evidence/wave3/codegraph-degrade-and-applytime/20260911T081649Z/mcp-run/fakebundle/packages/mpd-mcp-codegraph/launch.green.mjs	content	TRACKED	KEYWORD-FALSE-POSITIVE	ACCEPTABLE	none
evidence/wave3/integration/20260911T094211Z/FINAL-REPORT.md	content	TRACKED	KEYWORD-FALSE-POSITIVE	ACCEPTABLE	none
evidence/wave3/integration/20260911T094211Z/assign-paths.mjs	content	TRACKED	KEYWORD-FALSE-POSITIVE	ACCEPTABLE	none
evidence/wave3/integration/20260911T094211Z/carry-forward.md	content	TRACKED	KEYWORD-FALSE-POSITIVE	ACCEPTABLE	none
evidence/wave3/integration/20260911T094211Z/commit-plan.md	content	TRACKED	KEYWORD-FALSE-POSITIVE	ACCEPTABLE	none
evidence/wave3/integration/20260911T094211Z/path-disposition.json	content	TRACKED	KEYWORD-FALSE-POSITIVE	ACCEPTABLE	none
evidence/wave3/integration/20260911T094211Z/raw/evidence-inventory.json	content	TRACKED	KEYWORD-FALSE-POSITIVE	ACCEPTABLE	none
evidence/wave3/integration/20260911T094211Z/raw/gate-bun-test-packages.log	content	TRACKED	KEYWORD-FALSE-POSITIVE	ACCEPTABLE	none
evidence/wave3/integration/20260911T094211Z/raw/gate-dist-sweep.log	content	TRACKED	KEYWORD-FALSE-POSITIVE	ACCEPTABLE	none
evidence/wave3/integration/20260911T094211Z/raw/gate-exitcodes.txt	content	TRACKED	KEYWORD-FALSE-POSITIVE	ACCEPTABLE	none
evidence/wave3/integration/20260911T094211Z/raw/gate-tails.txt	content	TRACKED	KEYWORD-FALSE-POSITIVE	ACCEPTABLE	none
evidence/wave3/integration/20260911T094211Z/raw/gate-test-qa.log	content	TRACKED	KEYWORD-FALSE-POSITIVE	ACCEPTABLE	none
evidence/wave3/integration/20260911T094211Z/raw/gate-verify-vendor.log	content,name	TRACKED	KEYWORD-FALSE-POSITIVE	ACCEPTABLE	none
evidence/wave3/integration/20260911T094211Z/raw/git-diffstat.txt	content	TRACKED	KEYWORD-FALSE-POSITIVE	ACCEPTABLE	none
evidence/wave3/integration/20260911T094211Z/raw/git-status-porcelain.txt	content	TRACKED	KEYWORD-FALSE-POSITIVE	ACCEPTABLE	none
evidence/wave3/integration/20260911T094211Z/result.json	content	TRACKED	KEYWORD-FALSE-POSITIVE	ACCEPTABLE	none
evidence/wave3/integration/20260911T094211Z/run-gates.sh	content	TRACKED	KEYWORD-FALSE-POSITIVE	ACCEPTABLE	none
evidence/wave3/qa-harness-fidelity/output.log	content	TRACKED	KEYWORD-FALSE-POSITIVE	ACCEPTABLE	none
evidence/wave3/qa-harness-fidelity/result.json	content	TRACKED	KEYWORD-FALSE-POSITIVE	ACCEPTABLE	none
evidence/wave3/registry-redesign/20260911T082439Z/README.md	content	TRACKED	KEYWORD-FALSE-POSITIVE	ACCEPTABLE	none
evidence/wave3/registry-redesign/20260911T082439Z/cases/repair-scope-begin.log	content	TRACKED	KEYWORD-FALSE-POSITIVE	ACCEPTABLE	none
evidence/wave3/registry-redesign/20260911T082439Z/cases/repair-scope-end.log	content	TRACKED	KEYWORD-FALSE-POSITIVE	ACCEPTABLE	none
evidence/wave3/registry-redesign/20260911T082439Z/cases/scope-overlap-begin.log	content	TRACKED	KEYWORD-FALSE-POSITIVE	ACCEPTABLE	none
evidence/wave3/registry-redesign/20260911T082439Z/cases/scope-overlap-end.log	content	TRACKED	KEYWORD-FALSE-POSITIVE	ACCEPTABLE	none
evidence/wave3/registry-redesign/20260911T082439Z/cases/task-contract-begin.log	content	TRACKED	KEYWORD-FALSE-POSITIVE	ACCEPTABLE	none
evidence/wave3/registry-redesign/20260911T082439Z/cases/task-contract-end.log	content	TRACKED	KEYWORD-FALSE-POSITIVE	ACCEPTABLE	none
evidence/wave3/registry-redesign/20260911T082439Z/check4h-marker-prefix-fixtures.log	content	TRACKED	KEYWORD-FALSE-POSITIVE	ACCEPTABLE	none
evidence/wave3/registry-redesign/20260911T082439Z/check4j-old-registry-guard.log	content	TRACKED	KEYWORD-FALSE-POSITIVE	ACCEPTABLE	none
evidence/wave3/registry-redesign/20260911T082439Z/check4j-old-registry-guard.raw.json	content	TRACKED	KEYWORD-FALSE-POSITIVE	ACCEPTABLE	none
evidence/wave3/registry-redesign/20260911T082439Z/check5-mount-boot.log	content	TRACKED	KEYWORD-FALSE-POSITIVE	ACCEPTABLE	none
evidence/wave3/registry-redesign/20260911T082439Z/check5-mount.log	content	TRACKED	KEYWORD-FALSE-POSITIVE	ACCEPTABLE	none
evidence/wave3/registry-redesign/20260911T082439Z/drivers/agent-teams-mount-probe.mjs	content	TRACKED	KEYWORD-FALSE-POSITIVE	ACCEPTABLE	none
evidence/wave3/registry-redesign/20260911T082439Z/drivers/check4e-heal-fidelity.sh	content	TRACKED	KEYWORD-FALSE-POSITIVE	ACCEPTABLE	none
evidence/wave3/registry-redesign/20260911T082439Z/drivers/check4f-tools-heal-fidelity.sh	content	TRACKED	KEYWORD-FALSE-POSITIVE	ACCEPTABLE	none
evidence/wave3/registry-redesign/20260911T082439Z/drivers/check4j-old-registry-guard.sh	content	TRACKED	KEYWORD-FALSE-POSITIVE	ACCEPTABLE	none
evidence/wave3/registry-redesign/20260911T082439Z/drivers/check5-mount.sh	content	TRACKED	KEYWORD-FALSE-POSITIVE	ACCEPTABLE	none
evidence/wave3/registry-redesign/20260911T082439Z/test-qa.log	content	TRACKED	KEYWORD-FALSE-POSITIVE	ACCEPTABLE	none
evidence/wave3/registry-redesign/t1-decision-record.txt	content	TRACKED	KEYWORD-FALSE-POSITIVE	ACCEPTABLE	none
evidence/wave3/registry-redesign/t7-review-output.txt	content	TRACKED	KEYWORD-FALSE-POSITIVE	ACCEPTABLE	none
evidence/wave3/t1-requirements/20260911T081617Z/t1-decision-record.md	content	TRACKED	KEYWORD-FALSE-POSITIVE	ACCEPTABLE	none
evidence/wave3/t2-captain-independent-verification/20260911T083025Z/check4g-strip-both-heal-fidelity.log	name	TRACKED	KEYWORD-FALSE-POSITIVE	ACCEPTABLE	none
evidence/wave3/t2-captain-independent-verification/20260911T083025Z/check4g-strip-both-heal-fidelity.raw.json	name	TRACKED	KEYWORD-FALSE-POSITIVE	ACCEPTABLE	none
evidence/wave3/t5-verify/.latest-stamp	name	TRACKED	KEYWORD-FALSE-POSITIVE	ACCEPTABLE	none
evidence/wave3/t5-verify/20260911T083206Z/README.md	content,name	TRACKED	KEYWORD-FALSE-POSITIVE	ACCEPTABLE	none
evidence/wave3/t5-verify/20260911T083206Z/bun-test-plugin.log	name	TRACKED	KEYWORD-FALSE-POSITIVE	ACCEPTABLE	none
evidence/wave3/t5-verify/20260911T083206Z/bun-test-self-fix.log	name	TRACKED	KEYWORD-FALSE-POSITIVE	ACCEPTABLE	none
evidence/wave3/t5-verify/20260911T083206Z/check5-install.log	name	TRACKED	KEYWORD-FALSE-POSITIVE	ACCEPTABLE	none
evidence/wave3/t5-verify/20260911T083206Z/check5-mount-boot.log	name	TRACKED	KEYWORD-FALSE-POSITIVE	ACCEPTABLE	none
evidence/wave3/t5-verify/20260911T083206Z/check5-mount.log	content,name	TRACKED	KEYWORD-FALSE-POSITIVE	ACCEPTABLE	none
evidence/wave3/t5-verify/20260911T083206Z/check5-mount.result.json	name	TRACKED	KEYWORD-FALSE-POSITIVE	ACCEPTABLE	none
evidence/wave3/t5-verify/20260911T083206Z/drivers/check5-mount.sh	content,name	TRACKED	KEYWORD-FALSE-POSITIVE	ACCEPTABLE	none
evidence/wave3/t5-verify/20260911T083206Z/drivers/expected-tools.json	name	TRACKED	KEYWORD-FALSE-POSITIVE	ACCEPTABLE	none
evidence/wave3/t5-verify/20260911T083206Z/drivers/f3-refusal.mjs	content,name	TRACKED	KEYWORD-FALSE-POSITIVE	ACCEPTABLE	none
evidence/wave3/t5-verify/20260911T083206Z/drivers/f3-refusal.result.json	content,name	TRACKED	KEYWORD-FALSE-POSITIVE	ACCEPTABLE	none
evidence/wave3/t5-verify/20260911T083206Z/drivers/finalize-evidence.mjs	content,name	TRACKED	KEYWORD-FALSE-POSITIVE	ACCEPTABLE	none
evidence/wave3/t5-verify/20260911T083206Z/drivers/harness-arg-boundary.mjs	content,name	TRACKED	KEYWORD-FALSE-POSITIVE	ACCEPTABLE	none
evidence/wave3/t5-verify/20260911T083206Z/drivers/harness-arg-boundary.result.json	name	TRACKED	KEYWORD-FALSE-POSITIVE	ACCEPTABLE	none
evidence/wave3/t5-verify/20260911T083206Z/drivers/live-call-observation.json	name	TRACKED	KEYWORD-FALSE-POSITIVE	ACCEPTABLE	none
evidence/wave3/t5-verify/20260911T083206Z/drivers/marker-fixtures.mjs	content,name	TRACKED	KEYWORD-FALSE-POSITIVE	ACCEPTABLE	none
evidence/wave3/t5-verify/20260911T083206Z/drivers/marker-fixtures.result.json	content,name	TRACKED	KEYWORD-FALSE-POSITIVE	ACCEPTABLE	none
evidence/wave3/t5-verify/20260911T083206Z/drivers/raw-fragment-stream-boundary.mjs	name	TRACKED	KEYWORD-FALSE-POSITIVE	ACCEPTABLE	none
evidence/wave3/t5-verify/20260911T083206Z/drivers/raw-fragment-stream-boundary.result.json	name	TRACKED	KEYWORD-FALSE-POSITIVE	ACCEPTABLE	none
evidence/wave3/t5-verify/20260911T083206Z/drivers/registry-determinism.mjs	content,name	TRACKED	KEYWORD-FALSE-POSITIVE	ACCEPTABLE	none
evidence/wave3/t5-verify/20260911T083206Z/drivers/registry-determinism.result.json	name	TRACKED	KEYWORD-FALSE-POSITIVE	ACCEPTABLE	none
evidence/wave3/t5-verify/20260911T083206Z/drivers/strip-heal-both.mjs	content,name	TRACKED	KEYWORD-FALSE-POSITIVE	ACCEPTABLE	none
evidence/wave3/t5-verify/20260911T083206Z/drivers/strip-heal-both.result.json	name	TRACKED	KEYWORD-FALSE-POSITIVE	ACCEPTABLE	none
evidence/wave3/t5-verify/20260911T083206Z/drivers/t5-mount-probe.mjs	content,name	TRACKED	KEYWORD-FALSE-POSITIVE	ACCEPTABLE	none
evidence/wave3/t5-verify/20260911T083206Z/drivers/update-task-diagnostics.mjs	content,name	TRACKED	KEYWORD-FALSE-POSITIVE	ACCEPTABLE	none
evidence/wave3/t5-verify/20260911T083206Z/drivers/update-task-diagnostics.result.json	name	TRACKED	KEYWORD-FALSE-POSITIVE	ACCEPTABLE	none
evidence/wave3/t5-verify/20260911T083206Z/drivers/vendor-refusal-check.sh	content,name	TRACKED	KEYWORD-FALSE-POSITIVE	ACCEPTABLE	none
evidence/wave3/t5-verify/20260911T083206Z/output.log	content,name	TRACKED	KEYWORD-FALSE-POSITIVE	ACCEPTABLE	none
evidence/wave3/t5-verify/20260911T083206Z/result.json	content,name	TRACKED	KEYWORD-FALSE-POSITIVE	ACCEPTABLE	none
evidence/wave3/t5-verify/20260911T083206Z/vendor-refusal.control.log	name	TRACKED	KEYWORD-FALSE-POSITIVE	ACCEPTABLE	none
evidence/wave3/t5-verify/20260911T083206Z/vendor-refusal.log	name	TRACKED	KEYWORD-FALSE-POSITIVE	ACCEPTABLE	none
evidence/wave3/t5-verify/20260911T083206Z/vendor-refusal.refusal.log	name	TRACKED	KEYWORD-FALSE-POSITIVE	ACCEPTABLE	none
evidence/wave3/t6-verify/.current	content,name	TRACKED	KEYWORD-FALSE-POSITIVE	ACCEPTABLE	none
evidence/wave3/t6-verify/20260911T090649Z/b8-astgrep.checkout.log	name	TRACKED	KEYWORD-FALSE-POSITIVE	ACCEPTABLE	none
evidence/wave3/t6-verify/20260911T090649Z/b8-astgrep.necontrol.log	name	TRACKED	KEYWORD-FALSE-POSITIVE	ACCEPTABLE	none
evidence/wave3/t6-verify/20260911T090649Z/b8-codegraph.checkout.log	content,name	TRACKED	KEYWORD-FALSE-POSITIVE	ACCEPTABLE	none
evidence/wave3/t6-verify/20260911T090649Z/b8-own-gate.log	name	TRACKED	KEYWORD-FALSE-POSITIVE	ACCEPTABLE	none
evidence/wave3/t6-verify/20260911T090649Z/b8-own-gate.result.json	name	TRACKED	KEYWORD-FALSE-POSITIVE	ACCEPTABLE	none
evidence/wave3/t6-verify/20260911T090649Z/b8-resolver-ordering.log	name	TRACKED	KEYWORD-FALSE-POSITIVE	ACCEPTABLE	none
evidence/wave3/t6-verify/20260911T090649Z/devboot.log	content,name	TRACKED	KEYWORD-FALSE-POSITIVE	ACCEPTABLE	none
evidence/wave3/t6-verify/20260911T090649Z/devboot.result.json	content,name	TRACKED	KEYWORD-FALSE-POSITIVE	ACCEPTABLE	none
evidence/wave3/t6-verify/20260911T090649Z/fb8-fixed.stderr.txt	name	TRACKED	KEYWORD-FALSE-POSITIVE	ACCEPTABLE	none
evidence/wave3/t6-verify/20260911T090649Z/fb8-fixed.stdout.txt	name	TRACKED	KEYWORD-FALSE-POSITIVE	ACCEPTABLE	none
evidence/wave3/t6-verify/20260911T090649Z/fb8-own.log	name	TRACKED	KEYWORD-FALSE-POSITIVE	ACCEPTABLE	none
evidence/wave3/t6-verify/20260911T090649Z/fb8-own.result.json	name	TRACKED	KEYWORD-FALSE-POSITIVE	ACCEPTABLE	none
evidence/wave3/t6-verify/20260911T090649Z/fb8-pre-fix.stderr.txt	name	TRACKED	KEYWORD-FALSE-POSITIVE	ACCEPTABLE	none
evidence/wave3/t6-verify/20260911T090649Z/fb8-pre-fix.stdout.txt	name	TRACKED	KEYWORD-FALSE-POSITIVE	ACCEPTABLE	none
evidence/wave3/t6-verify/20260911T090649Z/gate-bun-test-packages.log	content,name	TRACKED	KEYWORD-FALSE-POSITIVE	ACCEPTABLE	none
evidence/wave3/t6-verify/20260911T090649Z/gate-bundle-lifecycle.log	name	TRACKED	KEYWORD-FALSE-POSITIVE	ACCEPTABLE	none
evidence/wave3/t6-verify/20260911T090649Z/gate-codegraph-package-test.log	name	TRACKED	KEYWORD-FALSE-POSITIVE	ACCEPTABLE	none
evidence/wave3/t6-verify/20260911T090649Z/gate-preset-conformance.log	name	TRACKED	KEYWORD-FALSE-POSITIVE	ACCEPTABLE	none
evidence/wave3/t6-verify/20260911T090649Z/gate-test-qa.log	content,name	TRACKED	KEYWORD-FALSE-POSITIVE	ACCEPTABLE	none
evidence/wave3/t6-verify/20260911T090649Z/gate-typecheck.log	name	TRACKED	KEYWORD-FALSE-POSITIVE	ACCEPTABLE	none
evidence/wave3/t6-verify/20260911T090649Z/gate-verify-vendor.log	content,name	TRACKED	KEYWORD-FALSE-POSITIVE	ACCEPTABLE	none
evidence/wave3/t6-verify/20260911T090649Z/negative-controls.log	content,name	TRACKED	KEYWORD-FALSE-POSITIVE	ACCEPTABLE	none
evidence/wave3/t6-verify/20260911T090649Z/negative-controls.result.json	content,name	TRACKED	KEYWORD-FALSE-POSITIVE	ACCEPTABLE	none
evidence/wave3/t6-verify/20260911T090649Z/o1-boot-no-override.log	content,name	TRACKED	KEYWORD-FALSE-POSITIVE	ACCEPTABLE	none
evidence/wave3/t6-verify/20260911T090649Z/o1-boot-override-wins.log	content,name	TRACKED	KEYWORD-FALSE-POSITIVE	ACCEPTABLE	none
evidence/wave3/t6-verify/20260911T090649Z/o1-boot-session-root.log	content,name	TRACKED	KEYWORD-FALSE-POSITIVE	ACCEPTABLE	none
evidence/wave3/t6-verify/20260911T090649Z/o1-own.log	content,name	TRACKED	KEYWORD-FALSE-POSITIVE	ACCEPTABLE	none
evidence/wave3/t6-verify/20260911T090649Z/o1-own.result.json	content,name	TRACKED	KEYWORD-FALSE-POSITIVE	ACCEPTABLE	none
evidence/wave3/t6-verify/20260911T090649Z/qa-dual-track-smoke.log	name	TRACKED	KEYWORD-FALSE-POSITIVE	ACCEPTABLE	none
evidence/wave3/t6-verify/20260911T090649Z/qa-mcp-call.log	name	TRACKED	KEYWORD-FALSE-POSITIVE	ACCEPTABLE	none
evidence/wave3/t6-verify/20260911T090649Z/qa-preset-register.log	name	TRACKED	KEYWORD-FALSE-POSITIVE	ACCEPTABLE	none
evidence/wave3/t6-verify/20260911T090649Z/qa-rtl-verif.log	content,name	TRACKED	PROCESS-RECORD	ACCEPTABLE	none
evidence/wave3/t6-verify/20260911T090649Z/t6-RESULT.json	content,name	TRACKED	KEYWORD-FALSE-POSITIVE	ACCEPTABLE	none
evidence/wave3/t6-verify/20260911T090649Z/t6-b8-gate.mjs	name	TRACKED	KEYWORD-FALSE-POSITIVE	ACCEPTABLE	none
evidence/wave3/t6-verify/20260911T090649Z/t6-devboot-assert.mjs	content,name	TRACKED	KEYWORD-FALSE-POSITIVE	ACCEPTABLE	none
evidence/wave3/t6-verify/20260911T090649Z/t6-devpatch.mjs	content,name	TRACKED	KEYWORD-FALSE-POSITIVE	ACCEPTABLE	none
evidence/wave3/t6-verify/20260911T090649Z/t6-fb8.mjs	name	TRACKED	KEYWORD-FALSE-POSITIVE	ACCEPTABLE	none
evidence/wave3/t6-verify/20260911T090649Z/t6-negative-controls.mjs	content,name	TRACKED	KEYWORD-FALSE-POSITIVE	ACCEPTABLE	none
evidence/wave3/t6-verify/20260911T090649Z/t6-o1.mjs	name	TRACKED	KEYWORD-FALSE-POSITIVE	ACCEPTABLE	none
evidence/wave3/t6-verify/20260911T090649Z/t6-supplement.json	content,name	TRACKED	KEYWORD-FALSE-POSITIVE	ACCEPTABLE	none
evidence/wave3/t6-verify/20260911T090649Z/t6-vendor-repin.mjs	content,name	TRACKED	KEYWORD-FALSE-POSITIVE	ACCEPTABLE	none
evidence/wave3/t6-verify/20260911T090649Z/vendor-repin.log	content,name	TRACKED	KEYWORD-FALSE-POSITIVE	ACCEPTABLE	none
evidence/wave3/t6-verify/20260911T090649Z/vendor-repin.result.json	content,name	TRACKED	KEYWORD-FALSE-POSITIVE	ACCEPTABLE	none
evidence/wave3/t6-verify/20260911T090649Z/work/boot-dualtrack/boot.log	name	TRACKED	KEYWORD-FALSE-POSITIVE	ACCEPTABLE	none
evidence/wave3/t6-verify/20260911T090649Z/work/boot-dualtrack/probe.yml	content,name	TRACKED	KEYWORD-FALSE-POSITIVE	ACCEPTABLE	none
evidence/wave3/t6-verify/20260911T090649Z/work/boot-manual-prefix/boot.log	content,name	TRACKED	KEYWORD-FALSE-POSITIVE	ACCEPTABLE	none
evidence/wave3/t6-verify/20260911T090649Z/work/boot-manual-prefix/presets.yml	name	TRACKED	KEYWORD-FALSE-POSITIVE	ACCEPTABLE	none
evidence/wave3/t6-verify/20260911T090649Z/work/boot-manual-prefix/probe.yml	content,name	TRACKED	KEYWORD-FALSE-POSITIVE	ACCEPTABLE	none
evidence/wave3/t6-verify/20260911T090649Z/work/boot-manual/boot.log	name	TRACKED	KEYWORD-FALSE-POSITIVE	ACCEPTABLE	none
evidence/wave3/t6-verify/20260911T090649Z/work/boot-manual/presets.yml	name	TRACKED	KEYWORD-FALSE-POSITIVE	ACCEPTABLE	none
evidence/wave3/t6-verify/20260911T090649Z/work/boot-manual/probe.yml	content,name	TRACKED	KEYWORD-FALSE-POSITIVE	ACCEPTABLE	none
evidence/wave3/t6-verify/20260911T090649Z/work/boot-rtlverif/boot.log	name	TRACKED	KEYWORD-FALSE-POSITIVE	ACCEPTABLE	none
evidence/wave3/t6-verify/20260911T090649Z/work/boot-rtlverif/probe.yml	content,name	TRACKED	KEYWORD-FALSE-POSITIVE	ACCEPTABLE	none
evidence/wave3/t6-verify/20260911T090649Z/work/dev-dualtrack.yml	content,name	TRACKED	KEYWORD-FALSE-POSITIVE	ACCEPTABLE	none
evidence/wave3/t6-verify/20260911T090649Z/work/dev-fixed.yml	content,name	TRACKED	KEYWORD-FALSE-POSITIVE	ACCEPTABLE	none
evidence/wave3/t6-verify/20260911T090649Z/work/dev-prefix.yml	content,name	TRACKED	KEYWORD-FALSE-POSITIVE	ACCEPTABLE	none
evidence/wave3/t6-verify/20260911T090649Z/work/dev-rtlverif.yml	content,name	TRACKED	KEYWORD-FALSE-POSITIVE	ACCEPTABLE	none
evidence/wave3/t6-verify/20260911T090649Z/work/extract-dualtrack.err	name	TRACKED	KEYWORD-FALSE-POSITIVE	ACCEPTABLE	none
evidence/wave3/t6-verify/20260911T090649Z/work/extract-fixed.err	name	TRACKED	KEYWORD-FALSE-POSITIVE	ACCEPTABLE	none
evidence/wave3/t6-verify/20260911T090649Z/work/extract-prefix.err	content,name	TRACKED	KEYWORD-FALSE-POSITIVE	ACCEPTABLE	none
evidence/wave3/t6-verify/20260911T090649Z/work/extract-rtlverif.err	content,name	TRACKED	KEYWORD-FALSE-POSITIVE	ACCEPTABLE	none
evidence/wave3/t6-verify/20260911T090649Z/work/mcp-probe.mjs	content,name	TRACKED	KEYWORD-FALSE-POSITIVE	ACCEPTABLE	none
evidence/wave3/t6-verify/20260911T090649Z/work/negfarm/docs	name	TRACKED	KEYWORD-FALSE-POSITIVE	ACCEPTABLE	none
evidence/wave3/t6-verify/20260911T090649Z/work/negfarm/node_modules	name	TRACKED	KEYWORD-FALSE-POSITIVE	ACCEPTABLE	none
evidence/wave3/t6-verify/20260911T090649Z/work/negfarm/packages	name	TRACKED	KEYWORD-FALSE-POSITIVE	ACCEPTABLE	none
evidence/wave3/t6-verify/20260911T090649Z/work/negfarm/presets	name	TRACKED	KEYWORD-FALSE-POSITIVE	ACCEPTABLE	none
evidence/wave3/t6-verify/20260911T090649Z/work/negfarm/skills/dsh-qa/scripts/lib	name	TRACKED	KEYWORD-FALSE-POSITIVE	ACCEPTABLE	none
evidence/wave3/t6-verify/20260911T090649Z/work/negfarm/skills/dsh-qa/scripts/mutated-preset-register.mjs	content,name	TRACKED	KEYWORD-FALSE-POSITIVE	ACCEPTABLE	none
evidence/wave3/t6-verify/20260911T090649Z/work/negfarm/skills/dsh-qa/scripts/mutated-rtl-verif.mjs	content,name	TRACKED	PROCESS-RECORD	ACCEPTABLE	none
evidence/wave3/t6-verify/20260911T090649Z/work/negfarm/skills/dsh-qa/scripts/unmodified-preset-register.mjs	content,name	TRACKED	KEYWORD-FALSE-POSITIVE	ACCEPTABLE	none
evidence/wave3/t6-verify/20260911T090649Z/work/negfarm/skills/dsh-qa/scripts/unmodified-rtl-verif.mjs	content,name	TRACKED	PROCESS-RECORD	ACCEPTABLE	none
evidence/wave3/t6-verify/20260911T090649Z/work/negfarm/tests	name	TRACKED	KEYWORD-FALSE-POSITIVE	ACCEPTABLE	none
evidence/wave3/t6-verify/20260911T090649Z/work/pre-fix-preset-register.mjs	content,name	TRACKED	KEYWORD-FALSE-POSITIVE	ACCEPTABLE	none
evidence/wave3/t7-review/20260911T092206Z/REVIEW-round2.md	content	TRACKED	KEYWORD-FALSE-POSITIVE	ACCEPTABLE	none
evidence/wave3/t7-review/20260911T092206Z/REVIEW.md	content	TRACKED	KEYWORD-FALSE-POSITIVE	ACCEPTABLE	none
evidence/wave3/t7-review/20260911T092206Z/gate-bun-test-packages-round2.log	content	TRACKED	KEYWORD-FALSE-POSITIVE	ACCEPTABLE	none
evidence/wave3/t7-review/20260911T092206Z/gate-vendor-repin-round2.log	content	TRACKED	KEYWORD-FALSE-POSITIVE	ACCEPTABLE	none
evidence/wave3/t7-review/20260911T092206Z/migration-regenerated-registry.js	content	TRACKED	KEYWORD-FALSE-POSITIVE	ACCEPTABLE	none
evidence/wave3/t7-review/20260911T092206Z/old-registry-fixture.js	content	TRACKED	KEYWORD-FALSE-POSITIVE	ACCEPTABLE	none
evidence/wave3/t7-review/20260911T092206Z/orphan-rows.log	content	TRACKED	KEYWORD-FALSE-POSITIVE	ACCEPTABLE	none
evidence/wave3/t7-review/20260911T092206Z/work/mount-round2/check5-mount.log	content	TRACKED	KEYWORD-FALSE-POSITIVE	ACCEPTABLE	none
evidence/wave3/t7-review/20260911T092206Z/work/mount-round2/drivers/agent-teams-mount-probe.mjs	content	TRACKED	KEYWORD-FALSE-POSITIVE	ACCEPTABLE	none
evidence/wave3/t7-review/20260911T092206Z/work/quality-gates.HEAD.js	content	TRACKED	KEYWORD-FALSE-POSITIVE	ACCEPTABLE	none
evidence/wave3/t7-review/20260911T092206Z/work/t7-farm/packages/mpd-agent-teams-plugin/lib/client.js	content	TRACKED	KEYWORD-FALSE-POSITIVE	ACCEPTABLE	none
evidence/wave3/t7-review/20260911T092206Z/work/t7-farm/packages/mpd-agent-teams-plugin/lib/client.js.map	content	TRACKED	KEYWORD-FALSE-POSITIVE	ACCEPTABLE	none
evidence/wave3/t7-review/20260911T092206Z/work/t7-farm/packages/mpd-agent-teams-plugin/lib/client/StagingPlanEditor.js	content	TRACKED	KEYWORD-FALSE-POSITIVE	ACCEPTABLE	none
evidence/wave3/t7-review/20260911T092206Z/work/t7-farm/packages/mpd-agent-teams-plugin/lib/client/artwork.js	content	TRACKED	KEYWORD-FALSE-POSITIVE	ACCEPTABLE	none
evidence/wave3/t7-review/20260911T092206Z/work/t7-farm/packages/mpd-agent-teams-plugin/lib/index.js	content	TRACKED	KEYWORD-FALSE-POSITIVE	ACCEPTABLE	none
evidence/wave3/t7-review/20260911T092206Z/work/t7-farm/packages/mpd-agent-teams-plugin/lib/members.js	content	TRACKED	KEYWORD-FALSE-POSITIVE	ACCEPTABLE	none
evidence/wave3/t7-review/20260911T092206Z/work/t7-farm/packages/mpd-agent-teams-plugin/lib/mpd-deltas.js	content	TRACKED	KEYWORD-FALSE-POSITIVE	ACCEPTABLE	none
evidence/wave3/t7-review/20260911T092206Z/work/t7-farm/packages/mpd-agent-teams-plugin/lib/quality-gates.js	content	TRACKED	KEYWORD-FALSE-POSITIVE	ACCEPTABLE	none
evidence/wave3/t7-review/20260911T092206Z/work/t7-farm/packages/mpd-agent-teams-plugin/lib/scheduler.js	content	TRACKED	KEYWORD-FALSE-POSITIVE	ACCEPTABLE	none
evidence/wave3/t7-review/20260911T092206Z/work/t7-farm/packages/mpd-agent-teams-plugin/lib/tools.js	content	TRACKED	KEYWORD-FALSE-POSITIVE	ACCEPTABLE	none
evidence/wave3/t7-review/20260911T092206Z/work/t7-farm/packages/mpd-agent-teams-plugin/lib/types.js	content	TRACKED	KEYWORD-FALSE-POSITIVE	ACCEPTABLE	none
evidence/wave3/t7-review/20260911T092206Z/work/t7-farm/packages/mpd-agent-teams-plugin/lib/types/client/activity-monitor.d.ts	content	TRACKED	KEYWORD-FALSE-POSITIVE	ACCEPTABLE	none
evidence/wave3/t7-review/20260911T092206Z/work/t7-farm/packages/mpd-agent-teams-plugin/lib/types/quality-gates.d.ts	content	TRACKED	KEYWORD-FALSE-POSITIVE	ACCEPTABLE	none
evidence/wave3/t7-review/20260911T092206Z/work/t7-farm/packages/mpd-agent-teams-plugin/lib/types/scheduler.d.ts	content	TRACKED	KEYWORD-FALSE-POSITIVE	ACCEPTABLE	none
evidence/wave3/t7-review/20260911T092206Z/work/t7-farm/packages/mpd-agent-teams-plugin/lib/types/types.d.ts	content	TRACKED	KEYWORD-FALSE-POSITIVE	ACCEPTABLE	none
evidence/wave3/t7-review/20260911T092206Z/work/t7-farm/scripts/patch-agent-teams-fixes.mjs	content	TRACKED	KEYWORD-FALSE-POSITIVE	ACCEPTABLE	none
evidence/wave3/t9-captain-independent-verification/20260911T093618Z/check4g-strip-both-heal-fidelity.log	name	TRACKED	KEYWORD-FALSE-POSITIVE	ACCEPTABLE	none
evidence/wave3/t9-captain-independent-verification/20260911T093618Z/check4g-strip-both-heal-fidelity.raw.json	name	TRACKED	KEYWORD-FALSE-POSITIVE	ACCEPTABLE	none
evidence/workmate/low-findings-fix/2026-09-11T00-43-23Z/full-suite.log	content	TRACKED	KEYWORD-FALSE-POSITIVE	ACCEPTABLE	none
evidence/workmate/low-findings-fix/2026-09-11T00-43-23Z/result.json	content	TRACKED	KEYWORD-FALSE-POSITIVE	ACCEPTABLE	none
evidence/workmate/low-findings-fix/2026-09-11T00-43-23Z/test-qa.log	content	TRACKED	KEYWORD-FALSE-POSITIVE	ACCEPTABLE	none
evidence/workmate/low-findings-fix/2026-09-11T00-43-23Z/verify-vendor.log	content,name	TRACKED	KEYWORD-FALSE-POSITIVE	ACCEPTABLE	none
evidence/workmate/rename-delete-core/2026-09-10T13-49-39.352Z/NOTES.md	content	TRACKED	KEYWORD-FALSE-POSITIVE	ACCEPTABLE	none
evidence/workmate/rename-delete-core/2026-09-10T13-49-39.352Z/dump-config.txt	content	TRACKED	KEYWORD-FALSE-POSITIVE	ACCEPTABLE	none
evidence/workmate/rename-delete-core/2026-09-10T13-49-39.352Z/verify-after.console.log	content,name	TRACKED	KEYWORD-FALSE-POSITIVE	ACCEPTABLE	none
evidence/workmate/rename-delete-core/2026-09-10T13-49-39.352Z/verify-after.json	content,name	TRACKED	KEYWORD-FALSE-POSITIVE	ACCEPTABLE	none
evidence/workmate/rename-delete-core/2026-09-10T13-49-39.352Z/verify-before.console.log	content,name	TRACKED	KEYWORD-FALSE-POSITIVE	ACCEPTABLE	none
evidence/workmate/rename-delete-core/2026-09-10T13-49-39.352Z/verify-before.json	content,name	TRACKED	KEYWORD-FALSE-POSITIVE	ACCEPTABLE	none
evidence/workmate/rename-delete-core/2026-09-10T13-49-39.352Z/verify-output-schema.mjs	content,name	TRACKED	KEYWORD-FALSE-POSITIVE	ACCEPTABLE	none
evidence/workmate/rename-delete-core/20260910T125201Z/dump-config.txt	content	TRACKED	KEYWORD-FALSE-POSITIVE	ACCEPTABLE	none
evidence/workmate/rename-delete-core/20260910T125201Z/output.log	content	TRACKED	KEYWORD-FALSE-POSITIVE	ACCEPTABLE	none
evidence/workmate/rename-delete-core/20260910T125201Z/result.json	content	TRACKED	KEYWORD-FALSE-POSITIVE	ACCEPTABLE	none
evidence/workmate/rename-delete-core/20260910T131028Z/dump-config.txt	content	TRACKED	KEYWORD-FALSE-POSITIVE	ACCEPTABLE	none
evidence/workmate/rename-delete-core/20260910T131028Z/output.log	content	TRACKED	KEYWORD-FALSE-POSITIVE	ACCEPTABLE	none
evidence/workmate/rename-delete-core/20260910T131028Z/result.json	content	TRACKED	KEYWORD-FALSE-POSITIVE	ACCEPTABLE	none
evidence/workmate/rename-delete-core/20260910T131415Z-fullboot/dump-config.txt	content	TRACKED	KEYWORD-FALSE-POSITIVE	ACCEPTABLE	none
evidence/workmate/rename-delete-core/20260910T131805Z-t12/t12.log	content	TRACKED	KEYWORD-FALSE-POSITIVE	ACCEPTABLE	none
evidence/workmate/rename-delete-core/20260910T131805Z-t12/t12.result.json	content	TRACKED	KEYWORD-FALSE-POSITIVE	ACCEPTABLE	none
evidence/workmate/rename-delete-core/20260910T134647Z-t14/reverification-after-later-edits.txt	content,name	TRACKED	KEYWORD-FALSE-POSITIVE	ACCEPTABLE	none
evidence/workmate/rename-delete-core/20260910T134647Z-t14/t14.log	content	TRACKED	KEYWORD-FALSE-POSITIVE	ACCEPTABLE	none
evidence/workmate/rename-delete-core/20260910T134647Z-t14/t14.result.json	content	TRACKED	KEYWORD-FALSE-POSITIVE	ACCEPTABLE	none
evidence/workmate/rename-delete-core/20260910T134647Z-t14/verify-vendor-final.log	content,name	TRACKED	KEYWORD-FALSE-POSITIVE	ACCEPTABLE	none
evidence/workmate/rename-delete-core/20260910T134647Z-t14/verify-vendor-final2.log	content,name	TRACKED	KEYWORD-FALSE-POSITIVE	ACCEPTABLE	none
evidence/workmate/rename-delete-core/20260910T134647Z-t14/verify-vendor.log	content,name	TRACKED	KEYWORD-FALSE-POSITIVE	ACCEPTABLE	none
evidence/workmate/rename-delete-core/20260910T134647Z-t14/witness-addendum-e540d0d9.txt	content	TRACKED	KEYWORD-FALSE-POSITIVE	ACCEPTABLE	none
evidence/workmate/rename-delete-core/20260910T134647Z-t14/witness-final.json	content	TRACKED	KEYWORD-FALSE-POSITIVE	ACCEPTABLE	none
evidence/workmate/rename-delete-core/20260910T134647Z-t14/witness-final.txt	content	TRACKED	KEYWORD-FALSE-POSITIVE	ACCEPTABLE	none
evidence/workmate/rename-delete-core/20260910T134647Z-t14/witness-rewitness-ba6b4908.txt	content	TRACKED	KEYWORD-FALSE-POSITIVE	ACCEPTABLE	none
evidence/workmate/rename-delete-core/NOTES.md	content	TRACKED	KEYWORD-FALSE-POSITIVE	ACCEPTABLE	none
evidence/workmate/rename-delete-core/gate-sweep.sh	content	TRACKED	KEYWORD-FALSE-POSITIVE	ACCEPTABLE	none
evidence/workmate/rename-delete-core/t12-proof.sh	content	TRACKED	KEYWORD-FALSE-POSITIVE	ACCEPTABLE	none
evidence/workmate/rename-delete-core/t14-verify.sh	content,name	TRACKED	KEYWORD-FALSE-POSITIVE	ACCEPTABLE	none
evidence/workmate/rename-delete-core/t15-valid-call/NOTES-t3-author-measurement.txt	content	TRACKED	KEYWORD-FALSE-POSITIVE	ACCEPTABLE	none
evidence/workmate/rename-delete-core/t15-valid-call/WITNESS-by-t3-author.txt	content	TRACKED	KEYWORD-FALSE-POSITIVE	ACCEPTABLE	none
evidence/workmate/rename-delete-core/witness-case-ba6b4908.mjs	content	TRACKED	KEYWORD-FALSE-POSITIVE	ACCEPTABLE	none
evidence/workmate/rename-delete-core/witness-case-e540d0d9.mjs	content	TRACKED	KEYWORD-FALSE-POSITIVE	ACCEPTABLE	none
evidence/workmate/rename-delete-core/witness-case.mjs	content	TRACKED	KEYWORD-FALSE-POSITIVE	ACCEPTABLE	none
evidence/workmate/rename-delete-docs/2026-09-10T14-26-06Z/output-captain-reconciliation.log	content	TRACKED	KEYWORD-FALSE-POSITIVE	ACCEPTABLE	none
evidence/workmate/rename-delete-docs/2026-09-10T14-26-06Z/output-t11-watchpoints.log	content	TRACKED	KEYWORD-FALSE-POSITIVE	ACCEPTABLE	none
evidence/workmate/rename-delete-docs/2026-09-10T14-26-06Z/output.log	content	TRACKED	KEYWORD-FALSE-POSITIVE	ACCEPTABLE	none
evidence/workmate/rename-delete-docs/2026-09-10T14-26-06Z/result.json	content	TRACKED	KEYWORD-FALSE-POSITIVE	ACCEPTABLE	none
evidence/workmate/rename-delete-docs/refresh-skills-fingerprint.mjs	content	TRACKED	KEYWORD-FALSE-POSITIVE	ACCEPTABLE	none
evidence/workmate/rename-delete-gui/2026-09-10T12-50-43.482Z/dump-config.txt	content	TRACKED	KEYWORD-FALSE-POSITIVE	ACCEPTABLE	none
evidence/workmate/rename-delete-gui/2026-09-10T12-50-43.482Z/gate-sweep.sh	content	TRACKED	KEYWORD-FALSE-POSITIVE	ACCEPTABLE	none
evidence/workmate/rename-delete-gui/2026-09-10T12-50-43.482Z/output.log	content	TRACKED	KEYWORD-FALSE-POSITIVE	ACCEPTABLE	none
evidence/workmate/rename-delete-gui/2026-09-10T12-50-43.482Z/result.json	content	TRACKED	KEYWORD-FALSE-POSITIVE	ACCEPTABLE	none
evidence/workmate/rename-delete-integration/2026-09-10T14-40-00Z/CAPTAIN-RECONCILIATION.md	content	TRACKED	KEYWORD-FALSE-POSITIVE	ACCEPTABLE	none
evidence/workmate/rename-delete-integration/2026-09-10T14-40-00Z/DELIVERY-REPORT.md	content	TRACKED	KEYWORD-FALSE-POSITIVE	ACCEPTABLE	none
evidence/workmate/rename-delete-integration/2026-09-10T14-40-00Z/contract-t1-validation.md	content	TRACKED	KEYWORD-FALSE-POSITIVE	ACCEPTABLE	none
evidence/workmate/rename-delete-integration/2026-09-10T14-40-00Z/contract.md	content	TRACKED	KEYWORD-FALSE-POSITIVE	ACCEPTABLE	none
evidence/workmate/rename-delete-integration/2026-09-10T14-40-00Z/gate-sweep.log	content	TRACKED	KEYWORD-FALSE-POSITIVE	ACCEPTABLE	none
evidence/workmate/rename-delete-integration/2026-09-10T14-40-00Z/reasoning-manifest.json	content	TRACKED	KEYWORD-FALSE-POSITIVE	ACCEPTABLE	none
evidence/workmate/rename-delete-integration/2026-09-10T14-40-00Z/result.json	content	TRACKED	KEYWORD-FALSE-POSITIVE	ACCEPTABLE	none
evidence/workmate/rename-delete-integration/2026-09-10T14-40-00Z/team-task-records.json	content	TRACKED	KEYWORD-FALSE-POSITIVE	ACCEPTABLE	none
evidence/workmate/rename-delete-integration/persist-reasoning.mjs	content	TRACKED	KEYWORD-FALSE-POSITIVE	ACCEPTABLE	none
evidence/workmate/rename-delete-verify/2026-09-10T13-24-03.000Z/boot-check.log	content,name	TRACKED	KEYWORD-FALSE-POSITIVE	ACCEPTABLE	none
evidence/workmate/rename-delete-verify/2026-09-10T13-24-03.000Z/boot-check.sh	content,name	TRACKED	KEYWORD-FALSE-POSITIVE	ACCEPTABLE	none
evidence/workmate/rename-delete-verify/2026-09-10T13-24-03.000Z/dump-config.txt	content,name	TRACKED	KEYWORD-FALSE-POSITIVE	ACCEPTABLE	none
evidence/workmate/rename-delete-verify/2026-09-10T13-24-03.000Z/findings.md	content,name	TRACKED	KEYWORD-FALSE-POSITIVE	ACCEPTABLE	none
evidence/workmate/rename-delete-verify/2026-09-10T13-24-03.000Z/focused-boot.log	name	TRACKED	KEYWORD-FALSE-POSITIVE	ACCEPTABLE	none
evidence/workmate/rename-delete-verify/2026-09-10T13-24-03.000Z/gate-bun-test.log	content,name	TRACKED	KEYWORD-FALSE-POSITIVE	ACCEPTABLE	none
evidence/workmate/rename-delete-verify/2026-09-10T13-24-03.000Z/gate-test-qa.log	content,name	TRACKED	KEYWORD-FALSE-POSITIVE	ACCEPTABLE	none
evidence/workmate/rename-delete-verify/2026-09-10T13-24-03.000Z/gate-typecheck.log	name	TRACKED	KEYWORD-FALSE-POSITIVE	ACCEPTABLE	none
evidence/workmate/rename-delete-verify/2026-09-10T13-24-03.000Z/gate-vendor-final.log	content,name	TRACKED	KEYWORD-FALSE-POSITIVE	ACCEPTABLE	none
evidence/workmate/rename-delete-verify/2026-09-10T13-24-03.000Z/gate-vendor.log	content,name	TRACKED	KEYWORD-FALSE-POSITIVE	ACCEPTABLE	none
evidence/workmate/rename-delete-verify/2026-09-10T13-24-03.000Z/output-focused-run1.log	name	TRACKED	KEYWORD-FALSE-POSITIVE	ACCEPTABLE	none
evidence/workmate/rename-delete-verify/2026-09-10T13-24-03.000Z/output-focused.log	name	TRACKED	KEYWORD-FALSE-POSITIVE	ACCEPTABLE	none
evidence/workmate/rename-delete-verify/2026-09-10T13-24-03.000Z/output-tools.log	name	TRACKED	KEYWORD-FALSE-POSITIVE	ACCEPTABLE	none
evidence/workmate/rename-delete-verify/2026-09-10T13-24-03.000Z/output.log	name	TRACKED	KEYWORD-FALSE-POSITIVE	ACCEPTABLE	none
evidence/workmate/rename-delete-verify/2026-09-10T13-24-03.000Z/probe.mjs	content,name	TRACKED	KEYWORD-FALSE-POSITIVE	ACCEPTABLE	none
evidence/workmate/rename-delete-verify/2026-09-10T13-24-03.000Z/probe2.mjs	name	TRACKED	KEYWORD-FALSE-POSITIVE	ACCEPTABLE	none
evidence/workmate/rename-delete-verify/2026-09-10T13-24-03.000Z/result-focused-run1.json	content,name	TRACKED	KEYWORD-FALSE-POSITIVE	ACCEPTABLE	none
evidence/workmate/rename-delete-verify/2026-09-10T13-24-03.000Z/result-focused.json	content,name	TRACKED	KEYWORD-FALSE-POSITIVE	ACCEPTABLE	none
evidence/workmate/rename-delete-verify/2026-09-10T13-24-03.000Z/result-run1.json	content,name	TRACKED	KEYWORD-FALSE-POSITIVE	ACCEPTABLE	none
evidence/workmate/rename-delete-verify/2026-09-10T13-24-03.000Z/result-tools.json	content,name	TRACKED	KEYWORD-FALSE-POSITIVE	ACCEPTABLE	none
evidence/workmate/rename-delete-verify/2026-09-10T13-24-03.000Z/result.json	content,name	TRACKED	KEYWORD-FALSE-POSITIVE	ACCEPTABLE	none
evidence/workmate/rename-delete-verify/2026-09-10T13-24-03.000Z/results.json	content,name	TRACKED	KEYWORD-FALSE-POSITIVE	ACCEPTABLE	none
evidence/workmate/rename-delete-verify/2026-09-10T13-24-03.000Z/tools-boot.log	content,name	TRACKED	KEYWORD-FALSE-POSITIVE	ACCEPTABLE	none
evidence/workmate/rename-delete-verify/2026-09-10T13-24-03.000Z/verify-focused.mjs	content,name	TRACKED	KEYWORD-FALSE-POSITIVE	ACCEPTABLE	none
evidence/workmate/rename-delete-verify/2026-09-10T13-24-03.000Z/verify-routes.mjs	content,name	TRACKED	KEYWORD-FALSE-POSITIVE	ACCEPTABLE	none
evidence/workmate/rename-delete-verify/2026-09-10T13-24-03.000Z/verify-tools.mjs	content,name	TRACKED	KEYWORD-FALSE-POSITIVE	ACCEPTABLE	none
evidence/workmate/rename-delete-verify/2026-09-10T13-24-03.000Z/web-boot.log	name	TRACKED	KEYWORD-FALSE-POSITIVE	ACCEPTABLE	none
evidence/workmate/rename-delete-verify/attempt2-2026-09-10T13-59-50.000Z/boot-check.log	content,name	TRACKED	KEYWORD-FALSE-POSITIVE	ACCEPTABLE	none
evidence/workmate/rename-delete-verify/attempt2-2026-09-10T13-59-50.000Z/boot-check.sh	content,name	TRACKED	KEYWORD-FALSE-POSITIVE	ACCEPTABLE	none
evidence/workmate/rename-delete-verify/attempt2-2026-09-10T13-59-50.000Z/consolidate.mjs	content,name	TRACKED	KEYWORD-FALSE-POSITIVE	ACCEPTABLE	none
evidence/workmate/rename-delete-verify/attempt2-2026-09-10T13-59-50.000Z/dump-config.txt	content,name	TRACKED	KEYWORD-FALSE-POSITIVE	ACCEPTABLE	none
evidence/workmate/rename-delete-verify/attempt2-2026-09-10T13-59-50.000Z/findings.md	content,name	TRACKED	KEYWORD-FALSE-POSITIVE	ACCEPTABLE	none
evidence/workmate/rename-delete-verify/attempt2-2026-09-10T13-59-50.000Z/focused2-boot.log	name	TRACKED	KEYWORD-FALSE-POSITIVE	ACCEPTABLE	none
evidence/workmate/rename-delete-verify/attempt2-2026-09-10T13-59-50.000Z/gate-bun-test.log	content,name	TRACKED	KEYWORD-FALSE-POSITIVE	ACCEPTABLE	none
evidence/workmate/rename-delete-verify/attempt2-2026-09-10T13-59-50.000Z/gate-test-qa.log	content,name	TRACKED	KEYWORD-FALSE-POSITIVE	ACCEPTABLE	none
evidence/workmate/rename-delete-verify/attempt2-2026-09-10T13-59-50.000Z/gate-typecheck.log	name	TRACKED	KEYWORD-FALSE-POSITIVE	ACCEPTABLE	none
evidence/workmate/rename-delete-verify/attempt2-2026-09-10T13-59-50.000Z/gate-vendor.log	content,name	TRACKED	KEYWORD-FALSE-POSITIVE	ACCEPTABLE	none
evidence/workmate/rename-delete-verify/attempt2-2026-09-10T13-59-50.000Z/output-focused2.log	name	TRACKED	KEYWORD-FALSE-POSITIVE	ACCEPTABLE	none
evidence/workmate/rename-delete-verify/attempt2-2026-09-10T13-59-50.000Z/output-tools.log	name	TRACKED	KEYWORD-FALSE-POSITIVE	ACCEPTABLE	none
evidence/workmate/rename-delete-verify/attempt2-2026-09-10T13-59-50.000Z/output.log	name	TRACKED	KEYWORD-FALSE-POSITIVE	ACCEPTABLE	none
evidence/workmate/rename-delete-verify/attempt2-2026-09-10T13-59-50.000Z/probe.mjs	content,name	TRACKED	KEYWORD-FALSE-POSITIVE	ACCEPTABLE	none
evidence/workmate/rename-delete-verify/attempt2-2026-09-10T13-59-50.000Z/probe2.mjs	name	TRACKED	KEYWORD-FALSE-POSITIVE	ACCEPTABLE	none
evidence/workmate/rename-delete-verify/attempt2-2026-09-10T13-59-50.000Z/readonly-deny-s1-current.mjs	content,name	TRACKED	KEYWORD-FALSE-POSITIVE	ACCEPTABLE	none
evidence/workmate/rename-delete-verify/attempt2-2026-09-10T13-59-50.000Z/readonly-deny-s1.mjs	content,name	TRACKED	KEYWORD-FALSE-POSITIVE	ACCEPTABLE	none
evidence/workmate/rename-delete-verify/attempt2-2026-09-10T13-59-50.000Z/result-focused2-measured-on-1358dist.json	content,name	TRACKED	KEYWORD-FALSE-POSITIVE	ACCEPTABLE	none
evidence/workmate/rename-delete-verify/attempt2-2026-09-10T13-59-50.000Z/result-focused2.json	content,name	TRACKED	KEYWORD-FALSE-POSITIVE	ACCEPTABLE	none
evidence/workmate/rename-delete-verify/attempt2-2026-09-10T13-59-50.000Z/result-routes-measured-on-1358dist.json	content,name	TRACKED	KEYWORD-FALSE-POSITIVE	ACCEPTABLE	none
evidence/workmate/rename-delete-verify/attempt2-2026-09-10T13-59-50.000Z/result-tools-measured-on-1358dist.json	content,name	TRACKED	KEYWORD-FALSE-POSITIVE	ACCEPTABLE	none
evidence/workmate/rename-delete-verify/attempt2-2026-09-10T13-59-50.000Z/result-tools.json	content,name	TRACKED	KEYWORD-FALSE-POSITIVE	ACCEPTABLE	none
evidence/workmate/rename-delete-verify/attempt2-2026-09-10T13-59-50.000Z/result.json	content,name	TRACKED	KEYWORD-FALSE-POSITIVE	ACCEPTABLE	none
evidence/workmate/rename-delete-verify/attempt2-2026-09-10T13-59-50.000Z/results.json	content,name	TRACKED	KEYWORD-FALSE-POSITIVE	ACCEPTABLE	none
evidence/workmate/rename-delete-verify/attempt2-2026-09-10T13-59-50.000Z/s1-current-copy-hash.txt	content,name	TRACKED	KEYWORD-FALSE-POSITIVE	ACCEPTABLE	none
evidence/workmate/rename-delete-verify/attempt2-2026-09-10T13-59-50.000Z/s1-current-run.log	content,name	TRACKED	KEYWORD-FALSE-POSITIVE	ACCEPTABLE	none
evidence/workmate/rename-delete-verify/attempt2-2026-09-10T13-59-50.000Z/s1-current-shipped-hash.txt	name	TRACKED	KEYWORD-FALSE-POSITIVE	ACCEPTABLE	none
evidence/workmate/rename-delete-verify/attempt2-2026-09-10T13-59-50.000Z/s1-current/2026-09-10T14-26-52.232Z/output.log	name	TRACKED	KEYWORD-FALSE-POSITIVE	ACCEPTABLE	none
evidence/workmate/rename-delete-verify/attempt2-2026-09-10T13-59-50.000Z/s1-current/2026-09-10T14-26-52.232Z/result.json	name	TRACKED	KEYWORD-FALSE-POSITIVE	ACCEPTABLE	none
evidence/workmate/rename-delete-verify/attempt2-2026-09-10T13-59-50.000Z/s1-run.log	content,name	TRACKED	KEYWORD-FALSE-POSITIVE	ACCEPTABLE	none
evidence/workmate/rename-delete-verify/attempt2-2026-09-10T13-59-50.000Z/s1/2026-09-10T14-11-17.023Z/output.log	name	TRACKED	KEYWORD-FALSE-POSITIVE	ACCEPTABLE	none
evidence/workmate/rename-delete-verify/attempt2-2026-09-10T13-59-50.000Z/s1/2026-09-10T14-11-17.023Z/result.json	name	TRACKED	KEYWORD-FALSE-POSITIVE	ACCEPTABLE	none
evidence/workmate/rename-delete-verify/attempt2-2026-09-10T13-59-50.000Z/summary-routes-current.json	content,name	TRACKED	KEYWORD-FALSE-POSITIVE	ACCEPTABLE	none
evidence/workmate/rename-delete-verify/attempt2-2026-09-10T13-59-50.000Z/tools-boot.log	content,name	TRACKED	KEYWORD-FALSE-POSITIVE	ACCEPTABLE	none
evidence/workmate/rename-delete-verify/attempt2-2026-09-10T13-59-50.000Z/verify-focused2.mjs	content,name	TRACKED	KEYWORD-FALSE-POSITIVE	ACCEPTABLE	none
evidence/workmate/rename-delete-verify/attempt2-2026-09-10T13-59-50.000Z/verify-routes.mjs	content,name	TRACKED	KEYWORD-FALSE-POSITIVE	ACCEPTABLE	none
evidence/workmate/rename-delete-verify/attempt2-2026-09-10T13-59-50.000Z/verify-tools.mjs	content,name	TRACKED	KEYWORD-FALSE-POSITIVE	ACCEPTABLE	none
evidence/workmate/rename-delete-verify/attempt2-2026-09-10T13-59-50.000Z/web-boot.log	name	TRACKED	KEYWORD-FALSE-POSITIVE	ACCEPTABLE	none
evidence/workmate/roles-readonly/2026-09-10T12-46-50.477Z/gates.md	content	TRACKED	KEYWORD-FALSE-POSITIVE	ACCEPTABLE	none
evidence/workmate/roles-readonly/2026-09-10T12-46-50.477Z/result.json	content	TRACKED	KEYWORD-FALSE-POSITIVE	ACCEPTABLE	none
evidence/workmate/roles-readonly/2026-09-10T13-09-56.629Z/summary.json	content	TRACKED	KEYWORD-FALSE-POSITIVE	ACCEPTABLE	none
evidence/workmate/roles-readonly/2026-09-10T13-16-22.237Z/summary.json	content	TRACKED	KEYWORD-FALSE-POSITIVE	ACCEPTABLE	none
evidence/workmate/roles-readonly/2026-09-10T13-18-51.548Z/live-probe-raw.txt	content	TRACKED	KEYWORD-FALSE-POSITIVE	ACCEPTABLE	none
evidence/workmate/roles-readonly/2026-09-10T13-18-51.548Z/summary.json	content	TRACKED	KEYWORD-FALSE-POSITIVE	ACCEPTABLE	none
evidence/workmate/roles-readonly/2026-09-10T13-21-58.233Z/live-probe-raw.txt	content	TRACKED	KEYWORD-FALSE-POSITIVE	ACCEPTABLE	none
evidence/workmate/roles-readonly/2026-09-10T13-21-58.233Z/summary.json	content	TRACKED	KEYWORD-FALSE-POSITIVE	ACCEPTABLE	none
evidence/workmate/roles-readonly/2026-09-10T13-28-17.170Z/live-probe-raw.txt	content	TRACKED	KEYWORD-FALSE-POSITIVE	ACCEPTABLE	none
evidence/workmate/roles-readonly/2026-09-10T13-31-33.751Z/completion.md	content	TRACKED	KEYWORD-FALSE-POSITIVE	ACCEPTABLE	none
evidence/workmate/roles-readonly/2026-09-10T13-31-33.751Z/live-proof.md	content	TRACKED	KEYWORD-FALSE-POSITIVE	ACCEPTABLE	none
evidence/workmate/roles-readonly/2026-09-10T13-31-33.751Z/proof-verify-vendor.txt	content,name	TRACKED	KEYWORD-FALSE-POSITIVE	ACCEPTABLE	none
evidence/workmate/roles-readonly/2026-09-10T13-44-26.599Z/enforcement.md	content	TRACKED	KEYWORD-FALSE-POSITIVE	ACCEPTABLE	none
evidence/workmate/roles-readonly/2026-09-10T13-44-26.599Z/vendor-lock-refresh.md	content	TRACKED	KEYWORD-FALSE-POSITIVE	ACCEPTABLE	none
evidence/workmate/roles-readonly/2026-09-10T13-56-00.000Z/vendor-lock-t16.md	content	TRACKED	KEYWORD-FALSE-POSITIVE	ACCEPTABLE	none
evidence/workmate/roles-readonly/2026-09-10T14-17-49.046Z/control-provenance-guard.md	content	TRACKED	KEYWORD-FALSE-POSITIVE	ACCEPTABLE	none
evidence/workmate/roles-readonly/2026-09-10T14-34-03.000Z/t17-report.md	content	TRACKED	KEYWORD-FALSE-POSITIVE	ACCEPTABLE	none
package.json	content,content-precise	TRACKED	BRIDGE-BY-DESIGN	ACCEPTABLE	none
packages/mpd-agent-teams-plugin/README.md	content	TRACKED	KEYWORD-FALSE-POSITIVE	ACCEPTABLE	none
packages/mpd-agent-teams-plugin/README_ZH.md	content	TRACKED	KEYWORD-FALSE-POSITIVE	ACCEPTABLE	none
packages/mpd-agent-teams-plugin/_deps/dsh-agent/lib/types/index.d.ts	content	TRACKED	KEYWORD-FALSE-POSITIVE	ACCEPTABLE	none
packages/mpd-agent-teams-plugin/_deps/dsh-session/lib/index.js	content	TRACKED	KEYWORD-FALSE-POSITIVE	ACCEPTABLE	none
packages/mpd-agent-teams-plugin/_deps/dsh-session/lib/types/index.d.ts	content	TRACKED	KEYWORD-FALSE-POSITIVE	ACCEPTABLE	none
packages/mpd-agent-teams-plugin/_deps/dsh-session/lib/types/known-event-types.d.ts	content	TRACKED	KEYWORD-FALSE-POSITIVE	ACCEPTABLE	none
packages/mpd-agent-teams-plugin/_deps/dsh-session/lib/types/known-event-types.js	content	TRACKED	KEYWORD-FALSE-POSITIVE	ACCEPTABLE	none
packages/mpd-agent-teams-plugin/_deps/dsh-session/lib/types/repair.js	content	TRACKED	KEYWORD-FALSE-POSITIVE	ACCEPTABLE	none
packages/mpd-agent-teams-plugin/_deps/dsh-subagent/lib/index.js	content	TRACKED	KEYWORD-FALSE-POSITIVE	ACCEPTABLE	none
packages/mpd-agent-teams-plugin/_deps/dsh-subagent/lib/types/list-children.js	content	TRACKED	KEYWORD-FALSE-POSITIVE	ACCEPTABLE	none
packages/mpd-agent-teams-plugin/_deps/zod/v4/locales/he.cjs	content	TRACKED	KEYWORD-FALSE-POSITIVE	ACCEPTABLE	none
packages/mpd-agent-teams-plugin/_deps/zod/v4/locales/he.js	content	TRACKED	KEYWORD-FALSE-POSITIVE	ACCEPTABLE	none
packages/mpd-agent-teams-plugin/assets/readme/hero.svg	content	TRACKED	KEYWORD-FALSE-POSITIVE	ACCEPTABLE	none
packages/mpd-agent-teams-plugin/lib/client.js	content	TRACKED	KEYWORD-FALSE-POSITIVE	ACCEPTABLE	none
packages/mpd-agent-teams-plugin/lib/client.js.map	content	TRACKED	KEYWORD-FALSE-POSITIVE	ACCEPTABLE	none
packages/mpd-agent-teams-plugin/lib/client/StagingPlanEditor.js	content	TRACKED	KEYWORD-FALSE-POSITIVE	ACCEPTABLE	none
packages/mpd-agent-teams-plugin/lib/client/artwork.js	content	TRACKED	KEYWORD-FALSE-POSITIVE	ACCEPTABLE	none
packages/mpd-agent-teams-plugin/lib/index.js	content	TRACKED	KEYWORD-FALSE-POSITIVE	ACCEPTABLE	none
packages/mpd-agent-teams-plugin/lib/members.js	content	TRACKED	KEYWORD-FALSE-POSITIVE	ACCEPTABLE	none
packages/mpd-agent-teams-plugin/lib/mpd-deltas.js	content	TRACKED	KEYWORD-FALSE-POSITIVE	ACCEPTABLE	none
packages/mpd-agent-teams-plugin/lib/quality-gates.js	content	TRACKED	KEYWORD-FALSE-POSITIVE	ACCEPTABLE	none
packages/mpd-agent-teams-plugin/lib/scheduler.js	content	TRACKED	KEYWORD-FALSE-POSITIVE	ACCEPTABLE	none
packages/mpd-agent-teams-plugin/lib/tools.js	content	TRACKED	KEYWORD-FALSE-POSITIVE	ACCEPTABLE	none
packages/mpd-agent-teams-plugin/lib/types.js	content	TRACKED	KEYWORD-FALSE-POSITIVE	ACCEPTABLE	none
packages/mpd-agent-teams-plugin/lib/types/client/activity-monitor.d.ts	content	TRACKED	KEYWORD-FALSE-POSITIVE	ACCEPTABLE	none
packages/mpd-agent-teams-plugin/lib/types/quality-gates.d.ts	content	TRACKED	KEYWORD-FALSE-POSITIVE	ACCEPTABLE	none
packages/mpd-agent-teams-plugin/lib/types/scheduler.d.ts	content	TRACKED	KEYWORD-FALSE-POSITIVE	ACCEPTABLE	none
packages/mpd-agent-teams-plugin/lib/types/types.d.ts	content	TRACKED	KEYWORD-FALSE-POSITIVE	ACCEPTABLE	none
packages/mpd-agent-teams-plugin/self-fix-tests/README.md	content	TRACKED	KEYWORD-FALSE-POSITIVE	ACCEPTABLE	none
packages/mpd-agent-teams-plugin/self-fix-tests/quality-loop.test.mjs	content	TRACKED	KEYWORD-FALSE-POSITIVE	ACCEPTABLE	none
packages/mpd-agent-teams-plugin/self-fix-tests/scope-glob-and-contract.test.mjs	content,content-precise	TRACKED	TEST-STRING-DATA	ACCEPTABLE	none
packages/mpd-agent-teams-plugin/self-fix-tests/scope-semantics.test.mjs	content	TRACKED	KEYWORD-FALSE-POSITIVE	ACCEPTABLE	none
packages/mpd-agent-teams-plugin/test/task-contract-tool.test.mjs	content	TRACKED	KEYWORD-FALSE-POSITIVE	ACCEPTABLE	none
packages/mpd-agent-teams-plugin/test/update-task-diagnostics.test.mjs	content	TRACKED	KEYWORD-FALSE-POSITIVE	ACCEPTABLE	none
packages/mpd-bootstrap-plugin/test/bootstrap.test.ts	content,content-precise	TRACKED	TEST-STRING-DATA	ACCEPTABLE	none
packages/mpd-boulder-plugin/README.md	content	TRACKED	KEYWORD-FALSE-POSITIVE	ACCEPTABLE	none
packages/mpd-boulder-plugin/README.zh-CN.md	content	TRACKED	KEYWORD-FALSE-POSITIVE	ACCEPTABLE	none
packages/mpd-boulder-plugin/dist/index.js	content	TRACKED	KEYWORD-FALSE-POSITIVE	ACCEPTABLE	none
packages/mpd-boulder-plugin/src/index.ts	content	TRACKED	KEYWORD-FALSE-POSITIVE	ACCEPTABLE	none
packages/mpd-boulder-plugin/src/vendor/plan-checklist.ts	content	TRACKED	KEYWORD-FALSE-POSITIVE	ACCEPTABLE	none
packages/mpd-boulder-plugin/test/boulder.test.ts	content	TRACKED	KEYWORD-FALSE-POSITIVE	ACCEPTABLE	none
packages/mpd-bundle-plugin/client.js	content	TRACKED	KEYWORD-FALSE-POSITIVE	ACCEPTABLE	none
packages/mpd-bundle-plugin/test/sidebar-migration-artifact.test.mjs	content	TRACKED	KEYWORD-FALSE-POSITIVE	ACCEPTABLE	none
packages/mpd-bundle-plugin/test/sidebar-tab.test.mjs	content,content-precise	TRACKED	TEST-STRING-DATA	ACCEPTABLE	none
packages/mpd-bundle/README.md	content,content-precise	TRACKED	FULL-STRIP-DEFECT	IN-SCOPE-DEFECT	medium
packages/mpd-bundle/README.zh-CN.md	content,content-precise	TRACKED	FULL-STRIP-DEFECT	IN-SCOPE-DEFECT	medium
packages/mpd-bundle/cordis.patch.yml	content,content-precise	TRACKED	BRIDGE-BY-DESIGN	ACCEPTABLE	low
packages/mpd-config-plugin/README.md	content	TRACKED	KEYWORD-FALSE-POSITIVE	ACCEPTABLE	none
packages/mpd-config-plugin/README.zh-CN.md	content	TRACKED	KEYWORD-FALSE-POSITIVE	ACCEPTABLE	none
packages/mpd-config-plugin/dist/index.js	content	TRACKED	KEYWORD-FALSE-POSITIVE	ACCEPTABLE	none
packages/mpd-config-plugin/src/index.ts	content	TRACKED	KEYWORD-FALSE-POSITIVE	ACCEPTABLE	none
packages/mpd-config-plugin/test/config.test.ts	content	TRACKED	KEYWORD-FALSE-POSITIVE	ACCEPTABLE	none
packages/mpd-hashline-plugin/dist/index.js	content	TRACKED	KEYWORD-FALSE-POSITIVE	ACCEPTABLE	none
packages/mpd-hashline-plugin/src/vendor/edit-operation-primitives.ts	content	TRACKED	KEYWORD-FALSE-POSITIVE	ACCEPTABLE	none
packages/mpd-hashline-plugin/src/vendor/edit-text-normalization.ts	content	TRACKED	KEYWORD-FALSE-POSITIVE	ACCEPTABLE	none
packages/mpd-hashline-plugin/src/vendor/hash-computation.ts	content	TRACKED	KEYWORD-FALSE-POSITIVE	ACCEPTABLE	none
packages/mpd-mcp-codegraph/README.md	content	TRACKED	KEYWORD-FALSE-POSITIVE	ACCEPTABLE	none
packages/mpd-mcp-codegraph/README.zh-CN.md	content	TRACKED	KEYWORD-FALSE-POSITIVE	ACCEPTABLE	none
packages/mpd-mcp-codegraph/dist/serve.js	content	TRACKED	KEYWORD-FALSE-POSITIVE	ACCEPTABLE	none
packages/mpd-mcp-codegraph/launch.mjs	content	TRACKED	KEYWORD-FALSE-POSITIVE	ACCEPTABLE	none
packages/mpd-mcp-lsp/README.md	content,content-precise	TRACKED	FULL-STRIP-DEFECT	IN-SCOPE-DEFECT	medium
packages/mpd-mcp-lsp/README.zh-CN.md	content,content-precise	TRACKED	FULL-STRIP-DEFECT	IN-SCOPE-DEFECT	medium
packages/mpd-mcp-lsp/dist/cli.js	content,content-precise	TRACKED	BRIDGE-BY-DESIGN	ACCEPTABLE	none
packages/mpd-mcp-lsp/overlay/lsp/language-mappings.ts	content,content-precise	TRACKED	BRIDGE-BY-DESIGN	ACCEPTABLE	none
packages/mpd-mcp-lsp/overlay/lsp/server-definitions.ts	content,content-precise	TRACKED	BRIDGE-BY-DESIGN	ACCEPTABLE	none
packages/mpd-mcp-lsp/templates/rtl-lsp-client.json	content,content-precise,name	TRACKED	FULL-STRIP-DEFECT	IN-SCOPE-DEFECT	medium
packages/mpd-memory-plugin/README.md	content	TRACKED	KEYWORD-FALSE-POSITIVE	ACCEPTABLE	none
packages/mpd-memory-plugin/README.zh-CN.md	content	TRACKED	KEYWORD-FALSE-POSITIVE	ACCEPTABLE	none
packages/mpd-memory-plugin/dist/index.js	content	TRACKED	KEYWORD-FALSE-POSITIVE	ACCEPTABLE	none
packages/mpd-memory-plugin/src/index.ts	content	TRACKED	KEYWORD-FALSE-POSITIVE	ACCEPTABLE	none
packages/mpd-memory-plugin/test/memory.test.ts	content	TRACKED	KEYWORD-FALSE-POSITIVE	ACCEPTABLE	none
packages/mpd-qa-roles-probe/src/index.ts	content,content-precise	TRACKED	TEST-STRING-DATA	ACCEPTABLE	none
packages/mpd-roles-plugin/dist/index.js	content	TRACKED	KEYWORD-FALSE-POSITIVE	ACCEPTABLE	none
packages/mpd-roles-plugin/personas/atlas.md	content	TRACKED	KEYWORD-FALSE-POSITIVE	ACCEPTABLE	none
packages/mpd-roles-plugin/personas/hephaestus.md	content	TRACKED	KEYWORD-FALSE-POSITIVE	ACCEPTABLE	none
packages/mpd-roles-plugin/personas/librarian.md	content	TRACKED	KEYWORD-FALSE-POSITIVE	ACCEPTABLE	none
packages/mpd-roles-plugin/personas/metis.md	content	TRACKED	KEYWORD-FALSE-POSITIVE	ACCEPTABLE	none
packages/mpd-roles-plugin/personas/momus.md	content	TRACKED	KEYWORD-FALSE-POSITIVE	ACCEPTABLE	none
packages/mpd-roles-plugin/personas/oracle.md	content	TRACKED	KEYWORD-FALSE-POSITIVE	ACCEPTABLE	none
packages/mpd-roles-plugin/personas/prometheus.md	content	TRACKED	KEYWORD-FALSE-POSITIVE	ACCEPTABLE	none
packages/mpd-roles-plugin/personas/sisyphus-junior.md	content	TRACKED	KEYWORD-FALSE-POSITIVE	ACCEPTABLE	none
packages/mpd-roles-plugin/personas/sisyphus.md	content	TRACKED	KEYWORD-FALSE-POSITIVE	ACCEPTABLE	none
packages/mpd-roles-plugin/src/roles.data.ts	content	TRACKED	KEYWORD-FALSE-POSITIVE	ACCEPTABLE	none
packages/mpd-ulw-plugin/README.md	content	TRACKED	KEYWORD-FALSE-POSITIVE	ACCEPTABLE	none
packages/mpd-ulw-plugin/README.zh-CN.md	content	TRACKED	KEYWORD-FALSE-POSITIVE	ACCEPTABLE	none
packages/mpd-ulw-plugin/dist/index.js	content	TRACKED	KEYWORD-FALSE-POSITIVE	ACCEPTABLE	none
packages/mpd-ulw-plugin/src/index.ts	content	TRACKED	KEYWORD-FALSE-POSITIVE	ACCEPTABLE	none
packages/mpd-ulw-plugin/test/engine.test.ts	content	TRACKED	KEYWORD-FALSE-POSITIVE	ACCEPTABLE	none
packages/mpd-workmate-plugin/test/rename-delete.test.ts	content	TRACKED	KEYWORD-FALSE-POSITIVE	ACCEPTABLE	none
packages/mpd-workmate-plugin/test/workmate.test.ts	content,content-precise	TRACKED	TEST-STRING-DATA	ACCEPTABLE	none
presets/mpd/agent.cordis.yml	content	TRACKED	KEYWORD-FALSE-POSITIVE	ACCEPTABLE	none
scripts/bootstrap.mjs	content	TRACKED	KEYWORD-FALSE-POSITIVE	ACCEPTABLE	none
scripts/build-mcp.mjs	content,content-precise	TRACKED	BRIDGE-BY-DESIGN	ACCEPTABLE	none
scripts/install-mcp.mjs	content,content-precise	TRACKED	BRIDGE-BY-DESIGN	ACCEPTABLE	none
scripts/install-profile.mjs	content	TRACKED	KEYWORD-FALSE-POSITIVE	ACCEPTABLE	none
scripts/pack-mpd.mjs	content,content-precise	TRACKED	BRIDGE-BY-DESIGN	ACCEPTABLE	none
scripts/patch-agent-teams-client.mjs	content	TRACKED	KEYWORD-FALSE-POSITIVE	ACCEPTABLE	none
scripts/patch-agent-teams-fixes.mjs	content	TRACKED	KEYWORD-FALSE-POSITIVE	ACCEPTABLE	none
scripts/vendor-agent-teams.mjs	content	TRACKED	KEYWORD-FALSE-POSITIVE	ACCEPTABLE	none
scripts/verify-rows-parity.mjs	content,name	TRACKED	KEYWORD-FALSE-POSITIVE	ACCEPTABLE	none
scripts/verify-rtl-references.mjs	content,content-precise,name	TRACKED	BRIDGE-BY-DESIGN	ACCEPTABLE	none
scripts/verify-vendor.mjs	content,name	TRACKED	KEYWORD-FALSE-POSITIVE	ACCEPTABLE	none
skills/ast-grep/install.ps1	content	TRACKED	KEYWORD-FALSE-POSITIVE	ACCEPTABLE	none
skills/ast-grep/install.sh	content	TRACKED	KEYWORD-FALSE-POSITIVE	ACCEPTABLE	none
skills/ast-grep/references/cli.md	content	TRACKED	KEYWORD-FALSE-POSITIVE	ACCEPTABLE	none
skills/ast-grep/references/install.md	content	TRACKED	KEYWORD-FALSE-POSITIVE	ACCEPTABLE	none
skills/ast-grep/references/recipes.md	content	TRACKED	KEYWORD-FALSE-POSITIVE	ACCEPTABLE	none
skills/coding-agent-sessions/SKILL.md	content	TRACKED	KEYWORD-FALSE-POSITIVE	ACCEPTABLE	none
skills/coding-agent-sessions/scripts/tests/test_agent_sessions.py	content	TRACKED	KEYWORD-FALSE-POSITIVE	ACCEPTABLE	none
skills/coding-agent-sessions/scripts/tests/test_aside_scanner.py	content	TRACKED	KEYWORD-FALSE-POSITIVE	ACCEPTABLE	none
skills/data-scientist/SKILL.md	content	TRACKED	KEYWORD-FALSE-POSITIVE	ACCEPTABLE	none
skills/data-scientist/references/uv-setup.md	content	TRACKED	KEYWORD-FALSE-POSITIVE	ACCEPTABLE	none
skills/debugging/SKILL.md	content	TRACKED	KEYWORD-FALSE-POSITIVE	ACCEPTABLE	none
skills/debugging/references/methodology/04-oracle-triple.md	content	TRACKED	KEYWORD-FALSE-POSITIVE	ACCEPTABLE	none
skills/debugging/references/methodology/06-fix.md	content	TRACKED	KEYWORD-FALSE-POSITIVE	ACCEPTABLE	none
skills/debugging/references/methodology/08-qa.md	content	TRACKED	KEYWORD-FALSE-POSITIVE	ACCEPTABLE	none
skills/debugging/references/methodology/09-cleanup.md	content	TRACKED	KEYWORD-FALSE-POSITIVE	ACCEPTABLE	none
skills/debugging/references/methodology/partial-runtime-evidence.md	content	TRACKED	KEYWORD-FALSE-POSITIVE	ACCEPTABLE	none
skills/debugging/references/runtimes/bundled-js-binary.md	content	TRACKED	KEYWORD-FALSE-POSITIVE	ACCEPTABLE	none
skills/debugging/references/runtimes/native-binary.md	content	TRACKED	KEYWORD-FALSE-POSITIVE	ACCEPTABLE	none
skills/debugging/references/tools/pwndbg.md	content	TRACKED	KEYWORD-FALSE-POSITIVE	ACCEPTABLE	none
skills/debugging/references/tools/pwntools.md	content	TRACKED	KEYWORD-FALSE-POSITIVE	ACCEPTABLE	none
skills/dsh-qa/SKILL.md	content,content-precise	TRACKED	FULL-STRIP-DEFECT	IN-SCOPE-DEFECT	medium
skills/dsh-qa/references/dsh-plugin-surface.md	content	TRACKED	KEYWORD-FALSE-POSITIVE	ACCEPTABLE	none
skills/dsh-qa/scripts/agent-teams-adopt.mjs	content	TRACKED	KEYWORD-FALSE-POSITIVE	ACCEPTABLE	none
skills/dsh-qa/scripts/agent-teams-dispatch.mjs	content	TRACKED	KEYWORD-FALSE-POSITIVE	ACCEPTABLE	none
skills/dsh-qa/scripts/codegraph-smoke.mjs	content	TRACKED	KEYWORD-FALSE-POSITIVE	ACCEPTABLE	none
skills/dsh-qa/scripts/dual-track-smoke.mjs	content,content-precise	TRACKED	TEST-STRING-DATA	ACCEPTABLE	none
skills/dsh-qa/scripts/lib/workspace-isolation.mjs	content	TRACKED	KEYWORD-FALSE-POSITIVE	ACCEPTABLE	none
skills/dsh-qa/scripts/mcp-call.mjs	content	TRACKED	KEYWORD-FALSE-POSITIVE	ACCEPTABLE	none
skills/dsh-qa/scripts/memory-smoke.mjs	content	TRACKED	KEYWORD-FALSE-POSITIVE	ACCEPTABLE	none
skills/dsh-qa/scripts/mount-assert.mjs	content	TRACKED	KEYWORD-FALSE-POSITIVE	ACCEPTABLE	none
skills/dsh-qa/scripts/plan-c-smoke.mjs	content	TRACKED	KEYWORD-FALSE-POSITIVE	ACCEPTABLE	none
skills/dsh-qa/scripts/preset-conformance.mjs	content	TRACKED	KEYWORD-FALSE-POSITIVE	ACCEPTABLE	none
skills/dsh-qa/scripts/preset-register.mjs	content	TRACKED	KEYWORD-FALSE-POSITIVE	ACCEPTABLE	none
skills/dsh-qa/scripts/readonly-deny.mjs	content	TRACKED	KEYWORD-FALSE-POSITIVE	ACCEPTABLE	none
skills/dsh-qa/scripts/rtl-ip-profile.mjs	content,content-precise,name	TRACKED	FULL-STRIP-DEFECT	IN-SCOPE-DEFECT	high
skills/dsh-qa/scripts/rtl-verif.mjs	content,content-precise,name	TRACKED	FULL-STRIP-DEFECT	IN-SCOPE-DEFECT	high
skills/dsh-qa/scripts/session-start-team.mjs	content	TRACKED	KEYWORD-FALSE-POSITIVE	ACCEPTABLE	none
skills/dsh-qa/scripts/skill-catalog-probe.mjs	content	TRACKED	KEYWORD-FALSE-POSITIVE	ACCEPTABLE	none
skills/dsh-qa/scripts/tool-output-validation.mjs	content	TRACKED	KEYWORD-FALSE-POSITIVE	ACCEPTABLE	none
skills/dsh-qa/scripts/ultrawork-smoke.mjs	content	TRACKED	KEYWORD-FALSE-POSITIVE	ACCEPTABLE	none
skills/dsh-qa/scripts/vision-smoke.mjs	content	TRACKED	KEYWORD-FALSE-POSITIVE	ACCEPTABLE	none
skills/dsh-qa/scripts/web-client-adapt.mjs	content	TRACKED	KEYWORD-FALSE-POSITIVE	ACCEPTABLE	none
skills/dsh-qa/scripts/workmate-library.mjs	content,content-precise	TRACKED	TEST-STRING-DATA	ACCEPTABLE	none
skills/dsh-qa/scripts/workmate-team-member.mjs	content	TRACKED	KEYWORD-FALSE-POSITIVE	ACCEPTABLE	none
skills/frontend/ATTRIBUTION.md	content	TRACKED	KEYWORD-FALSE-POSITIVE	ACCEPTABLE	none
skills/frontend/SKILL.md	content	TRACKED	KEYWORD-FALSE-POSITIVE	ACCEPTABLE	none
skills/frontend/references/design/README.md	content	TRACKED	KEYWORD-FALSE-POSITIVE	ACCEPTABLE	none
skills/frontend/references/design/aside.md	content	TRACKED	KEYWORD-FALSE-POSITIVE	ACCEPTABLE	none
skills/frontend/references/design/clone-from-url.md	content	TRACKED	KEYWORD-FALSE-POSITIVE	ACCEPTABLE	none
skills/frontend/references/design/design-system-architecture.md	content	TRACKED	KEYWORD-FALSE-POSITIVE	ACCEPTABLE	none
skills/frontend/references/design/interaction-skill.md	content	TRACKED	KEYWORD-FALSE-POSITIVE	ACCEPTABLE	none
skills/frontend/references/design/layout-skill.md	content,content-precise	TRACKED	KEYWORD-FALSE-POSITIVE	ACCEPTABLE	none
skills/frontend/references/design/lazyweb.md	content	TRACKED	KEYWORD-FALSE-POSITIVE	ACCEPTABLE	none
skills/frontend/references/design/print-paged-media.md	content	TRACKED	KEYWORD-FALSE-POSITIVE	ACCEPTABLE	none
skills/frontend/references/design/react-dev-tooling-skill.md	content	TRACKED	KEYWORD-FALSE-POSITIVE	ACCEPTABLE	none
skills/frontend/references/design/stylegallery.md	content	TRACKED	KEYWORD-FALSE-POSITIVE	ACCEPTABLE	none
skills/frontend/references/designpowers/README.md	content	TRACKED	KEYWORD-FALSE-POSITIVE	ACCEPTABLE	none
skills/frontend/references/designpowers/UPSTREAM.md	content	TRACKED	KEYWORD-FALSE-POSITIVE	ACCEPTABLE	none
skills/frontend/references/designpowers/lane-a-direction.md	content	TRACKED	KEYWORD-FALSE-POSITIVE	ACCEPTABLE	none
skills/frontend/references/designpowers/lane-b-execution.md	content	TRACKED	KEYWORD-FALSE-POSITIVE	ACCEPTABLE	none
skills/frontend/references/designpowers/lane-c-review.md	content	TRACKED	KEYWORD-FALSE-POSITIVE	ACCEPTABLE	none
skills/frontend/references/designpowers/lane-d-memory.md	content	TRACKED	KEYWORD-FALSE-POSITIVE	ACCEPTABLE	none
skills/frontend/references/designpowers/orchestration.md	content	TRACKED	KEYWORD-FALSE-POSITIVE	ACCEPTABLE	none
skills/frontend/references/designpowers/routing.md	content	TRACKED	KEYWORD-FALSE-POSITIVE	ACCEPTABLE	none
skills/frontend/references/perfection/README.md	content	TRACKED	KEYWORD-FALSE-POSITIVE	ACCEPTABLE	none
skills/git-master/SKILL.md	content	TRACKED	KEYWORD-FALSE-POSITIVE	ACCEPTABLE	none
skills/git-master/agents/openai.yaml	content	TRACKED	KEYWORD-FALSE-POSITIVE	ACCEPTABLE	none
skills/init-deep/SKILL.md	content	TRACKED	KEYWORD-FALSE-POSITIVE	ACCEPTABLE	none
skills/lsp-setup/SKILL.md	content,content-precise	TRACKED	BRIDGE-BY-DESIGN	ACCEPTABLE	none
skills/lsp-setup/references/bash/README.md	content	TRACKED	KEYWORD-FALSE-POSITIVE	ACCEPTABLE	none
skills/lsp-setup/references/c-cpp/README.md	content	TRACKED	KEYWORD-FALSE-POSITIVE	ACCEPTABLE	none
skills/lsp-setup/references/csharp/README.md	content	TRACKED	KEYWORD-FALSE-POSITIVE	ACCEPTABLE	none
skills/lsp-setup/references/dart/README.md	content	TRACKED	KEYWORD-FALSE-POSITIVE	ACCEPTABLE	none
skills/lsp-setup/references/elixir/README.md	content	TRACKED	KEYWORD-FALSE-POSITIVE	ACCEPTABLE	none
skills/lsp-setup/references/go/README.md	content	TRACKED	KEYWORD-FALSE-POSITIVE	ACCEPTABLE	none
skills/lsp-setup/references/haskell/README.md	content	TRACKED	KEYWORD-FALSE-POSITIVE	ACCEPTABLE	none
skills/lsp-setup/references/java/README.md	content	TRACKED	KEYWORD-FALSE-POSITIVE	ACCEPTABLE	none
skills/lsp-setup/references/julia/README.md	content	TRACKED	KEYWORD-FALSE-POSITIVE	ACCEPTABLE	none
skills/lsp-setup/references/kotlin/README.md	content	TRACKED	KEYWORD-FALSE-POSITIVE	ACCEPTABLE	none
skills/lsp-setup/references/lua/README.md	content	TRACKED	KEYWORD-FALSE-POSITIVE	ACCEPTABLE	none
skills/lsp-setup/references/php/README.md	content	TRACKED	KEYWORD-FALSE-POSITIVE	ACCEPTABLE	none
skills/lsp-setup/references/python/README.md	content	TRACKED	KEYWORD-FALSE-POSITIVE	ACCEPTABLE	none
skills/lsp-setup/references/ruby/README.md	content	TRACKED	KEYWORD-FALSE-POSITIVE	ACCEPTABLE	none
skills/lsp-setup/references/rust/README.md	content	TRACKED	KEYWORD-FALSE-POSITIVE	ACCEPTABLE	none
skills/lsp-setup/references/swift/README.md	content	TRACKED	KEYWORD-FALSE-POSITIVE	ACCEPTABLE	none
skills/lsp-setup/references/terraform/README.md	content	TRACKED	KEYWORD-FALSE-POSITIVE	ACCEPTABLE	none
skills/lsp-setup/references/typescript/README.md	content	TRACKED	KEYWORD-FALSE-POSITIVE	ACCEPTABLE	none
skills/lsp-setup/references/yaml/README.md	content	TRACKED	KEYWORD-FALSE-POSITIVE	ACCEPTABLE	none
skills/lsp-setup/references/zig/README.md	content	TRACKED	KEYWORD-FALSE-POSITIVE	ACCEPTABLE	none
skills/lsp-setup/scripts/verify-lsp.ts	content,name	TRACKED	KEYWORD-FALSE-POSITIVE	ACCEPTABLE	none
skills/programming/SKILL.md	content	TRACKED	KEYWORD-FALSE-POSITIVE	ACCEPTABLE	none
skills/programming/references/code-smells.md	content	TRACKED	KEYWORD-FALSE-POSITIVE	ACCEPTABLE	none
skills/programming/references/go/cobra-stack.md	content	TRACKED	KEYWORD-FALSE-POSITIVE	ACCEPTABLE	none
skills/programming/references/go/concurrency.md	content	TRACKED	KEYWORD-FALSE-POSITIVE	ACCEPTABLE	none
skills/programming/references/go/testing.md	content	TRACKED	KEYWORD-FALSE-POSITIVE	ACCEPTABLE	none
skills/programming/references/go/type-patterns.md	content	TRACKED	KEYWORD-FALSE-POSITIVE	ACCEPTABLE	none
skills/programming/references/python/httpx2-optimization.md	content	TRACKED	KEYWORD-FALSE-POSITIVE	ACCEPTABLE	none
skills/programming/references/rust-ub/README.md	content	TRACKED	KEYWORD-FALSE-POSITIVE	ACCEPTABLE	none
skills/programming/references/rust-ub/miri-sanitizers-loom.md	content	TRACKED	KEYWORD-FALSE-POSITIVE	ACCEPTABLE	none
skills/programming/references/rust-ub/ub-taxonomy.md	content	TRACKED	KEYWORD-FALSE-POSITIVE	ACCEPTABLE	none
skills/programming/references/rust/axum-stack.md	content	TRACKED	KEYWORD-FALSE-POSITIVE	ACCEPTABLE	none
skills/refactor/SKILL.md	content	TRACKED	KEYWORD-FALSE-POSITIVE	ACCEPTABLE	none
skills/remove-ai-slops/SKILL.md	content	TRACKED	KEYWORD-FALSE-POSITIVE	ACCEPTABLE	none
skills/review-work/SKILL.md	content	TRACKED	KEYWORD-FALSE-POSITIVE	ACCEPTABLE	none
skills/svn-master/SKILL.md	content	TRACKED	KEYWORD-FALSE-POSITIVE	ACCEPTABLE	none
skills/ultimate-browsing/engine/AGENTS.md	content	TRACKED	KEYWORD-FALSE-POSITIVE	ACCEPTABLE	none
skills/ultimate-browsing/engine/surrogate.py	content	TRACKED	KEYWORD-FALSE-POSITIVE	ACCEPTABLE	none
skills/ultimate-browsing/engine/surrogates.yaml	content	TRACKED	KEYWORD-FALSE-POSITIVE	ACCEPTABLE	none
skills/ultimate-browsing/engine/tests/fixtures/search_interstitial.html	content	TRACKED	KEYWORD-FALSE-POSITIVE	ACCEPTABLE	none
skills/ultimate-browsing/engine/tests/fixtures/wayback_snapshot.html	content	TRACKED	KEYWORD-FALSE-POSITIVE	ACCEPTABLE	none
skills/ultimate-browsing/engine/tests/test_surrogate.py	content	TRACKED	KEYWORD-FALSE-POSITIVE	ACCEPTABLE	none
skills/ultimate-browsing/engine/tests/test_surrogate_validators.py	content	TRACKED	KEYWORD-FALSE-POSITIVE	ACCEPTABLE	none
skills/ultimate-browsing/references/chrome-stealth.md	content	TRACKED	KEYWORD-FALSE-POSITIVE	ACCEPTABLE	none
skills/ultimate-browsing/references/insane-search/fallback.md	content	TRACKED	KEYWORD-FALSE-POSITIVE	ACCEPTABLE	none
skills/ultimate-browsing/references/insane-search/tls-impersonate.md	content	TRACKED	KEYWORD-FALSE-POSITIVE	ACCEPTABLE	none
skills/ulw-execute/SKILL.md	content	TRACKED	KEYWORD-FALSE-POSITIVE	ACCEPTABLE	none
skills/ulw-plan/SKILL.md	content	TRACKED	KEYWORD-FALSE-POSITIVE	ACCEPTABLE	none
skills/ulw-plan/references/full-workflow.md	content	TRACKED	KEYWORD-FALSE-POSITIVE	ACCEPTABLE	none
skills/ulw-plan/references/intent-unclear.md	content	TRACKED	KEYWORD-FALSE-POSITIVE	ACCEPTABLE	none
skills/ulw-plan/scripts/scaffold-plan.mjs	content	TRACKED	KEYWORD-FALSE-POSITIVE	ACCEPTABLE	none
skills/ulw-research/ATTRIBUTION.md	content	TRACKED	KEYWORD-FALSE-POSITIVE	ACCEPTABLE	none
skills/ulw-research/SKILL.md	content	TRACKED	KEYWORD-FALSE-POSITIVE	ACCEPTABLE	none
skills/visual-qa/SKILL.md	content	TRACKED	KEYWORD-FALSE-POSITIVE	ACCEPTABLE	none
t5-closure-evidence/t5-closure.md	content,content-precise	TRACKED	PROCESS-RECORD	ACCEPTABLE	none
tests/golden/fixtures/verilog/README.md	content-precise	TRACKED	BRIDGE-BY-DESIGN	ACCEPTABLE	none
tests/golden/fixtures/verilog/modules/adder4.v	content,content-precise,name	TRACKED	BRIDGE-BY-DESIGN	ACCEPTABLE	none
tests/golden/fixtures/verilog/modules/cnt8.v	content-precise,name	TRACKED	BRIDGE-BY-DESIGN	ACCEPTABLE	none
tests/golden/fixtures/verilog/tb/tb_adder4.v	content,content-precise,name	TRACKED	BRIDGE-BY-DESIGN	ACCEPTABLE	none
tests/golden/out/plans/mpd-summary-plan.md	content	TRACKED	KEYWORD-FALSE-POSITIVE	ACCEPTABLE	none
tests/overlays/persona-oracle.yml	content	TRACKED	KEYWORD-FALSE-POSITIVE	ACCEPTABLE	none
tests/overlays/persona-prometheus.yml	content	TRACKED	KEYWORD-FALSE-POSITIVE	ACCEPTABLE	none
