arm=d
sandbox=/home/haroldzhao/MyProj/DshProj/My-Power-Dsh/.mpd/recon/pv
panels=none
bootBar="‹ 待办 › ▸ ◆"
sidebarBar="‹ 待办 › ▸ ◆"
settledBar="‹ 待办 › ▸ ◆"
bars=["‹ 待办 › ▸ ◆","≡ ‹ 任务 › ◆                                                      ⤢","≡ ▸ ‹ 代理 ›                                                      ⤢"]
registeredIds=["act1:team","act1:dag","act1:workmate","todo","info","jobs","trajectory","agents","workspace","companion"]
mpdRegisteredIds=["act1:team","act1:dag","act1:workmate"]
csvDistinct=["todo,jobs,agents,act1:team","todo,jobs,agents,act1:team,act1:dag","todo,jobs,agents,act1:team,act1:dag,act1:workmate","todo,jobs,agents"]
csvEvents=["todo,jobs,agents,act1:team","todo,jobs,agents,act1:team,act1:dag","todo,jobs,agents,act1:team,act1:dag,act1:workmate","todo,jobs,agents"]
mpdIdsSettledEnabled=false
keeperLines=["mpd-tui panel enable keeper: absent — no candidate carried a readable lib/types/tuiDisplayPrefs.js (1 probed); 0 write(s) over 6 tick(s); ids act1:team,act1:dag,act1:workmate"]
recordedIds=["act1:team","act1:dag","act1:workmate"]
hostPid=588 probePids=["567","574","581","588","600","601","607","621","627","628"]
failures=[]

── probe log ──
2026-10-06T16:45:28.481Z +0ms pid=567 ARM argv=/home/haroldzhao/.nvm/versions/node/v24.21.0/bin/node /home/haroldzhao/.nvm/versions/node/v24.21.0/bin/dsh-tui
2026-10-06T16:45:28.483Z +2ms pid=567 EXP panelExports=DEFAULT_SIDE_PANEL_IDS,SIDE_PANEL_ID_PATTERN,applySidePanelOpen,applySidePanelPanels,applySidePanelRatio,applySidePanelSplitEnabled,getSidePanelOpen,getSidePanelPanels,getSidePanelRatio,getSidePanelSplitEnabled,normalizeSidePanelPanels,normalizeSidePanelRatio,parseSidePanelIds,subscribeSidePanelOpen,subscribeSidePanelPanels,subscribeSidePanelRatio,subscribeSidePanelSplitEnabled
2026-10-06T16:45:28.483Z +2ms pid=567 CSV initial todo,jobs,agents
2026-10-06T16:45:28.483Z +2ms pid=567 REG initial 
2026-10-06T16:45:28.510Z +0ms pid=574 ARM argv=/home/haroldzhao/.nvm/versions/node/v24.21.0/bin/node /home/haroldzhao/MyProj/DshProj/My-Power-Dsh/.mpd/recon/pv/dshhome/profiles/dsh-tui/node_modules/@deepseek-harness-tui/dsh-tui/bin/dsh-tui.js
2026-10-06T16:45:28.511Z +1ms pid=574 EXP panelExports=DEFAULT_SIDE_PANEL_IDS,SIDE_PANEL_ID_PATTERN,applySidePanelOpen,applySidePanelPanels,applySidePanelRatio,applySidePanelSplitEnabled,getSidePanelOpen,getSidePanelPanels,getSidePanelRatio,getSidePanelSplitEnabled,normalizeSidePanelPanels,normalizeSidePanelRatio,parseSidePanelIds,subscribeSidePanelOpen,subscribeSidePanelPanels,subscribeSidePanelRatio,subscribeSidePanelSplitEnabled
2026-10-06T16:45:28.511Z +1ms pid=574 CSV initial todo,jobs,agents
2026-10-06T16:45:28.512Z +2ms pid=574 REG initial 
2026-10-06T16:45:28.537Z +0ms pid=581 ARM argv=/home/haroldzhao/.nvm/versions/node/v24.21.0/bin/node /home/haroldzhao/.nvm/versions/node/v24.21.0/bin/dsh
2026-10-06T16:45:28.538Z +1ms pid=581 EXP panelExports=DEFAULT_SIDE_PANEL_IDS,SIDE_PANEL_ID_PATTERN,applySidePanelOpen,applySidePanelPanels,applySidePanelRatio,applySidePanelSplitEnabled,getSidePanelOpen,getSidePanelPanels,getSidePanelRatio,getSidePanelSplitEnabled,normalizeSidePanelPanels,normalizeSidePanelRatio,parseSidePanelIds,subscribeSidePanelOpen,subscribeSidePanelPanels,subscribeSidePanelRatio,subscribeSidePanelSplitEnabled
2026-10-06T16:45:28.538Z +1ms pid=581 CSV initial todo,jobs,agents
2026-10-06T16:45:28.538Z +1ms pid=581 REG initial 
2026-10-06T16:45:28.592Z +0ms pid=588 ARM argv=/home/haroldzhao/.nvm/versions/node/v24.21.0/bin/node /home/haroldzhao/.nvm/versions/node/v24.21.0/bin/dsh
2026-10-06T16:45:28.593Z +1ms pid=588 EXP panelExports=DEFAULT_SIDE_PANEL_IDS,SIDE_PANEL_ID_PATTERN,applySidePanelOpen,applySidePanelPanels,applySidePanelRatio,applySidePanelSplitEnabled,getSidePanelOpen,getSidePanelPanels,getSidePanelRatio,getSidePanelSplitEnabled,normalizeSidePanelPanels,normalizeSidePanelRatio,parseSidePanelIds,subscribeSidePanelOpen,subscribeSidePanelPanels,subscribeSidePanelRatio,subscribeSidePanelSplitEnabled
2026-10-06T16:45:28.593Z +1ms pid=588 CSV initial todo,jobs,agents
2026-10-06T16:45:28.594Z +2ms pid=588 REG initial 
2026-10-06T16:45:28.734Z +253ms pid=567 CSV poll todo,jobs,agents
2026-10-06T16:45:28.761Z +251ms pid=574 CSV poll todo,jobs,agents
2026-10-06T16:45:28.984Z +503ms pid=567 REG poll 
2026-10-06T16:45:28.984Z +503ms pid=567 CSV poll todo,jobs,agents
2026-10-06T16:45:29.011Z +501ms pid=574 CSV poll todo,jobs,agents
2026-10-06T16:45:29.012Z +502ms pid=574 REG poll 
2026-10-06T16:45:29.235Z +754ms pid=567 CSV poll todo,jobs,agents
2026-10-06T16:45:29.261Z +751ms pid=574 CSV poll todo,jobs,agents
2026-10-06T16:45:29.484Z +1003ms pid=567 REG poll 
2026-10-06T16:45:29.484Z +1003ms pid=567 CSV poll todo,jobs,agents
2026-10-06T16:45:29.511Z +0ms pid=600 ARM argv=/home/haroldzhao/.nvm/versions/node/v24.21.0/bin/node /home/haroldzhao/MyProj/DshProj/My-Power-Dsh/.mpd/recon/pv/dshhome/profiles/dsh-tui/node_modules/@mpd-dsh/mpd/packages/mpd-mcp-astgrep/dist/launch.js
2026-10-06T16:45:29.511Z +0ms pid=601 ARM argv=/home/haroldzhao/.nvm/versions/node/v24.21.0/bin/node /home/haroldzhao/MyProj/DshProj/My-Power-Dsh/.mpd/recon/pv/dshhome/profiles/dsh-tui/node_modules/@mpd-dsh/mpd/packages/mpd-mcp-lsp/dist/launch.js
2026-10-06T16:45:29.511Z +1001ms pid=574 CSV poll todo,jobs,agents
2026-10-06T16:45:29.512Z +1002ms pid=574 REG poll 
2026-10-06T16:45:29.512Z +1ms pid=600 EXP panelExports=DEFAULT_SIDE_PANEL_IDS,SIDE_PANEL_ID_PATTERN,applySidePanelOpen,applySidePanelPanels,applySidePanelRatio,applySidePanelSplitEnabled,getSidePanelOpen,getSidePanelPanels,getSidePanelRatio,getSidePanelSplitEnabled,normalizeSidePanelPanels,normalizeSidePanelRatio,parseSidePanelIds,subscribeSidePanelOpen,subscribeSidePanelPanels,subscribeSidePanelRatio,subscribeSidePanelSplitEnabled
2026-10-06T16:45:29.512Z +1ms pid=600 CSV initial todo,jobs,agents
2026-10-06T16:45:29.512Z +1ms pid=601 EXP panelExports=DEFAULT_SIDE_PANEL_IDS,SIDE_PANEL_ID_PATTERN,applySidePanelOpen,applySidePanelPanels,applySidePanelRatio,applySidePanelSplitEnabled,getSidePanelOpen,getSidePanelPanels,getSidePanelRatio,getSidePanelSplitEnabled,normalizeSidePanelPanels,normalizeSidePanelRatio,parseSidePanelIds,subscribeSidePanelOpen,subscribeSidePanelPanels,subscribeSidePanelRatio,subscribeSidePanelSplitEnabled
2026-10-06T16:45:29.512Z +1ms pid=600 REG initial 
2026-10-06T16:45:29.512Z +1ms pid=601 CSV initial todo,jobs,agents
2026-10-06T16:45:29.513Z +2ms pid=601 REG initial 
2026-10-06T16:45:29.513Z +1ms pid=607 ARM argv=/home/haroldzhao/.nvm/versions/node/v24.21.0/bin/node /home/haroldzhao/MyProj/DshProj/My-Power-Dsh/.mpd/recon/pv/dshhome/profiles/dsh-tui/node_modules/@mpd-dsh/mpd/packages/mpd-mcp-codegraph/dist/launch.js
2026-10-06T16:45:29.514Z +1ms pid=607 EXP panelExports=DEFAULT_SIDE_PANEL_IDS,SIDE_PANEL_ID_PATTERN,applySidePanelOpen,applySidePanelPanels,applySidePanelRatio,applySidePanelSplitEnabled,getSidePanelOpen,getSidePanelPanels,getSidePanelRatio,getSidePanelSplitEnabled,normalizeSidePanelPanels,normalizeSidePanelRatio,parseSidePanelIds,subscribeSidePanelOpen,subscribeSidePanelPanels,subscribeSidePanelRatio,subscribeSidePanelSplitEnabled
2026-10-06T16:45:29.514Z +1ms pid=607 CSV initial todo,jobs,agents
2026-10-06T16:45:29.515Z +2ms pid=607 REG initial 
2026-10-06T16:45:29.554Z +962ms pid=588 CHANGE todo,jobs,agents,act1:team
2026-10-06T16:45:29.554Z +962ms pid=588 STACK at apply (file:///home/haroldzhao/MyProj/DshProj/My-Power-Dsh/.mpd/recon/pv/dshhome/profiles/dsh-tui/node_modules/@deepseek-harness-tui/dsh-tui/lib/types/tuiDisplayPrefs.js:158:21)
2026-10-06T16:45:29.554Z +962ms pid=588 STACK at enablePanelIdInStore (file:///home/haroldzhao/MyProj/DshProj/My-Power-Dsh/.mpd/recon/pv/dshhome/profiles/dsh-tui/node_modules/@deepseek-harness-tui/dsh-tui/lib/types/dsh-adapter/panels.js:389:5)
2026-10-06T16:45:29.554Z +962ms pid=588 STACK at Proxy.register (file:///home/haroldzhao/MyProj/DshProj/My-Power-Dsh/.mpd/recon/pv/dshhome/profiles/dsh-tui/node_modules/@deepseek-harness-tui/dsh-tui/lib/types/dsh-adapter/panels.js:247:9)
2026-10-06T16:45:29.554Z +962ms pid=588 STACK at Object.apply (file:///home/haroldzhao/.nvm/versions/node/v24.21.0/lib/node_modules/@deepseek-ai/dsh/node_modules/@deepseek-ai/cordis/lib/index.js:120:36)
2026-10-06T16:45:29.554Z +962ms pid=588 STACK at file:///home/haroldzhao/MyProj/DshProj/My-Power-Dsh/packages/mpd-tui-plugin/dist/index.js:3622:37
2026-10-06T16:45:29.554Z +962ms pid=588 STACK at Object.callback (file:///home/haroldzhao/MyProj/DshProj/My-Power-Dsh/packages/mpd-tui-plugin/dist/index.js:3191:11)
2026-10-06T16:45:29.554Z +962ms pid=588 STACK at Fiber.execute (file:///home/haroldzhao/.nvm/versions/node/v24.21.0/lib/node_modules/@deepseek-ai/dsh/node_modules/@deepseek-ai/cordis/lib/index.js:1071:28)
2026-10-06T16:45:29.554Z +962ms pid=588 STACK at file:///home/haroldzhao/MyProj/DshProj/My-Power-Dsh/.mpd/recon/pv/dshhome/profiles/dsh-tui/node_modules/@deepseek-harness-tui/dsh-tui/lib/types/dsh-adapter/host-access.js:205:28
2026-10-06T16:45:29.555Z +963ms pid=588 CHANGE todo,jobs,agents,act1:team,act1:dag
2026-10-06T16:45:29.555Z +963ms pid=588 STACK at apply (file:///home/haroldzhao/MyProj/DshProj/My-Power-Dsh/.mpd/recon/pv/dshhome/profiles/dsh-tui/node_modules/@deepseek-harness-tui/dsh-tui/lib/types/tuiDisplayPrefs.js:158:21)
2026-10-06T16:45:29.555Z +963ms pid=588 STACK at enablePanelIdInStore (file:///home/haroldzhao/MyProj/DshProj/My-Power-Dsh/.mpd/recon/pv/dshhome/profiles/dsh-tui/node_modules/@deepseek-harness-tui/dsh-tui/lib/types/dsh-adapter/panels.js:389:5)
2026-10-06T16:45:29.555Z +963ms pid=588 STACK at Proxy.register (file:///home/haroldzhao/MyProj/DshProj/My-Power-Dsh/.mpd/recon/pv/dshhome/profiles/dsh-tui/node_modules/@deepseek-harness-tui/dsh-tui/lib/types/dsh-adapter/panels.js:247:9)
2026-10-06T16:45:29.555Z +963ms pid=588 STACK at Object.apply (file:///home/haroldzhao/.nvm/versions/node/v24.21.0/lib/node_modules/@deepseek-ai/dsh/node_modules/@deepseek-ai/cordis/lib/index.js:120:36)
2026-10-06T16:45:29.555Z +963ms pid=588 STACK at file:///home/haroldzhao/MyProj/DshProj/My-Power-Dsh/packages/mpd-tui-plugin/dist/index.js:3622:37
2026-10-06T16:45:29.555Z +963ms pid=588 STACK at Object.callback (file:///home/haroldzhao/MyProj/DshProj/My-Power-Dsh/packages/mpd-tui-plugin/dist/index.js:3191:11)
2026-10-06T16:45:29.555Z +963ms pid=588 STACK at Fiber.execute (file:///home/haroldzhao/.nvm/versions/node/v24.21.0/lib/node_modules/@deepseek-ai/dsh/node_modules/@deepseek-ai/cordis/lib/index.js:1071:28)
2026-10-06T16:45:29.555Z +963ms pid=588 STACK at file:///home/haroldzhao/MyProj/DshProj/My-Power-Dsh/.mpd/recon/pv/dshhome/profiles/dsh-tui/node_modules/@deepseek-harness-tui/dsh-tui/lib/types/dsh-adapter/host-access.js:205:28
2026-10-06T16:45:29.555Z +963ms pid=588 CHANGE todo,jobs,agents,act1:team,act1:dag,act1:workmate
2026-10-06T16:45:29.555Z +963ms pid=588 STACK at apply (file:///home/haroldzhao/MyProj/DshProj/My-Power-Dsh/.mpd/recon/pv/dshhome/profiles/dsh-tui/node_modules/@deepseek-harness-tui/dsh-tui/lib/types/tuiDisplayPrefs.js:158:21)
2026-10-06T16:45:29.555Z +963ms pid=588 STACK at enablePanelIdInStore (file:///home/haroldzhao/MyProj/DshProj/My-Power-Dsh/.mpd/recon/pv/dshhome/profiles/dsh-tui/node_modules/@deepseek-harness-tui/dsh-tui/lib/types/dsh-adapter/panels.js:389:5)
2026-10-06T16:45:29.555Z +963ms pid=588 STACK at Proxy.register (file:///home/haroldzhao/MyProj/DshProj/My-Power-Dsh/.mpd/recon/pv/dshhome/profiles/dsh-tui/node_modules/@deepseek-harness-tui/dsh-tui/lib/types/dsh-adapter/panels.js:247:9)
2026-10-06T16:45:29.555Z +963ms pid=588 STACK at Object.apply (file:///home/haroldzhao/.nvm/versions/node/v24.21.0/lib/node_modules/@deepseek-ai/dsh/node_modules/@deepseek-ai/cordis/lib/index.js:120:36)
2026-10-06T16:45:29.555Z +963ms pid=588 STACK at file:///home/haroldzhao/MyProj/DshProj/My-Power-Dsh/packages/mpd-tui-plugin/dist/index.js:3622:37
2026-10-06T16:45:29.555Z +963ms pid=588 STACK at Object.callback (file:///home/haroldzhao/MyProj/DshProj/My-Power-Dsh/packages/mpd-tui-plugin/dist/index.js:3191:11)
2026-10-06T16:45:29.555Z +963ms pid=588 STACK at Fiber.execute (file:///home/haroldzhao/.nvm/versions/node/v24.21.0/lib/node_modules/@deepseek-ai/dsh/node_modules/@deepseek-ai/cordis/lib/index.js:1071:28)
2026-10-06T16:45:29.555Z +963ms pid=588 STACK at file:///home/haroldzhao/MyProj/DshProj/My-Power-Dsh/.mpd/recon/pv/dshhome/profiles/dsh-tui/node_modules/@deepseek-harness-tui/dsh-tui/lib/types/dsh-adapter/host-access.js:205:28
2026-10-06T16:45:29.617Z +1025ms pid=588 CSV poll todo,jobs,agents,act1:team,act1:dag,act1:workmate
2026-10-06T16:45:29.617Z +1025ms pid=588 REG poll act1:team@plugin,act1:dag@plugin,act1:workmate@plugin
2026-10-06T16:45:29.652Z +0ms pid=621 ARM argv=/home/haroldzhao/.nvm/versions/node/v24.21.0/bin/node /home/haroldzhao/MyProj/DshProj/My-Power-Dsh/.mpd/recon/pv/dshhome/profiles/dsh-tui/node_modules/@mpd-dsh/mpd/packages/mpd-mcp-astgrep/dist/launch.js
2026-10-06T16:45:29.653Z +1ms pid=621 EXP panelExports=DEFAULT_SIDE_PANEL_IDS,SIDE_PANEL_ID_PATTERN,applySidePanelOpen,applySidePanelPanels,applySidePanelRatio,applySidePanelSplitEnabled,getSidePanelOpen,getSidePanelPanels,getSidePanelRatio,getSidePanelSplitEnabled,normalizeSidePanelPanels,normalizeSidePanelRatio,parseSidePanelIds,subscribeSidePanelOpen,subscribeSidePanelPanels,subscribeSidePanelRatio,subscribeSidePanelSplitEnabled
2026-10-06T16:45:29.653Z +1ms pid=621 CSV initial todo,jobs,agents
2026-10-06T16:45:29.654Z +2ms pid=621 REG initial 
2026-10-06T16:45:29.660Z +1ms pid=627 ARM argv=/home/haroldzhao/.nvm/versions/node/v24.21.0/bin/node /home/haroldzhao/MyProj/DshProj/My-Power-Dsh/.mpd/recon/pv/dshhome/profiles/dsh-tui/node_modules/@mpd-dsh/mpd/packages/mpd-mcp-lsp/dist/launch.js
2026-10-06T16:45:29.662Z +2ms pid=627 EXP panelExports=DEFAULT_SIDE_PANEL_IDS,SIDE_PANEL_ID_PATTERN,applySidePanelOpen,applySidePanelPanels,applySidePanelRatio,applySidePanelSplitEnabled,getSidePanelOpen,getSidePanelPanels,getSidePanelRatio,getSidePanelSplitEnabled,normalizeSidePanelPanels,normalizeSidePanelRatio,parseSidePanelIds,subscribeSidePanelOpen,subscribeSidePanelPanels,subscribeSidePanelRatio,subscribeSidePanelSplitEnabled
2026-10-06T16:45:29.662Z +2ms pid=627 CSV initial todo,jobs,agents
2026-10-06T16:45:29.662Z +2ms pid=627 REG initial 
2026-10-06T16:45:29.665Z +1ms pid=628 ARM argv=/home/haroldzhao/.nvm/versions/node/v24.21.0/bin/node /home/haroldzhao/MyProj/DshProj/My-Power-Dsh/.mpd/recon/pv/dshhome/profiles/dsh-tui/node_modules/@mpd-dsh/mpd/packages/mpd-mcp-codegraph/dist/launch.js
2026-10-06T16:45:29.665Z +1ms pid=628 EXP panelExports=DEFAULT_SIDE_PANEL_IDS,SIDE_PANEL_ID_PATTERN,applySidePanelOpen,applySidePanelPanels,applySidePanelRatio,applySidePanelSplitEnabled,getSidePanelOpen,getSidePanelPanels,getSidePanelRatio,getSidePanelSplitEnabled,normalizeSidePanelPanels,normalizeSidePanelRatio,parseSidePanelIds,subscribeSidePanelOpen,subscribeSidePanelPanels,subscribeSidePanelRatio,subscribeSidePanelSplitEnabled
2026-10-06T16:45:29.666Z +2ms pid=628 CSV initial todo,jobs,agents
2026-10-06T16:45:29.666Z +2ms pid=628 REG initial 
2026-10-06T16:45:29.735Z +1254ms pid=567 CSV poll todo,jobs,agents
2026-10-06T16:45:29.762Z +1252ms pid=574 CSV poll todo,jobs,agents
2026-10-06T16:45:29.904Z +253ms pid=621 CSV poll todo,jobs,agents
2026-10-06T16:45:29.912Z +252ms pid=627 CSV poll todo,jobs,agents
2026-10-06T16:45:29.917Z +253ms pid=628 CSV poll todo,jobs,agents
2026-10-06T16:45:29.984Z +1503ms pid=567 REG poll 
2026-10-06T16:45:29.984Z +1503ms pid=567 CSV poll todo,jobs,agents
2026-10-06T16:45:29.990Z +1398ms pid=588 CSV poll todo,jobs,agents,act1:team,act1:dag,act1:workmate
2026-10-06T16:45:30.013Z +1503ms pid=574 REG poll 
2026-10-06T16:45:30.013Z +1503ms pid=574 CSV poll todo,jobs,agents
2026-10-06T16:45:30.118Z +1526ms pid=588 REG poll todo@builtin,info@builtin,jobs@builtin,trajectory@builtin,agents@builtin,workspace@builtin,companion@builtin,act1:team@plugin,act1:dag@plugin,act1:workmate@plugin
2026-10-06T16:45:30.154Z +502ms pid=621 REG poll 
2026-10-06T16:45:30.154Z +502ms pid=621 CSV poll todo,jobs,agents
2026-10-06T16:45:30.163Z +503ms pid=627 REG poll 
2026-10-06T16:45:30.163Z +503ms pid=627 CSV poll todo,jobs,agents
2026-10-06T16:45:30.167Z +503ms pid=628 REG poll 
2026-10-06T16:45:30.167Z +503ms pid=628 CSV poll todo,jobs,agents
2026-10-06T16:45:30.235Z +1754ms pid=567 CSV poll todo,jobs,agents
2026-10-06T16:45:30.241Z +1649ms pid=588 CSV poll todo,jobs,agents,act1:team,act1:dag,act1:workmate
2026-10-06T16:45:30.264Z +1754ms pid=574 CSV poll todo,jobs,agents
2026-10-06T16:45:30.405Z +753ms pid=621 CSV poll todo,jobs,agents
2026-10-06T16:45:30.414Z +754ms pid=627 CSV poll todo,jobs,agents
2026-10-06T16:45:30.417Z +753ms pid=628 CSV poll todo,jobs,agents
2026-10-06T16:45:30.484Z +2003ms pid=567 REG poll 
2026-10-06T16:45:30.486Z +2005ms pid=567 CSV poll todo,jobs,agents
2026-10-06T16:45:30.491Z +1899ms pid=588 CSV poll todo,jobs,agents,act1:team,act1:dag,act1:workmate
2026-10-06T16:45:30.514Z +2004ms pid=574 REG poll 
2026-10-06T16:45:30.514Z +2004ms pid=574 CSV poll todo,jobs,agents
2026-10-06T16:45:30.618Z +2026ms pid=588 REG poll todo@builtin,info@builtin,jobs@builtin,trajectory@builtin,agents@builtin,workspace@builtin,companion@builtin,act1:team@plugin,act1:dag@plugin,act1:workmate@plugin
2026-10-06T16:45:30.655Z +1003ms pid=621 REG poll 
2026-10-06T16:45:30.655Z +1003ms pid=621 CSV poll todo,jobs,agents
2026-10-06T16:45:30.664Z +1004ms pid=627 REG poll 
2026-10-06T16:45:30.664Z +1004ms pid=627 CSV poll todo,jobs,agents
2026-10-06T16:45:30.667Z +1003ms pid=628 REG poll 
2026-10-06T16:45:30.667Z +1003ms pid=628 CSV poll todo,jobs,agents
2026-10-06T16:45:30.737Z +2256ms pid=567 CSV poll todo,jobs,agents
2026-10-06T16:45:30.742Z +2150ms pid=588 CSV poll todo,jobs,agents,act1:team,act1:dag,act1:workmate
2026-10-06T16:45:30.765Z +2255ms pid=574 CSV poll todo,jobs,agents
2026-10-06T16:45:30.906Z +1254ms pid=621 CSV poll todo,jobs,agents
2026-10-06T16:45:30.914Z +1254ms pid=627 CSV poll todo,jobs,agents
2026-10-06T16:45:30.918Z +1254ms pid=628 CSV poll todo,jobs,agents
2026-10-06T16:45:30.984Z +2503ms pid=567 REG poll 
2026-10-06T16:45:30.987Z +2506ms pid=567 CSV poll todo,jobs,agents
2026-10-06T16:45:30.993Z +2401ms pid=588 CSV poll todo,jobs,agents,act1:team,act1:dag,act1:workmate
2026-10-06T16:45:31.015Z +2505ms pid=574 REG poll 
2026-10-06T16:45:31.015Z +2505ms pid=574 CSV poll todo,jobs,agents
2026-10-06T16:45:31.119Z +2527ms pid=588 REG poll todo@builtin,info@builtin,jobs@builtin,trajectory@builtin,agents@builtin,workspace@builtin,companion@builtin,act1:team@plugin,act1:dag@plugin,act1:workmate@plugin
2026-10-06T16:45:31.155Z +1503ms pid=621 REG poll 
2026-10-06T16:45:31.156Z +1504ms pid=621 CSV poll todo,jobs,agents
2026-10-06T16:45:31.165Z +1505ms pid=627 REG poll 
2026-10-06T16:45:31.166Z +1506ms pid=627 CSV poll todo,jobs,agents
2026-10-06T16:45:31.168Z +1504ms pid=628 REG poll 
2026-10-06T16:45:31.168Z +1504ms pid=628 CSV poll todo,jobs,agents
2026-10-06T16:45:31.238Z +2757ms pid=567 CSV poll todo,jobs,agents
2026-10-06T16:45:31.243Z +2651ms pid=588 CSV poll todo,jobs,agents,act1:team,act1:dag,act1:workmate
2026-10-06T16:45:31.265Z +2755ms pid=574 CSV poll todo,jobs,agents
2026-10-06T16:45:31.406Z +1754ms pid=621 CSV poll todo,jobs,agents
2026-10-06T16:45:31.416Z +1756ms pid=627 CSV poll todo,jobs,agents
2026-10-06T16:45:31.419Z +1755ms pid=628 CSV poll todo,jobs,agents
2026-10-06T16:45:31.485Z +3004ms pid=567 REG poll 
2026-10-06T16:45:31.488Z +3007ms pid=567 CSV poll todo,jobs,agents
2026-10-06T16:45:31.494Z +2902ms pid=588 CSV poll todo,jobs,agents,act1:team,act1:dag,act1:workmate
2026-10-06T16:45:31.515Z +3005ms pid=574 REG poll 
2026-10-06T16:45:31.515Z +3005ms pid=574 CSV poll todo,jobs,agents
2026-10-06T16:45:31.620Z +3028ms pid=588 REG poll todo@builtin,info@builtin,jobs@builtin,trajectory@builtin,agents@builtin,workspace@builtin,companion@builtin,act1:team@plugin,act1:dag@plugin,act1:workmate@plugin
2026-10-06T16:45:31.656Z +2004ms pid=621 REG poll 
2026-10-06T16:45:31.656Z +2004ms pid=621 CSV poll todo,jobs,agents
2026-10-06T16:45:31.666Z +2006ms pid=627 REG poll 
2026-10-06T16:45:31.666Z +2006ms pid=627 CSV poll todo,jobs,agents
2026-10-06T16:45:31.668Z +2004ms pid=628 REG poll 
2026-10-06T16:45:31.669Z +2005ms pid=628 CSV poll todo,jobs,agents
2026-10-06T16:45:31.738Z +3257ms pid=567 CSV poll todo,jobs,agents
2026-10-06T16:45:31.744Z +3152ms pid=588 CSV poll todo,jobs,agents,act1:team,act1:dag,act1:workmate
2026-10-06T16:45:31.766Z +3256ms pid=574 CSV poll todo,jobs,agents
2026-10-06T16:45:31.906Z +2254ms pid=621 CSV poll todo,jobs,agents
2026-10-06T16:45:31.917Z +2257ms pid=627 CSV poll todo,jobs,agents
2026-10-06T16:45:31.920Z +2256ms pid=628 CSV poll todo,jobs,agents
2026-10-06T16:45:31.986Z +3505ms pid=567 REG poll 
2026-10-06T16:45:31.988Z +3507ms pid=567 CSV poll todo,jobs,agents
2026-10-06T16:45:31.994Z +3402ms pid=588 CSV poll todo,jobs,agents,act1:team,act1:dag,act1:workmate
2026-10-06T16:45:32.016Z +3506ms pid=574 REG poll 
2026-10-06T16:45:32.016Z +3506ms pid=574 CSV poll todo,jobs,agents
2026-10-06T16:45:32.120Z +3528ms pid=588 REG poll todo@builtin,info@builtin,jobs@builtin,trajectory@builtin,agents@builtin,workspace@builtin,companion@builtin,act1:team@plugin,act1:dag@plugin,act1:workmate@plugin
2026-10-06T16:45:32.156Z +2504ms pid=621 REG poll 
2026-10-06T16:45:32.157Z +2505ms pid=621 CSV poll todo,jobs,agents
2026-10-06T16:45:32.167Z +2507ms pid=627 REG poll 
2026-10-06T16:45:32.167Z +2507ms pid=627 CSV poll todo,jobs,agents
2026-10-06T16:45:32.169Z +2505ms pid=628 REG poll 
2026-10-06T16:45:32.170Z +2506ms pid=628 CSV poll todo,jobs,agents
2026-10-06T16:45:32.238Z +3757ms pid=567 CSV poll todo,jobs,agents
2026-10-06T16:45:32.266Z +3756ms pid=574 CSV poll todo,jobs,agents
2026-10-06T16:45:32.401Z +3809ms pid=588 CSV poll todo,jobs,agents,act1:team,act1:dag,act1:workmate
2026-10-06T16:45:32.407Z +2755ms pid=621 CSV poll todo,jobs,agents
2026-10-06T16:45:32.417Z +2757ms pid=627 CSV poll todo,jobs,agents
2026-10-06T16:45:32.420Z +2756ms pid=628 CSV poll todo,jobs,agents
2026-10-06T16:45:32.487Z +4006ms pid=567 REG poll 
2026-10-06T16:45:32.488Z +4007ms pid=567 CSV poll todo,jobs,agents
2026-10-06T16:45:32.517Z +4007ms pid=574 REG poll 
2026-10-06T16:45:32.517Z +4007ms pid=574 CSV poll todo,jobs,agents
2026-10-06T16:45:32.657Z +3005ms pid=621 REG poll 
2026-10-06T16:45:32.657Z +3006ms pid=621 CSV poll todo,jobs,agents
2026-10-06T16:45:32.668Z +3008ms pid=627 REG poll 
2026-10-06T16:45:32.668Z +3008ms pid=627 CSV poll todo,jobs,agents
2026-10-06T16:45:32.669Z +3005ms pid=628 REG poll 
2026-10-06T16:45:32.670Z +3006ms pid=628 CSV poll todo,jobs,agents
2026-10-06T16:45:32.739Z +4258ms pid=567 CSV poll todo,jobs,agents
2026-10-06T16:45:32.767Z +4257ms pid=574 CSV poll todo,jobs,agents
2026-10-06T16:45:32.908Z +3256ms pid=621 CSV poll todo,jobs,agents
2026-10-06T16:45:32.919Z +3259ms pid=627 CSV poll todo,jobs,agents
2026-10-06T16:45:32.920Z +3256ms pid=628 CSV poll todo,jobs,agents
2026-10-06T16:45:32.987Z +4506ms pid=567 REG poll 
2026-10-06T16:45:32.989Z +4508ms pid=567 CSV poll todo,jobs,agents
2026-10-06T16:45:33.018Z +4508ms pid=574 REG poll 
2026-10-06T16:45:33.018Z +4508ms pid=574 CSV poll todo,jobs,agents
2026-10-06T16:45:33.158Z +3506ms pid=621 REG poll 
2026-10-06T16:45:33.158Z +3506ms pid=621 CSV poll todo,jobs,agents
2026-10-06T16:45:33.168Z +3508ms pid=627 REG poll 
2026-10-06T16:45:33.168Z +3508ms pid=627 CSV poll todo,jobs,agents
2026-10-06T16:45:33.170Z +3506ms pid=628 REG poll 
2026-10-06T16:45:33.171Z +3507ms pid=628 CSV poll todo,jobs,agents
2026-10-06T16:45:33.240Z +4759ms pid=567 CSV poll todo,jobs,agents
2026-10-06T16:45:33.269Z +4759ms pid=574 CSV poll todo,jobs,agents
2026-10-06T16:45:33.409Z +3757ms pid=621 CSV poll todo,jobs,agents
2026-10-06T16:45:33.419Z +3759ms pid=627 CSV poll todo,jobs,agents
2026-10-06T16:45:33.421Z +3757ms pid=628 CSV poll todo,jobs,agents
2026-10-06T16:45:33.478Z +4886ms pid=588 REG poll todo@builtin,info@builtin,jobs@builtin,trajectory@builtin,agents@builtin,workspace@builtin,companion@builtin,act1:team@plugin,act1:dag@plugin,act1:workmate@plugin
2026-10-06T16:45:33.478Z +4886ms pid=588 CSV poll todo,jobs,agents,act1:team,act1:dag,act1:workmate
2026-10-06T16:45:33.487Z +5006ms pid=567 REG poll 
2026-10-06T16:45:33.491Z +5010ms pid=567 CSV poll todo,jobs,agents
2026-10-06T16:45:33.497Z +4905ms pid=588 CHANGE todo,jobs,agents
2026-10-06T16:45:33.497Z +4905ms pid=588 STACK at apply (file:///home/haroldzhao/MyProj/DshProj/My-Power-Dsh/.mpd/recon/pv/dshhome/profiles/dsh-tui/node_modules/@deepseek-harness-tui/dsh-tui/lib/types/tuiDisplayPrefs.js:158:21)
2026-10-06T16:45:33.497Z +4905ms pid=588 STACK at apply (file:///home/haroldzhao/MyProj/DshProj/My-Power-Dsh/.mpd/recon/pv/dshhome/profiles/dsh-tui/node_modules/@deepseek-harness-tui/dsh-tui/lib/types/dsh-adapter/plugin.js:586:5)
2026-10-06T16:45:33.497Z +4905ms pid=588 STACK at async Fiber._reload (file:///home/haroldzhao/.nvm/versions/node/v24.21.0/lib/node_modules/@deepseek-ai/dsh/node_modules/@deepseek-ai/cordis/lib/index.js:1356:5)
2026-10-06T16:45:33.497Z +4905ms pid=588 STACK at async Fiber.await (file:///home/haroldzhao/.nvm/versions/node/v24.21.0/lib/node_modules/@deepseek-ai/dsh/node_modules/@deepseek-ai/cordis/lib/index.js:1400:24)
2026-10-06T16:45:33.518Z +5008ms pid=574 REG poll 
2026-10-06T16:45:33.520Z +5010ms pid=574 CSV poll todo,jobs,agents
2026-10-06T16:45:33.658Z +4006ms pid=621 REG poll 
2026-10-06T16:45:33.660Z +4008ms pid=621 CSV poll todo,jobs,agents
2026-10-06T16:45:33.668Z +4008ms pid=627 REG poll 
2026-10-06T16:45:33.669Z +4009ms pid=627 CSV poll todo,jobs,agents
2026-10-06T16:45:33.670Z +4006ms pid=628 REG poll 
2026-10-06T16:45:33.672Z +4008ms pid=628 CSV poll todo,jobs,agents
2026-10-06T16:45:33.730Z +5138ms pid=588 CSV poll todo,jobs,agents
2026-10-06T16:45:33.741Z +5260ms pid=567 CSV poll todo,jobs,agents
2026-10-06T16:45:33.770Z +5260ms pid=574 CSV poll todo,jobs,agents
2026-10-06T16:45:33.910Z +4258ms pid=621 CSV poll todo,jobs,agents
2026-10-06T16:45:33.920Z +4260ms pid=627 CSV poll todo,jobs,agents
2026-10-06T16:45:33.922Z +4258ms pid=628 CSV poll todo,jobs,agents
2026-10-06T16:45:33.978Z +5386ms pid=588 REG poll todo@builtin,info@builtin,jobs@builtin,trajectory@builtin,agents@builtin,workspace@builtin,companion@builtin,act1:team@plugin,act1:dag@plugin,act1:workmate@plugin
2026-10-06T16:45:33.980Z +5388ms pid=588 CSV poll todo,jobs,agents
2026-10-06T16:45:33.988Z +5507ms pid=567 REG poll 
2026-10-06T16:45:33.991Z +5510ms pid=567 CSV poll todo,jobs,agents
2026-10-06T16:45:34.018Z +5508ms pid=574 REG poll 
2026-10-06T16:45:34.022Z +5512ms pid=574 CSV poll todo,jobs,agents
2026-10-06T16:45:34.159Z +4507ms pid=621 REG poll 
2026-10-06T16:45:34.159Z +4507ms pid=621 CSV poll todo,jobs,agents
2026-10-06T16:45:34.167Z +4507ms pid=627 REG poll 
2026-10-06T16:45:34.171Z +4511ms pid=627 CSV poll todo,jobs,agents
2026-10-06T16:45:34.172Z +4508ms pid=628 REG poll 
2026-10-06T16:45:34.172Z +4508ms pid=628 CSV poll todo,jobs,agents
2026-10-06T16:45:34.230Z +5638ms pid=588 CSV poll todo,jobs,agents
2026-10-06T16:45:34.242Z +5761ms pid=567 CSV poll todo,jobs,agents
2026-10-06T16:45:34.272Z +5762ms pid=574 CSV poll todo,jobs,agents
2026-10-06T16:45:34.410Z +4758ms pid=621 CSV poll todo,jobs,agents
2026-10-06T16:45:34.422Z +4762ms pid=627 CSV poll todo,jobs,agents
2026-10-06T16:45:34.422Z +4758ms pid=628 CSV poll todo,jobs,agents
2026-10-06T16:45:34.479Z +5887ms pid=588 REG poll todo@builtin,info@builtin,jobs@builtin,trajectory@builtin,agents@builtin,workspace@builtin,companion@builtin,act1:team@plugin,act1:dag@plugin,act1:workmate@plugin
2026-10-06T16:45:34.481Z +5889ms pid=588 CSV poll todo,jobs,agents
2026-10-06T16:45:34.489Z +6008ms pid=567 REG poll 
2026-10-06T16:45:34.492Z +6011ms pid=567 CSV poll todo,jobs,agents
2026-10-06T16:45:34.519Z +6009ms pid=574 REG poll 
2026-10-06T16:45:34.523Z +6013ms pid=574 CSV poll todo,jobs,agents
2026-10-06T16:45:34.660Z +5008ms pid=621 REG poll 
2026-10-06T16:45:34.661Z +5009ms pid=621 CSV poll todo,jobs,agents
2026-10-06T16:45:34.668Z +5008ms pid=627 REG poll 
2026-10-06T16:45:34.672Z +5008ms pid=628 REG poll 
2026-10-06T16:45:34.672Z +5012ms pid=627 CSV poll todo,jobs,agents
2026-10-06T16:45:34.672Z +5008ms pid=628 CSV poll todo,jobs,agents
2026-10-06T16:45:34.733Z +6141ms pid=588 CSV poll todo,jobs,agents
2026-10-06T16:45:34.742Z +6261ms pid=567 CSV poll todo,jobs,agents
2026-10-06T16:45:34.773Z +6264ms pid=574 CSV poll todo,jobs,agents
2026-10-06T16:45:34.911Z +5260ms pid=621 CSV poll todo,jobs,agents
2026-10-06T16:45:34.923Z +5259ms pid=628 CSV poll todo,jobs,agents
2026-10-06T16:45:34.923Z +5263ms pid=627 CSV poll todo,jobs,agents
2026-10-06T16:45:34.978Z +6386ms pid=588 REG poll todo@builtin,info@builtin,jobs@builtin,trajectory@builtin,agents@builtin,workspace@builtin,companion@builtin,act1:team@plugin,act1:dag@plugin,act1:workmate@plugin
2026-10-06T16:45:34.983Z +6391ms pid=588 CSV poll todo,jobs,agents
2026-10-06T16:45:34.989Z +6508ms pid=567 REG poll 
2026-10-06T16:45:34.993Z +6512ms pid=567 CSV poll todo,jobs,agents
2026-10-06T16:45:35.020Z +6510ms pid=574 REG poll 
2026-10-06T16:45:35.025Z +6515ms pid=574 CSV poll todo,jobs,agents
2026-10-06T16:45:35.161Z +5509ms pid=621 REG poll 
2026-10-06T16:45:35.162Z +5510ms pid=621 CSV poll todo,jobs,agents
2026-10-06T16:45:35.169Z +5509ms pid=627 REG poll 
2026-10-06T16:45:35.172Z +5508ms pid=628 REG poll 
2026-10-06T16:45:35.173Z +5509ms pid=628 CSV poll todo,jobs,agents
2026-10-06T16:45:35.174Z +5514ms pid=627 CSV poll todo,jobs,agents
2026-10-06T16:45:35.232Z +6640ms pid=588 CSV poll todo,jobs,agents
2026-10-06T16:45:35.244Z +6763ms pid=567 CSV poll todo,jobs,agents
2026-10-06T16:45:35.276Z +6766ms pid=574 CSV poll todo,jobs,agents
2026-10-06T16:45:35.413Z +5761ms pid=621 CSV poll todo,jobs,agents
2026-10-06T16:45:35.425Z +5765ms pid=627 CSV poll todo,jobs,agents
2026-10-06T16:45:35.425Z +5761ms pid=628 CSV poll todo,jobs,agents
2026-10-06T16:45:35.479Z +6887ms pid=588 REG poll todo@builtin,info@builtin,jobs@builtin,trajectory@builtin,agents@builtin,workspace@builtin,companion@builtin,act1:team@plugin,act1:dag@plugin,act1:workmate@plugin
2026-10-06T16:45:35.483Z +6891ms pid=588 CSV poll todo,jobs,agents
2026-10-06T16:45:35.489Z +7008ms pid=567 REG poll 
2026-10-06T16:45:35.495Z +7014ms pid=567 CSV poll todo,jobs,agents
2026-10-06T16:45:35.521Z +7011ms pid=574 REG poll 
2026-10-06T16:45:35.525Z +7015ms pid=574 CSV poll todo,jobs,agents
2026-10-06T16:45:35.661Z +6009ms pid=621 REG poll 
2026-10-06T16:45:35.664Z +6012ms pid=621 CSV poll todo,jobs,agents
2026-10-06T16:45:35.669Z +6009ms pid=627 REG poll 
2026-10-06T16:45:35.672Z +6008ms pid=628 REG poll 
2026-10-06T16:45:35.676Z +6016ms pid=627 CSV poll todo,jobs,agents
2026-10-06T16:45:35.676Z +6012ms pid=628 CSV poll todo,jobs,agents
2026-10-06T16:45:35.733Z +7141ms pid=588 CSV poll todo,jobs,agents
2026-10-06T16:45:35.745Z +7264ms pid=567 CSV poll todo,jobs,agents
2026-10-06T16:45:35.776Z +7266ms pid=574 CSV poll todo,jobs,agents
2026-10-06T16:45:35.914Z +6262ms pid=621 CSV poll todo,jobs,agents
2026-10-06T16:45:35.926Z +6262ms pid=628 CSV poll todo,jobs,agents
2026-10-06T16:45:35.926Z +6266ms pid=627 CSV poll todo,jobs,agents
2026-10-06T16:45:35.979Z +7387ms pid=588 REG poll todo@builtin,info@builtin,jobs@builtin,trajectory@builtin,agents@builtin,workspace@builtin,companion@builtin,act1:team@plugin,act1:dag@plugin,act1:workmate@plugin
2026-10-06T16:45:35.983Z +7391ms pid=588 CSV poll todo,jobs,agents
2026-10-06T16:45:35.988Z +7507ms pid=567 REG poll 
2026-10-06T16:45:35.996Z +7515ms pid=567 CSV poll todo,jobs,agents
2026-10-06T16:45:36.022Z +7512ms pid=574 REG poll 
2026-10-06T16:45:36.027Z +7517ms pid=574 CSV poll todo,jobs,agents
2026-10-06T16:45:36.161Z +6509ms pid=621 REG poll 
2026-10-06T16:45:36.165Z +6513ms pid=621 CSV poll todo,jobs,agents
2026-10-06T16:45:36.169Z +6509ms pid=627 REG poll 
2026-10-06T16:45:36.173Z +6509ms pid=628 REG poll 
2026-10-06T16:45:36.177Z +6517ms pid=627 CSV poll todo,jobs,agents
2026-10-06T16:45:36.177Z +6513ms pid=628 CSV poll todo,jobs,agents
2026-10-06T16:45:36.234Z +7642ms pid=588 CSV poll todo,jobs,agents
2026-10-06T16:45:36.247Z +7766ms pid=567 CSV poll todo,jobs,agents
2026-10-06T16:45:36.278Z +7768ms pid=574 CSV poll todo,jobs,agents
2026-10-06T16:45:36.415Z +6763ms pid=621 CSV poll todo,jobs,agents
2026-10-06T16:45:36.428Z +6768ms pid=627 CSV poll todo,jobs,agents
2026-10-06T16:45:36.428Z +6764ms pid=628 CSV poll todo,jobs,agents
2026-10-06T16:45:36.480Z +7888ms pid=588 REG poll todo@builtin,info@builtin,jobs@builtin,trajectory@builtin,agents@builtin,workspace@builtin,companion@builtin,act1:team@plugin,act1:dag@plugin,act1:workmate@plugin
2026-10-06T16:45:36.485Z +7893ms pid=588 CSV poll todo,jobs,agents
2026-10-06T16:45:36.488Z +8007ms pid=567 REG poll 
2026-10-06T16:45:36.498Z +8017ms pid=567 CSV poll todo,jobs,agents
2026-10-06T16:45:36.522Z +8012ms pid=574 REG poll 
2026-10-06T16:45:36.529Z +8019ms pid=574 CSV poll todo,jobs,agents
2026-10-06T16:45:36.662Z +7010ms pid=621 REG poll 
2026-10-06T16:45:36.666Z +7014ms pid=621 CSV poll todo,jobs,agents
2026-10-06T16:45:36.670Z +7010ms pid=627 REG poll 
2026-10-06T16:45:36.673Z +7009ms pid=628 REG poll 
2026-10-06T16:45:36.678Z +7018ms pid=627 CSV poll todo,jobs,agents
2026-10-06T16:45:36.678Z +7015ms pid=628 CSV poll todo,jobs,agents
2026-10-06T16:45:36.736Z +8144ms pid=588 CSV poll todo,jobs,agents
2026-10-06T16:45:36.750Z +8269ms pid=567 CSV poll todo,jobs,agents
2026-10-06T16:45:36.779Z +8269ms pid=574 CSV poll todo,jobs,agents
2026-10-06T16:45:36.916Z +7264ms pid=621 CSV poll todo,jobs,agents
2026-10-06T16:45:36.928Z +7268ms pid=627 CSV poll todo,jobs,agents
2026-10-06T16:45:36.929Z +7265ms pid=628 CSV poll todo,jobs,agents
2026-10-06T16:45:36.981Z +8389ms pid=588 REG poll todo@builtin,info@builtin,jobs@builtin,trajectory@builtin,agents@builtin,workspace@builtin,companion@builtin,act1:team@plugin,act1:dag@plugin,act1:workmate@plugin
2026-10-06T16:45:36.986Z +8394ms pid=588 CSV poll todo,jobs,agents
2026-10-06T16:45:36.989Z +8508ms pid=567 REG poll 
2026-10-06T16:45:37.001Z +8520ms pid=567 CSV poll todo,jobs,agents
2026-10-06T16:45:37.022Z +8512ms pid=574 REG poll 
2026-10-06T16:45:37.029Z +8519ms pid=574 CSV poll todo,jobs,agents
2026-10-06T16:45:37.164Z +7512ms pid=621 REG poll 
2026-10-06T16:45:37.167Z +7515ms pid=621 CSV poll todo,jobs,agents
2026-10-06T16:45:37.171Z +7511ms pid=627 REG poll 
2026-10-06T16:45:37.174Z +7510ms pid=628 REG poll 
2026-10-06T16:45:37.179Z +7519ms pid=627 CSV poll todo,jobs,agents
2026-10-06T16:45:37.179Z +7515ms pid=628 CSV poll todo,jobs,agents
2026-10-06T16:45:37.236Z +8644ms pid=588 CSV poll todo,jobs,agents
2026-10-06T16:45:37.251Z +8770ms pid=567 CSV poll todo,jobs,agents
2026-10-06T16:45:37.280Z +8770ms pid=574 CSV poll todo,jobs,agents
2026-10-06T16:45:37.418Z +7766ms pid=621 CSV poll todo,jobs,agents
2026-10-06T16:45:37.430Z +7770ms pid=627 CSV poll todo,jobs,agents
2026-10-06T16:45:37.430Z +7766ms pid=628 CSV poll todo,jobs,agents
2026-10-06T16:45:37.481Z +8889ms pid=588 REG poll todo@builtin,info@builtin,jobs@builtin,trajectory@builtin,agents@builtin,workspace@builtin,companion@builtin,act1:team@plugin,act1:dag@plugin,act1:workmate@plugin
2026-10-06T16:45:37.487Z +8895ms pid=588 CSV poll todo,jobs,agents
2026-10-06T16:45:37.490Z +9009ms pid=567 REG poll 
2026-10-06T16:45:37.501Z +9020ms pid=567 CSV poll todo,jobs,agents
2026-10-06T16:45:37.523Z +9013ms pid=574 REG poll 
2026-10-06T16:45:37.531Z +9021ms pid=574 CSV poll todo,jobs,agents
2026-10-06T16:45:37.664Z +8012ms pid=621 REG poll 
2026-10-06T16:45:37.668Z +8016ms pid=621 CSV poll todo,jobs,agents
2026-10-06T16:45:37.672Z +8012ms pid=627 REG poll 
2026-10-06T16:45:37.676Z +8012ms pid=628 REG poll 
2026-10-06T16:45:37.680Z +8020ms pid=627 CSV poll todo,jobs,agents
2026-10-06T16:45:37.680Z +8016ms pid=628 CSV poll todo,jobs,agents
2026-10-06T16:45:37.737Z +9145ms pid=588 CSV poll todo,jobs,agents
2026-10-06T16:45:37.751Z +9270ms pid=567 CSV poll todo,jobs,agents
2026-10-06T16:45:37.782Z +9272ms pid=574 CSV poll todo,jobs,agents
2026-10-06T16:45:37.919Z +8267ms pid=621 CSV poll todo,jobs,agents
2026-10-06T16:45:37.930Z +8266ms pid=628 CSV poll todo,jobs,agents
2026-10-06T16:45:37.930Z +8270ms pid=627 CSV poll todo,jobs,agents
2026-10-06T16:45:37.981Z +9389ms pid=588 REG poll todo@builtin,info@builtin,jobs@builtin,trajectory@builtin,agents@builtin,workspace@builtin,companion@builtin,act1:team@plugin,act1:dag@plugin,act1:workmate@plugin
2026-10-06T16:45:37.988Z +9396ms pid=588 CSV poll todo,jobs,agents
2026-10-06T16:45:37.991Z +9510ms pid=567 REG poll 
2026-10-06T16:45:38.001Z +9520ms pid=567 CSV poll todo,jobs,agents
2026-10-06T16:45:38.023Z +9513ms pid=574 REG poll 
2026-10-06T16:45:38.033Z +9523ms pid=574 CSV poll todo,jobs,agents
2026-10-06T16:45:38.165Z +8513ms pid=621 REG poll 
2026-10-06T16:45:38.169Z +8517ms pid=621 CSV poll todo,jobs,agents
2026-10-06T16:45:38.173Z +8513ms pid=627 REG poll 
2026-10-06T16:45:38.176Z +8512ms pid=628 REG poll 
2026-10-06T16:45:38.181Z +8517ms pid=628 CSV poll todo,jobs,agents
2026-10-06T16:45:38.181Z +8521ms pid=627 CSV poll todo,jobs,agents
2026-10-06T16:45:38.238Z +9646ms pid=588 CSV poll todo,jobs,agents
2026-10-06T16:45:38.251Z +9771ms pid=567 CSV poll todo,jobs,agents
2026-10-06T16:45:38.283Z +9773ms pid=574 CSV poll todo,jobs,agents
2026-10-06T16:45:38.420Z +8768ms pid=621 CSV poll todo,jobs,agents
2026-10-06T16:45:38.431Z +8767ms pid=628 CSV poll todo,jobs,agents
2026-10-06T16:45:38.431Z +8771ms pid=627 CSV poll todo,jobs,agents
2026-10-06T16:45:38.481Z +9890ms pid=588 REG poll todo@builtin,info@builtin,jobs@builtin,trajectory@builtin,agents@builtin,workspace@builtin,companion@builtin,act1:team@plugin,act1:dag@plugin,act1:workmate@plugin
2026-10-06T16:45:38.488Z +9896ms pid=588 CSV poll todo,jobs,agents
2026-10-06T16:45:38.491Z +10010ms pid=567 REG poll 
2026-10-06T16:45:38.502Z +10021ms pid=567 CSV poll todo,jobs,agents
2026-10-06T16:45:38.524Z +10014ms pid=574 REG poll 
2026-10-06T16:45:38.534Z +10024ms pid=574 CSV poll todo,jobs,agents
2026-10-06T16:45:38.666Z +9014ms pid=621 REG poll 
2026-10-06T16:45:38.670Z +9018ms pid=621 CSV poll todo,jobs,agents
2026-10-06T16:45:38.674Z +9014ms pid=627 REG poll 
2026-10-06T16:45:38.677Z +9013ms pid=628 REG poll 
2026-10-06T16:45:38.681Z +9021ms pid=627 CSV poll todo,jobs,agents
2026-10-06T16:45:38.682Z +9018ms pid=628 CSV poll todo,jobs,agents
2026-10-06T16:45:38.739Z +10147ms pid=588 CSV poll todo,jobs,agents
2026-10-06T16:45:38.753Z +10272ms pid=567 CSV poll todo,jobs,agents
2026-10-06T16:45:38.785Z +10275ms pid=574 CSV poll todo,jobs,agents
2026-10-06T16:45:38.921Z +9269ms pid=621 CSV poll todo,jobs,agents
2026-10-06T16:45:38.932Z +9268ms pid=628 CSV poll todo,jobs,agents
2026-10-06T16:45:38.932Z +9272ms pid=627 CSV poll todo,jobs,agents
2026-10-06T16:45:38.983Z +10391ms pid=588 REG poll todo@builtin,info@builtin,jobs@builtin,trajectory@builtin,agents@builtin,workspace@builtin,companion@builtin,act1:team@plugin,act1:dag@plugin,act1:workmate@plugin
2026-10-06T16:45:38.990Z +10398ms pid=588 CSV poll todo,jobs,agents
2026-10-06T16:45:38.992Z +10511ms pid=567 REG poll 
2026-10-06T16:45:39.003Z +10522ms pid=567 CSV poll todo,jobs,agents
2026-10-06T16:45:39.026Z +10516ms pid=574 REG poll 
2026-10-06T16:45:39.035Z +10525ms pid=574 CSV poll todo,jobs,agents
2026-10-06T16:45:39.167Z +9515ms pid=621 REG poll 
2026-10-06T16:45:39.172Z +9520ms pid=621 CSV poll todo,jobs,agents
2026-10-06T16:45:39.175Z +9515ms pid=627 REG poll 
2026-10-06T16:45:39.178Z +9514ms pid=628 REG poll 
2026-10-06T16:45:39.183Z +9523ms pid=627 CSV poll todo,jobs,agents
2026-10-06T16:45:39.183Z +9519ms pid=628 CSV poll todo,jobs,agents
2026-10-06T16:45:39.241Z +10649ms pid=588 CSV poll todo,jobs,agents
2026-10-06T16:45:39.254Z +10773ms pid=567 CSV poll todo,jobs,agents
2026-10-06T16:45:39.286Z +10776ms pid=574 CSV poll todo,jobs,agents
2026-10-06T16:45:39.423Z +9771ms pid=621 CSV poll todo,jobs,agents
2026-10-06T16:45:39.433Z +9773ms pid=627 CSV poll todo,jobs,agents
2026-10-06T16:45:39.433Z +9769ms pid=628 CSV poll todo,jobs,agents
2026-10-06T16:45:39.484Z +10892ms pid=588 REG poll todo@builtin,info@builtin,jobs@builtin,trajectory@builtin,agents@builtin,workspace@builtin,companion@builtin,act1:team@plugin,act1:dag@plugin,act1:workmate@plugin
2026-10-06T16:45:39.491Z +10899ms pid=588 CSV poll todo,jobs,agents
2026-10-06T16:45:39.493Z +11012ms pid=567 REG poll 
2026-10-06T16:45:39.504Z +11023ms pid=567 CSV poll todo,jobs,agents
2026-10-06T16:45:39.526Z +11016ms pid=574 REG poll 
2026-10-06T16:45:39.537Z +11027ms pid=574 CSV poll todo,jobs,agents
2026-10-06T16:45:39.666Z +10014ms pid=621 REG poll 
2026-10-06T16:45:39.674Z +10022ms pid=621 CSV poll todo,jobs,agents
2026-10-06T16:45:39.676Z +10016ms pid=627 REG poll 
2026-10-06T16:45:39.679Z +10015ms pid=628 REG poll 
2026-10-06T16:45:39.683Z +10023ms pid=627 CSV poll todo,jobs,agents
2026-10-06T16:45:39.683Z +10019ms pid=628 CSV poll todo,jobs,agents
2026-10-06T16:45:39.742Z +11150ms pid=588 CSV poll todo,jobs,agents
2026-10-06T16:45:39.755Z +11274ms pid=567 CSV poll todo,jobs,agents
2026-10-06T16:45:39.788Z +11278ms pid=574 CSV poll todo,jobs,agents
2026-10-06T16:45:39.925Z +10273ms pid=621 CSV poll todo,jobs,agents
2026-10-06T16:45:39.934Z +10274ms pid=627 CSV poll todo,jobs,agents
2026-10-06T16:45:39.934Z +10270ms pid=628 CSV poll todo,jobs,agents
2026-10-06T16:45:39.984Z +11392ms pid=588 REG poll todo@builtin,info@builtin,jobs@builtin,trajectory@builtin,agents@builtin,workspace@builtin,companion@builtin,act1:team@plugin,act1:dag@plugin,act1:workmate@plugin
2026-10-06T16:45:39.992Z +11400ms pid=588 CSV poll todo,jobs,agents
2026-10-06T16:45:39.994Z +11513ms pid=567 REG poll 
2026-10-06T16:45:40.005Z +11525ms pid=567 CSV poll todo,jobs,agents
2026-10-06T16:45:40.027Z +11517ms pid=574 REG poll 
2026-10-06T16:45:40.038Z +11528ms pid=574 CSV poll todo,jobs,agents
2026-10-06T16:45:40.167Z +10515ms pid=621 REG poll 
2026-10-06T16:45:40.175Z +10523ms pid=621 CSV poll todo,jobs,agents
2026-10-06T16:45:40.177Z +10517ms pid=627 REG poll 
2026-10-06T16:45:40.180Z +10516ms pid=628 REG poll 
2026-10-06T16:45:40.185Z +10525ms pid=627 CSV poll todo,jobs,agents
2026-10-06T16:45:40.185Z +10521ms pid=628 CSV poll todo,jobs,agents
2026-10-06T16:45:40.242Z +11650ms pid=588 CSV poll todo,jobs,agents
2026-10-06T16:45:40.256Z +11775ms pid=567 CSV poll todo,jobs,agents
2026-10-06T16:45:40.289Z +11779ms pid=574 CSV poll todo,jobs,agents
2026-10-06T16:45:40.425Z +10773ms pid=621 CSV poll todo,jobs,agents
2026-10-06T16:45:40.436Z +10772ms pid=628 CSV poll todo,jobs,agents
2026-10-06T16:45:40.436Z +10776ms pid=627 CSV poll todo,jobs,agents
2026-10-06T16:45:40.485Z +11894ms pid=588 REG poll todo@builtin,info@builtin,jobs@builtin,trajectory@builtin,agents@builtin,workspace@builtin,companion@builtin,act1:team@plugin,act1:dag@plugin,act1:workmate@plugin
2026-10-06T16:45:40.492Z +11900ms pid=588 CSV poll todo,jobs,agents
2026-10-06T16:45:40.494Z +12013ms pid=567 REG poll 
2026-10-06T16:45:40.506Z +12025ms pid=567 CSV poll todo,jobs,agents
2026-10-06T16:45:40.527Z +12017ms pid=574 REG poll 
2026-10-06T16:45:40.539Z +12029ms pid=574 CSV poll todo,jobs,agents
2026-10-06T16:45:40.668Z +11016ms pid=621 REG poll 
2026-10-06T16:45:40.675Z +11023ms pid=621 CSV poll todo,jobs,agents
2026-10-06T16:45:40.678Z +11018ms pid=627 REG poll 
2026-10-06T16:45:40.680Z +11016ms pid=628 REG poll 
2026-10-06T16:45:40.686Z +11026ms pid=627 CSV poll todo,jobs,agents
2026-10-06T16:45:40.686Z +11022ms pid=628 CSV poll todo,jobs,agents
2026-10-06T16:45:40.741Z +12149ms pid=588 CSV poll todo,jobs,agents
2026-10-06T16:45:40.756Z +12275ms pid=567 CSV poll todo,jobs,agents
2026-10-06T16:45:40.790Z +12280ms pid=574 CSV poll todo,jobs,agents
2026-10-06T16:45:40.926Z +11274ms pid=621 CSV poll todo,jobs,agents
2026-10-06T16:45:40.936Z +11276ms pid=627 CSV poll todo,jobs,agents
2026-10-06T16:45:40.936Z +11272ms pid=628 CSV poll todo,jobs,agents
2026-10-06T16:45:40.986Z +12394ms pid=588 REG poll todo@builtin,info@builtin,jobs@builtin,trajectory@builtin,agents@builtin,workspace@builtin,companion@builtin,act1:team@plugin,act1:dag@plugin,act1:workmate@plugin
2026-10-06T16:45:40.992Z +12400ms pid=588 CSV poll todo,jobs,agents
2026-10-06T16:45:40.995Z +12514ms pid=567 REG poll 
2026-10-06T16:45:41.007Z +12526ms pid=567 CSV poll todo,jobs,agents
2026-10-06T16:45:41.029Z +12519ms pid=574 REG poll 
2026-10-06T16:45:41.040Z +12530ms pid=574 CSV poll todo,jobs,agents
2026-10-06T16:45:41.169Z +11517ms pid=621 REG poll 
2026-10-06T16:45:41.176Z +11524ms pid=621 CSV poll todo,jobs,agents
2026-10-06T16:45:41.179Z +11519ms pid=627 REG poll 
2026-10-06T16:45:41.180Z +11516ms pid=628 REG poll 
2026-10-06T16:45:41.186Z +11526ms pid=627 CSV poll todo,jobs,agents
2026-10-06T16:45:41.188Z +11524ms pid=628 CSV poll todo,jobs,agents
2026-10-06T16:45:41.242Z +12650ms pid=588 CSV poll todo,jobs,agents
2026-10-06T16:45:41.258Z +12777ms pid=567 CSV poll todo,jobs,agents
2026-10-06T16:45:41.291Z +12781ms pid=574 CSV poll todo,jobs,agents
2026-10-06T16:45:41.427Z +11775ms pid=621 CSV poll todo,jobs,agents
2026-10-06T16:45:41.437Z +11777ms pid=627 CSV poll todo,jobs,agents
2026-10-06T16:45:41.439Z +11775ms pid=628 CSV poll todo,jobs,agents
2026-10-06T16:45:41.486Z +12894ms pid=588 REG poll todo@builtin,info@builtin,jobs@builtin,trajectory@builtin,agents@builtin,workspace@builtin,companion@builtin,act1:team@plugin,act1:dag@plugin,act1:workmate@plugin
2026-10-06T16:45:41.492Z +12900ms pid=588 CSV poll todo,jobs,agents
2026-10-06T16:45:41.496Z +13015ms pid=567 REG poll 
2026-10-06T16:45:41.508Z +13027ms pid=567 CSV poll todo,jobs,agents
2026-10-06T16:45:41.530Z +13020ms pid=574 REG poll 
2026-10-06T16:45:41.541Z +13031ms pid=574 CSV poll todo,jobs,agents
2026-10-06T16:45:41.670Z +12018ms pid=621 REG poll 
2026-10-06T16:45:41.676Z +12024ms pid=621 CSV poll todo,jobs,agents
2026-10-06T16:45:41.680Z +12020ms pid=627 REG poll 
2026-10-06T16:45:41.680Z +12016ms pid=628 REG poll 
2026-10-06T16:45:41.688Z +12028ms pid=627 CSV poll todo,jobs,agents
2026-10-06T16:45:41.689Z +12025ms pid=628 CSV poll todo,jobs,agents
2026-10-06T16:45:41.742Z +13150ms pid=588 CSV poll todo,jobs,agents
2026-10-06T16:45:41.759Z +13278ms pid=567 CSV poll todo,jobs,agents
2026-10-06T16:45:41.792Z +13282ms pid=574 CSV poll todo,jobs,agents
2026-10-06T16:45:41.927Z +12275ms pid=621 CSV poll todo,jobs,agents
2026-10-06T16:45:41.938Z +12278ms pid=627 CSV poll todo,jobs,agents
2026-10-06T16:45:41.939Z +12275ms pid=628 CSV poll todo,jobs,agents
2026-10-06T16:45:41.987Z +13395ms pid=588 REG poll todo@builtin,info@builtin,jobs@builtin,trajectory@builtin,agents@builtin,workspace@builtin,companion@builtin,act1:team@plugin,act1:dag@plugin,act1:workmate@plugin
2026-10-06T16:45:41.992Z +13400ms pid=588 CSV poll todo,jobs,agents
2026-10-06T16:45:41.997Z +13516ms pid=567 REG poll 
2026-10-06T16:45:42.010Z +13529ms pid=567 CSV poll todo,jobs,agents
2026-10-06T16:45:42.030Z +13520ms pid=574 REG poll 
2026-10-06T16:45:42.043Z +13533ms pid=574 CSV poll todo,jobs,agents
2026-10-06T16:45:42.170Z +12519ms pid=621 REG poll 
2026-10-06T16:45:42.178Z +12526ms pid=621 CSV poll todo,jobs,agents
2026-10-06T16:45:42.180Z +12516ms pid=628 REG poll 
2026-10-06T16:45:42.181Z +12521ms pid=627 REG poll 
2026-10-06T16:45:42.188Z +12528ms pid=627 CSV poll todo,jobs,agents
2026-10-06T16:45:42.190Z +12526ms pid=628 CSV poll todo,jobs,agents
2026-10-06T16:45:42.242Z +13650ms pid=588 CSV poll todo,jobs,agents
2026-10-06T16:45:42.260Z +13779ms pid=567 CSV poll todo,jobs,agents
2026-10-06T16:45:42.294Z +13784ms pid=574 CSV poll todo,jobs,agents
2026-10-06T16:45:42.429Z +12777ms pid=621 CSV poll todo,jobs,agents
2026-10-06T16:45:42.439Z +12779ms pid=627 CSV poll todo,jobs,agents
2026-10-06T16:45:42.441Z +12777ms pid=628 CSV poll todo,jobs,agents
2026-10-06T16:45:42.488Z +13896ms pid=588 REG poll todo@builtin,info@builtin,jobs@builtin,trajectory@builtin,agents@builtin,workspace@builtin,companion@builtin,act1:team@plugin,act1:dag@plugin,act1:workmate@plugin
2026-10-06T16:45:42.492Z +13900ms pid=588 CSV poll todo,jobs,agents
2026-10-06T16:45:42.497Z +14016ms pid=567 REG poll 
2026-10-06T16:45:42.511Z +14030ms pid=567 CSV poll todo,jobs,agents
2026-10-06T16:45:42.530Z +14020ms pid=574 REG poll 
2026-10-06T16:45:42.544Z +14035ms pid=574 CSV poll todo,jobs,agents
2026-10-06T16:45:42.672Z +13020ms pid=621 REG poll 
2026-10-06T16:45:42.680Z +13028ms pid=621 CSV poll todo,jobs,agents
2026-10-06T16:45:42.682Z +13018ms pid=628 REG poll 
2026-10-06T16:45:42.682Z +13022ms pid=627 REG poll 
2026-10-06T16:45:42.689Z +13029ms pid=627 CSV poll todo,jobs,agents
2026-10-06T16:45:42.691Z +13027ms pid=628 CSV poll todo,jobs,agents
2026-10-06T16:45:42.743Z +14151ms pid=588 CSV poll todo,jobs,agents
2026-10-06T16:45:42.762Z +14281ms pid=567 CSV poll todo,jobs,agents
2026-10-06T16:45:42.795Z +14286ms pid=574 CSV poll todo,jobs,agents
2026-10-06T16:45:42.930Z +13278ms pid=621 CSV poll todo,jobs,agents
2026-10-06T16:45:42.940Z +13280ms pid=627 CSV poll todo,jobs,agents
2026-10-06T16:45:42.942Z +13278ms pid=628 CSV poll todo,jobs,agents
2026-10-06T16:45:42.988Z +14396ms pid=588 REG poll todo@builtin,info@builtin,jobs@builtin,trajectory@builtin,agents@builtin,workspace@builtin,companion@builtin,act1:team@plugin,act1:dag@plugin,act1:workmate@plugin
2026-10-06T16:45:42.993Z +14401ms pid=588 CSV poll todo,jobs,agents
2026-10-06T16:45:42.998Z +14517ms pid=567 REG poll 
2026-10-06T16:45:43.012Z +14531ms pid=567 CSV poll todo,jobs,agents
2026-10-06T16:45:43.031Z +14521ms pid=574 REG poll 
2026-10-06T16:45:43.047Z +14537ms pid=574 CSV poll todo,jobs,agents
2026-10-06T16:45:43.173Z +13521ms pid=621 REG poll 
2026-10-06T16:45:43.180Z +13528ms pid=621 CSV poll todo,jobs,agents
2026-10-06T16:45:43.182Z +13518ms pid=628 REG poll 
2026-10-06T16:45:43.182Z +13522ms pid=627 REG poll 
2026-10-06T16:45:43.190Z +13530ms pid=627 CSV poll todo,jobs,agents
2026-10-06T16:45:43.193Z +13529ms pid=628 CSV poll todo,jobs,agents
2026-10-06T16:45:43.243Z +14651ms pid=588 CSV poll todo,jobs,agents
2026-10-06T16:45:43.263Z +14782ms pid=567 CSV poll todo,jobs,agents
2026-10-06T16:45:43.298Z +14788ms pid=574 CSV poll todo,jobs,agents
2026-10-06T16:45:43.431Z +13779ms pid=621 CSV poll todo,jobs,agents
2026-10-06T16:45:43.441Z +13781ms pid=627 CSV poll todo,jobs,agents
2026-10-06T16:45:43.444Z +13780ms pid=628 CSV poll todo,jobs,agents
2026-10-06T16:45:43.489Z +14897ms pid=588 REG poll todo@builtin,info@builtin,jobs@builtin,trajectory@builtin,agents@builtin,workspace@builtin,companion@builtin,act1:team@plugin,act1:dag@plugin,act1:workmate@plugin
2026-10-06T16:45:43.494Z +14902ms pid=588 CSV poll todo,jobs,agents
2026-10-06T16:45:43.498Z +15017ms pid=567 REG poll 
2026-10-06T16:45:43.515Z +15034ms pid=567 CSV poll todo,jobs,agents
2026-10-06T16:45:43.532Z +15022ms pid=574 REG poll 
2026-10-06T16:45:43.549Z +15039ms pid=574 CSV poll todo,jobs,agents
2026-10-06T16:45:43.673Z +14021ms pid=621 REG poll 
2026-10-06T16:45:43.681Z +14029ms pid=621 CSV poll todo,jobs,agents
2026-10-06T16:45:43.683Z +14019ms pid=628 REG poll 
2026-10-06T16:45:43.684Z +14024ms pid=627 REG poll 
2026-10-06T16:45:43.690Z +14030ms pid=627 CSV poll todo,jobs,agents
2026-10-06T16:45:43.695Z +14031ms pid=628 CSV poll todo,jobs,agents
2026-10-06T16:45:43.749Z +15157ms pid=588 CSV poll todo,jobs,agents
2026-10-06T16:45:43.765Z +15284ms pid=567 CSV poll todo,jobs,agents
2026-10-06T16:45:43.799Z +15289ms pid=574 CSV poll todo,jobs,agents
2026-10-06T16:45:43.931Z +14279ms pid=621 CSV poll todo,jobs,agents
2026-10-06T16:45:43.941Z +14281ms pid=627 CSV poll todo,jobs,agents
2026-10-06T16:45:43.946Z +14282ms pid=628 CSV poll todo,jobs,agents
2026-10-06T16:45:43.990Z +15398ms pid=588 REG poll todo@builtin,info@builtin,jobs@builtin,trajectory@builtin,agents@builtin,workspace@builtin,companion@builtin,act1:team@plugin,act1:dag@plugin,act1:workmate@plugin
2026-10-06T16:45:43.999Z +15518ms pid=567 REG poll 
2026-10-06T16:45:43.999Z +15407ms pid=588 CSV poll todo,jobs,agents
2026-10-06T16:45:44.015Z +15534ms pid=567 CSV poll todo,jobs,agents
2026-10-06T16:45:44.033Z +15523ms pid=574 REG poll 
2026-10-06T16:45:44.049Z +15539ms pid=574 CSV poll todo,jobs,agents
2026-10-06T16:45:44.174Z +14522ms pid=621 REG poll 
2026-10-06T16:45:44.182Z +14530ms pid=621 CSV poll todo,jobs,agents
2026-10-06T16:45:44.183Z +14519ms pid=628 REG poll 
2026-10-06T16:45:44.185Z +14525ms pid=627 REG poll 
2026-10-06T16:45:44.192Z +14532ms pid=627 CSV poll todo,jobs,agents
2026-10-06T16:45:44.198Z +14534ms pid=628 CSV poll todo,jobs,agents
2026-10-06T16:45:44.249Z +15657ms pid=588 CSV poll todo,jobs,agents
2026-10-06T16:45:44.265Z +15785ms pid=567 CSV poll todo,jobs,agents
2026-10-06T16:45:44.300Z +15790ms pid=574 CSV poll todo,jobs,agents
2026-10-06T16:45:44.433Z +14781ms pid=621 CSV poll todo,jobs,agents
2026-10-06T16:45:44.443Z +14783ms pid=627 CSV poll todo,jobs,agents
2026-10-06T16:45:44.448Z +14784ms pid=628 CSV poll todo,jobs,agents
2026-10-06T16:45:44.490Z +15898ms pid=588 REG poll todo@builtin,info@builtin,jobs@builtin,trajectory@builtin,agents@builtin,workspace@builtin,companion@builtin,act1:team@plugin,act1:dag@plugin,act1:workmate@plugin
2026-10-06T16:45:44.499Z +16018ms pid=567 REG poll 
2026-10-06T16:45:44.500Z +15908ms pid=588 CSV poll todo,jobs,agents
2026-10-06T16:45:44.516Z +16035ms pid=567 CSV poll todo,jobs,agents
2026-10-06T16:45:44.534Z +16024ms pid=574 REG poll 
2026-10-06T16:45:44.551Z +16041ms pid=574 CSV poll todo,jobs,agents
2026-10-06T16:45:44.674Z +15022ms pid=621 REG poll 
2026-10-06T16:45:44.683Z +15019ms pid=628 REG poll 
2026-10-06T16:45:44.684Z +15032ms pid=621 CSV poll todo,jobs,agents
2026-10-06T16:45:44.686Z +15026ms pid=627 REG poll 
2026-10-06T16:45:44.693Z +15033ms pid=627 CSV poll todo,jobs,agents
2026-10-06T16:45:44.698Z +15034ms pid=628 CSV poll todo,jobs,agents
2026-10-06T16:45:44.751Z +16159ms pid=588 CSV poll todo,jobs,agents
2026-10-06T16:45:44.767Z +16286ms pid=567 CSV poll todo,jobs,agents
2026-10-06T16:45:44.802Z +16292ms pid=574 CSV poll todo,jobs,agents
2026-10-06T16:45:44.935Z +15283ms pid=621 CSV poll todo,jobs,agents
2026-10-06T16:45:44.943Z +15283ms pid=627 CSV poll todo,jobs,agents
2026-10-06T16:45:44.948Z +15284ms pid=628 CSV poll todo,jobs,agents
2026-10-06T16:45:44.991Z +16399ms pid=588 REG poll todo@builtin,info@builtin,jobs@builtin,trajectory@builtin,agents@builtin,workspace@builtin,companion@builtin,act1:team@plugin,act1:dag@plugin,act1:workmate@plugin
2026-10-06T16:45:45.001Z +16520ms pid=567 REG poll 
2026-10-06T16:45:45.001Z +16409ms pid=588 CSV poll todo,jobs,agents
2026-10-06T16:45:45.017Z +16536ms pid=567 CSV poll todo,jobs,agents
2026-10-06T16:45:45.035Z +16525ms pid=574 REG poll 
2026-10-06T16:45:45.052Z +16542ms pid=574 CSV poll todo,jobs,agents
2026-10-06T16:45:45.175Z +15523ms pid=621 REG poll 
2026-10-06T16:45:45.185Z +15533ms pid=621 CSV poll todo,jobs,agents
2026-10-06T16:45:45.185Z +15521ms pid=628 REG poll 
2026-10-06T16:45:45.187Z +15527ms pid=627 REG poll 
2026-10-06T16:45:45.193Z +15534ms pid=627 CSV poll todo,jobs,agents
2026-10-06T16:45:45.198Z +15534ms pid=628 CSV poll todo,jobs,agents
2026-10-06T16:45:45.251Z +16659ms pid=588 CSV poll todo,jobs,agents
2026-10-06T16:45:45.268Z +16787ms pid=567 CSV poll todo,jobs,agents
2026-10-06T16:45:45.303Z +16793ms pid=574 CSV poll todo,jobs,agents
2026-10-06T16:45:45.436Z +15784ms pid=621 CSV poll todo,jobs,agents
2026-10-06T16:45:45.444Z +15784ms pid=627 CSV poll todo,jobs,agents
2026-10-06T16:45:45.448Z +15784ms pid=628 CSV poll todo,jobs,agents
2026-10-06T16:45:45.491Z +16899ms pid=588 REG poll todo@builtin,info@builtin,jobs@builtin,trajectory@builtin,agents@builtin,workspace@builtin,companion@builtin,act1:team@plugin,act1:dag@plugin,act1:workmate@plugin
2026-10-06T16:45:45.502Z +16910ms pid=588 CSV poll todo,jobs,agents
2026-10-06T16:45:45.502Z +17021ms pid=567 REG poll 
2026-10-06T16:45:45.518Z +17037ms pid=567 CSV poll todo,jobs,agents
2026-10-06T16:45:45.535Z +17025ms pid=574 REG poll 
2026-10-06T16:45:45.554Z +17044ms pid=574 CSV poll todo,jobs,agents
2026-10-06T16:45:45.675Z +16023ms pid=621 REG poll 
2026-10-06T16:45:45.686Z +16022ms pid=628 REG poll 
2026-10-06T16:45:45.687Z +16027ms pid=627 REG poll 
2026-10-06T16:45:45.687Z +16035ms pid=621 CSV poll todo,jobs,agents
2026-10-06T16:45:45.695Z +16035ms pid=627 CSV poll todo,jobs,agents
2026-10-06T16:45:45.699Z +16035ms pid=628 CSV poll todo,jobs,agents
2026-10-06T16:45:45.752Z +17160ms pid=588 CSV poll todo,jobs,agents
2026-10-06T16:45:45.769Z +17288ms pid=567 CSV poll todo,jobs,agents
2026-10-06T16:45:45.805Z +17295ms pid=574 CSV poll todo,jobs,agents
2026-10-06T16:45:45.937Z +16285ms pid=621 CSV poll todo,jobs,agents
2026-10-06T16:45:45.945Z +16285ms pid=627 CSV poll todo,jobs,agents
2026-10-06T16:45:45.949Z +16285ms pid=628 CSV poll todo,jobs,agents
2026-10-06T16:45:45.991Z +17399ms pid=588 REG poll todo@builtin,info@builtin,jobs@builtin,trajectory@builtin,agents@builtin,workspace@builtin,companion@builtin,act1:team@plugin,act1:dag@plugin,act1:workmate@plugin
2026-10-06T16:45:46.002Z +17521ms pid=567 REG poll 
2026-10-06T16:45:46.002Z +17410ms pid=588 CSV poll todo,jobs,agents
2026-10-06T16:45:46.020Z +17539ms pid=567 CSV poll todo,jobs,agents
2026-10-06T16:45:46.036Z +17526ms pid=574 REG poll 
2026-10-06T16:45:46.056Z +17546ms pid=574 CSV poll todo,jobs,agents
2026-10-06T16:45:46.176Z +16524ms pid=621 REG poll 
2026-10-06T16:45:46.187Z +16535ms pid=621 CSV poll todo,jobs,agents
2026-10-06T16:45:46.187Z +16527ms pid=627 REG poll 
2026-10-06T16:45:46.187Z +16523ms pid=628 REG poll 
2026-10-06T16:45:46.197Z +16537ms pid=627 CSV poll todo,jobs,agents
2026-10-06T16:45:46.199Z +16535ms pid=628 CSV poll todo,jobs,agents
2026-10-06T16:45:46.259Z +17667ms pid=588 CSV poll todo,jobs,agents
2026-10-06T16:45:46.271Z +17790ms pid=567 CSV poll todo,jobs,agents
2026-10-06T16:45:46.306Z +17796ms pid=574 CSV poll todo,jobs,agents
2026-10-06T16:45:46.437Z +16785ms pid=621 CSV poll todo,jobs,agents
2026-10-06T16:45:46.447Z +16788ms pid=627 CSV poll todo,jobs,agents
2026-10-06T16:45:46.449Z +16786ms pid=628 CSV poll todo,jobs,agents
2026-10-06T16:45:46.492Z +17900ms pid=588 REG poll todo@builtin,info@builtin,jobs@builtin,trajectory@builtin,agents@builtin,workspace@builtin,companion@builtin,act1:team@plugin,act1:dag@plugin,act1:workmate@plugin
2026-10-06T16:45:46.503Z +18022ms pid=567 REG poll 
2026-10-06T16:45:46.510Z +17918ms pid=588 CSV poll todo,jobs,agents
2026-10-06T16:45:46.522Z +18041ms pid=567 CSV poll todo,jobs,agents
2026-10-06T16:45:46.537Z +18027ms pid=574 REG poll 
2026-10-06T16:45:46.557Z +18047ms pid=574 CSV poll todo,jobs,agents
2026-10-06T16:45:46.678Z +17026ms pid=621 REG poll 
2026-10-06T16:45:46.687Z +17023ms pid=628 REG poll 
2026-10-06T16:45:46.687Z +17027ms pid=627 REG poll 
2026-10-06T16:45:46.688Z +17036ms pid=621 CSV poll todo,jobs,agents
2026-10-06T16:45:46.698Z +17038ms pid=627 CSV poll todo,jobs,agents
2026-10-06T16:45:46.700Z +17036ms pid=628 CSV poll todo,jobs,agents
2026-10-06T16:45:46.761Z +18169ms pid=588 CSV poll todo,jobs,agents
2026-10-06T16:45:46.772Z +18291ms pid=567 CSV poll todo,jobs,agents
2026-10-06T16:45:46.807Z +18297ms pid=574 CSV poll todo,jobs,agents
2026-10-06T16:45:46.939Z +17287ms pid=621 CSV poll todo,jobs,agents
2026-10-06T16:45:46.949Z +17289ms pid=627 CSV poll todo,jobs,agents
2026-10-06T16:45:46.951Z +17287ms pid=628 CSV poll todo,jobs,agents
2026-10-06T16:45:46.992Z +18400ms pid=588 REG poll todo@builtin,info@builtin,jobs@builtin,trajectory@builtin,agents@builtin,workspace@builtin,companion@builtin,act1:team@plugin,act1:dag@plugin,act1:workmate@plugin
2026-10-06T16:45:47.003Z +18522ms pid=567 REG poll 
2026-10-06T16:45:47.011Z +18419ms pid=588 CSV poll todo,jobs,agents
2026-10-06T16:45:47.023Z +18542ms pid=567 CSV poll todo,jobs,agents
2026-10-06T16:45:47.037Z +18527ms pid=574 REG poll 
2026-10-06T16:45:47.058Z +18548ms pid=574 CSV poll todo,jobs,agents
2026-10-06T16:45:47.178Z +17526ms pid=621 REG poll 
2026-10-06T16:45:47.187Z +17523ms pid=628 REG poll 
2026-10-06T16:45:47.187Z +17527ms pid=627 REG poll 
2026-10-06T16:45:47.189Z +17537ms pid=621 CSV poll todo,jobs,agents
2026-10-06T16:45:47.199Z +17539ms pid=627 CSV poll todo,jobs,agents
2026-10-06T16:45:47.202Z +17538ms pid=628 CSV poll todo,jobs,agents
2026-10-06T16:45:47.262Z +18670ms pid=588 CSV poll todo,jobs,agents
2026-10-06T16:45:47.275Z +18794ms pid=567 CSV poll todo,jobs,agents
2026-10-06T16:45:47.309Z +18799ms pid=574 CSV poll todo,jobs,agents
2026-10-06T16:45:47.439Z +17787ms pid=621 CSV poll todo,jobs,agents
2026-10-06T16:45:47.449Z +17789ms pid=627 CSV poll todo,jobs,agents
2026-10-06T16:45:47.452Z +17788ms pid=628 CSV poll todo,jobs,agents
2026-10-06T16:45:47.492Z +18900ms pid=588 REG poll todo@builtin,info@builtin,jobs@builtin,trajectory@builtin,agents@builtin,workspace@builtin,companion@builtin,act1:team@plugin,act1:dag@plugin,act1:workmate@plugin
2026-10-06T16:45:47.504Z +19023ms pid=567 REG poll 
2026-10-06T16:45:47.512Z +18920ms pid=588 CSV poll todo,jobs,agents
2026-10-06T16:45:47.525Z +19044ms pid=567 CSV poll todo,jobs,agents
2026-10-06T16:45:47.539Z +19029ms pid=574 REG poll 
2026-10-06T16:45:47.559Z +19049ms pid=574 CSV poll todo,jobs,agents
2026-10-06T16:45:47.680Z +18028ms pid=621 REG poll 
2026-10-06T16:45:47.687Z +18023ms pid=628 REG poll 
2026-10-06T16:45:47.688Z +18028ms pid=627 REG poll 
2026-10-06T16:45:47.689Z +18037ms pid=621 CSV poll todo,jobs,agents
2026-10-06T16:45:47.699Z +18039ms pid=627 CSV poll todo,jobs,agents
2026-10-06T16:45:47.703Z +18039ms pid=628 CSV poll todo,jobs,agents
2026-10-06T16:45:47.763Z +19171ms pid=588 CSV poll todo,jobs,agents
2026-10-06T16:45:47.776Z +19295ms pid=567 CSV poll todo,jobs,agents
2026-10-06T16:45:47.810Z +19300ms pid=574 CSV poll todo,jobs,agents
2026-10-06T16:45:47.940Z +18288ms pid=621 CSV poll todo,jobs,agents
2026-10-06T16:45:47.949Z +18289ms pid=627 CSV poll todo,jobs,agents
2026-10-06T16:45:47.954Z +18290ms pid=628 CSV poll todo,jobs,agents
2026-10-06T16:45:47.993Z +19401ms pid=588 REG poll todo@builtin,info@builtin,jobs@builtin,trajectory@builtin,agents@builtin,workspace@builtin,companion@builtin,act1:team@plugin,act1:dag@plugin,act1:workmate@plugin
2026-10-06T16:45:48.004Z +19523ms pid=567 REG poll 
2026-10-06T16:45:48.014Z +19422ms pid=588 CSV poll todo,jobs,agents
2026-10-06T16:45:48.027Z +19546ms pid=567 CSV poll todo,jobs,agents
2026-10-06T16:45:48.039Z +19529ms pid=574 REG poll 
2026-10-06T16:45:48.061Z +19551ms pid=574 CSV poll todo,jobs,agents
2026-10-06T16:45:48.180Z +18528ms pid=621 REG poll 
2026-10-06T16:45:48.187Z +18523ms pid=628 REG poll 
2026-10-06T16:45:48.190Z +18530ms pid=627 REG poll 
2026-10-06T16:45:48.190Z +18538ms pid=621 CSV poll todo,jobs,agents
2026-10-06T16:45:48.199Z +18539ms pid=627 CSV poll todo,jobs,agents
2026-10-06T16:45:48.204Z +18540ms pid=628 CSV poll todo,jobs,agents
2026-10-06T16:45:48.264Z +19672ms pid=588 CSV poll todo,jobs,agents
2026-10-06T16:45:48.278Z +19797ms pid=567 CSV poll todo,jobs,agents
2026-10-06T16:45:48.312Z +19802ms pid=574 CSV poll todo,jobs,agents
2026-10-06T16:45:48.441Z +18789ms pid=621 CSV poll todo,jobs,agents
2026-10-06T16:45:48.450Z +18790ms pid=627 CSV poll todo,jobs,agents
2026-10-06T16:45:48.454Z +18790ms pid=628 CSV poll todo,jobs,agents
2026-10-06T16:45:48.493Z +19901ms pid=588 REG poll todo@builtin,info@builtin,jobs@builtin,trajectory@builtin,agents@builtin,workspace@builtin,companion@builtin,act1:team@plugin,act1:dag@plugin,act1:workmate@plugin
2026-10-06T16:45:48.505Z +20024ms pid=567 REG poll 
2026-10-06T16:45:48.514Z +19922ms pid=588 CSV poll todo,jobs,agents
2026-10-06T16:45:48.528Z +20047ms pid=567 CSV poll todo,jobs,agents
2026-10-06T16:45:48.539Z +20029ms pid=574 REG poll 
2026-10-06T16:45:48.562Z +20052ms pid=574 CSV poll todo,jobs,agents
2026-10-06T16:45:48.682Z +19030ms pid=621 REG poll 
2026-10-06T16:45:48.689Z +19025ms pid=628 REG poll 
2026-10-06T16:45:48.691Z +19039ms pid=621 CSV poll todo,jobs,agents
2026-10-06T16:45:48.691Z +19031ms pid=627 REG poll 
2026-10-06T16:45:48.701Z +19041ms pid=627 CSV poll todo,jobs,agents
2026-10-06T16:45:48.705Z +19041ms pid=628 CSV poll todo,jobs,agents
2026-10-06T16:45:48.764Z +20172ms pid=588 CSV poll todo,jobs,agents
2026-10-06T16:45:48.778Z +20297ms pid=567 CSV poll todo,jobs,agents
2026-10-06T16:45:48.813Z +20303ms pid=574 CSV poll todo,jobs,agents
2026-10-06T16:45:48.942Z +19290ms pid=621 CSV poll todo,jobs,agents
2026-10-06T16:45:48.951Z +19291ms pid=627 CSV poll todo,jobs,agents
2026-10-06T16:45:48.956Z +19292ms pid=628 CSV poll todo,jobs,agents
2026-10-06T16:45:48.994Z +20402ms pid=588 REG poll todo@builtin,info@builtin,jobs@builtin,trajectory@builtin,agents@builtin,workspace@builtin,companion@builtin,act1:team@plugin,act1:dag@plugin,act1:workmate@plugin
2026-10-06T16:45:49.005Z +20524ms pid=567 REG poll 
2026-10-06T16:45:49.014Z +20422ms pid=588 CSV poll todo,jobs,agents
2026-10-06T16:45:49.028Z +20547ms pid=567 CSV poll todo,jobs,agents
2026-10-06T16:45:49.041Z +20531ms pid=574 REG poll 
2026-10-06T16:45:49.063Z +20553ms pid=574 CSV poll todo,jobs,agents
2026-10-06T16:45:49.183Z +19531ms pid=621 REG poll 
2026-10-06T16:45:49.190Z +19526ms pid=628 REG poll 
2026-10-06T16:45:49.191Z +19531ms pid=627 REG poll 
2026-10-06T16:45:49.192Z +19540ms pid=621 CSV poll todo,jobs,agents
2026-10-06T16:45:49.201Z +19541ms pid=627 CSV poll todo,jobs,agents
2026-10-06T16:45:49.206Z +19542ms pid=628 CSV poll todo,jobs,agents
2026-10-06T16:45:49.264Z +20672ms pid=588 CSV poll todo,jobs,agents
2026-10-06T16:45:49.278Z +20797ms pid=567 CSV poll todo,jobs,agents
2026-10-06T16:45:49.314Z +20804ms pid=574 CSV poll todo,jobs,agents
2026-10-06T16:45:49.443Z +19791ms pid=621 CSV poll todo,jobs,agents
2026-10-06T16:45:49.451Z +19791ms pid=627 CSV poll todo,jobs,agents
2026-10-06T16:45:49.457Z +19793ms pid=628 CSV poll todo,jobs,agents
2026-10-06T16:45:49.494Z +20902ms pid=588 REG poll todo@builtin,info@builtin,jobs@builtin,trajectory@builtin,agents@builtin,workspace@builtin,companion@builtin,act1:team@plugin,act1:dag@plugin,act1:workmate@plugin
2026-10-06T16:45:49.506Z +21025ms pid=567 REG poll 
2026-10-06T16:45:49.515Z +20923ms pid=588 CSV poll todo,jobs,agents
2026-10-06T16:45:49.528Z +21047ms pid=567 CSV poll todo,jobs,agents
2026-10-06T16:45:49.540Z +21030ms pid=574 REG poll 
2026-10-06T16:45:49.565Z +21055ms pid=574 CSV poll todo,jobs,agents
2026-10-06T16:45:49.684Z +20032ms pid=621 REG poll 
2026-10-06T16:45:49.690Z +20026ms pid=628 REG poll 
2026-10-06T16:45:49.692Z +20032ms pid=627 REG poll 
2026-10-06T16:45:49.693Z +20041ms pid=621 CSV poll todo,jobs,agents
2026-10-06T16:45:49.702Z +20042ms pid=627 CSV poll todo,jobs,agents
2026-10-06T16:45:49.707Z +20043ms pid=628 CSV poll todo,jobs,agents
2026-10-06T16:45:49.765Z +21173ms pid=588 CSV poll todo,jobs,agents
2026-10-06T16:45:49.778Z +21297ms pid=567 CSV poll todo,jobs,agents
2026-10-06T16:45:49.815Z +21305ms pid=574 CSV poll todo,jobs,agents
2026-10-06T16:45:49.944Z +20292ms pid=621 CSV poll todo,jobs,agents
2026-10-06T16:45:49.952Z +20292ms pid=627 CSV poll todo,jobs,agents
2026-10-06T16:45:49.958Z +20294ms pid=628 CSV poll todo,jobs,agents
2026-10-06T16:45:49.994Z +21402ms pid=588 REG poll todo@builtin,info@builtin,jobs@builtin,trajectory@builtin,agents@builtin,workspace@builtin,companion@builtin,act1:team@plugin,act1:dag@plugin,act1:workmate@plugin
2026-10-06T16:45:50.007Z +21526ms pid=567 REG poll 
2026-10-06T16:45:50.015Z +21423ms pid=588 CSV poll todo,jobs,agents
2026-10-06T16:45:50.028Z +21547ms pid=567 CSV poll todo,jobs,agents
2026-10-06T16:45:50.041Z +21531ms pid=574 REG poll 
2026-10-06T16:45:50.067Z +21557ms pid=574 CSV poll todo,jobs,agents
2026-10-06T16:45:50.184Z +20532ms pid=621 REG poll 
2026-10-06T16:45:50.190Z +20526ms pid=628 REG poll 
2026-10-06T16:45:50.192Z +20532ms pid=627 REG poll 
2026-10-06T16:45:50.195Z +20543ms pid=621 CSV poll todo,jobs,agents
2026-10-06T16:45:50.203Z +20543ms pid=627 CSV poll todo,jobs,agents
2026-10-06T16:45:50.209Z +20545ms pid=628 CSV poll todo,jobs,agents
2026-10-06T16:45:50.265Z +21673ms pid=588 CSV poll todo,jobs,agents
2026-10-06T16:45:50.279Z +21798ms pid=567 CSV poll todo,jobs,agents
2026-10-06T16:45:50.317Z +21807ms pid=574 CSV poll todo,jobs,agents
2026-10-06T16:45:50.445Z +20793ms pid=621 CSV poll todo,jobs,agents
2026-10-06T16:45:50.454Z +20794ms pid=627 CSV poll todo,jobs,agents
2026-10-06T16:45:50.460Z +20796ms pid=628 CSV poll todo,jobs,agents
2026-10-06T16:45:50.495Z +21903ms pid=588 REG poll todo@builtin,info@builtin,jobs@builtin,trajectory@builtin,agents@builtin,workspace@builtin,companion@builtin,act1:team@plugin,act1:dag@plugin,act1:workmate@plugin
2026-10-06T16:45:50.508Z +22027ms pid=567 REG poll 
2026-10-06T16:45:50.515Z +21923ms pid=588 CSV poll todo,jobs,agents
2026-10-06T16:45:50.529Z +22049ms pid=567 CSV poll todo,jobs,agents
2026-10-06T16:45:50.541Z +22031ms pid=574 REG poll 
2026-10-06T16:45:50.568Z +22058ms pid=574 CSV poll todo,jobs,agents
2026-10-06T16:45:50.684Z +21032ms pid=621 REG poll 
2026-10-06T16:45:50.690Z +21027ms pid=628 REG poll 
2026-10-06T16:45:50.694Z +21034ms pid=627 REG poll 
2026-10-06T16:45:50.695Z +21043ms pid=621 CSV poll todo,jobs,agents
2026-10-06T16:45:50.704Z +21044ms pid=627 CSV poll todo,jobs,agents
2026-10-06T16:45:50.710Z +21046ms pid=628 CSV poll todo,jobs,agents
2026-10-06T16:45:50.765Z +22173ms pid=588 CSV poll todo,jobs,agents
2026-10-06T16:45:50.780Z +22299ms pid=567 CSV poll todo,jobs,agents
2026-10-06T16:45:50.819Z +22309ms pid=574 CSV poll todo,jobs,agents
2026-10-06T16:45:50.946Z +21294ms pid=621 CSV poll todo,jobs,agents
2026-10-06T16:45:50.954Z +21294ms pid=627 CSV poll todo,jobs,agents
2026-10-06T16:45:50.960Z +21296ms pid=628 CSV poll todo,jobs,agents
2026-10-06T16:45:50.995Z +22403ms pid=588 REG poll todo@builtin,info@builtin,jobs@builtin,trajectory@builtin,agents@builtin,workspace@builtin,companion@builtin,act1:team@plugin,act1:dag@plugin,act1:workmate@plugin
2026-10-06T16:45:51.009Z +22528ms pid=567 REG poll 
2026-10-06T16:45:51.015Z +22423ms pid=588 CSV poll todo,jobs,agents
2026-10-06T16:45:51.030Z +22549ms pid=567 CSV poll todo,jobs,agents
2026-10-06T16:45:51.042Z +22532ms pid=574 REG poll 
2026-10-06T16:45:51.070Z +22560ms pid=574 CSV poll todo,jobs,agents
2026-10-06T16:45:51.184Z +21532ms pid=621 REG poll 
2026-10-06T16:45:51.191Z +21527ms pid=628 REG poll 
2026-10-06T16:45:51.194Z +21534ms pid=627 REG poll 
2026-10-06T16:45:51.196Z +21544ms pid=621 CSV poll todo,jobs,agents
2026-10-06T16:45:51.205Z +21545ms pid=627 CSV poll todo,jobs,agents
2026-10-06T16:45:51.211Z +21547ms pid=628 CSV poll todo,jobs,agents
2026-10-06T16:45:51.265Z +22673ms pid=588 CSV poll todo,jobs,agents
2026-10-06T16:45:51.280Z +22799ms pid=567 CSV poll todo,jobs,agents
2026-10-06T16:45:51.321Z +22811ms pid=574 CSV poll todo,jobs,agents
2026-10-06T16:45:51.447Z +21795ms pid=621 CSV poll todo,jobs,agents
2026-10-06T16:45:51.456Z +21796ms pid=627 CSV poll todo,jobs,agents
2026-10-06T16:45:51.461Z +21797ms pid=628 CSV poll todo,jobs,agents
2026-10-06T16:45:51.496Z +22904ms pid=588 REG poll todo@builtin,info@builtin,jobs@builtin,trajectory@builtin,agents@builtin,workspace@builtin,companion@builtin,act1:team@plugin,act1:dag@plugin,act1:workmate@plugin
2026-10-06T16:45:51.510Z +23029ms pid=567 REG poll 
2026-10-06T16:45:51.515Z +22923ms pid=588 CSV poll todo,jobs,agents
2026-10-06T16:45:51.530Z +23049ms pid=567 CSV poll todo,jobs,agents
2026-10-06T16:45:51.543Z +23033ms pid=574 REG poll 
2026-10-06T16:45:51.571Z +23061ms pid=574 CSV poll todo,jobs,agents
2026-10-06T16:45:51.685Z +22033ms pid=621 REG poll 
2026-10-06T16:45:51.691Z +22027ms pid=628 REG poll 
2026-10-06T16:45:51.695Z +22035ms pid=627 REG poll 
2026-10-06T16:45:51.697Z +22045ms pid=621 CSV poll todo,jobs,agents
2026-10-06T16:45:51.706Z +22046ms pid=627 CSV poll todo,jobs,agents
2026-10-06T16:45:51.712Z +22048ms pid=628 CSV poll todo,jobs,agents
2026-10-06T16:45:51.766Z +23174ms pid=588 CSV poll todo,jobs,agents
2026-10-06T16:45:51.781Z +23300ms pid=567 CSV poll todo,jobs,agents
2026-10-06T16:45:51.821Z +23311ms pid=574 CSV poll todo,jobs,agents
2026-10-06T16:45:51.947Z +22295ms pid=621 CSV poll todo,jobs,agents
2026-10-06T16:45:51.956Z +22296ms pid=627 CSV poll todo,jobs,agents
2026-10-06T16:45:51.962Z +22298ms pid=628 CSV poll todo,jobs,agents
2026-10-06T16:45:51.996Z +23404ms pid=588 REG poll todo@builtin,info@builtin,jobs@builtin,trajectory@builtin,agents@builtin,workspace@builtin,companion@builtin,act1:team@plugin,act1:dag@plugin,act1:workmate@plugin
2026-10-06T16:45:52.010Z +23529ms pid=567 REG poll 
2026-10-06T16:45:52.016Z +23424ms pid=588 CSV poll todo,jobs,agents
2026-10-06T16:45:52.031Z +23550ms pid=567 CSV poll todo,jobs,agents
2026-10-06T16:45:52.043Z +23533ms pid=574 REG poll 
2026-10-06T16:45:52.073Z +23563ms pid=574 CSV poll todo,jobs,agents
2026-10-06T16:45:52.186Z +22534ms pid=621 REG poll 
2026-10-06T16:45:52.191Z +22527ms pid=628 REG poll 
2026-10-06T16:45:52.196Z +22536ms pid=627 REG poll 
2026-10-06T16:45:52.197Z +22546ms pid=621 CSV poll todo,jobs,agents
2026-10-06T16:45:52.206Z +22546ms pid=627 CSV poll todo,jobs,agents
2026-10-06T16:45:52.213Z +22549ms pid=628 CSV poll todo,jobs,agents
2026-10-06T16:45:52.266Z +23674ms pid=588 CSV poll todo,jobs,agents
2026-10-06T16:45:52.281Z +23801ms pid=567 CSV poll todo,jobs,agents
2026-10-06T16:45:52.324Z +23814ms pid=574 CSV poll todo,jobs,agents
2026-10-06T16:45:52.448Z +22796ms pid=621 CSV poll todo,jobs,agents
2026-10-06T16:45:52.457Z +22797ms pid=627 CSV poll todo,jobs,agents
2026-10-06T16:45:52.464Z +22800ms pid=628 CSV poll todo,jobs,agents
2026-10-06T16:45:52.496Z +23904ms pid=588 REG poll todo@builtin,info@builtin,jobs@builtin,trajectory@builtin,agents@builtin,workspace@builtin,companion@builtin,act1:team@plugin,act1:dag@plugin,act1:workmate@plugin
2026-10-06T16:45:52.510Z +24029ms pid=567 REG poll 
2026-10-06T16:45:52.516Z +23924ms pid=588 CSV poll todo,jobs,agents
2026-10-06T16:45:52.533Z +24052ms pid=567 CSV poll todo,jobs,agents
2026-10-06T16:45:52.543Z +24033ms pid=574 REG poll 
2026-10-06T16:45:52.574Z +24064ms pid=574 CSV poll todo,jobs,agents
2026-10-06T16:45:52.686Z +23034ms pid=621 REG poll 
2026-10-06T16:45:52.692Z +23028ms pid=628 REG poll 
2026-10-06T16:45:52.697Z +23037ms pid=627 REG poll 
2026-10-06T16:45:52.699Z +23047ms pid=621 CSV poll todo,jobs,agents
2026-10-06T16:45:52.707Z +23047ms pid=627 CSV poll todo,jobs,agents
2026-10-06T16:45:52.714Z +23050ms pid=628 CSV poll todo,jobs,agents
2026-10-06T16:45:52.766Z +24174ms pid=588 CSV poll todo,jobs,agents
2026-10-06T16:45:52.783Z +24302ms pid=567 CSV poll todo,jobs,agents
2026-10-06T16:45:52.824Z +24314ms pid=574 CSV poll todo,jobs,agents
2026-10-06T16:45:52.950Z +23298ms pid=621 CSV poll todo,jobs,agents
2026-10-06T16:45:52.957Z +23297ms pid=627 CSV poll todo,jobs,agents
2026-10-06T16:45:52.964Z +23300ms pid=628 CSV poll todo,jobs,agents
2026-10-06T16:45:52.996Z +24404ms pid=588 REG poll todo@builtin,info@builtin,jobs@builtin,trajectory@builtin,agents@builtin,workspace@builtin,companion@builtin,act1:team@plugin,act1:dag@plugin,act1:workmate@plugin
2026-10-06T16:45:53.010Z +24529ms pid=567 REG poll 
2026-10-06T16:45:53.016Z +24424ms pid=588 CSV poll todo,jobs,agents
2026-10-06T16:45:53.034Z +24553ms pid=567 CSV poll todo,jobs,agents
2026-10-06T16:45:53.044Z +24534ms pid=574 REG poll 
2026-10-06T16:45:53.076Z +24566ms pid=574 CSV poll todo,jobs,agents
2026-10-06T16:45:53.187Z +23535ms pid=621 REG poll 
2026-10-06T16:45:53.193Z +23529ms pid=628 REG poll 
2026-10-06T16:45:53.198Z +23538ms pid=627 REG poll 
2026-10-06T16:45:53.200Z +23548ms pid=621 CSV poll todo,jobs,agents
2026-10-06T16:45:53.207Z +23547ms pid=627 CSV poll todo,jobs,agents
2026-10-06T16:45:53.214Z +23550ms pid=628 CSV poll todo,jobs,agents
2026-10-06T16:45:53.266Z +24674ms pid=588 CSV poll todo,jobs,agents
2026-10-06T16:45:53.284Z +24803ms pid=567 CSV poll todo,jobs,agents
2026-10-06T16:45:53.326Z +24816ms pid=574 CSV poll todo,jobs,agents
2026-10-06T16:45:53.451Z +23799ms pid=621 CSV poll todo,jobs,agents
2026-10-06T16:45:53.458Z +23798ms pid=627 CSV poll todo,jobs,agents
2026-10-06T16:45:53.464Z +23800ms pid=628 CSV poll todo,jobs,agents
2026-10-06T16:45:53.497Z +24905ms pid=588 REG poll todo@builtin,info@builtin,jobs@builtin,trajectory@builtin,agents@builtin,workspace@builtin,companion@builtin,act1:team@plugin,act1:dag@plugin,act1:workmate@plugin
2026-10-06T16:45:53.511Z +25030ms pid=567 REG poll 
2026-10-06T16:45:53.516Z +24924ms pid=588 CSV poll todo,jobs,agents
2026-10-06T16:45:53.534Z +25053ms pid=567 CSV poll todo,jobs,agents
2026-10-06T16:45:53.544Z +25034ms pid=574 REG poll 
2026-10-06T16:45:53.576Z +25066ms pid=574 CSV poll todo,jobs,agents
2026-10-06T16:45:53.687Z +24035ms pid=621 REG poll 
2026-10-06T16:45:53.693Z +24029ms pid=628 REG poll 
2026-10-06T16:45:53.699Z +24039ms pid=627 REG poll 
2026-10-06T16:45:53.701Z +24049ms pid=621 CSV poll todo,jobs,agents
2026-10-06T16:45:53.708Z +24048ms pid=627 CSV poll todo,jobs,agents
2026-10-06T16:45:53.715Z +24051ms pid=628 CSV poll todo,jobs,agents
2026-10-06T16:45:53.767Z +25175ms pid=588 CSV poll todo,jobs,agents
2026-10-06T16:45:53.785Z +25304ms pid=567 CSV poll todo,jobs,agents
2026-10-06T16:45:53.827Z +25317ms pid=574 CSV poll todo,jobs,agents
2026-10-06T16:45:53.951Z +24299ms pid=621 CSV poll todo,jobs,agents
2026-10-06T16:45:53.959Z +24299ms pid=627 CSV poll todo,jobs,agents
2026-10-06T16:45:53.966Z +24302ms pid=628 CSV poll todo,jobs,agents
2026-10-06T16:45:53.997Z +25405ms pid=588 REG poll todo@builtin,info@builtin,jobs@builtin,trajectory@builtin,agents@builtin,workspace@builtin,companion@builtin,act1:team@plugin,act1:dag@plugin,act1:workmate@plugin
2026-10-06T16:45:54.011Z +25531ms pid=567 REG poll 
2026-10-06T16:45:54.017Z +25425ms pid=588 CSV poll todo,jobs,agents
2026-10-06T16:45:54.035Z +25554ms pid=567 CSV poll todo,jobs,agents
2026-10-06T16:45:54.045Z +25535ms pid=574 REG poll 
2026-10-06T16:45:54.078Z +25568ms pid=574 CSV poll todo,jobs,agents
2026-10-06T16:45:54.187Z +24535ms pid=621 REG poll 
2026-10-06T16:45:54.193Z +24529ms pid=628 REG poll 
2026-10-06T16:45:54.199Z +24540ms pid=627 REG poll 
2026-10-06T16:45:54.202Z +24550ms pid=621 CSV poll todo,jobs,agents
2026-10-06T16:45:54.209Z +24549ms pid=627 CSV poll todo,jobs,agents
2026-10-06T16:45:54.217Z +24553ms pid=628 CSV poll todo,jobs,agents
2026-10-06T16:45:54.267Z +25675ms pid=588 CSV poll todo,jobs,agents
2026-10-06T16:45:54.285Z +25804ms pid=567 CSV poll todo,jobs,agents
2026-10-06T16:45:54.328Z +25818ms pid=574 CSV poll todo,jobs,agents
2026-10-06T16:45:54.452Z +24800ms pid=621 CSV poll todo,jobs,agents
2026-10-06T16:45:54.460Z +24800ms pid=627 CSV poll todo,jobs,agents
2026-10-06T16:45:54.468Z +24804ms pid=628 CSV poll todo,jobs,agents
2026-10-06T16:45:54.499Z +25907ms pid=588 REG poll todo@builtin,info@builtin,jobs@builtin,trajectory@builtin,agents@builtin,workspace@builtin,companion@builtin,act1:team@plugin,act1:dag@plugin,act1:workmate@plugin
2026-10-06T16:45:54.513Z +26032ms pid=567 REG poll 
2026-10-06T16:45:54.517Z +25925ms pid=588 CSV poll todo,jobs,agents
2026-10-06T16:45:54.535Z +26054ms pid=567 CSV poll todo,jobs,agents
2026-10-06T16:45:54.546Z +26036ms pid=574 REG poll 
2026-10-06T16:45:54.577Z +26067ms pid=574 CSV poll todo,jobs,agents
2026-10-06T16:45:54.687Z +25035ms pid=621 REG poll 
2026-10-06T16:45:54.693Z +25029ms pid=628 REG poll 
2026-10-06T16:45:54.700Z +25040ms pid=627 REG poll 
2026-10-06T16:45:54.702Z +25050ms pid=621 CSV poll todo,jobs,agents
2026-10-06T16:45:54.710Z +25050ms pid=627 CSV poll todo,jobs,agents
2026-10-06T16:45:54.718Z +25054ms pid=628 CSV poll todo,jobs,agents
2026-10-06T16:45:54.767Z +26175ms pid=588 CSV poll todo,jobs,agents
2026-10-06T16:45:54.785Z +26304ms pid=567 CSV poll todo,jobs,agents
2026-10-06T16:45:54.828Z +26318ms pid=574 CSV poll todo,jobs,agents
2026-10-06T16:45:54.953Z +25301ms pid=621 CSV poll todo,jobs,agents
2026-10-06T16:45:54.960Z +25300ms pid=627 CSV poll todo,jobs,agents
2026-10-06T16:45:54.969Z +25305ms pid=628 CSV poll todo,jobs,agents
2026-10-06T16:45:54.999Z +26407ms pid=588 REG poll todo@builtin,info@builtin,jobs@builtin,trajectory@builtin,agents@builtin,workspace@builtin,companion@builtin,act1:team@plugin,act1:dag@plugin,act1:workmate@plugin
2026-10-06T16:45:55.014Z +26533ms pid=567 REG poll 
2026-10-06T16:45:55.017Z +26425ms pid=588 CSV poll todo,jobs,agents
2026-10-06T16:45:55.036Z +26555ms pid=567 CSV poll todo,jobs,agents
2026-10-06T16:45:55.046Z +26536ms pid=574 REG poll 
2026-10-06T16:45:55.079Z +26569ms pid=574 CSV poll todo,jobs,agents
2026-10-06T16:45:55.188Z +25536ms pid=621 REG poll 
2026-10-06T16:45:55.194Z +25530ms pid=628 REG poll 
2026-10-06T16:45:55.201Z +25541ms pid=627 REG poll 
2026-10-06T16:45:55.204Z +25552ms pid=621 CSV poll todo,jobs,agents
2026-10-06T16:45:55.210Z +25550ms pid=627 CSV poll todo,jobs,agents
2026-10-06T16:45:55.219Z +25555ms pid=628 CSV poll todo,jobs,agents
2026-10-06T16:45:55.268Z +26676ms pid=588 CSV poll todo,jobs,agents
2026-10-06T16:45:55.287Z +26806ms pid=567 CSV poll todo,jobs,agents
2026-10-06T16:45:55.330Z +26820ms pid=574 CSV poll todo,jobs,agents
2026-10-06T16:45:55.455Z +25803ms pid=621 CSV poll todo,jobs,agents
2026-10-06T16:45:55.461Z +25801ms pid=627 CSV poll todo,jobs,agents
2026-10-06T16:45:55.470Z +25806ms pid=628 CSV poll todo,jobs,agents
2026-10-06T16:45:55.499Z +26907ms pid=588 REG poll todo@builtin,info@builtin,jobs@builtin,trajectory@builtin,agents@builtin,workspace@builtin,companion@builtin,act1:team@plugin,act1:dag@plugin,act1:workmate@plugin
2026-10-06T16:45:55.514Z +27033ms pid=567 REG poll 
2026-10-06T16:45:55.519Z +26927ms pid=588 CSV poll todo,jobs,agents
2026-10-06T16:45:55.538Z +27057ms pid=567 CSV poll todo,jobs,agents
2026-10-06T16:45:55.547Z +27037ms pid=574 REG poll 
2026-10-06T16:45:55.581Z +27071ms pid=574 CSV poll todo,jobs,agents
2026-10-06T16:45:55.687Z +26035ms pid=621 REG poll 
2026-10-06T16:45:55.694Z +26030ms pid=628 REG poll 
2026-10-06T16:45:55.702Z +26042ms pid=627 REG poll 
2026-10-06T16:45:55.706Z +26054ms pid=621 CSV poll todo,jobs,agents
2026-10-06T16:45:55.713Z +26053ms pid=627 CSV poll todo,jobs,agents
2026-10-06T16:45:55.721Z +26057ms pid=628 CSV poll todo,jobs,agents
2026-10-06T16:45:55.770Z +27178ms pid=588 CSV poll todo,jobs,agents
2026-10-06T16:45:55.788Z +27307ms pid=567 CSV poll todo,jobs,agents
2026-10-06T16:45:55.831Z +27322ms pid=574 CSV poll todo,jobs,agents
2026-10-06T16:45:55.956Z +26304ms pid=621 CSV poll todo,jobs,agents
2026-10-06T16:45:55.964Z +26304ms pid=627 CSV poll todo,jobs,agents
2026-10-06T16:45:55.972Z +26308ms pid=628 CSV poll todo,jobs,agents
2026-10-06T16:45:55.999Z +27408ms pid=588 REG poll todo@builtin,info@builtin,jobs@builtin,trajectory@builtin,agents@builtin,workspace@builtin,companion@builtin,act1:team@plugin,act1:dag@plugin,act1:workmate@plugin
2026-10-06T16:45:56.015Z +27534ms pid=567 REG poll 
2026-10-06T16:45:56.021Z +27429ms pid=588 CSV poll todo,jobs,agents
2026-10-06T16:45:56.039Z +27558ms pid=567 CSV poll todo,jobs,agents
2026-10-06T16:45:56.047Z +27537ms pid=574 REG poll 
2026-10-06T16:45:56.081Z +27571ms pid=574 CSV poll todo,jobs,agents
2026-10-06T16:45:56.188Z +26536ms pid=621 REG poll 
2026-10-06T16:45:56.194Z +26530ms pid=628 REG poll 
2026-10-06T16:45:56.202Z +26542ms pid=627 REG poll 
2026-10-06T16:45:56.207Z +26555ms pid=621 CSV poll todo,jobs,agents
2026-10-06T16:45:56.214Z +26554ms pid=627 CSV poll todo,jobs,agents
2026-10-06T16:45:56.223Z +26559ms pid=628 CSV poll todo,jobs,agents
2026-10-06T16:45:56.271Z +27679ms pid=588 CSV poll todo,jobs,agents
2026-10-06T16:45:56.290Z +27809ms pid=567 CSV poll todo,jobs,agents
2026-10-06T16:45:56.332Z +27822ms pid=574 CSV poll todo,jobs,agents
2026-10-06T16:45:56.458Z +26806ms pid=621 CSV poll todo,jobs,agents
2026-10-06T16:45:56.465Z +26805ms pid=627 CSV poll todo,jobs,agents
2026-10-06T16:45:56.474Z +26810ms pid=628 CSV poll todo,jobs,agents
2026-10-06T16:45:56.500Z +27908ms pid=588 REG poll todo@builtin,info@builtin,jobs@builtin,trajectory@builtin,agents@builtin,workspace@builtin,companion@builtin,act1:team@plugin,act1:dag@plugin,act1:workmate@plugin
2026-10-06T16:45:56.517Z +28036ms pid=567 REG poll 
2026-10-06T16:45:56.521Z +27929ms pid=588 CSV poll todo,jobs,agents
2026-10-06T16:45:56.541Z +28060ms pid=567 CSV poll todo,jobs,agents
2026-10-06T16:45:56.548Z +28038ms pid=574 REG poll 
2026-10-06T16:45:56.583Z +28073ms pid=574 CSV poll todo,jobs,agents
2026-10-06T16:45:56.689Z +27037ms pid=621 REG poll 
2026-10-06T16:45:56.694Z +27030ms pid=628 REG poll 
2026-10-06T16:45:56.703Z +27043ms pid=627 REG poll 
2026-10-06T16:45:56.709Z +27057ms pid=621 CSV poll todo,jobs,agents
2026-10-06T16:45:56.717Z +27057ms pid=627 CSV poll todo,jobs,agents
2026-10-06T16:45:56.725Z +27061ms pid=628 CSV poll todo,jobs,agents
2026-10-06T16:45:56.771Z +28179ms pid=588 CSV poll todo,jobs,agents
2026-10-06T16:45:56.792Z +28311ms pid=567 CSV poll todo,jobs,agents
2026-10-06T16:45:56.833Z +28323ms pid=574 CSV poll todo,jobs,agents
2026-10-06T16:45:56.960Z +27308ms pid=621 CSV poll todo,jobs,agents
2026-10-06T16:45:56.967Z +27307ms pid=627 CSV poll todo,jobs,agents
2026-10-06T16:45:56.976Z +27312ms pid=628 CSV poll todo,jobs,agents
2026-10-06T16:45:57.000Z +28408ms pid=588 REG poll todo@builtin,info@builtin,jobs@builtin,trajectory@builtin,agents@builtin,workspace@builtin,companion@builtin,act1:team@plugin,act1:dag@plugin,act1:workmate@plugin
2026-10-06T16:45:57.019Z +28538ms pid=567 REG poll 
2026-10-06T16:45:57.022Z +28430ms pid=588 CSV poll todo,jobs,agents
2026-10-06T16:45:57.042Z +28561ms pid=567 CSV poll todo,jobs,agents
2026-10-06T16:45:57.049Z +28539ms pid=574 REG poll 
2026-10-06T16:45:57.084Z +28574ms pid=574 CSV poll todo,jobs,agents
2026-10-06T16:45:57.190Z +27538ms pid=621 REG poll 
2026-10-06T16:45:57.194Z +27530ms pid=628 REG poll 
2026-10-06T16:45:57.203Z +27543ms pid=627 REG poll 
2026-10-06T16:45:57.211Z +27559ms pid=621 CSV poll todo,jobs,agents
2026-10-06T16:45:57.218Z +27558ms pid=627 CSV poll todo,jobs,agents
2026-10-06T16:45:57.227Z +27563ms pid=628 CSV poll todo,jobs,agents
2026-10-06T16:45:57.273Z +28681ms pid=588 CSV poll todo,jobs,agents
2026-10-06T16:45:57.293Z +28812ms pid=567 CSV poll todo,jobs,agents
2026-10-06T16:45:57.334Z +28824ms pid=574 CSV poll todo,jobs,agents
2026-10-06T16:45:57.462Z +27810ms pid=621 CSV poll todo,jobs,agents
2026-10-06T16:45:57.469Z +27809ms pid=627 CSV poll todo,jobs,agents
2026-10-06T16:45:57.478Z +27814ms pid=628 CSV poll todo,jobs,agents
2026-10-06T16:45:57.501Z +28909ms pid=588 REG poll todo@builtin,info@builtin,jobs@builtin,trajectory@builtin,agents@builtin,workspace@builtin,companion@builtin,act1:team@plugin,act1:dag@plugin,act1:workmate@plugin
2026-10-06T16:45:57.520Z +29039ms pid=567 REG poll 
2026-10-06T16:45:57.523Z +28931ms pid=588 CSV poll todo,jobs,agents
2026-10-06T16:45:57.544Z +29063ms pid=567 CSV poll todo,jobs,agents
2026-10-06T16:45:57.551Z +29041ms pid=574 REG poll 
2026-10-06T16:45:57.584Z +29074ms pid=574 CSV poll todo,jobs,agents
2026-10-06T16:45:57.691Z +28039ms pid=621 REG poll 
2026-10-06T16:45:57.695Z +28031ms pid=628 REG poll 
2026-10-06T16:45:57.703Z +28043ms pid=627 REG poll 
2026-10-06T16:45:57.713Z +28061ms pid=621 CSV poll todo,jobs,agents
2026-10-06T16:45:57.720Z +28060ms pid=627 CSV poll todo,jobs,agents
2026-10-06T16:45:57.729Z +28065ms pid=628 CSV poll todo,jobs,agents
2026-10-06T16:45:57.774Z +29182ms pid=588 CSV poll todo,jobs,agents
2026-10-06T16:45:57.794Z +29313ms pid=567 CSV poll todo,jobs,agents
2026-10-06T16:45:57.835Z +29325ms pid=574 CSV poll todo,jobs,agents
2026-10-06T16:45:57.963Z +28311ms pid=621 CSV poll todo,jobs,agents
2026-10-06T16:45:57.970Z +28310ms pid=627 CSV poll todo,jobs,agents
2026-10-06T16:45:57.979Z +28315ms pid=628 CSV poll todo,jobs,agents
2026-10-06T16:45:58.002Z +29410ms pid=588 REG poll todo@builtin,info@builtin,jobs@builtin,trajectory@builtin,agents@builtin,workspace@builtin,companion@builtin,act1:team@plugin,act1:dag@plugin,act1:workmate@plugin
2026-10-06T16:45:58.021Z +29540ms pid=567 REG poll 
2026-10-06T16:45:58.025Z +29433ms pid=588 CSV poll todo,jobs,agents
2026-10-06T16:45:58.045Z +29564ms pid=567 CSV poll todo,jobs,agents
2026-10-06T16:45:58.051Z +29541ms pid=574 REG poll 
2026-10-06T16:45:58.086Z +29576ms pid=574 CSV poll todo,jobs,agents
2026-10-06T16:45:58.191Z +28539ms pid=621 REG poll 
2026-10-06T16:45:58.195Z +28531ms pid=628 REG poll 
2026-10-06T16:45:58.203Z +28543ms pid=627 REG poll 
2026-10-06T16:45:58.214Z +28562ms pid=621 CSV poll todo,jobs,agents
2026-10-06T16:45:58.221Z +28561ms pid=627 CSV poll todo,jobs,agents
2026-10-06T16:45:58.230Z +28566ms pid=628 CSV poll todo,jobs,agents
2026-10-06T16:45:58.275Z +29683ms pid=588 CSV poll todo,jobs,agents
2026-10-06T16:45:58.296Z +29815ms pid=567 CSV poll todo,jobs,agents
2026-10-06T16:45:58.337Z +29827ms pid=574 CSV poll todo,jobs,agents
2026-10-06T16:45:58.465Z +28813ms pid=621 CSV poll todo,jobs,agents
2026-10-06T16:45:58.472Z +28812ms pid=627 CSV poll todo,jobs,agents
2026-10-06T16:45:58.481Z +28817ms pid=628 CSV poll todo,jobs,agents
2026-10-06T16:45:58.502Z +29910ms pid=588 REG poll todo@builtin,info@builtin,jobs@builtin,trajectory@builtin,agents@builtin,workspace@builtin,companion@builtin,act1:team@plugin,act1:dag@plugin,act1:workmate@plugin
2026-10-06T16:45:58.522Z +30041ms pid=567 REG poll 
2026-10-06T16:45:58.526Z +29934ms pid=588 CSV poll todo,jobs,agents
2026-10-06T16:45:58.547Z +30066ms pid=567 CSV poll todo,jobs,agents
2026-10-06T16:45:58.551Z +30041ms pid=574 REG poll 
2026-10-06T16:45:58.587Z +30077ms pid=574 CSV poll todo,jobs,agents
2026-10-06T16:45:58.692Z +29040ms pid=621 REG poll 
2026-10-06T16:45:58.696Z +29032ms pid=628 REG poll 
2026-10-06T16:45:58.704Z +29044ms pid=627 REG poll 
2026-10-06T16:45:58.715Z +29063ms pid=621 CSV poll todo,jobs,agents
2026-10-06T16:45:58.723Z +29063ms pid=627 CSV poll todo,jobs,agents
2026-10-06T16:45:58.731Z +29067ms pid=628 CSV poll todo,jobs,agents
2026-10-06T16:45:58.777Z +30185ms pid=588 CSV poll todo,jobs,agents
2026-10-06T16:45:58.798Z +30317ms pid=567 CSV poll todo,jobs,agents
2026-10-06T16:45:58.838Z +30328ms pid=574 CSV poll todo,jobs,agents
2026-10-06T16:45:58.966Z +29314ms pid=621 CSV poll todo,jobs,agents
2026-10-06T16:45:58.974Z +29314ms pid=627 CSV poll todo,jobs,agents
2026-10-06T16:45:58.982Z +29318ms pid=628 CSV poll todo,jobs,agents
2026-10-06T16:45:59.004Z +30412ms pid=588 REG poll todo@builtin,info@builtin,jobs@builtin,trajectory@builtin,agents@builtin,workspace@builtin,companion@builtin,act1:team@plugin,act1:dag@plugin,act1:workmate@plugin
2026-10-06T16:45:59.022Z +30541ms pid=567 REG poll 
2026-10-06T16:45:59.026Z +30435ms pid=588 CSV poll todo,jobs,agents
2026-10-06T16:45:59.048Z +30567ms pid=567 CSV poll todo,jobs,agents
2026-10-06T16:45:59.052Z +30542ms pid=574 REG poll 
2026-10-06T16:45:59.089Z +30579ms pid=574 CSV poll todo,jobs,agents
2026-10-06T16:45:59.193Z +29541ms pid=621 REG poll 
2026-10-06T16:45:59.198Z +29534ms pid=628 REG poll 
2026-10-06T16:45:59.205Z +29545ms pid=627 REG poll 
2026-10-06T16:45:59.217Z +29565ms pid=621 CSV poll todo,jobs,agents
2026-10-06T16:45:59.223Z +29563ms pid=627 CSV poll todo,jobs,agents
2026-10-06T16:45:59.233Z +29569ms pid=628 CSV poll todo,jobs,agents
2026-10-06T16:45:59.277Z +30685ms pid=588 CSV poll todo,jobs,agents
2026-10-06T16:45:59.299Z +30818ms pid=567 CSV poll todo,jobs,agents
2026-10-06T16:45:59.339Z +30829ms pid=574 CSV poll todo,jobs,agents
2026-10-06T16:45:59.468Z +29816ms pid=621 CSV poll todo,jobs,agents
2026-10-06T16:45:59.474Z +29814ms pid=627 CSV poll todo,jobs,agents
2026-10-06T16:45:59.484Z +29820ms pid=628 CSV poll todo,jobs,agents
2026-10-06T16:45:59.505Z +30913ms pid=588 REG poll todo@builtin,info@builtin,jobs@builtin,trajectory@builtin,agents@builtin,workspace@builtin,companion@builtin,act1:team@plugin,act1:dag@plugin,act1:workmate@plugin
2026-10-06T16:45:59.523Z +31043ms pid=567 REG poll 
2026-10-06T16:45:59.527Z +30935ms pid=588 CSV poll todo,jobs,agents
2026-10-06T16:45:59.550Z +31069ms pid=567 CSV poll todo,jobs,agents
2026-10-06T16:45:59.552Z +31042ms pid=574 REG poll 
2026-10-06T16:45:59.590Z +31080ms pid=574 CSV poll todo,jobs,agents
2026-10-06T16:45:59.694Z +30042ms pid=621 REG poll 
2026-10-06T16:45:59.697Z +30033ms pid=628 REG poll 
2026-10-06T16:45:59.706Z +30046ms pid=627 REG poll 
2026-10-06T16:45:59.719Z +30067ms pid=621 CSV poll todo,jobs,agents
2026-10-06T16:45:59.725Z +30065ms pid=627 CSV poll todo,jobs,agents
2026-10-06T16:45:59.735Z +30071ms pid=628 CSV poll todo,jobs,agents
2026-10-06T16:45:59.776Z +31184ms pid=588 CSV poll todo,jobs,agents
2026-10-06T16:45:59.801Z +31320ms pid=567 CSV poll todo,jobs,agents
2026-10-06T16:45:59.841Z +31331ms pid=574 CSV poll todo,jobs,agents
2026-10-06T16:45:59.971Z +30319ms pid=621 CSV poll todo,jobs,agents
2026-10-06T16:45:59.975Z +30315ms pid=627 CSV poll todo,jobs,agents
2026-10-06T16:45:59.986Z +30322ms pid=628 CSV poll todo,jobs,agents
2026-10-06T16:46:00.006Z +31414ms pid=588 REG poll todo@builtin,info@builtin,jobs@builtin,trajectory@builtin,agents@builtin,workspace@builtin,companion@builtin,act1:team@plugin,act1:dag@plugin,act1:workmate@plugin
2026-10-06T16:46:00.024Z +31543ms pid=567 REG poll 
2026-10-06T16:46:00.027Z +31435ms pid=588 CSV poll todo,jobs,agents
2026-10-06T16:46:00.052Z +31571ms pid=567 CSV poll todo,jobs,agents
2026-10-06T16:46:00.054Z +31544ms pid=574 REG poll 
2026-10-06T16:46:00.091Z +31581ms pid=574 CSV poll todo,jobs,agents
2026-10-06T16:46:00.194Z +30542ms pid=621 REG poll 
2026-10-06T16:46:00.198Z +30534ms pid=628 REG poll 
2026-10-06T16:46:00.206Z +30546ms pid=627 REG poll 
2026-10-06T16:46:00.222Z +30570ms pid=621 CSV poll todo,jobs,agents
2026-10-06T16:46:00.226Z +30566ms pid=627 CSV poll todo,jobs,agents
2026-10-06T16:46:00.237Z +30573ms pid=628 CSV poll todo,jobs,agents
2026-10-06T16:46:00.278Z +31686ms pid=588 CSV poll todo,jobs,agents
2026-10-06T16:46:00.303Z +31822ms pid=567 CSV poll todo,jobs,agents
2026-10-06T16:46:00.342Z +31832ms pid=574 CSV poll todo,jobs,agents
2026-10-06T16:46:00.473Z +30821ms pid=621 CSV poll todo,jobs,agents
2026-10-06T16:46:00.477Z +30817ms pid=627 CSV poll todo,jobs,agents
2026-10-06T16:46:00.487Z +30823ms pid=628 CSV poll todo,jobs,agents
2026-10-06T16:46:00.506Z +31914ms pid=588 REG poll todo@builtin,info@builtin,jobs@builtin,trajectory@builtin,agents@builtin,workspace@builtin,companion@builtin,act1:team@plugin,act1:dag@plugin,act1:workmate@plugin
2026-10-06T16:46:00.525Z +32044ms pid=567 REG poll 
2026-10-06T16:46:00.529Z +31937ms pid=588 CSV poll todo,jobs,agents
2026-10-06T16:46:00.553Z +32043ms pid=574 REG poll 
2026-10-06T16:46:00.553Z +32072ms pid=567 CSV poll todo,jobs,agents
2026-10-06T16:46:00.593Z +32083ms pid=574 CSV poll todo,jobs,agents
2026-10-06T16:46:00.694Z +31042ms pid=621 REG poll 
2026-10-06T16:46:00.699Z +31035ms pid=628 REG poll 
2026-10-06T16:46:00.706Z +31046ms pid=627 REG poll 
2026-10-06T16:46:00.723Z +31071ms pid=621 CSV poll todo,jobs,agents
2026-10-06T16:46:00.728Z +31068ms pid=627 CSV poll todo,jobs,agents
2026-10-06T16:46:00.738Z +31074ms pid=628 CSV poll todo,jobs,agents
2026-10-06T16:46:00.781Z +32189ms pid=588 CSV poll todo,jobs,agents
2026-10-06T16:46:00.804Z +32323ms pid=567 CSV poll todo,jobs,agents
2026-10-06T16:46:00.844Z +32334ms pid=574 CSV poll todo,jobs,agents
2026-10-06T16:46:00.973Z +31321ms pid=621 CSV poll todo,jobs,agents
2026-10-06T16:46:00.979Z +31319ms pid=627 CSV poll todo,jobs,agents
2026-10-06T16:46:00.989Z +31325ms pid=628 CSV poll todo,jobs,agents
2026-10-06T16:46:01.007Z +32415ms pid=588 REG poll todo@builtin,info@builtin,jobs@builtin,trajectory@builtin,agents@builtin,workspace@builtin,companion@builtin,act1:team@plugin,act1:dag@plugin,act1:workmate@plugin
2026-10-06T16:46:01.025Z +32544ms pid=567 REG poll 
2026-10-06T16:46:01.032Z +32440ms pid=588 CSV poll todo,jobs,agents
2026-10-06T16:46:01.054Z +32544ms pid=574 REG poll 
2026-10-06T16:46:01.056Z +32575ms pid=567 CSV poll todo,jobs,agents
2026-10-06T16:46:01.094Z +32584ms pid=574 CSV poll todo,jobs,agents
2026-10-06T16:46:01.195Z +31543ms pid=621 REG poll 
2026-10-06T16:46:01.200Z +31536ms pid=628 REG poll 
2026-10-06T16:46:01.206Z +31546ms pid=627 REG poll 
2026-10-06T16:46:01.224Z +31572ms pid=621 CSV poll todo,jobs,agents
2026-10-06T16:46:01.230Z +31570ms pid=627 CSV poll todo,jobs,agents
2026-10-06T16:46:01.240Z +31576ms pid=628 CSV poll todo,jobs,agents
2026-10-06T16:46:01.282Z +32690ms pid=588 CSV poll todo,jobs,agents
2026-10-06T16:46:01.307Z +32826ms pid=567 CSV poll todo,jobs,agents
2026-10-06T16:46:01.345Z +32835ms pid=574 CSV poll todo,jobs,agents
2026-10-06T16:46:01.474Z +31823ms pid=621 CSV poll todo,jobs,agents
2026-10-06T16:46:01.481Z +31821ms pid=627 CSV poll todo,jobs,agents
2026-10-06T16:46:01.491Z +31827ms pid=628 CSV poll todo,jobs,agents
2026-10-06T16:46:01.507Z +32915ms pid=588 REG poll todo@builtin,info@builtin,jobs@builtin,trajectory@builtin,agents@builtin,workspace@builtin,companion@builtin,act1:team@plugin,act1:dag@plugin,act1:workmate@plugin
2026-10-06T16:46:01.526Z +33045ms pid=567 REG poll 
2026-10-06T16:46:01.532Z +32940ms pid=588 CSV poll todo,jobs,agents
2026-10-06T16:46:01.554Z +33044ms pid=574 REG poll 
2026-10-06T16:46:01.558Z +33077ms pid=567 CSV poll todo,jobs,agents
2026-10-06T16:46:01.596Z +33086ms pid=574 CSV poll todo,jobs,agents
2026-10-06T16:46:01.696Z +32044ms pid=621 REG poll 
2026-10-06T16:46:01.700Z +32037ms pid=628 REG poll 
2026-10-06T16:46:01.707Z +32047ms pid=627 REG poll 
2026-10-06T16:46:01.726Z +32074ms pid=621 CSV poll todo,jobs,agents
2026-10-06T16:46:01.731Z +32071ms pid=627 CSV poll todo,jobs,agents
2026-10-06T16:46:01.741Z +32077ms pid=628 CSV poll todo,jobs,agents
2026-10-06T16:46:01.782Z +33190ms pid=588 CSV poll todo,jobs,agents
2026-10-06T16:46:01.809Z +33328ms pid=567 CSV poll todo,jobs,agents
2026-10-06T16:46:01.847Z +33337ms pid=574 CSV poll todo,jobs,agents
2026-10-06T16:46:01.977Z +32325ms pid=621 CSV poll todo,jobs,agents
2026-10-06T16:46:01.982Z +32322ms pid=627 CSV poll todo,jobs,agents
2026-10-06T16:46:01.991Z +32327ms pid=628 CSV poll todo,jobs,agents
2026-10-06T16:46:02.008Z +33416ms pid=588 REG poll todo@builtin,info@builtin,jobs@builtin,trajectory@builtin,agents@builtin,workspace@builtin,companion@builtin,act1:team@plugin,act1:dag@plugin,act1:workmate@plugin
2026-10-06T16:46:02.026Z +33545ms pid=567 REG poll 
2026-10-06T16:46:02.032Z +33440ms pid=588 CSV poll todo,jobs,agents
2026-10-06T16:46:02.055Z +33545ms pid=574 REG poll 
2026-10-06T16:46:02.059Z +33578ms pid=567 CSV poll todo,jobs,agents
2026-10-06T16:46:02.097Z +33587ms pid=574 CSV poll todo,jobs,agents
2026-10-06T16:46:02.196Z +32544ms pid=621 REG poll 
2026-10-06T16:46:02.201Z +32537ms pid=628 REG poll 
2026-10-06T16:46:02.207Z +32547ms pid=627 REG poll 
2026-10-06T16:46:02.226Z +32574ms pid=621 CSV poll todo,jobs,agents
2026-10-06T16:46:02.233Z +32573ms pid=627 CSV poll todo,jobs,agents
2026-10-06T16:46:02.242Z +32578ms pid=628 CSV poll todo,jobs,agents
2026-10-06T16:46:02.283Z +33691ms pid=588 CSV poll todo,jobs,agents
2026-10-06T16:46:02.310Z +33829ms pid=567 CSV poll todo,jobs,agents
2026-10-06T16:46:02.348Z +33838ms pid=574 CSV poll todo,jobs,agents
2026-10-06T16:46:02.477Z +32825ms pid=621 CSV poll todo,jobs,agents
2026-10-06T16:46:02.484Z +32824ms pid=627 CSV poll todo,jobs,agents
2026-10-06T16:46:02.493Z +32829ms pid=628 CSV poll todo,jobs,agents
2026-10-06T16:46:02.509Z +33917ms pid=588 REG poll todo@builtin,info@builtin,jobs@builtin,trajectory@builtin,agents@builtin,workspace@builtin,companion@builtin,act1:team@plugin,act1:dag@plugin,act1:workmate@plugin
2026-10-06T16:46:02.528Z +34047ms pid=567 REG poll 
2026-10-06T16:46:02.534Z +33942ms pid=588 CSV poll todo,jobs,agents
2026-10-06T16:46:02.555Z +34045ms pid=574 REG poll 
2026-10-06T16:46:02.560Z +34079ms pid=567 CSV poll todo,jobs,agents
2026-10-06T16:46:02.599Z +34089ms pid=574 CSV poll todo,jobs,agents
2026-10-06T16:46:02.698Z +33046ms pid=621 REG poll 
2026-10-06T16:46:02.702Z +33038ms pid=628 REG poll 
2026-10-06T16:46:02.706Z +33046ms pid=627 REG poll 
2026-10-06T16:46:02.727Z +33075ms pid=621 CSV poll todo,jobs,agents
2026-10-06T16:46:02.735Z +33075ms pid=627 CSV poll todo,jobs,agents
2026-10-06T16:46:02.744Z +33080ms pid=628 CSV poll todo,jobs,agents
2026-10-06T16:46:02.785Z +34193ms pid=588 CSV poll todo,jobs,agents
2026-10-06T16:46:02.811Z +34330ms pid=567 CSV poll todo,jobs,agents
2026-10-06T16:46:02.850Z +34340ms pid=574 CSV poll todo,jobs,agents
2026-10-06T16:46:02.978Z +33326ms pid=621 CSV poll todo,jobs,agents
2026-10-06T16:46:02.986Z +33326ms pid=627 CSV poll todo,jobs,agents
2026-10-06T16:46:02.994Z +33331ms pid=628 CSV poll todo,jobs,agents
2026-10-06T16:46:03.009Z +34417ms pid=588 REG poll todo@builtin,info@builtin,jobs@builtin,trajectory@builtin,agents@builtin,workspace@builtin,companion@builtin,act1:team@plugin,act1:dag@plugin,act1:workmate@plugin
2026-10-06T16:46:03.028Z +34547ms pid=567 REG poll 
2026-10-06T16:46:03.037Z +34445ms pid=588 CSV poll todo,jobs,agents
2026-10-06T16:46:03.056Z +34546ms pid=574 REG poll 
2026-10-06T16:46:03.062Z +34581ms pid=567 CSV poll todo,jobs,agents
2026-10-06T16:46:03.100Z +34590ms pid=574 CSV poll todo,jobs,agents
2026-10-06T16:46:03.199Z +33547ms pid=621 REG poll 
2026-10-06T16:46:03.202Z +33538ms pid=628 REG poll 
2026-10-06T16:46:03.207Z +33547ms pid=627 REG poll 
2026-10-06T16:46:03.228Z +33576ms pid=621 CSV poll todo,jobs,agents
2026-10-06T16:46:03.236Z +33576ms pid=627 CSV poll todo,jobs,agents
2026-10-06T16:46:03.246Z +33582ms pid=628 CSV poll todo,jobs,agents
2026-10-06T16:46:03.287Z +34695ms pid=588 CSV poll todo,jobs,agents
2026-10-06T16:46:03.312Z +34831ms pid=567 CSV poll todo,jobs,agents
2026-10-06T16:46:03.351Z +34841ms pid=574 CSV poll todo,jobs,agents
2026-10-06T16:46:03.478Z +33826ms pid=621 CSV poll todo,jobs,agents
2026-10-06T16:46:03.487Z +33827ms pid=627 CSV poll todo,jobs,agents
2026-10-06T16:46:03.496Z +33832ms pid=628 CSV poll todo,jobs,agents
2026-10-06T16:46:03.510Z +34918ms pid=588 REG poll todo@builtin,info@builtin,jobs@builtin,trajectory@builtin,agents@builtin,workspace@builtin,companion@builtin,act1:team@plugin,act1:dag@plugin,act1:workmate@plugin
2026-10-06T16:46:03.529Z +35048ms pid=567 REG poll 
2026-10-06T16:46:03.537Z +34945ms pid=588 CSV poll todo,jobs,agents
2026-10-06T16:46:03.555Z +35046ms pid=574 REG poll 
2026-10-06T16:46:03.562Z +35081ms pid=567 CSV poll todo,jobs,agents
2026-10-06T16:46:03.602Z +35092ms pid=574 CSV poll todo,jobs,agents
2026-10-06T16:46:03.699Z +34047ms pid=621 REG poll 
2026-10-06T16:46:03.704Z +34040ms pid=628 REG poll 
2026-10-06T16:46:03.709Z +34049ms pid=627 REG poll 
2026-10-06T16:46:03.729Z +34077ms pid=621 CSV poll todo,jobs,agents
2026-10-06T16:46:03.737Z +34077ms pid=627 CSV poll todo,jobs,agents
2026-10-06T16:46:03.746Z +34082ms pid=628 CSV poll todo,jobs,agents
2026-10-06T16:46:03.787Z +35195ms pid=588 CSV poll todo,jobs,agents
2026-10-06T16:46:03.813Z +35332ms pid=567 CSV poll todo,jobs,agents
2026-10-06T16:46:03.853Z +35343ms pid=574 CSV poll todo,jobs,agents
2026-10-06T16:46:03.980Z +34328ms pid=621 CSV poll todo,jobs,agents
2026-10-06T16:46:03.987Z +34327ms pid=627 CSV poll todo,jobs,agents
2026-10-06T16:46:03.997Z +34333ms pid=628 CSV poll todo,jobs,agents
2026-10-06T16:46:04.010Z +35418ms pid=588 REG poll todo@builtin,info@builtin,jobs@builtin,trajectory@builtin,agents@builtin,workspace@builtin,companion@builtin,act1:team@plugin,act1:dag@plugin,act1:workmate@plugin
2026-10-06T16:46:04.030Z +35549ms pid=567 REG poll 
2026-10-06T16:46:04.038Z +35446ms pid=588 CSV poll todo,jobs,agents
2026-10-06T16:46:04.056Z +35546ms pid=574 REG poll 
2026-10-06T16:46:04.064Z +35583ms pid=567 CSV poll todo,jobs,agents
2026-10-06T16:46:04.104Z +35594ms pid=574 CSV poll todo,jobs,agents
2026-10-06T16:46:04.199Z +34547ms pid=621 REG poll 
2026-10-06T16:46:04.204Z +34540ms pid=628 REG poll 
2026-10-06T16:46:04.210Z +34550ms pid=627 REG poll 
2026-10-06T16:46:04.231Z +34579ms pid=621 CSV poll todo,jobs,agents
2026-10-06T16:46:04.238Z +34578ms pid=627 CSV poll todo,jobs,agents
2026-10-06T16:46:04.248Z +34584ms pid=628 CSV poll todo,jobs,agents
2026-10-06T16:46:04.288Z +35696ms pid=588 CSV poll todo,jobs,agents
2026-10-06T16:46:04.315Z +35834ms pid=567 CSV poll todo,jobs,agents
2026-10-06T16:46:04.354Z +35844ms pid=574 CSV poll todo,jobs,agents
2026-10-06T16:46:04.482Z +34830ms pid=621 CSV poll todo,jobs,agents
2026-10-06T16:46:04.489Z +34829ms pid=627 CSV poll todo,jobs,agents
2026-10-06T16:46:04.498Z +34834ms pid=628 CSV poll todo,jobs,agents
2026-10-06T16:46:04.510Z +35918ms pid=588 REG poll todo@builtin,info@builtin,jobs@builtin,trajectory@builtin,agents@builtin,workspace@builtin,companion@builtin,act1:team@plugin,act1:dag@plugin,act1:workmate@plugin
2026-10-06T16:46:04.531Z +36050ms pid=567 REG poll 
2026-10-06T16:46:04.538Z +35946ms pid=588 CSV poll todo,jobs,agents
2026-10-06T16:46:04.557Z +36047ms pid=574 REG poll 
2026-10-06T16:46:04.566Z +36085ms pid=567 CSV poll todo,jobs,agents
2026-10-06T16:46:04.604Z +36094ms pid=574 CSV poll todo,jobs,agents
2026-10-06T16:46:04.700Z +35048ms pid=621 REG poll 
2026-10-06T16:46:04.705Z +35041ms pid=628 REG poll 
2026-10-06T16:46:04.710Z +35050ms pid=627 REG poll 
2026-10-06T16:46:04.732Z +35081ms pid=621 CSV poll todo,jobs,agents
2026-10-06T16:46:04.739Z +35079ms pid=627 CSV poll todo,jobs,agents
2026-10-06T16:46:04.748Z +35084ms pid=628 CSV poll todo,jobs,agents
2026-10-06T16:46:04.788Z +36196ms pid=588 CSV poll todo,jobs,agents
2026-10-06T16:46:04.816Z +36335ms pid=567 CSV poll todo,jobs,agents
2026-10-06T16:46:04.855Z +36345ms pid=574 CSV poll todo,jobs,agents
2026-10-06T16:46:04.983Z +35331ms pid=621 CSV poll todo,jobs,agents
2026-10-06T16:46:04.989Z +35329ms pid=627 CSV poll todo,jobs,agents
2026-10-06T16:46:04.999Z +35335ms pid=628 CSV poll todo,jobs,agents
2026-10-06T16:46:05.011Z +36419ms pid=588 REG poll todo@builtin,info@builtin,jobs@builtin,trajectory@builtin,agents@builtin,workspace@builtin,companion@builtin,act1:team@plugin,act1:dag@plugin,act1:workmate@plugin
2026-10-06T16:46:05.031Z +36550ms pid=567 REG poll 
2026-10-06T16:46:05.038Z +36446ms pid=588 CSV poll todo,jobs,agents
2026-10-06T16:46:05.058Z +36548ms pid=574 REG poll 
2026-10-06T16:46:05.068Z +36587ms pid=567 CSV poll todo,jobs,agents
2026-10-06T16:46:05.105Z +36595ms pid=574 CSV poll todo,jobs,agents
2026-10-06T16:46:05.200Z +35548ms pid=621 REG poll 
2026-10-06T16:46:05.206Z +35542ms pid=628 REG poll 
2026-10-06T16:46:05.211Z +35551ms pid=627 REG poll 
2026-10-06T16:46:05.235Z +35583ms pid=621 CSV poll todo,jobs,agents
2026-10-06T16:46:05.240Z +35580ms pid=627 CSV poll todo,jobs,agents
2026-10-06T16:46:05.250Z +35586ms pid=628 CSV poll todo,jobs,agents
2026-10-06T16:46:05.288Z +36696ms pid=588 CSV poll todo,jobs,agents
2026-10-06T16:46:05.318Z +36837ms pid=567 CSV poll todo,jobs,agents
2026-10-06T16:46:05.355Z +36845ms pid=574 CSV poll todo,jobs,agents
2026-10-06T16:46:05.485Z +35833ms pid=621 CSV poll todo,jobs,agents
2026-10-06T16:46:05.490Z +35830ms pid=627 CSV poll todo,jobs,agents
2026-10-06T16:46:05.500Z +35836ms pid=628 CSV poll todo,jobs,agents
2026-10-06T16:46:05.512Z +36920ms pid=588 REG poll todo@builtin,info@builtin,jobs@builtin,trajectory@builtin,agents@builtin,workspace@builtin,companion@builtin,act1:team@plugin,act1:dag@plugin,act1:workmate@plugin
2026-10-06T16:46:05.531Z +37050ms pid=567 REG poll 
2026-10-06T16:46:05.538Z +36946ms pid=588 CSV poll todo,jobs,agents
2026-10-06T16:46:05.558Z +37048ms pid=574 REG poll 
2026-10-06T16:46:05.568Z +37087ms pid=567 CSV poll todo,jobs,agents
2026-10-06T16:46:05.605Z +37095ms pid=574 CSV poll todo,jobs,agents
2026-10-06T16:46:05.701Z +36049ms pid=621 REG poll 
2026-10-06T16:46:05.706Z +36042ms pid=628 REG poll 
2026-10-06T16:46:05.713Z +36053ms pid=627 REG poll 
2026-10-06T16:46:05.735Z +36083ms pid=621 CSV poll todo,jobs,agents
2026-10-06T16:46:05.740Z +36080ms pid=627 CSV poll todo,jobs,agents
2026-10-06T16:46:05.750Z +36086ms pid=628 CSV poll todo,jobs,agents
2026-10-06T16:46:05.788Z +37196ms pid=588 CSV poll todo,jobs,agents
2026-10-06T16:46:05.818Z +37337ms pid=567 CSV poll todo,jobs,agents
2026-10-06T16:46:05.856Z +37346ms pid=574 CSV poll todo,jobs,agents
2026-10-06T16:46:05.985Z +36333ms pid=621 CSV poll todo,jobs,agents
2026-10-06T16:46:05.991Z +36331ms pid=627 CSV poll todo,jobs,agents
2026-10-06T16:46:06.000Z +36336ms pid=628 CSV poll todo,jobs,agents
2026-10-06T16:46:06.012Z +37420ms pid=588 REG poll todo@builtin,info@builtin,jobs@builtin,trajectory@builtin,agents@builtin,workspace@builtin,companion@builtin,act1:team@plugin,act1:dag@plugin,act1:workmate@plugin
2026-10-06T16:46:06.032Z +37551ms pid=567 REG poll 
2026-10-06T16:46:06.038Z +37446ms pid=588 CSV poll todo,jobs,agents
2026-10-06T16:46:06.058Z +37548ms pid=574 REG poll 
2026-10-06T16:46:06.070Z +37589ms pid=567 CSV poll todo,jobs,agents
2026-10-06T16:46:06.106Z +37596ms pid=574 CSV poll todo,jobs,agents
2026-10-06T16:46:06.201Z +36549ms pid=621 REG poll 
2026-10-06T16:46:06.208Z +36544ms pid=628 REG poll 
2026-10-06T16:46:06.214Z +36554ms pid=627 REG poll 
2026-10-06T16:46:06.236Z +36584ms pid=621 CSV poll todo,jobs,agents
2026-10-06T16:46:06.243Z +36583ms pid=627 CSV poll todo,jobs,agents
2026-10-06T16:46:06.250Z +36586ms pid=628 CSV poll todo,jobs,agents
2026-10-06T16:46:06.288Z +37696ms pid=588 CSV poll todo,jobs,agents
2026-10-06T16:46:06.320Z +37839ms pid=567 CSV poll todo,jobs,agents
2026-10-06T16:46:06.356Z +37846ms pid=574 CSV poll todo,jobs,agents
2026-10-06T16:46:06.486Z +36834ms pid=621 CSV poll todo,jobs,agents
2026-10-06T16:46:06.494Z +36834ms pid=627 CSV poll todo,jobs,agents
2026-10-06T16:46:06.501Z +36837ms pid=628 CSV poll todo,jobs,agents
2026-10-06T16:46:06.512Z +37920ms pid=588 REG poll todo@builtin,info@builtin,jobs@builtin,trajectory@builtin,agents@builtin,workspace@builtin,companion@builtin,act1:team@plugin,act1:dag@plugin,act1:workmate@plugin
2026-10-06T16:46:06.532Z +38051ms pid=567 REG poll 
2026-10-06T16:46:06.538Z +37946ms pid=588 CSV poll todo,jobs,agents
2026-10-06T16:46:06.558Z +38048ms pid=574 REG poll 
2026-10-06T16:46:06.571Z +38090ms pid=567 CSV poll todo,jobs,agents
2026-10-06T16:46:06.607Z +38097ms pid=574 CSV poll todo,jobs,agents
2026-10-06T16:46:06.702Z +37050ms pid=621 REG poll 
2026-10-06T16:46:06.709Z +37045ms pid=628 REG poll 
2026-10-06T16:46:06.714Z +37054ms pid=627 REG poll 
2026-10-06T16:46:06.736Z +37084ms pid=621 CSV poll todo,jobs,agents
2026-10-06T16:46:06.744Z +37084ms pid=627 CSV poll todo,jobs,agents
2026-10-06T16:46:06.751Z +37087ms pid=628 CSV poll todo,jobs,agents
2026-10-06T16:46:06.788Z +38196ms pid=588 CSV poll todo,jobs,agents
2026-10-06T16:46:06.822Z +38341ms pid=567 CSV poll todo,jobs,agents
2026-10-06T16:46:06.858Z +38348ms pid=574 CSV poll todo,jobs,agents
2026-10-06T16:46:06.986Z +37334ms pid=621 CSV poll todo,jobs,agents
2026-10-06T16:46:06.994Z +37334ms pid=627 CSV poll todo,jobs,agents
2026-10-06T16:46:07.003Z +37339ms pid=628 CSV poll todo,jobs,agents
2026-10-06T16:46:07.013Z +38421ms pid=588 REG poll todo@builtin,info@builtin,jobs@builtin,trajectory@builtin,agents@builtin,workspace@builtin,companion@builtin,act1:team@plugin,act1:dag@plugin,act1:workmate@plugin
2026-10-06T16:46:07.033Z +38552ms pid=567 REG poll 
2026-10-06T16:46:07.038Z +38446ms pid=588 CSV poll todo,jobs,agents
2026-10-06T16:46:07.059Z +38549ms pid=574 REG poll 
2026-10-06T16:46:07.072Z +38592ms pid=567 CSV poll todo,jobs,agents
2026-10-06T16:46:07.108Z +38598ms pid=574 CSV poll todo,jobs,agents
2026-10-06T16:46:07.202Z +37550ms pid=621 REG poll 
2026-10-06T16:46:07.209Z +37545ms pid=628 REG poll 
2026-10-06T16:46:07.215Z +37555ms pid=627 REG poll 
2026-10-06T16:46:07.236Z +37584ms pid=621 CSV poll todo,jobs,agents
2026-10-06T16:46:07.244Z +37584ms pid=627 CSV poll todo,jobs,agents
2026-10-06T16:46:07.254Z +37590ms pid=628 CSV poll todo,jobs,agents
2026-10-06T16:46:07.289Z +38697ms pid=588 CSV poll todo,jobs,agents
2026-10-06T16:46:07.323Z +38842ms pid=567 CSV poll todo,jobs,agents
2026-10-06T16:46:07.359Z +38849ms pid=574 CSV poll todo,jobs,agents
2026-10-06T16:46:07.486Z +37834ms pid=621 CSV poll todo,jobs,agents
2026-10-06T16:46:07.495Z +37835ms pid=627 CSV poll todo,jobs,agents
2026-10-06T16:46:07.504Z +37840ms pid=628 CSV poll todo,jobs,agents
2026-10-06T16:46:07.513Z +38921ms pid=588 REG poll todo@builtin,info@builtin,jobs@builtin,trajectory@builtin,agents@builtin,workspace@builtin,companion@builtin,act1:team@plugin,act1:dag@plugin,act1:workmate@plugin
2026-10-06T16:46:07.534Z +39053ms pid=567 REG poll 
2026-10-06T16:46:07.539Z +38947ms pid=588 CSV poll todo,jobs,agents
2026-10-06T16:46:07.561Z +39051ms pid=574 REG poll 
2026-10-06T16:46:07.573Z +39092ms pid=567 CSV poll todo,jobs,agents
2026-10-06T16:46:07.610Z +39100ms pid=574 CSV poll todo,jobs,agents
2026-10-06T16:46:07.703Z +38051ms pid=621 REG poll 
2026-10-06T16:46:07.709Z +38045ms pid=628 REG poll 
2026-10-06T16:46:07.716Z +38056ms pid=627 REG poll 
2026-10-06T16:46:07.736Z +38084ms pid=621 CSV poll todo,jobs,agents
2026-10-06T16:46:07.745Z +38085ms pid=627 CSV poll todo,jobs,agents
2026-10-06T16:46:07.755Z +38091ms pid=628 CSV poll todo,jobs,agents
2026-10-06T16:46:07.789Z +39197ms pid=588 CSV poll todo,jobs,agents
2026-10-06T16:46:07.824Z +39343ms pid=567 CSV poll todo,jobs,agents
2026-10-06T16:46:07.860Z +39350ms pid=574 CSV poll todo,jobs,agents
2026-10-06T16:46:07.987Z +38335ms pid=621 CSV poll todo,jobs,agents
2026-10-06T16:46:07.995Z +38335ms pid=627 CSV poll todo,jobs,agents
2026-10-06T16:46:08.005Z +38341ms pid=628 CSV poll todo,jobs,agents
2026-10-06T16:46:08.013Z +39421ms pid=588 REG poll todo@builtin,info@builtin,jobs@builtin,trajectory@builtin,agents@builtin,workspace@builtin,companion@builtin,act1:team@plugin,act1:dag@plugin,act1:workmate@plugin
2026-10-06T16:46:08.034Z +39553ms pid=567 REG poll 
2026-10-06T16:46:08.039Z +39447ms pid=588 CSV poll todo,jobs,agents
2026-10-06T16:46:08.061Z +39551ms pid=574 REG poll 
2026-10-06T16:46:08.075Z +39594ms pid=567 CSV poll todo,jobs,agents
2026-10-06T16:46:08.110Z +39600ms pid=574 CSV poll todo,jobs,agents
2026-10-06T16:46:08.203Z +38551ms pid=621 REG poll 
2026-10-06T16:46:08.209Z +38545ms pid=628 REG poll 
2026-10-06T16:46:08.217Z +38557ms pid=627 REG poll 
2026-10-06T16:46:08.237Z +38585ms pid=621 CSV poll todo,jobs,agents
2026-10-06T16:46:08.246Z +38586ms pid=627 CSV poll todo,jobs,agents
2026-10-06T16:46:08.257Z +38593ms pid=628 CSV poll todo,jobs,agents
2026-10-06T16:46:08.289Z +39697ms pid=588 CSV poll todo,jobs,agents
2026-10-06T16:46:08.326Z +39845ms pid=567 CSV poll todo,jobs,agents
2026-10-06T16:46:08.361Z +39851ms pid=574 CSV poll todo,jobs,agents
2026-10-06T16:46:08.487Z +38835ms pid=621 CSV poll todo,jobs,agents
2026-10-06T16:46:08.497Z +38837ms pid=627 CSV poll todo,jobs,agents
2026-10-06T16:46:08.508Z +38844ms pid=628 CSV poll todo,jobs,agents
2026-10-06T16:46:08.513Z +39921ms pid=588 REG poll todo@builtin,info@builtin,jobs@builtin,trajectory@builtin,agents@builtin,workspace@builtin,companion@builtin,act1:team@plugin,act1:dag@plugin,act1:workmate@plugin
2026-10-06T16:46:08.535Z +40054ms pid=567 REG poll 
2026-10-06T16:46:08.540Z +39948ms pid=588 CSV poll todo,jobs,agents
2026-10-06T16:46:08.562Z +40052ms pid=574 REG poll 
2026-10-06T16:46:08.576Z +40095ms pid=567 CSV poll todo,jobs,agents
2026-10-06T16:46:08.612Z +40102ms pid=574 CSV poll todo,jobs,agents
2026-10-06T16:46:08.703Z +39051ms pid=621 REG poll 
2026-10-06T16:46:08.709Z +39045ms pid=628 REG poll 
2026-10-06T16:46:08.718Z +39058ms pid=627 REG poll 
2026-10-06T16:46:08.737Z +39085ms pid=621 CSV poll todo,jobs,agents
2026-10-06T16:46:08.747Z +39087ms pid=627 CSV poll todo,jobs,agents
2026-10-06T16:46:08.759Z +39095ms pid=628 CSV poll todo,jobs,agents
2026-10-06T16:46:08.790Z +40198ms pid=588 CSV poll todo,jobs,agents
2026-10-06T16:46:08.827Z +40346ms pid=567 CSV poll todo,jobs,agents
2026-10-06T16:46:08.862Z +40352ms pid=574 CSV poll todo,jobs,agents
2026-10-06T16:46:08.987Z +39335ms pid=621 CSV poll todo,jobs,agents
2026-10-06T16:46:08.998Z +39338ms pid=627 CSV poll todo,jobs,agents
2026-10-06T16:46:09.010Z +39346ms pid=628 CSV poll todo,jobs,agents
2026-10-06T16:46:09.014Z +40422ms pid=588 REG poll todo@builtin,info@builtin,jobs@builtin,trajectory@builtin,agents@builtin,workspace@builtin,companion@builtin,act1:team@plugin,act1:dag@plugin,act1:workmate@plugin
2026-10-06T16:46:09.036Z +40555ms pid=567 REG poll 
2026-10-06T16:46:09.040Z +40448ms pid=588 CSV poll todo,jobs,agents
2026-10-06T16:46:09.063Z +40553ms pid=574 REG poll 
2026-10-06T16:46:09.077Z +40596ms pid=567 CSV poll todo,jobs,agents
2026-10-06T16:46:09.112Z +40602ms pid=574 CSV poll todo,jobs,agents
2026-10-06T16:46:09.205Z +39553ms pid=621 REG poll 
2026-10-06T16:46:09.209Z +39546ms pid=628 REG poll 
2026-10-06T16:46:09.219Z +39559ms pid=627 REG poll 
2026-10-06T16:46:09.238Z +39586ms pid=621 CSV poll todo,jobs,agents
2026-10-06T16:46:09.248Z +39588ms pid=627 CSV poll todo,jobs,agents
2026-10-06T16:46:09.260Z +39596ms pid=628 CSV poll todo,jobs,agents
2026-10-06T16:46:09.289Z +40697ms pid=588 CSV poll todo,jobs,agents
2026-10-06T16:46:09.328Z +40847ms pid=567 CSV poll todo,jobs,agents
2026-10-06T16:46:09.362Z +40852ms pid=574 CSV poll todo,jobs,agents
2026-10-06T16:46:09.489Z +39837ms pid=621 CSV poll todo,jobs,agents
2026-10-06T16:46:09.499Z +39839ms pid=627 CSV poll todo,jobs,agents
2026-10-06T16:46:09.510Z +39846ms pid=628 CSV poll todo,jobs,agents
2026-10-06T16:46:09.514Z +40922ms pid=588 REG poll todo@builtin,info@builtin,jobs@builtin,trajectory@builtin,agents@builtin,workspace@builtin,companion@builtin,act1:team@plugin,act1:dag@plugin,act1:workmate@plugin
2026-10-06T16:46:09.536Z +41055ms pid=567 REG poll 
2026-10-06T16:46:09.540Z +40948ms pid=588 CSV poll todo,jobs,agents
2026-10-06T16:46:09.563Z +41053ms pid=574 REG poll 
2026-10-06T16:46:09.578Z +41097ms pid=567 CSV poll todo,jobs,agents
2026-10-06T16:46:09.612Z +41102ms pid=574 CSV poll todo,jobs,agents
2026-10-06T16:46:09.705Z +40054ms pid=621 REG poll 
2026-10-06T16:46:09.710Z +40046ms pid=628 REG poll 
2026-10-06T16:46:09.719Z +40059ms pid=627 REG poll 
2026-10-06T16:46:09.739Z +40087ms pid=621 CSV poll todo,jobs,agents
2026-10-06T16:46:09.749Z +40089ms pid=627 CSV poll todo,jobs,agents
2026-10-06T16:46:09.761Z +40097ms pid=628 CSV poll todo,jobs,agents
2026-10-06T16:46:09.790Z +41198ms pid=588 CSV poll todo,jobs,agents
2026-10-06T16:46:09.828Z +41347ms pid=567 CSV poll todo,jobs,agents
2026-10-06T16:46:09.863Z +41353ms pid=574 CSV poll todo,jobs,agents
2026-10-06T16:46:09.990Z +40338ms pid=621 CSV poll todo,jobs,agents
2026-10-06T16:46:10.000Z +40340ms pid=627 CSV poll todo,jobs,agents
2026-10-06T16:46:10.012Z +40348ms pid=628 CSV poll todo,jobs,agents
2026-10-06T16:46:10.014Z +41422ms pid=588 REG poll todo@builtin,info@builtin,jobs@builtin,trajectory@builtin,agents@builtin,workspace@builtin,companion@builtin,act1:team@plugin,act1:dag@plugin,act1:workmate@plugin
2026-10-06T16:46:10.037Z +41556ms pid=567 REG poll 
2026-10-06T16:46:10.041Z +41449ms pid=588 CSV poll todo,jobs,agents
2026-10-06T16:46:10.064Z +41554ms pid=574 REG poll 
2026-10-06T16:46:10.078Z +41597ms pid=567 CSV poll todo,jobs,agents
2026-10-06T16:46:10.113Z +41603ms pid=574 CSV poll todo,jobs,agents
2026-10-06T16:46:10.206Z +40554ms pid=621 REG poll 
2026-10-06T16:46:10.211Z +40547ms pid=628 REG poll 
2026-10-06T16:46:10.220Z +40560ms pid=627 REG poll 
2026-10-06T16:46:10.240Z +40588ms pid=621 CSV poll todo,jobs,agents
2026-10-06T16:46:10.250Z +40590ms pid=627 CSV poll todo,jobs,agents
2026-10-06T16:46:10.262Z +40598ms pid=628 CSV poll todo,jobs,agents
2026-10-06T16:46:10.291Z +41699ms pid=588 CSV poll todo,jobs,agents
2026-10-06T16:46:10.329Z +41848ms pid=567 CSV poll todo,jobs,agents
2026-10-06T16:46:10.364Z +41854ms pid=574 CSV poll todo,jobs,agents
2026-10-06T16:46:10.491Z +40839ms pid=621 CSV poll todo,jobs,agents
2026-10-06T16:46:10.501Z +40841ms pid=627 CSV poll todo,jobs,agents
2026-10-06T16:46:10.513Z +40849ms pid=628 CSV poll todo,jobs,agents
2026-10-06T16:46:10.514Z +41922ms pid=588 REG poll todo@builtin,info@builtin,jobs@builtin,trajectory@builtin,agents@builtin,workspace@builtin,companion@builtin,act1:team@plugin,act1:dag@plugin,act1:workmate@plugin
2026-10-06T16:46:10.537Z +42056ms pid=567 REG poll 
2026-10-06T16:46:10.541Z +41949ms pid=588 CSV poll todo,jobs,agents
2026-10-06T16:46:10.565Z +42055ms pid=574 REG poll 
2026-10-06T16:46:10.580Z +42099ms pid=567 CSV poll todo,jobs,agents
2026-10-06T16:46:10.614Z +42104ms pid=574 CSV poll todo,jobs,agents
2026-10-06T16:46:10.706Z +41054ms pid=621 REG poll 
2026-10-06T16:46:10.711Z +41047ms pid=628 REG poll 
2026-10-06T16:46:10.721Z +41061ms pid=627 REG poll 
2026-10-06T16:46:10.741Z +41089ms pid=621 CSV poll todo,jobs,agents
2026-10-06T16:46:10.751Z +41091ms pid=627 CSV poll todo,jobs,agents
2026-10-06T16:46:10.763Z +41099ms pid=628 CSV poll todo,jobs,agents
2026-10-06T16:46:10.791Z +42199ms pid=588 CSV poll todo,jobs,agents
2026-10-06T16:46:10.830Z +42349ms pid=567 CSV poll todo,jobs,agents
2026-10-06T16:46:10.865Z +42355ms pid=574 CSV poll todo,jobs,agents
2026-10-06T16:46:10.992Z +41340ms pid=621 CSV poll todo,jobs,agents
2026-10-06T16:46:11.002Z +41342ms pid=627 CSV poll todo,jobs,agents
2026-10-06T16:46:11.013Z +41350ms pid=628 CSV poll todo,jobs,agents
2026-10-06T16:46:11.014Z +42422ms pid=588 REG poll todo@builtin,info@builtin,jobs@builtin,trajectory@builtin,agents@builtin,workspace@builtin,companion@builtin,act1:team@plugin,act1:dag@plugin,act1:workmate@plugin
2026-10-06T16:46:11.038Z +42557ms pid=567 REG poll 
2026-10-06T16:46:11.041Z +42449ms pid=588 CSV poll todo,jobs,agents
2026-10-06T16:46:11.065Z +42555ms pid=574 REG poll 
2026-10-06T16:46:11.080Z +42599ms pid=567 CSV poll todo,jobs,agents
2026-10-06T16:46:11.115Z +42605ms pid=574 CSV poll todo,jobs,agents
2026-10-06T16:46:11.208Z +41556ms pid=621 REG poll 
2026-10-06T16:46:11.211Z +41547ms pid=628 REG poll 
2026-10-06T16:46:11.221Z +41561ms pid=627 REG poll 
2026-10-06T16:46:11.242Z +41590ms pid=621 CSV poll todo,jobs,agents
2026-10-06T16:46:11.252Z +41592ms pid=627 CSV poll todo,jobs,agents
2026-10-06T16:46:11.264Z +41600ms pid=628 CSV poll todo,jobs,agents
2026-10-06T16:46:11.292Z +42700ms pid=588 CSV poll todo,jobs,agents
2026-10-06T16:46:11.331Z +42850ms pid=567 CSV poll todo,jobs,agents
2026-10-06T16:46:11.365Z +42855ms pid=574 CSV poll todo,jobs,agents
2026-10-06T16:46:11.493Z +41841ms pid=621 CSV poll todo,jobs,agents
2026-10-06T16:46:11.502Z +41842ms pid=627 CSV poll todo,jobs,agents
2026-10-06T16:46:11.514Z +42922ms pid=588 REG poll todo@builtin,info@builtin,jobs@builtin,trajectory@builtin,agents@builtin,workspace@builtin,companion@builtin,act1:team@plugin,act1:dag@plugin,act1:workmate@plugin
2026-10-06T16:46:11.514Z +41850ms pid=628 CSV poll todo,jobs,agents
2026-10-06T16:46:11.539Z +43058ms pid=567 REG poll 
2026-10-06T16:46:11.543Z +42951ms pid=588 CSV poll todo,jobs,agents
2026-10-06T16:46:11.566Z +43056ms pid=574 REG poll 
2026-10-06T16:46:11.582Z +43101ms pid=567 CSV poll todo,jobs,agents
2026-10-06T16:46:11.616Z +43106ms pid=574 CSV poll todo,jobs,agents
2026-10-06T16:46:11.708Z +42056ms pid=621 REG poll 
2026-10-06T16:46:11.712Z +42048ms pid=628 REG poll 
2026-10-06T16:46:11.723Z +42063ms pid=627 REG poll 
2026-10-06T16:46:11.744Z +42092ms pid=621 CSV poll todo,jobs,agents
2026-10-06T16:46:11.752Z +42092ms pid=627 CSV poll todo,jobs,agents
2026-10-06T16:46:11.765Z +42101ms pid=628 CSV poll todo,jobs,agents
2026-10-06T16:46:11.793Z +43201ms pid=588 CSV poll todo,jobs,agents
2026-10-06T16:46:11.832Z +43351ms pid=567 CSV poll todo,jobs,agents
2026-10-06T16:46:11.867Z +43357ms pid=574 CSV poll todo,jobs,agents
2026-10-06T16:46:11.994Z +42343ms pid=621 CSV poll todo,jobs,agents
2026-10-06T16:46:12.003Z +42343ms pid=627 CSV poll todo,jobs,agents
2026-10-06T16:46:12.014Z +43422ms pid=588 REG poll todo@builtin,info@builtin,jobs@builtin,trajectory@builtin,agents@builtin,workspace@builtin,companion@builtin,act1:team@plugin,act1:dag@plugin,act1:workmate@plugin
2026-10-06T16:46:12.016Z +42352ms pid=628 CSV poll todo,jobs,agents
2026-10-06T16:46:12.040Z +43559ms pid=567 REG poll 
2026-10-06T16:46:12.043Z +43451ms pid=588 CSV poll todo,jobs,agents
2026-10-06T16:46:12.067Z +43557ms pid=574 REG poll 
2026-10-06T16:46:12.082Z +43601ms pid=567 CSV poll todo,jobs,agents
2026-10-06T16:46:12.117Z +43607ms pid=574 CSV poll todo,jobs,agents
2026-10-06T16:46:12.208Z +42556ms pid=621 REG poll 
2026-10-06T16:46:12.213Z +42549ms pid=628 REG poll 
2026-10-06T16:46:12.223Z +42563ms pid=627 REG poll 
2026-10-06T16:46:12.245Z +42593ms pid=621 CSV poll todo,jobs,agents
2026-10-06T16:46:12.253Z +42593ms pid=627 CSV poll todo,jobs,agents
2026-10-06T16:46:12.266Z +42602ms pid=628 CSV poll todo,jobs,agents
2026-10-06T16:46:12.293Z +43701ms pid=588 CSV poll todo,jobs,agents
2026-10-06T16:46:12.333Z +43852ms pid=567 CSV poll todo,jobs,agents
2026-10-06T16:46:12.368Z +43858ms pid=574 CSV poll todo,jobs,agents
2026-10-06T16:46:12.495Z +42843ms pid=621 CSV poll todo,jobs,agents
2026-10-06T16:46:12.504Z +42844ms pid=627 CSV poll todo,jobs,agents
2026-10-06T16:46:12.515Z +43923ms pid=588 REG poll todo@builtin,info@builtin,jobs@builtin,trajectory@builtin,agents@builtin,workspace@builtin,companion@builtin,act1:team@plugin,act1:dag@plugin,act1:workmate@plugin
2026-10-06T16:46:12.517Z +42853ms pid=628 CSV poll todo,jobs,agents
2026-10-06T16:46:12.540Z +44059ms pid=567 REG poll 
2026-10-06T16:46:12.543Z +43951ms pid=588 CSV poll todo,jobs,agents
2026-10-06T16:46:12.567Z +44057ms pid=574 REG poll 
2026-10-06T16:46:12.583Z +44102ms pid=567 CSV poll todo,jobs,agents
2026-10-06T16:46:12.618Z +44108ms pid=574 CSV poll todo,jobs,agents
2026-10-06T16:46:12.710Z +43058ms pid=621 REG poll 
2026-10-06T16:46:12.714Z +43050ms pid=628 REG poll 
2026-10-06T16:46:12.725Z +43065ms pid=627 REG poll 
2026-10-06T16:46:12.745Z +43093ms pid=621 CSV poll todo,jobs,agents
2026-10-06T16:46:12.755Z +43095ms pid=627 CSV poll todo,jobs,agents
2026-10-06T16:46:12.767Z +43103ms pid=628 CSV poll todo,jobs,agents
2026-10-06T16:46:12.793Z +44201ms pid=588 CSV poll todo,jobs,agents
2026-10-06T16:46:12.833Z +44352ms pid=567 CSV poll todo,jobs,agents
2026-10-06T16:46:12.869Z +44359ms pid=574 CSV poll todo,jobs,agents
2026-10-06T16:46:12.997Z +43345ms pid=621 CSV poll todo,jobs,agents
2026-10-06T16:46:13.006Z +43346ms pid=627 CSV poll todo,jobs,agents
2026-10-06T16:46:13.016Z +44424ms pid=588 REG poll todo@builtin,info@builtin,jobs@builtin,trajectory@builtin,agents@builtin,workspace@builtin,companion@builtin,act1:team@plugin,act1:dag@plugin,act1:workmate@plugin
2026-10-06T16:46:13.018Z +43354ms pid=628 CSV poll todo,jobs,agents
2026-10-06T16:46:13.040Z +44559ms pid=567 REG poll 
2026-10-06T16:46:13.043Z +44451ms pid=588 CSV poll todo,jobs,agents
2026-10-06T16:46:13.067Z +44557ms pid=574 REG poll 
2026-10-06T16:46:13.083Z +44602ms pid=567 CSV poll todo,jobs,agents
2026-10-06T16:46:13.119Z +44609ms pid=574 CSV poll todo,jobs,agents
2026-10-06T16:46:13.210Z +43558ms pid=621 REG poll 
2026-10-06T16:46:13.215Z +43551ms pid=628 REG poll 
2026-10-06T16:46:13.225Z +43565ms pid=627 REG poll 
2026-10-06T16:46:13.247Z +43595ms pid=621 CSV poll todo,jobs,agents
2026-10-06T16:46:13.257Z +43597ms pid=627 CSV poll todo,jobs,agents
2026-10-06T16:46:13.268Z +43604ms pid=628 CSV poll todo,jobs,agents
2026-10-06T16:46:13.294Z +44702ms pid=588 CSV poll todo,jobs,agents
2026-10-06T16:46:13.334Z +44853ms pid=567 CSV poll todo,jobs,agents
2026-10-06T16:46:13.370Z +44860ms pid=574 CSV poll todo,jobs,agents
2026-10-06T16:46:13.497Z +43845ms pid=621 CSV poll todo,jobs,agents
2026-10-06T16:46:13.507Z +43847ms pid=627 CSV poll todo,jobs,agents
2026-10-06T16:46:13.516Z +44924ms pid=588 REG poll todo@builtin,info@builtin,jobs@builtin,trajectory@builtin,agents@builtin,workspace@builtin,companion@builtin,act1:team@plugin,act1:dag@plugin,act1:workmate@plugin
2026-10-06T16:46:13.518Z +43854ms pid=628 CSV poll todo,jobs,agents
2026-10-06T16:46:13.540Z +45059ms pid=567 REG poll 
2026-10-06T16:46:13.545Z +44953ms pid=588 CSV poll todo,jobs,agents
2026-10-06T16:46:13.567Z +45057ms pid=574 REG poll 
2026-10-06T16:46:13.584Z +45103ms pid=567 CSV poll todo,jobs,agents
2026-10-06T16:46:13.620Z +45110ms pid=574 CSV poll todo,jobs,agents
2026-10-06T16:46:13.712Z +44060ms pid=621 REG poll 
2026-10-06T16:46:13.715Z +44051ms pid=628 REG poll 
2026-10-06T16:46:13.725Z +44065ms pid=627 REG poll 
2026-10-06T16:46:13.747Z +44095ms pid=621 CSV poll todo,jobs,agents
2026-10-06T16:46:13.758Z +44098ms pid=627 CSV poll todo,jobs,agents
2026-10-06T16:46:13.768Z +44104ms pid=628 CSV poll todo,jobs,agents
2026-10-06T16:46:13.796Z +45204ms pid=588 CSV poll todo,jobs,agents
2026-10-06T16:46:13.835Z +45354ms pid=567 CSV poll todo,jobs,agents
2026-10-06T16:46:13.871Z +45361ms pid=574 CSV poll todo,jobs,agents
2026-10-06T16:46:13.997Z +44345ms pid=621 CSV poll todo,jobs,agents
2026-10-06T16:46:14.009Z +44349ms pid=627 CSV poll todo,jobs,agents
2026-10-06T16:46:14.017Z +45425ms pid=588 REG poll todo@builtin,info@builtin,jobs@builtin,trajectory@builtin,agents@builtin,workspace@builtin,companion@builtin,act1:team@plugin,act1:dag@plugin,act1:workmate@plugin
2026-10-06T16:46:14.019Z +44355ms pid=628 CSV poll todo,jobs,agents
2026-10-06T16:46:14.042Z +45561ms pid=567 REG poll 
2026-10-06T16:46:14.047Z +45455ms pid=588 CSV poll todo,jobs,agents
2026-10-06T16:46:14.067Z +45557ms pid=574 REG poll 
2026-10-06T16:46:14.085Z +45604ms pid=567 CSV poll todo,jobs,agents
2026-10-06T16:46:14.121Z +45611ms pid=574 CSV poll todo,jobs,agents
2026-10-06T16:46:14.212Z +44560ms pid=621 REG poll 
2026-10-06T16:46:14.215Z +44551ms pid=628 REG poll 
2026-10-06T16:46:14.226Z +44566ms pid=627 REG poll 
2026-10-06T16:46:14.247Z +44595ms pid=621 CSV poll todo,jobs,agents
2026-10-06T16:46:14.259Z +44599ms pid=627 CSV poll todo,jobs,agents
2026-10-06T16:46:14.269Z +44605ms pid=628 CSV poll todo,jobs,agents
2026-10-06T16:46:14.297Z +45705ms pid=588 CSV poll todo,jobs,agents
2026-10-06T16:46:14.336Z +45855ms pid=567 CSV poll todo,jobs,agents
2026-10-06T16:46:14.371Z +45861ms pid=574 CSV poll todo,jobs,agents
2026-10-06T16:46:14.498Z +44846ms pid=621 CSV poll todo,jobs,agents
2026-10-06T16:46:14.509Z +44849ms pid=627 CSV poll todo,jobs,agents
2026-10-06T16:46:14.517Z +45925ms pid=588 REG poll todo@builtin,info@builtin,jobs@builtin,trajectory@builtin,agents@builtin,workspace@builtin,companion@builtin,act1:team@plugin,act1:dag@plugin,act1:workmate@plugin
2026-10-06T16:46:14.519Z +44855ms pid=628 CSV poll todo,jobs,agents
2026-10-06T16:46:14.543Z +46062ms pid=567 REG poll 
2026-10-06T16:46:14.547Z +45955ms pid=588 CSV poll todo,jobs,agents
2026-10-06T16:46:14.568Z +46058ms pid=574 REG poll 
2026-10-06T16:46:14.586Z +46105ms pid=567 CSV poll todo,jobs,agents
2026-10-06T16:46:14.621Z +46111ms pid=574 CSV poll todo,jobs,agents
2026-10-06T16:46:14.713Z +45061ms pid=621 REG poll 
2026-10-06T16:46:14.716Z +45052ms pid=628 REG poll 
2026-10-06T16:46:14.727Z +45067ms pid=627 REG poll 
2026-10-06T16:46:14.748Z +45096ms pid=621 CSV poll todo,jobs,agents
2026-10-06T16:46:14.759Z +45099ms pid=627 CSV poll todo,jobs,agents
2026-10-06T16:46:14.770Z +45106ms pid=628 CSV poll todo,jobs,agents
2026-10-06T16:46:14.797Z +46205ms pid=588 CSV poll todo,jobs,agents
2026-10-06T16:46:14.836Z +46355ms pid=567 CSV poll todo,jobs,agents
2026-10-06T16:46:14.871Z +46361ms pid=574 CSV poll todo,jobs,agents
2026-10-06T16:46:14.998Z +45346ms pid=621 CSV poll todo,jobs,agents
2026-10-06T16:46:15.010Z +45350ms pid=627 CSV poll todo,jobs,agents
2026-10-06T16:46:15.018Z +46426ms pid=588 REG poll todo@builtin,info@builtin,jobs@builtin,trajectory@builtin,agents@builtin,workspace@builtin,companion@builtin,act1:team@plugin,act1:dag@plugin,act1:workmate@plugin
2026-10-06T16:46:15.021Z +45357ms pid=628 CSV poll todo,jobs,agents
2026-10-06T16:46:15.043Z +46562ms pid=567 REG poll 
2026-10-06T16:46:15.047Z +46456ms pid=588 CSV poll todo,jobs,agents
2026-10-06T16:46:15.069Z +46559ms pid=574 REG poll 
2026-10-06T16:46:15.087Z +46606ms pid=567 CSV poll todo,jobs,agents
2026-10-06T16:46:15.121Z +46611ms pid=574 CSV poll todo,jobs,agents
2026-10-06T16:46:15.214Z +45562ms pid=621 REG poll 
2026-10-06T16:46:15.217Z +45553ms pid=628 REG poll 
2026-10-06T16:46:15.228Z +45568ms pid=627 REG poll 
2026-10-06T16:46:15.248Z +45596ms pid=621 CSV poll todo,jobs,agents
2026-10-06T16:46:15.260Z +45600ms pid=627 CSV poll todo,jobs,agents
2026-10-06T16:46:15.272Z +45608ms pid=628 CSV poll todo,jobs,agents
2026-10-06T16:46:15.299Z +46707ms pid=588 CSV poll todo,jobs,agents
2026-10-06T16:46:15.338Z +46857ms pid=567 CSV poll todo,jobs,agents
2026-10-06T16:46:15.372Z +46862ms pid=574 CSV poll todo,jobs,agents
2026-10-06T16:46:15.499Z +45847ms pid=621 CSV poll todo,jobs,agents
2026-10-06T16:46:15.510Z +45850ms pid=627 CSV poll todo,jobs,agents
2026-10-06T16:46:15.518Z +46926ms pid=588 REG poll todo@builtin,info@builtin,jobs@builtin,trajectory@builtin,agents@builtin,workspace@builtin,companion@builtin,act1:team@plugin,act1:dag@plugin,act1:workmate@plugin
2026-10-06T16:46:15.523Z +45859ms pid=628 CSV poll todo,jobs,agents
2026-10-06T16:46:15.543Z +47062ms pid=567 REG poll 
2026-10-06T16:46:15.550Z +46958ms pid=588 CSV poll todo,jobs,agents
2026-10-06T16:46:15.570Z +47060ms pid=574 REG poll 
2026-10-06T16:46:15.588Z +47107ms pid=567 CSV poll todo,jobs,agents
2026-10-06T16:46:15.623Z +47113ms pid=574 CSV poll todo,jobs,agents
2026-10-06T16:46:15.714Z +46062ms pid=621 REG poll 
2026-10-06T16:46:15.717Z +46053ms pid=628 REG poll 
2026-10-06T16:46:15.729Z +46069ms pid=627 REG poll 
2026-10-06T16:46:15.750Z +46098ms pid=621 CSV poll todo,jobs,agents
2026-10-06T16:46:15.760Z +46100ms pid=627 CSV poll todo,jobs,agents
2026-10-06T16:46:15.774Z +46110ms pid=628 CSV poll todo,jobs,agents
2026-10-06T16:46:15.800Z +47208ms pid=588 CSV poll todo,jobs,agents
2026-10-06T16:46:15.839Z +47358ms pid=567 CSV poll todo,jobs,agents
2026-10-06T16:46:15.873Z +47363ms pid=574 CSV poll todo,jobs,agents
2026-10-06T16:46:16.000Z +46348ms pid=621 CSV poll todo,jobs,agents
2026-10-06T16:46:16.011Z +46351ms pid=627 CSV poll todo,jobs,agents
2026-10-06T16:46:16.017Z +47425ms pid=588 REG poll todo@builtin,info@builtin,jobs@builtin,trajectory@builtin,agents@builtin,workspace@builtin,companion@builtin,act1:team@plugin,act1:dag@plugin,act1:workmate@plugin
2026-10-06T16:46:16.025Z +46361ms pid=628 CSV poll todo,jobs,agents
2026-10-06T16:46:16.043Z +47562ms pid=567 REG poll 
2026-10-06T16:46:16.051Z +47459ms pid=588 CSV poll todo,jobs,agents
2026-10-06T16:46:16.070Z +47560ms pid=574 REG poll 
2026-10-06T16:46:16.089Z +47608ms pid=567 CSV poll todo,jobs,agents
2026-10-06T16:46:16.124Z +47614ms pid=574 CSV poll todo,jobs,agents
2026-10-06T16:46:16.214Z +46562ms pid=621 REG poll 
2026-10-06T16:46:16.216Z +46552ms pid=628 REG poll 
2026-10-06T16:46:16.228Z +46568ms pid=627 REG poll 
2026-10-06T16:46:16.251Z +46599ms pid=621 CSV poll todo,jobs,agents
2026-10-06T16:46:16.262Z +46602ms pid=627 CSV poll todo,jobs,agents
2026-10-06T16:46:16.276Z +46612ms pid=628 CSV poll todo,jobs,agents
2026-10-06T16:46:16.302Z +47710ms pid=588 CSV poll todo,jobs,agents
2026-10-06T16:46:16.340Z +47859ms pid=567 CSV poll todo,jobs,agents
2026-10-06T16:46:16.374Z +47864ms pid=574 CSV poll todo,jobs,agents
2026-10-06T16:46:16.502Z +46850ms pid=621 CSV poll todo,jobs,agents
2026-10-06T16:46:16.512Z +46852ms pid=627 CSV poll todo,jobs,agents
2026-10-06T16:46:16.517Z +47925ms pid=588 REG poll todo@builtin,info@builtin,jobs@builtin,trajectory@builtin,agents@builtin,workspace@builtin,companion@builtin,act1:team@plugin,act1:dag@plugin,act1:workmate@plugin
2026-10-06T16:46:16.527Z +46863ms pid=628 CSV poll todo,jobs,agents
2026-10-06T16:46:16.543Z +48062ms pid=567 REG poll 
2026-10-06T16:46:16.553Z +47961ms pid=588 CSV poll todo,jobs,agents
2026-10-06T16:46:16.571Z +48061ms pid=574 REG poll 
2026-10-06T16:46:16.592Z +48111ms pid=567 CSV poll todo,jobs,agents
2026-10-06T16:46:16.624Z +48114ms pid=574 CSV poll todo,jobs,agents
2026-10-06T16:46:16.716Z +47064ms pid=621 REG poll 
2026-10-06T16:46:16.717Z +47053ms pid=628 REG poll 
2026-10-06T16:46:16.729Z +47069ms pid=627 REG poll 
2026-10-06T16:46:16.752Z +47100ms pid=621 CSV poll todo,jobs,agents
2026-10-06T16:46:16.763Z +47103ms pid=627 CSV poll todo,jobs,agents
2026-10-06T16:46:16.778Z +47114ms pid=628 CSV poll todo,jobs,agents
2026-10-06T16:46:16.803Z +48211ms pid=588 CSV poll todo,jobs,agents
2026-10-06T16:46:16.843Z +48362ms pid=567 CSV poll todo,jobs,agents
2026-10-06T16:46:16.875Z +48365ms pid=574 CSV poll todo,jobs,agents
2026-10-06T16:46:17.003Z +47351ms pid=621 CSV poll todo,jobs,agents
2026-10-06T16:46:17.014Z +47354ms pid=627 CSV poll todo,jobs,agents
2026-10-06T16:46:17.018Z +48426ms pid=588 REG poll todo@builtin,info@builtin,jobs@builtin,trajectory@builtin,agents@builtin,workspace@builtin,companion@builtin,act1:team@plugin,act1:dag@plugin,act1:workmate@plugin
2026-10-06T16:46:17.028Z +47364ms pid=628 CSV poll todo,jobs,agents
2026-10-06T16:46:17.043Z +48563ms pid=567 REG poll 
2026-10-06T16:46:17.054Z +48462ms pid=588 CSV poll todo,jobs,agents
2026-10-06T16:46:17.073Z +48563ms pid=574 REG poll 
2026-10-06T16:46:17.094Z +48613ms pid=567 CSV poll todo,jobs,agents
2026-10-06T16:46:17.125Z +48615ms pid=574 CSV poll todo,jobs,agents
2026-10-06T16:46:17.216Z +47564ms pid=621 REG poll 
2026-10-06T16:46:17.218Z +47554ms pid=628 REG poll 
2026-10-06T16:46:17.230Z +47570ms pid=627 REG poll 
2026-10-06T16:46:17.254Z +47602ms pid=621 CSV poll todo,jobs,agents
2026-10-06T16:46:17.266Z +47606ms pid=627 CSV poll todo,jobs,agents
2026-10-06T16:46:17.279Z +47615ms pid=628 CSV poll todo,jobs,agents
2026-10-06T16:46:17.305Z +48713ms pid=588 CSV poll todo,jobs,agents
2026-10-06T16:46:17.345Z +48864ms pid=567 CSV poll todo,jobs,agents
2026-10-06T16:46:17.376Z +48866ms pid=574 CSV poll todo,jobs,agents
2026-10-06T16:46:17.504Z +47852ms pid=621 CSV poll todo,jobs,agents
2026-10-06T16:46:17.516Z +47856ms pid=627 CSV poll todo,jobs,agents
2026-10-06T16:46:17.518Z +48926ms pid=588 REG poll todo@builtin,info@builtin,jobs@builtin,trajectory@builtin,agents@builtin,workspace@builtin,companion@builtin,act1:team@plugin,act1:dag@plugin,act1:workmate@plugin
2026-10-06T16:46:17.529Z +47865ms pid=628 CSV poll todo,jobs,agents
2026-10-06T16:46:17.545Z +49064ms pid=567 REG poll 
2026-10-06T16:46:17.556Z +48964ms pid=588 CSV poll todo,jobs,agents
2026-10-06T16:46:17.574Z +49064ms pid=574 REG poll 
2026-10-06T16:46:17.596Z +49115ms pid=567 CSV poll todo,jobs,agents
2026-10-06T16:46:17.625Z +49115ms pid=574 CSV poll todo,jobs,agents
2026-10-06T16:46:17.717Z +48065ms pid=621 REG poll 
2026-10-06T16:46:17.719Z +48055ms pid=628 REG poll 
2026-10-06T16:46:17.730Z +48070ms pid=627 REG poll 
2026-10-06T16:46:17.755Z +48103ms pid=621 CSV poll todo,jobs,agents
2026-10-06T16:46:17.766Z +48106ms pid=627 CSV poll todo,jobs,agents
2026-10-06T16:46:17.780Z +48116ms pid=628 CSV poll todo,jobs,agents
2026-10-06T16:46:17.807Z +49215ms pid=588 CSV poll todo,jobs,agents
2026-10-06T16:46:17.847Z +49366ms pid=567 CSV poll todo,jobs,agents
2026-10-06T16:46:17.876Z +49366ms pid=574 CSV poll todo,jobs,agents
2026-10-06T16:46:18.006Z +48354ms pid=621 CSV poll todo,jobs,agents
2026-10-06T16:46:18.017Z +48357ms pid=627 CSV poll todo,jobs,agents
2026-10-06T16:46:18.019Z +49427ms pid=588 REG poll todo@builtin,info@builtin,jobs@builtin,trajectory@builtin,agents@builtin,workspace@builtin,companion@builtin,act1:team@plugin,act1:dag@plugin,act1:workmate@plugin
2026-10-06T16:46:18.031Z +48367ms pid=628 CSV poll todo,jobs,agents
2026-10-06T16:46:18.045Z +49564ms pid=567 REG poll 
2026-10-06T16:46:18.057Z +49465ms pid=588 CSV poll todo,jobs,agents
2026-10-06T16:46:18.075Z +49565ms pid=574 REG poll 
2026-10-06T16:46:18.098Z +49617ms pid=567 CSV poll todo,jobs,agents
2026-10-06T16:46:18.126Z +49616ms pid=574 CSV poll todo,jobs,agents
2026-10-06T16:46:18.217Z +48565ms pid=621 REG poll 
2026-10-06T16:46:18.218Z +48555ms pid=628 REG poll 
2026-10-06T16:46:18.232Z +48572ms pid=627 REG poll 
2026-10-06T16:46:18.258Z +48606ms pid=621 CSV poll todo,jobs,agents
2026-10-06T16:46:18.267Z +48607ms pid=627 CSV poll todo,jobs,agents
2026-10-06T16:46:18.282Z +48618ms pid=628 CSV poll todo,jobs,agents
2026-10-06T16:46:18.308Z +49716ms pid=588 CSV poll todo,jobs,agents
2026-10-06T16:46:18.349Z +49868ms pid=567 CSV poll todo,jobs,agents
2026-10-06T16:46:18.377Z +49867ms pid=574 CSV poll todo,jobs,agents
2026-10-06T16:46:18.508Z +48856ms pid=621 CSV poll todo,jobs,agents
2026-10-06T16:46:18.517Z +48857ms pid=627 CSV poll todo,jobs,agents
2026-10-06T16:46:18.521Z +49929ms pid=588 REG poll todo@builtin,info@builtin,jobs@builtin,trajectory@builtin,agents@builtin,workspace@builtin,companion@builtin,act1:team@plugin,act1:dag@plugin,act1:workmate@plugin
2026-10-06T16:46:18.534Z +48870ms pid=628 CSV poll todo,jobs,agents
2026-10-06T16:46:18.546Z +50065ms pid=567 REG poll 
2026-10-06T16:46:18.559Z +49967ms pid=588 CSV poll todo,jobs,agents
2026-10-06T16:46:18.576Z +50066ms pid=574 REG poll 
2026-10-06T16:46:18.601Z +50120ms pid=567 CSV poll todo,jobs,agents
2026-10-06T16:46:18.628Z +50118ms pid=574 CSV poll todo,jobs,agents
2026-10-06T16:46:18.717Z +49065ms pid=621 REG poll 
2026-10-06T16:46:18.720Z +49056ms pid=628 REG poll 
2026-10-06T16:46:18.733Z +49073ms pid=627 REG poll 
2026-10-06T16:46:18.759Z +49107ms pid=621 CSV poll todo,jobs,agents

── adapter log (mpd-tui.log) ──
[mpd-tui-adapter] mpdTui provided (one deferred inject per seam, inject-free row)
TUI_SEAMS=(none composed)
[mpd-tui-adapter] host contact ABSENT: no candidate carried a readable lib/types/ui.js (1 probed) — the surfaces that need it stay inactive
mpd-tui panel enable keeper: absent — no candidate carried a readable lib/types/tuiDisplayPrefs.js (1 probed); 0 write(s) over 6 tick(s); ids act1:team,act1:dag,act1:workmate

