2026-10-06T16:44:32.862Z +0ms pid=236 ARM argv=/home/haroldzhao/.nvm/versions/node/v24.21.0/bin/node /home/haroldzhao/.nvm/versions/node/v24.21.0/bin/dsh-tui
2026-10-06T16:44:32.863Z +1ms pid=236 EXP panelExports=DEFAULT_SIDE_PANEL_IDS,SIDE_PANEL_ID_PATTERN,applySidePanelOpen,applySidePanelPanels,applySidePanelRatio,applySidePanelSplitEnabled,getSidePanelOpen,getSidePanelPanels,getSidePanelRatio,getSidePanelSplitEnabled,normalizeSidePanelPanels,normalizeSidePanelRatio,parseSidePanelIds,subscribeSidePanelOpen,subscribeSidePanelPanels,subscribeSidePanelRatio,subscribeSidePanelSplitEnabled
2026-10-06T16:44:32.863Z +1ms pid=236 CSV initial todo,jobs,agents
2026-10-06T16:44:32.864Z +2ms pid=236 REG initial 
2026-10-06T16:44:32.890Z +0ms pid=243 ARM argv=/home/haroldzhao/.nvm/versions/node/v24.21.0/bin/node /home/haroldzhao/MyProj/DshProj/My-Power-Dsh/.mpd/recon/pv/dshhome/profiles/dsh-tui/node_modules/@deepseek-harness-tui/dsh-tui/bin/dsh-tui.js
2026-10-06T16:44:32.891Z +1ms pid=243 EXP panelExports=DEFAULT_SIDE_PANEL_IDS,SIDE_PANEL_ID_PATTERN,applySidePanelOpen,applySidePanelPanels,applySidePanelRatio,applySidePanelSplitEnabled,getSidePanelOpen,getSidePanelPanels,getSidePanelRatio,getSidePanelSplitEnabled,normalizeSidePanelPanels,normalizeSidePanelRatio,parseSidePanelIds,subscribeSidePanelOpen,subscribeSidePanelPanels,subscribeSidePanelRatio,subscribeSidePanelSplitEnabled
2026-10-06T16:44:32.891Z +1ms pid=243 CSV initial todo,jobs,agents
2026-10-06T16:44:32.891Z +1ms pid=243 REG initial 
2026-10-06T16:44:32.916Z +0ms pid=250 ARM argv=/home/haroldzhao/.nvm/versions/node/v24.21.0/bin/node /home/haroldzhao/.nvm/versions/node/v24.21.0/bin/dsh
2026-10-06T16:44:32.917Z +1ms pid=250 EXP panelExports=DEFAULT_SIDE_PANEL_IDS,SIDE_PANEL_ID_PATTERN,applySidePanelOpen,applySidePanelPanels,applySidePanelRatio,applySidePanelSplitEnabled,getSidePanelOpen,getSidePanelPanels,getSidePanelRatio,getSidePanelSplitEnabled,normalizeSidePanelPanels,normalizeSidePanelRatio,parseSidePanelIds,subscribeSidePanelOpen,subscribeSidePanelPanels,subscribeSidePanelRatio,subscribeSidePanelSplitEnabled
2026-10-06T16:44:32.917Z +1ms pid=250 CSV initial todo,jobs,agents
2026-10-06T16:44:32.917Z +1ms pid=250 REG initial 
2026-10-06T16:44:32.977Z +1ms pid=257 ARM argv=/home/haroldzhao/.nvm/versions/node/v24.21.0/bin/node /home/haroldzhao/.nvm/versions/node/v24.21.0/bin/dsh
2026-10-06T16:44:32.979Z +2ms pid=257 EXP panelExports=DEFAULT_SIDE_PANEL_IDS,SIDE_PANEL_ID_PATTERN,applySidePanelOpen,applySidePanelPanels,applySidePanelRatio,applySidePanelSplitEnabled,getSidePanelOpen,getSidePanelPanels,getSidePanelRatio,getSidePanelSplitEnabled,normalizeSidePanelPanels,normalizeSidePanelRatio,parseSidePanelIds,subscribeSidePanelOpen,subscribeSidePanelPanels,subscribeSidePanelRatio,subscribeSidePanelSplitEnabled
2026-10-06T16:44:32.979Z +2ms pid=257 CSV initial todo,jobs,agents
2026-10-06T16:44:32.979Z +2ms pid=257 REG initial 
2026-10-06T16:44:33.113Z +251ms pid=236 CSV poll todo,jobs,agents
2026-10-06T16:44:33.141Z +251ms pid=243 CSV poll todo,jobs,agents
2026-10-06T16:44:33.363Z +501ms pid=236 CSV poll todo,jobs,agents
2026-10-06T16:44:33.365Z +503ms pid=236 REG poll 
2026-10-06T16:44:33.392Z +502ms pid=243 CSV poll todo,jobs,agents
2026-10-06T16:44:33.392Z +502ms pid=243 REG poll 
2026-10-06T16:44:33.614Z +752ms pid=236 CSV poll todo,jobs,agents
2026-10-06T16:44:33.642Z +752ms pid=243 CSV poll todo,jobs,agents
2026-10-06T16:44:33.865Z +1003ms pid=236 CSV poll todo,jobs,agents
2026-10-06T16:44:33.865Z +1003ms pid=236 REG poll 
2026-10-06T16:44:33.892Z +1002ms pid=243 REG poll 
2026-10-06T16:44:33.893Z +1003ms pid=243 CSV poll todo,jobs,agents
2026-10-06T16:44:33.919Z +1ms pid=269 ARM argv=/home/haroldzhao/.nvm/versions/node/v24.21.0/bin/node /home/haroldzhao/MyProj/DshProj/My-Power-Dsh/.mpd/recon/pv/dshhome/profiles/dsh-tui/node_modules/@mpd-dsh/mpd/packages/mpd-mcp-astgrep/dist/launch.js
2026-10-06T16:44:33.921Z +2ms pid=269 EXP panelExports=DEFAULT_SIDE_PANEL_IDS,SIDE_PANEL_ID_PATTERN,applySidePanelOpen,applySidePanelPanels,applySidePanelRatio,applySidePanelSplitEnabled,getSidePanelOpen,getSidePanelPanels,getSidePanelRatio,getSidePanelSplitEnabled,normalizeSidePanelPanels,normalizeSidePanelRatio,parseSidePanelIds,subscribeSidePanelOpen,subscribeSidePanelPanels,subscribeSidePanelRatio,subscribeSidePanelSplitEnabled
2026-10-06T16:44:33.921Z +2ms pid=269 CSV initial todo,jobs,agents
2026-10-06T16:44:33.921Z +2ms pid=269 REG initial 
2026-10-06T16:44:33.923Z +0ms pid=270 ARM argv=/home/haroldzhao/.nvm/versions/node/v24.21.0/bin/node /home/haroldzhao/MyProj/DshProj/My-Power-Dsh/.mpd/recon/pv/dshhome/profiles/dsh-tui/node_modules/@mpd-dsh/mpd/packages/mpd-mcp-lsp/dist/launch.js
2026-10-06T16:44:33.924Z +1ms pid=270 EXP panelExports=DEFAULT_SIDE_PANEL_IDS,SIDE_PANEL_ID_PATTERN,applySidePanelOpen,applySidePanelPanels,applySidePanelRatio,applySidePanelSplitEnabled,getSidePanelOpen,getSidePanelPanels,getSidePanelRatio,getSidePanelSplitEnabled,normalizeSidePanelPanels,normalizeSidePanelRatio,parseSidePanelIds,subscribeSidePanelOpen,subscribeSidePanelPanels,subscribeSidePanelRatio,subscribeSidePanelSplitEnabled
2026-10-06T16:44:33.924Z +1ms pid=270 CSV initial todo,jobs,agents
2026-10-06T16:44:33.925Z +2ms pid=270 REG initial 
2026-10-06T16:44:33.926Z +1ms pid=276 ARM argv=/home/haroldzhao/.nvm/versions/node/v24.21.0/bin/node /home/haroldzhao/MyProj/DshProj/My-Power-Dsh/.mpd/recon/pv/dshhome/profiles/dsh-tui/node_modules/@mpd-dsh/mpd/packages/mpd-mcp-codegraph/dist/launch.js
2026-10-06T16:44:33.928Z +2ms pid=276 EXP panelExports=DEFAULT_SIDE_PANEL_IDS,SIDE_PANEL_ID_PATTERN,applySidePanelOpen,applySidePanelPanels,applySidePanelRatio,applySidePanelSplitEnabled,getSidePanelOpen,getSidePanelPanels,getSidePanelRatio,getSidePanelSplitEnabled,normalizeSidePanelPanels,normalizeSidePanelRatio,parseSidePanelIds,subscribeSidePanelOpen,subscribeSidePanelPanels,subscribeSidePanelRatio,subscribeSidePanelSplitEnabled
2026-10-06T16:44:33.928Z +2ms pid=276 CSV initial todo,jobs,agents
2026-10-06T16:44:33.928Z +2ms pid=276 REG initial 
2026-10-06T16:44:33.969Z +992ms pid=257 CHANGE todo,jobs,agents,act1:team
2026-10-06T16:44:33.969Z +992ms pid=257 STACK at apply (file:///home/haroldzhao/MyProj/DshProj/My-Power-Dsh/.mpd/recon/pv/dshhome/profiles/dsh-tui/node_modules/@deepseek-harness-tui/dsh-tui/lib/types/tuiDisplayPrefs.js:158:21)
2026-10-06T16:44:33.969Z +992ms pid=257 STACK at enablePanelIdInStore (file:///home/haroldzhao/MyProj/DshProj/My-Power-Dsh/.mpd/recon/pv/dshhome/profiles/dsh-tui/node_modules/@deepseek-harness-tui/dsh-tui/lib/types/dsh-adapter/panels.js:389:5)
2026-10-06T16:44:33.969Z +992ms pid=257 STACK at Proxy.register (file:///home/haroldzhao/MyProj/DshProj/My-Power-Dsh/.mpd/recon/pv/dshhome/profiles/dsh-tui/node_modules/@deepseek-harness-tui/dsh-tui/lib/types/dsh-adapter/panels.js:247:9)
2026-10-06T16:44:33.969Z +992ms pid=257 STACK at Object.apply (file:///home/haroldzhao/.nvm/versions/node/v24.21.0/lib/node_modules/@deepseek-ai/dsh/node_modules/@deepseek-ai/cordis/lib/index.js:120:36)
2026-10-06T16:44:33.969Z +992ms pid=257 STACK at file:///home/haroldzhao/MyProj/DshProj/My-Power-Dsh/packages/mpd-tui-plugin/dist/index.js:3622:37
2026-10-06T16:44:33.969Z +992ms pid=257 STACK at Object.callback (file:///home/haroldzhao/MyProj/DshProj/My-Power-Dsh/packages/mpd-tui-plugin/dist/index.js:3191:11)
2026-10-06T16:44:33.969Z +992ms pid=257 STACK at Fiber.execute (file:///home/haroldzhao/.nvm/versions/node/v24.21.0/lib/node_modules/@deepseek-ai/dsh/node_modules/@deepseek-ai/cordis/lib/index.js:1071:28)
2026-10-06T16:44:33.969Z +992ms pid=257 STACK at file:///home/haroldzhao/MyProj/DshProj/My-Power-Dsh/.mpd/recon/pv/dshhome/profiles/dsh-tui/node_modules/@deepseek-harness-tui/dsh-tui/lib/types/dsh-adapter/host-access.js:205:28
2026-10-06T16:44:33.969Z +992ms pid=257 CHANGE todo,jobs,agents,act1:team,act1:dag
2026-10-06T16:44:33.969Z +992ms pid=257 STACK at apply (file:///home/haroldzhao/MyProj/DshProj/My-Power-Dsh/.mpd/recon/pv/dshhome/profiles/dsh-tui/node_modules/@deepseek-harness-tui/dsh-tui/lib/types/tuiDisplayPrefs.js:158:21)
2026-10-06T16:44:33.970Z +993ms pid=257 STACK at enablePanelIdInStore (file:///home/haroldzhao/MyProj/DshProj/My-Power-Dsh/.mpd/recon/pv/dshhome/profiles/dsh-tui/node_modules/@deepseek-harness-tui/dsh-tui/lib/types/dsh-adapter/panels.js:389:5)
2026-10-06T16:44:33.970Z +993ms pid=257 STACK at Proxy.register (file:///home/haroldzhao/MyProj/DshProj/My-Power-Dsh/.mpd/recon/pv/dshhome/profiles/dsh-tui/node_modules/@deepseek-harness-tui/dsh-tui/lib/types/dsh-adapter/panels.js:247:9)
2026-10-06T16:44:33.970Z +993ms pid=257 STACK at Object.apply (file:///home/haroldzhao/.nvm/versions/node/v24.21.0/lib/node_modules/@deepseek-ai/dsh/node_modules/@deepseek-ai/cordis/lib/index.js:120:36)
2026-10-06T16:44:33.970Z +993ms pid=257 STACK at file:///home/haroldzhao/MyProj/DshProj/My-Power-Dsh/packages/mpd-tui-plugin/dist/index.js:3622:37
2026-10-06T16:44:33.970Z +993ms pid=257 STACK at Object.callback (file:///home/haroldzhao/MyProj/DshProj/My-Power-Dsh/packages/mpd-tui-plugin/dist/index.js:3191:11)
2026-10-06T16:44:33.970Z +993ms pid=257 STACK at Fiber.execute (file:///home/haroldzhao/.nvm/versions/node/v24.21.0/lib/node_modules/@deepseek-ai/dsh/node_modules/@deepseek-ai/cordis/lib/index.js:1071:28)
2026-10-06T16:44:33.970Z +993ms pid=257 STACK at file:///home/haroldzhao/MyProj/DshProj/My-Power-Dsh/.mpd/recon/pv/dshhome/profiles/dsh-tui/node_modules/@deepseek-harness-tui/dsh-tui/lib/types/dsh-adapter/host-access.js:205:28
2026-10-06T16:44:33.970Z +993ms pid=257 CHANGE todo,jobs,agents,act1:team,act1:dag,act1:workmate
2026-10-06T16:44:33.970Z +993ms pid=257 STACK at apply (file:///home/haroldzhao/MyProj/DshProj/My-Power-Dsh/.mpd/recon/pv/dshhome/profiles/dsh-tui/node_modules/@deepseek-harness-tui/dsh-tui/lib/types/tuiDisplayPrefs.js:158:21)
2026-10-06T16:44:33.970Z +993ms pid=257 STACK at enablePanelIdInStore (file:///home/haroldzhao/MyProj/DshProj/My-Power-Dsh/.mpd/recon/pv/dshhome/profiles/dsh-tui/node_modules/@deepseek-harness-tui/dsh-tui/lib/types/dsh-adapter/panels.js:389:5)
2026-10-06T16:44:33.970Z +993ms pid=257 STACK at Proxy.register (file:///home/haroldzhao/MyProj/DshProj/My-Power-Dsh/.mpd/recon/pv/dshhome/profiles/dsh-tui/node_modules/@deepseek-harness-tui/dsh-tui/lib/types/dsh-adapter/panels.js:247:9)
2026-10-06T16:44:33.970Z +993ms pid=257 STACK at Object.apply (file:///home/haroldzhao/.nvm/versions/node/v24.21.0/lib/node_modules/@deepseek-ai/dsh/node_modules/@deepseek-ai/cordis/lib/index.js:120:36)
2026-10-06T16:44:33.970Z +993ms pid=257 STACK at file:///home/haroldzhao/MyProj/DshProj/My-Power-Dsh/packages/mpd-tui-plugin/dist/index.js:3622:37
2026-10-06T16:44:33.970Z +993ms pid=257 STACK at Object.callback (file:///home/haroldzhao/MyProj/DshProj/My-Power-Dsh/packages/mpd-tui-plugin/dist/index.js:3191:11)
2026-10-06T16:44:33.970Z +993ms pid=257 STACK at Fiber.execute (file:///home/haroldzhao/.nvm/versions/node/v24.21.0/lib/node_modules/@deepseek-ai/dsh/node_modules/@deepseek-ai/cordis/lib/index.js:1071:28)
2026-10-06T16:44:33.970Z +993ms pid=257 STACK at file:///home/haroldzhao/MyProj/DshProj/My-Power-Dsh/.mpd/recon/pv/dshhome/profiles/dsh-tui/node_modules/@deepseek-harness-tui/dsh-tui/lib/types/dsh-adapter/host-access.js:205:28
2026-10-06T16:44:34.043Z +1066ms pid=257 CSV poll todo,jobs,agents,act1:team,act1:dag,act1:workmate
2026-10-06T16:44:34.043Z +1066ms pid=257 REG poll act1:team@plugin,act1:dag@plugin,act1:workmate@plugin
2026-10-06T16:44:34.087Z +0ms pid=290 ARM argv=/home/haroldzhao/.nvm/versions/node/v24.21.0/bin/node /home/haroldzhao/MyProj/DshProj/My-Power-Dsh/.mpd/recon/pv/dshhome/profiles/dsh-tui/node_modules/@mpd-dsh/mpd/packages/mpd-mcp-astgrep/dist/launch.js
2026-10-06T16:44:34.088Z +1ms pid=290 EXP panelExports=DEFAULT_SIDE_PANEL_IDS,SIDE_PANEL_ID_PATTERN,applySidePanelOpen,applySidePanelPanels,applySidePanelRatio,applySidePanelSplitEnabled,getSidePanelOpen,getSidePanelPanels,getSidePanelRatio,getSidePanelSplitEnabled,normalizeSidePanelPanels,normalizeSidePanelRatio,parseSidePanelIds,subscribeSidePanelOpen,subscribeSidePanelPanels,subscribeSidePanelRatio,subscribeSidePanelSplitEnabled
2026-10-06T16:44:34.088Z +1ms pid=290 CSV initial todo,jobs,agents
2026-10-06T16:44:34.088Z +1ms pid=290 REG initial 
2026-10-06T16:44:34.096Z +0ms pid=296 ARM argv=/home/haroldzhao/.nvm/versions/node/v24.21.0/bin/node /home/haroldzhao/MyProj/DshProj/My-Power-Dsh/.mpd/recon/pv/dshhome/profiles/dsh-tui/node_modules/@mpd-dsh/mpd/packages/mpd-mcp-lsp/dist/launch.js
2026-10-06T16:44:34.097Z +1ms pid=296 EXP panelExports=DEFAULT_SIDE_PANEL_IDS,SIDE_PANEL_ID_PATTERN,applySidePanelOpen,applySidePanelPanels,applySidePanelRatio,applySidePanelSplitEnabled,getSidePanelOpen,getSidePanelPanels,getSidePanelRatio,getSidePanelSplitEnabled,normalizeSidePanelPanels,normalizeSidePanelRatio,parseSidePanelIds,subscribeSidePanelOpen,subscribeSidePanelPanels,subscribeSidePanelRatio,subscribeSidePanelSplitEnabled
2026-10-06T16:44:34.097Z +1ms pid=296 CSV initial todo,jobs,agents
2026-10-06T16:44:34.098Z +2ms pid=296 REG initial 
2026-10-06T16:44:34.098Z +1ms pid=297 ARM argv=/home/haroldzhao/.nvm/versions/node/v24.21.0/bin/node /home/haroldzhao/MyProj/DshProj/My-Power-Dsh/.mpd/recon/pv/dshhome/profiles/dsh-tui/node_modules/@mpd-dsh/mpd/packages/mpd-mcp-codegraph/dist/launch.js
2026-10-06T16:44:34.099Z +1ms pid=297 EXP panelExports=DEFAULT_SIDE_PANEL_IDS,SIDE_PANEL_ID_PATTERN,applySidePanelOpen,applySidePanelPanels,applySidePanelRatio,applySidePanelSplitEnabled,getSidePanelOpen,getSidePanelPanels,getSidePanelRatio,getSidePanelSplitEnabled,normalizeSidePanelPanels,normalizeSidePanelRatio,parseSidePanelIds,subscribeSidePanelOpen,subscribeSidePanelPanels,subscribeSidePanelRatio,subscribeSidePanelSplitEnabled
2026-10-06T16:44:34.099Z +1ms pid=297 CSV initial todo,jobs,agents
2026-10-06T16:44:34.100Z +2ms pid=297 REG initial 
2026-10-06T16:44:34.115Z +1253ms pid=236 CSV poll todo,jobs,agents
2026-10-06T16:44:34.143Z +1253ms pid=243 CSV poll todo,jobs,agents
2026-10-06T16:44:34.339Z +252ms pid=290 CSV poll todo,jobs,agents
2026-10-06T16:44:34.349Z +253ms pid=296 CSV poll todo,jobs,agents
2026-10-06T16:44:34.350Z +252ms pid=297 CSV poll todo,jobs,agents
2026-10-06T16:44:34.366Z +1504ms pid=236 REG poll 
2026-10-06T16:44:34.366Z +1504ms pid=236 CSV poll todo,jobs,agents
2026-10-06T16:44:34.392Z +1502ms pid=243 REG poll 
2026-10-06T16:44:34.394Z +1504ms pid=243 CSV poll todo,jobs,agents
2026-10-06T16:44:34.443Z +1466ms pid=257 CSV poll todo,jobs,agents,act1:team,act1:dag,act1:workmate
2026-10-06T16:44:34.543Z +1566ms pid=257 REG poll todo@builtin,info@builtin,jobs@builtin,trajectory@builtin,agents@builtin,workspace@builtin,companion@builtin,act1:team@plugin,act1:dag@plugin,act1:workmate@plugin
2026-10-06T16:44:34.589Z +502ms pid=290 REG poll 
2026-10-06T16:44:34.589Z +502ms pid=290 CSV poll todo,jobs,agents
2026-10-06T16:44:34.598Z +502ms pid=296 REG poll 
2026-10-06T16:44:34.599Z +503ms pid=296 CSV poll todo,jobs,agents
2026-10-06T16:44:34.600Z +502ms pid=297 REG poll 
2026-10-06T16:44:34.600Z +502ms pid=297 CSV poll todo,jobs,agents
2026-10-06T16:44:34.616Z +1754ms pid=236 CSV poll todo,jobs,agents
2026-10-06T16:44:34.644Z +1754ms pid=243 CSV poll todo,jobs,agents
2026-10-06T16:44:34.693Z +1716ms pid=257 CSV poll todo,jobs,agents,act1:team,act1:dag,act1:workmate
2026-10-06T16:44:34.840Z +753ms pid=290 CSV poll todo,jobs,agents
2026-10-06T16:44:34.850Z +754ms pid=296 CSV poll todo,jobs,agents
2026-10-06T16:44:34.851Z +753ms pid=297 CSV poll todo,jobs,agents
2026-10-06T16:44:34.867Z +2005ms pid=236 REG poll 
2026-10-06T16:44:34.867Z +2005ms pid=236 CSV poll todo,jobs,agents
2026-10-06T16:44:34.892Z +2002ms pid=243 REG poll 
2026-10-06T16:44:34.895Z +2005ms pid=243 CSV poll todo,jobs,agents
2026-10-06T16:44:34.944Z +1967ms pid=257 CSV poll todo,jobs,agents,act1:team,act1:dag,act1:workmate
2026-10-06T16:44:35.043Z +2066ms pid=257 REG poll todo@builtin,info@builtin,jobs@builtin,trajectory@builtin,agents@builtin,workspace@builtin,companion@builtin,act1:team@plugin,act1:dag@plugin,act1:workmate@plugin
2026-10-06T16:44:35.089Z +1002ms pid=290 REG poll 
2026-10-06T16:44:35.089Z +1002ms pid=290 CSV poll todo,jobs,agents
2026-10-06T16:44:35.098Z +1003ms pid=296 REG poll 
2026-10-06T16:44:35.100Z +1004ms pid=296 CSV poll todo,jobs,agents
2026-10-06T16:44:35.100Z +1002ms pid=297 REG poll 
2026-10-06T16:44:35.101Z +1003ms pid=297 CSV poll todo,jobs,agents
2026-10-06T16:44:35.117Z +2255ms pid=236 CSV poll todo,jobs,agents
2026-10-06T16:44:35.146Z +2256ms pid=243 CSV poll todo,jobs,agents
2026-10-06T16:44:35.194Z +2217ms pid=257 CSV poll todo,jobs,agents,act1:team,act1:dag,act1:workmate
2026-10-06T16:44:35.340Z +1253ms pid=290 CSV poll todo,jobs,agents
2026-10-06T16:44:35.350Z +1254ms pid=296 CSV poll todo,jobs,agents
2026-10-06T16:44:35.351Z +1253ms pid=297 CSV poll todo,jobs,agents
2026-10-06T16:44:35.368Z +2506ms pid=236 REG poll 
2026-10-06T16:44:35.368Z +2506ms pid=236 CSV poll todo,jobs,agents
2026-10-06T16:44:35.391Z +2501ms pid=243 REG poll 
2026-10-06T16:44:35.397Z +2507ms pid=243 CSV poll todo,jobs,agents
2026-10-06T16:44:35.444Z +2467ms pid=257 CSV poll todo,jobs,agents,act1:team,act1:dag,act1:workmate
2026-10-06T16:44:35.543Z +2566ms pid=257 REG poll todo@builtin,info@builtin,jobs@builtin,trajectory@builtin,agents@builtin,workspace@builtin,companion@builtin,act1:team@plugin,act1:dag@plugin,act1:workmate@plugin
2026-10-06T16:44:35.590Z +1503ms pid=290 REG poll 
2026-10-06T16:44:35.591Z +1504ms pid=290 CSV poll todo,jobs,agents
2026-10-06T16:44:35.599Z +1503ms pid=296 REG poll 
2026-10-06T16:44:35.600Z +1504ms pid=296 CSV poll todo,jobs,agents
2026-10-06T16:44:35.600Z +1502ms pid=297 REG poll 
2026-10-06T16:44:35.601Z +1503ms pid=297 CSV poll todo,jobs,agents
2026-10-06T16:44:35.618Z +2756ms pid=236 CSV poll todo,jobs,agents
2026-10-06T16:44:35.647Z +2757ms pid=243 CSV poll todo,jobs,agents
2026-10-06T16:44:35.694Z +2717ms pid=257 CSV poll todo,jobs,agents,act1:team,act1:dag,act1:workmate
2026-10-06T16:44:35.841Z +1754ms pid=290 CSV poll todo,jobs,agents
2026-10-06T16:44:35.850Z +1755ms pid=296 CSV poll todo,jobs,agents
2026-10-06T16:44:35.851Z +1753ms pid=297 CSV poll todo,jobs,agents
2026-10-06T16:44:35.869Z +3007ms pid=236 REG poll 
2026-10-06T16:44:35.869Z +3007ms pid=236 CSV poll todo,jobs,agents
2026-10-06T16:44:35.893Z +3003ms pid=243 REG poll 
2026-10-06T16:44:35.897Z +3007ms pid=243 CSV poll todo,jobs,agents
2026-10-06T16:44:35.944Z +2967ms pid=257 CSV poll todo,jobs,agents,act1:team,act1:dag,act1:workmate
2026-10-06T16:44:36.044Z +3067ms pid=257 REG poll todo@builtin,info@builtin,jobs@builtin,trajectory@builtin,agents@builtin,workspace@builtin,companion@builtin,act1:team@plugin,act1:dag@plugin,act1:workmate@plugin
2026-10-06T16:44:36.092Z +2005ms pid=290 REG poll 
2026-10-06T16:44:36.092Z +2005ms pid=290 CSV poll todo,jobs,agents
2026-10-06T16:44:36.099Z +2003ms pid=296 REG poll 
2026-10-06T16:44:36.101Z +2005ms pid=296 CSV poll todo,jobs,agents
2026-10-06T16:44:36.101Z +2003ms pid=297 REG poll 
2026-10-06T16:44:36.102Z +2004ms pid=297 CSV poll todo,jobs,agents
2026-10-06T16:44:36.119Z +3257ms pid=236 CSV poll todo,jobs,agents
2026-10-06T16:44:36.147Z +3257ms pid=243 CSV poll todo,jobs,agents
2026-10-06T16:44:36.195Z +3218ms pid=257 CSV poll todo,jobs,agents,act1:team,act1:dag,act1:workmate
2026-10-06T16:44:36.342Z +2255ms pid=290 CSV poll todo,jobs,agents
2026-10-06T16:44:36.352Z +2256ms pid=296 CSV poll todo,jobs,agents
2026-10-06T16:44:36.352Z +2254ms pid=297 CSV poll todo,jobs,agents
2026-10-06T16:44:36.370Z +3508ms pid=236 REG poll 
2026-10-06T16:44:36.370Z +3508ms pid=236 CSV poll todo,jobs,agents
2026-10-06T16:44:36.394Z +3504ms pid=243 REG poll 
2026-10-06T16:44:36.397Z +3507ms pid=243 CSV poll todo,jobs,agents
2026-10-06T16:44:36.446Z +3469ms pid=257 CSV poll todo,jobs,agents,act1:team,act1:dag,act1:workmate
2026-10-06T16:44:36.544Z +3567ms pid=257 REG poll todo@builtin,info@builtin,jobs@builtin,trajectory@builtin,agents@builtin,workspace@builtin,companion@builtin,act1:team@plugin,act1:dag@plugin,act1:workmate@plugin
2026-10-06T16:44:36.592Z +2506ms pid=290 REG poll 
2026-10-06T16:44:36.593Z +2506ms pid=290 CSV poll todo,jobs,agents
2026-10-06T16:44:36.599Z +2503ms pid=296 REG poll 
2026-10-06T16:44:36.600Z +2502ms pid=297 REG poll 
2026-10-06T16:44:36.603Z +2505ms pid=297 CSV poll todo,jobs,agents
2026-10-06T16:44:36.603Z +2507ms pid=296 CSV poll todo,jobs,agents
2026-10-06T16:44:36.621Z +3759ms pid=236 CSV poll todo,jobs,agents
2026-10-06T16:44:36.647Z +3758ms pid=243 CSV poll todo,jobs,agents
2026-10-06T16:44:36.696Z +3719ms pid=257 CSV poll todo,jobs,agents,act1:team,act1:dag,act1:workmate
2026-10-06T16:44:36.843Z +2756ms pid=290 CSV poll todo,jobs,agents
2026-10-06T16:44:36.853Z +2755ms pid=297 CSV poll todo,jobs,agents
2026-10-06T16:44:36.853Z +2757ms pid=296 CSV poll todo,jobs,agents
2026-10-06T16:44:36.871Z +4009ms pid=236 REG poll 
2026-10-06T16:44:36.871Z +4009ms pid=236 CSV poll todo,jobs,agents
2026-10-06T16:44:36.894Z +4004ms pid=243 REG poll 
2026-10-06T16:44:36.898Z +4008ms pid=243 CSV poll todo,jobs,agents
2026-10-06T16:44:36.946Z +3969ms pid=257 CSV poll todo,jobs,agents,act1:team,act1:dag,act1:workmate
2026-10-06T16:44:37.046Z +4069ms pid=257 REG poll todo@builtin,info@builtin,jobs@builtin,trajectory@builtin,agents@builtin,workspace@builtin,companion@builtin,act1:team@plugin,act1:dag@plugin,act1:workmate@plugin
2026-10-06T16:44:37.094Z +3007ms pid=290 REG poll 
2026-10-06T16:44:37.094Z +3007ms pid=290 CSV poll todo,jobs,agents
2026-10-06T16:44:37.100Z +3004ms pid=296 REG poll 
2026-10-06T16:44:37.102Z +3004ms pid=297 REG poll 
2026-10-06T16:44:37.103Z +3005ms pid=297 CSV poll todo,jobs,agents
2026-10-06T16:44:37.103Z +3007ms pid=296 CSV poll todo,jobs,agents
2026-10-06T16:44:37.121Z +4259ms pid=236 CSV poll todo,jobs,agents
2026-10-06T16:44:37.149Z +4259ms pid=243 CSV poll todo,jobs,agents
2026-10-06T16:44:37.196Z +4219ms pid=257 CSV poll todo,jobs,agents,act1:team,act1:dag,act1:workmate
2026-10-06T16:44:37.344Z +3257ms pid=290 CSV poll todo,jobs,agents
2026-10-06T16:44:37.353Z +3255ms pid=297 CSV poll todo,jobs,agents
2026-10-06T16:44:37.353Z +3257ms pid=296 CSV poll todo,jobs,agents
2026-10-06T16:44:37.372Z +4510ms pid=236 REG poll 
2026-10-06T16:44:37.372Z +4510ms pid=236 CSV poll todo,jobs,agents
2026-10-06T16:44:37.395Z +4505ms pid=243 REG poll 
2026-10-06T16:44:37.399Z +4509ms pid=243 CSV poll todo,jobs,agents
2026-10-06T16:44:37.446Z +4469ms pid=257 CSV poll todo,jobs,agents,act1:team,act1:dag,act1:workmate
2026-10-06T16:44:37.546Z +4569ms pid=257 REG poll todo@builtin,info@builtin,jobs@builtin,trajectory@builtin,agents@builtin,workspace@builtin,companion@builtin,act1:team@plugin,act1:dag@plugin,act1:workmate@plugin
2026-10-06T16:44:37.594Z +3507ms pid=290 REG poll 
2026-10-06T16:44:37.595Z +3508ms pid=290 CSV poll todo,jobs,agents
2026-10-06T16:44:37.600Z +3504ms pid=296 REG poll 
2026-10-06T16:44:37.602Z +3504ms pid=297 REG poll 
2026-10-06T16:44:37.603Z +3505ms pid=297 CSV poll todo,jobs,agents
2026-10-06T16:44:37.604Z +3508ms pid=296 CSV poll todo,jobs,agents
2026-10-06T16:44:37.622Z +4760ms pid=236 CSV poll todo,jobs,agents
2026-10-06T16:44:37.650Z +4760ms pid=243 CSV poll todo,jobs,agents
2026-10-06T16:44:37.696Z +4719ms pid=257 CSV poll todo,jobs,agents,act1:team,act1:dag,act1:workmate
2026-10-06T16:44:37.846Z +3759ms pid=290 CSV poll todo,jobs,agents
2026-10-06T16:44:37.853Z +3755ms pid=297 CSV poll todo,jobs,agents
2026-10-06T16:44:37.854Z +3758ms pid=296 CSV poll todo,jobs,agents
2026-10-06T16:44:37.872Z +5010ms pid=236 REG poll 
2026-10-06T16:44:37.872Z +5010ms pid=236 CSV poll todo,jobs,agents
2026-10-06T16:44:37.895Z +5005ms pid=243 REG poll 
2026-10-06T16:44:37.900Z +5010ms pid=243 CSV poll todo,jobs,agents
2026-10-06T16:44:37.977Z +5000ms pid=257 CSV poll todo,jobs,agents,act1:team,act1:dag,act1:workmate
2026-10-06T16:44:38.047Z +5070ms pid=257 REG poll todo@builtin,info@builtin,jobs@builtin,trajectory@builtin,agents@builtin,workspace@builtin,companion@builtin,act1:team@plugin,act1:dag@plugin,act1:workmate@plugin
2026-10-06T16:44:38.094Z +4007ms pid=290 REG poll 
2026-10-06T16:44:38.096Z +4009ms pid=290 CSV poll todo,jobs,agents
2026-10-06T16:44:38.100Z +4004ms pid=296 REG poll 
2026-10-06T16:44:38.102Z +4004ms pid=297 REG poll 
2026-10-06T16:44:38.103Z +4005ms pid=297 CSV poll todo,jobs,agents
2026-10-06T16:44:38.105Z +4009ms pid=296 CSV poll todo,jobs,agents
2026-10-06T16:44:38.123Z +5261ms pid=236 CSV poll todo,jobs,agents
2026-10-06T16:44:38.150Z +5260ms pid=243 CSV poll todo,jobs,agents
2026-10-06T16:44:38.347Z +4260ms pid=290 CSV poll todo,jobs,agents
2026-10-06T16:44:38.353Z +4255ms pid=297 CSV poll todo,jobs,agents
2026-10-06T16:44:38.356Z +4260ms pid=296 CSV poll todo,jobs,agents
2026-10-06T16:44:38.373Z +5511ms pid=236 REG poll 
2026-10-06T16:44:38.373Z +5511ms pid=236 CSV poll todo,jobs,agents
2026-10-06T16:44:38.397Z +5507ms pid=243 REG poll 
2026-10-06T16:44:38.400Z +5510ms pid=243 CSV poll todo,jobs,agents
2026-10-06T16:44:38.594Z +4507ms pid=290 REG poll 
2026-10-06T16:44:38.597Z +4510ms pid=290 CSV poll todo,jobs,agents
2026-10-06T16:44:38.600Z +4504ms pid=296 REG poll 
2026-10-06T16:44:38.603Z +4505ms pid=297 REG poll 
2026-10-06T16:44:38.604Z +4506ms pid=297 CSV poll todo,jobs,agents
2026-10-06T16:44:38.606Z +4510ms pid=296 CSV poll todo,jobs,agents
2026-10-06T16:44:38.624Z +5762ms pid=236 CSV poll todo,jobs,agents
2026-10-06T16:44:38.650Z +5760ms pid=243 CSV poll todo,jobs,agents
2026-10-06T16:44:38.847Z +4760ms pid=290 CSV poll todo,jobs,agents
2026-10-06T16:44:38.854Z +4756ms pid=297 CSV poll todo,jobs,agents
2026-10-06T16:44:38.856Z +4760ms pid=296 CSV poll todo,jobs,agents
2026-10-06T16:44:38.873Z +6011ms pid=236 REG poll 
2026-10-06T16:44:38.873Z +6011ms pid=236 CSV poll todo,jobs,agents
2026-10-06T16:44:38.897Z +6007ms pid=243 REG poll 
2026-10-06T16:44:38.901Z +6011ms pid=243 CSV poll todo,jobs,agents
2026-10-06T16:44:39.095Z +5008ms pid=290 REG poll 
2026-10-06T16:44:39.097Z +5010ms pid=290 CSV poll todo,jobs,agents
2026-10-06T16:44:39.100Z +5004ms pid=296 REG poll 
2026-10-06T16:44:39.104Z +5006ms pid=297 REG poll 
2026-10-06T16:44:39.104Z +5006ms pid=297 CSV poll todo,jobs,agents
2026-10-06T16:44:39.106Z +5010ms pid=296 CSV poll todo,jobs,agents
2026-10-06T16:44:39.124Z +6262ms pid=236 CSV poll todo,jobs,agents
2026-10-06T16:44:39.151Z +6261ms pid=243 CSV poll todo,jobs,agents
2026-10-06T16:44:39.347Z +5260ms pid=290 CSV poll todo,jobs,agents
2026-10-06T16:44:39.354Z +5256ms pid=297 CSV poll todo,jobs,agents
2026-10-06T16:44:39.357Z +5261ms pid=296 CSV poll todo,jobs,agents
2026-10-06T16:44:39.373Z +6511ms pid=236 REG poll 
2026-10-06T16:44:39.374Z +6512ms pid=236 CSV poll todo,jobs,agents
2026-10-06T16:44:39.398Z +6508ms pid=243 REG poll 
2026-10-06T16:44:39.401Z +6511ms pid=243 CSV poll todo,jobs,agents
2026-10-06T16:44:39.596Z +5509ms pid=290 REG poll 
2026-10-06T16:44:39.597Z +5510ms pid=290 CSV poll todo,jobs,agents
2026-10-06T16:44:39.600Z +5504ms pid=296 REG poll 
2026-10-06T16:44:39.605Z +5507ms pid=297 REG poll 
2026-10-06T16:44:39.605Z +5507ms pid=297 CSV poll todo,jobs,agents
2026-10-06T16:44:39.608Z +5512ms pid=296 CSV poll todo,jobs,agents
2026-10-06T16:44:39.625Z +6763ms pid=236 CSV poll todo,jobs,agents
2026-10-06T16:44:39.651Z +6761ms pid=243 CSV poll todo,jobs,agents
2026-10-06T16:44:39.847Z +5760ms pid=290 CSV poll todo,jobs,agents
2026-10-06T16:44:39.855Z +5757ms pid=297 CSV poll todo,jobs,agents
2026-10-06T16:44:39.858Z +6881ms pid=257 CSV poll todo,jobs,agents,act1:team,act1:dag,act1:workmate
2026-10-06T16:44:39.858Z +6881ms pid=257 REG poll todo@builtin,info@builtin,jobs@builtin,trajectory@builtin,agents@builtin,workspace@builtin,companion@builtin,act1:team@plugin,act1:dag@plugin,act1:workmate@plugin
2026-10-06T16:44:39.858Z +5762ms pid=296 CSV poll todo,jobs,agents
2026-10-06T16:44:39.873Z +7011ms pid=236 REG poll 
2026-10-06T16:44:39.875Z +7013ms pid=236 CSV poll todo,jobs,agents
2026-10-06T16:44:39.879Z +6902ms pid=257 CHANGE todo,jobs,agents
2026-10-06T16:44:39.879Z +6902ms pid=257 STACK at apply (file:///home/haroldzhao/MyProj/DshProj/My-Power-Dsh/.mpd/recon/pv/dshhome/profiles/dsh-tui/node_modules/@deepseek-harness-tui/dsh-tui/lib/types/tuiDisplayPrefs.js:158:21)
2026-10-06T16:44:39.879Z +6902ms pid=257 STACK at apply (file:///home/haroldzhao/MyProj/DshProj/My-Power-Dsh/.mpd/recon/pv/dshhome/profiles/dsh-tui/node_modules/@deepseek-harness-tui/dsh-tui/lib/types/dsh-adapter/plugin.js:586:5)
2026-10-06T16:44:39.879Z +6902ms pid=257 STACK at async Fiber._reload (file:///home/haroldzhao/.nvm/versions/node/v24.21.0/lib/node_modules/@deepseek-ai/dsh/node_modules/@deepseek-ai/cordis/lib/index.js:1356:5)
2026-10-06T16:44:39.879Z +6902ms pid=257 STACK at async Fiber.await (file:///home/haroldzhao/.nvm/versions/node/v24.21.0/lib/node_modules/@deepseek-ai/dsh/node_modules/@deepseek-ai/cordis/lib/index.js:1400:24)
2026-10-06T16:44:39.898Z +7008ms pid=243 REG poll 
2026-10-06T16:44:39.902Z +7012ms pid=243 CSV poll todo,jobs,agents
2026-10-06T16:44:40.096Z +6009ms pid=290 REG poll 
2026-10-06T16:44:40.097Z +6010ms pid=290 CSV poll todo,jobs,agents
2026-10-06T16:44:40.100Z +6004ms pid=296 REG poll 
2026-10-06T16:44:40.105Z +6007ms pid=297 REG poll 
2026-10-06T16:44:40.105Z +6007ms pid=297 CSV poll todo,jobs,agents
2026-10-06T16:44:40.108Z +6012ms pid=296 CSV poll todo,jobs,agents
2026-10-06T16:44:40.108Z +7131ms pid=257 CSV poll todo,jobs,agents
2026-10-06T16:44:40.125Z +7263ms pid=236 CSV poll todo,jobs,agents
2026-10-06T16:44:40.153Z +7263ms pid=243 CSV poll todo,jobs,agents
2026-10-06T16:44:40.347Z +6260ms pid=290 CSV poll todo,jobs,agents
2026-10-06T16:44:40.356Z +6258ms pid=297 CSV poll todo,jobs,agents
2026-10-06T16:44:40.358Z +6262ms pid=296 CSV poll todo,jobs,agents
2026-10-06T16:44:40.358Z +7381ms pid=257 REG poll todo@builtin,info@builtin,jobs@builtin,trajectory@builtin,agents@builtin,workspace@builtin,companion@builtin,act1:team@plugin,act1:dag@plugin,act1:workmate@plugin
2026-10-06T16:44:40.359Z +7382ms pid=257 CSV poll todo,jobs,agents
2026-10-06T16:44:40.374Z +7512ms pid=236 REG poll 
2026-10-06T16:44:40.375Z +7513ms pid=236 CSV poll todo,jobs,agents
2026-10-06T16:44:40.398Z +7508ms pid=243 REG poll 
2026-10-06T16:44:40.403Z +7513ms pid=243 CSV poll todo,jobs,agents
2026-10-06T16:44:40.597Z +6511ms pid=290 REG poll 
2026-10-06T16:44:40.598Z +6511ms pid=290 CSV poll todo,jobs,agents
2026-10-06T16:44:40.601Z +6505ms pid=296 REG poll 
2026-10-06T16:44:40.607Z +6509ms pid=297 REG poll 
2026-10-06T16:44:40.607Z +6509ms pid=297 CSV poll todo,jobs,agents
2026-10-06T16:44:40.608Z +6512ms pid=296 CSV poll todo,jobs,agents
2026-10-06T16:44:40.609Z +7632ms pid=257 CSV poll todo,jobs,agents
2026-10-06T16:44:40.625Z +7763ms pid=236 CSV poll todo,jobs,agents
2026-10-06T16:44:40.654Z +7764ms pid=243 CSV poll todo,jobs,agents
2026-10-06T16:44:40.848Z +6761ms pid=290 CSV poll todo,jobs,agents
2026-10-06T16:44:40.858Z +6760ms pid=297 CSV poll todo,jobs,agents
2026-10-06T16:44:40.858Z +7881ms pid=257 REG poll todo@builtin,info@builtin,jobs@builtin,trajectory@builtin,agents@builtin,workspace@builtin,companion@builtin,act1:team@plugin,act1:dag@plugin,act1:workmate@plugin
2026-10-06T16:44:40.858Z +6762ms pid=296 CSV poll todo,jobs,agents
2026-10-06T16:44:40.861Z +7884ms pid=257 CSV poll todo,jobs,agents
2026-10-06T16:44:40.874Z +8012ms pid=236 REG poll 
2026-10-06T16:44:40.876Z +8014ms pid=236 CSV poll todo,jobs,agents
2026-10-06T16:44:40.899Z +8009ms pid=243 REG poll 
2026-10-06T16:44:40.904Z +8014ms pid=243 CSV poll todo,jobs,agents
2026-10-06T16:44:41.098Z +7011ms pid=290 REG poll 
2026-10-06T16:44:41.099Z +7012ms pid=290 CSV poll todo,jobs,agents
2026-10-06T16:44:41.103Z +7007ms pid=296 REG poll 
2026-10-06T16:44:41.107Z +7009ms pid=297 REG poll 
2026-10-06T16:44:41.108Z +7012ms pid=296 CSV poll todo,jobs,agents
2026-10-06T16:44:41.108Z +7010ms pid=297 CSV poll todo,jobs,agents
2026-10-06T16:44:41.111Z +8134ms pid=257 CSV poll todo,jobs,agents
2026-10-06T16:44:41.126Z +8264ms pid=236 CSV poll todo,jobs,agents
2026-10-06T16:44:41.154Z +8264ms pid=243 CSV poll todo,jobs,agents
2026-10-06T16:44:41.349Z +7262ms pid=290 CSV poll todo,jobs,agents
2026-10-06T16:44:41.358Z +8381ms pid=257 REG poll todo@builtin,info@builtin,jobs@builtin,trajectory@builtin,agents@builtin,workspace@builtin,companion@builtin,act1:team@plugin,act1:dag@plugin,act1:workmate@plugin
2026-10-06T16:44:41.358Z +7260ms pid=297 CSV poll todo,jobs,agents
2026-10-06T16:44:41.359Z +7263ms pid=296 CSV poll todo,jobs,agents
2026-10-06T16:44:41.360Z +8383ms pid=257 CSV poll todo,jobs,agents
2026-10-06T16:44:41.374Z +8512ms pid=236 REG poll 
2026-10-06T16:44:41.376Z +8514ms pid=236 CSV poll todo,jobs,agents
2026-10-06T16:44:41.400Z +8510ms pid=243 REG poll 
2026-10-06T16:44:41.404Z +8514ms pid=243 CSV poll todo,jobs,agents
2026-10-06T16:44:41.599Z +7512ms pid=290 REG poll 
2026-10-06T16:44:41.599Z +7512ms pid=290 CSV poll todo,jobs,agents
2026-10-06T16:44:41.604Z +7508ms pid=296 REG poll 
2026-10-06T16:44:41.607Z +7509ms pid=297 REG poll 
2026-10-06T16:44:41.609Z +7513ms pid=296 CSV poll todo,jobs,agents
2026-10-06T16:44:41.609Z +7511ms pid=297 CSV poll todo,jobs,agents
2026-10-06T16:44:41.612Z +8635ms pid=257 CSV poll todo,jobs,agents
2026-10-06T16:44:41.627Z +8765ms pid=236 CSV poll todo,jobs,agents
2026-10-06T16:44:41.655Z +8765ms pid=243 CSV poll todo,jobs,agents
2026-10-06T16:44:41.850Z +7763ms pid=290 CSV poll todo,jobs,agents
2026-10-06T16:44:41.859Z +7761ms pid=297 CSV poll todo,jobs,agents
2026-10-06T16:44:41.859Z +8882ms pid=257 REG poll todo@builtin,info@builtin,jobs@builtin,trajectory@builtin,agents@builtin,workspace@builtin,companion@builtin,act1:team@plugin,act1:dag@plugin,act1:workmate@plugin
2026-10-06T16:44:41.859Z +7763ms pid=296 CSV poll todo,jobs,agents
2026-10-06T16:44:41.862Z +8885ms pid=257 CSV poll todo,jobs,agents
2026-10-06T16:44:41.875Z +9013ms pid=236 REG poll 
2026-10-06T16:44:41.877Z +9015ms pid=236 CSV poll todo,jobs,agents
2026-10-06T16:44:41.901Z +9011ms pid=243 REG poll 
2026-10-06T16:44:41.905Z +9015ms pid=243 CSV poll todo,jobs,agents
2026-10-06T16:44:42.101Z +8014ms pid=290 REG poll 
2026-10-06T16:44:42.101Z +8014ms pid=290 CSV poll todo,jobs,agents
2026-10-06T16:44:42.104Z +8008ms pid=296 REG poll 
2026-10-06T16:44:42.106Z +8008ms pid=297 REG poll 
2026-10-06T16:44:42.110Z +8012ms pid=297 CSV poll todo,jobs,agents
2026-10-06T16:44:42.110Z +8014ms pid=296 CSV poll todo,jobs,agents
2026-10-06T16:44:42.112Z +9135ms pid=257 CSV poll todo,jobs,agents
2026-10-06T16:44:42.128Z +9266ms pid=236 CSV poll todo,jobs,agents
2026-10-06T16:44:42.156Z +9266ms pid=243 CSV poll todo,jobs,agents
2026-10-06T16:44:42.351Z +8264ms pid=290 CSV poll todo,jobs,agents
2026-10-06T16:44:42.360Z +8264ms pid=296 CSV poll todo,jobs,agents
2026-10-06T16:44:42.360Z +9383ms pid=257 REG poll todo@builtin,info@builtin,jobs@builtin,trajectory@builtin,agents@builtin,workspace@builtin,companion@builtin,act1:team@plugin,act1:dag@plugin,act1:workmate@plugin
2026-10-06T16:44:42.360Z +8262ms pid=297 CSV poll todo,jobs,agents
2026-10-06T16:44:42.362Z +9385ms pid=257 CSV poll todo,jobs,agents
2026-10-06T16:44:42.375Z +9513ms pid=236 REG poll 
2026-10-06T16:44:42.378Z +9516ms pid=236 CSV poll todo,jobs,agents
2026-10-06T16:44:42.401Z +9511ms pid=243 REG poll 
2026-10-06T16:44:42.406Z +9516ms pid=243 CSV poll todo,jobs,agents
2026-10-06T16:44:42.601Z +8514ms pid=290 REG poll 
2026-10-06T16:44:42.601Z +8514ms pid=290 CSV poll todo,jobs,agents
2026-10-06T16:44:42.604Z +8508ms pid=296 REG poll 
2026-10-06T16:44:42.608Z +8510ms pid=297 REG poll 
2026-10-06T16:44:42.610Z +8512ms pid=297 CSV poll todo,jobs,agents
2026-10-06T16:44:42.610Z +8514ms pid=296 CSV poll todo,jobs,agents
2026-10-06T16:44:42.611Z +9634ms pid=257 CSV poll todo,jobs,agents
2026-10-06T16:44:42.628Z +9766ms pid=236 CSV poll todo,jobs,agents
2026-10-06T16:44:42.656Z +9766ms pid=243 CSV poll todo,jobs,agents
2026-10-06T16:44:42.852Z +8765ms pid=290 CSV poll todo,jobs,agents
2026-10-06T16:44:42.860Z +9883ms pid=257 REG poll todo@builtin,info@builtin,jobs@builtin,trajectory@builtin,agents@builtin,workspace@builtin,companion@builtin,act1:team@plugin,act1:dag@plugin,act1:workmate@plugin
2026-10-06T16:44:42.860Z +8764ms pid=296 CSV poll todo,jobs,agents
2026-10-06T16:44:42.860Z +8762ms pid=297 CSV poll todo,jobs,agents
2026-10-06T16:44:42.862Z +9885ms pid=257 CSV poll todo,jobs,agents
2026-10-06T16:44:42.875Z +10013ms pid=236 REG poll 
2026-10-06T16:44:42.879Z +10017ms pid=236 CSV poll todo,jobs,agents
2026-10-06T16:44:42.902Z +10012ms pid=243 REG poll 
2026-10-06T16:44:42.907Z +10017ms pid=243 CSV poll todo,jobs,agents
2026-10-06T16:44:42.971Z +9994ms pid=257 CHANGE todo,jobs,agents,act1:team,act1:dag,act1:workmate
2026-10-06T16:44:42.971Z +9994ms pid=257 STACK at apply (file:///home/haroldzhao/MyProj/DshProj/My-Power-Dsh/.mpd/recon/pv/dshhome/profiles/dsh-tui/node_modules/@deepseek-harness-tui/dsh-tui/lib/types/tuiDisplayPrefs.js:158:21)
2026-10-06T16:44:42.971Z +9994ms pid=257 STACK at Object.applySidePanelPanels (file:///home/haroldzhao/MyProj/DshProj/My-Power-Dsh/packages/mpd-tui-plugin/dist/index.js:3020:92)
2026-10-06T16:44:42.971Z +9994ms pid=257 STACK at file:///home/haroldzhao/MyProj/DshProj/My-Power-Dsh/packages/mpd-tui-plugin/dist/index.js:3080:15
2026-10-06T16:44:43.103Z +9016ms pid=290 REG poll 
2026-10-06T16:44:43.104Z +9017ms pid=290 CSV poll todo,jobs,agents
2026-10-06T16:44:43.104Z +9008ms pid=296 REG poll 
2026-10-06T16:44:43.108Z +9010ms pid=297 REG poll 
2026-10-06T16:44:43.109Z +9013ms pid=296 CSV poll todo,jobs,agents
2026-10-06T16:44:43.111Z +9013ms pid=297 CSV poll todo,jobs,agents
2026-10-06T16:44:43.112Z +10135ms pid=257 CSV poll todo,jobs,agents,act1:team,act1:dag,act1:workmate
2026-10-06T16:44:43.129Z +10267ms pid=236 CSV poll todo,jobs,agents
2026-10-06T16:44:43.158Z +10268ms pid=243 CSV poll todo,jobs,agents
2026-10-06T16:44:43.354Z +9267ms pid=290 CSV poll todo,jobs,agents
2026-10-06T16:44:43.360Z +10383ms pid=257 REG poll todo@builtin,info@builtin,jobs@builtin,trajectory@builtin,agents@builtin,workspace@builtin,companion@builtin,act1:team@plugin,act1:dag@plugin,act1:workmate@plugin
2026-10-06T16:44:43.360Z +9264ms pid=296 CSV poll todo,jobs,agents
2026-10-06T16:44:43.361Z +9263ms pid=297 CSV poll todo,jobs,agents
2026-10-06T16:44:43.362Z +10385ms pid=257 CSV poll todo,jobs,agents,act1:team,act1:dag,act1:workmate
2026-10-06T16:44:43.375Z +10513ms pid=236 REG poll 
2026-10-06T16:44:43.381Z +10519ms pid=236 CSV poll todo,jobs,agents
2026-10-06T16:44:43.404Z +10514ms pid=243 REG poll 
2026-10-06T16:44:43.408Z +10518ms pid=243 CSV poll todo,jobs,agents
2026-10-06T16:44:43.604Z +9508ms pid=296 REG poll 
2026-10-06T16:44:43.604Z +9517ms pid=290 REG poll 
2026-10-06T16:44:43.605Z +9518ms pid=290 CSV poll todo,jobs,agents
2026-10-06T16:44:43.608Z +9510ms pid=297 REG poll 
2026-10-06T16:44:43.610Z +9514ms pid=296 CSV poll todo,jobs,agents
2026-10-06T16:44:43.611Z +9513ms pid=297 CSV poll todo,jobs,agents
2026-10-06T16:44:43.612Z +10635ms pid=257 CSV poll todo,jobs,agents,act1:team,act1:dag,act1:workmate
2026-10-06T16:44:43.631Z +10769ms pid=236 CSV poll todo,jobs,agents
2026-10-06T16:44:43.659Z +10769ms pid=243 CSV poll todo,jobs,agents
2026-10-06T16:44:43.855Z +9768ms pid=290 CSV poll todo,jobs,agents
2026-10-06T16:44:43.860Z +9764ms pid=296 CSV poll todo,jobs,agents
2026-10-06T16:44:43.860Z +10883ms pid=257 REG poll todo@builtin,info@builtin,jobs@builtin,trajectory@builtin,agents@builtin,workspace@builtin,companion@builtin,act1:team@plugin,act1:dag@plugin,act1:workmate@plugin
2026-10-06T16:44:43.862Z +9764ms pid=297 CSV poll todo,jobs,agents
2026-10-06T16:44:43.862Z +10885ms pid=257 CSV poll todo,jobs,agents,act1:team,act1:dag,act1:workmate
2026-10-06T16:44:43.876Z +11014ms pid=236 REG poll 
2026-10-06T16:44:43.881Z +11019ms pid=236 CSV poll todo,jobs,agents
2026-10-06T16:44:43.905Z +11015ms pid=243 REG poll 
2026-10-06T16:44:43.910Z +11020ms pid=243 CSV poll todo,jobs,agents
2026-10-06T16:44:44.105Z +10009ms pid=296 REG poll 
2026-10-06T16:44:44.105Z +10018ms pid=290 REG poll 
2026-10-06T16:44:44.106Z +10019ms pid=290 CSV poll todo,jobs,agents
2026-10-06T16:44:44.108Z +10010ms pid=297 REG poll 
2026-10-06T16:44:44.111Z +10015ms pid=296 CSV poll todo,jobs,agents
2026-10-06T16:44:44.112Z +11135ms pid=257 CSV poll todo,jobs,agents,act1:team,act1:dag,act1:workmate
2026-10-06T16:44:44.112Z +10014ms pid=297 CSV poll todo,jobs,agents
2026-10-06T16:44:44.132Z +11270ms pid=236 CSV poll todo,jobs,agents
2026-10-06T16:44:44.160Z +11270ms pid=243 CSV poll todo,jobs,agents
2026-10-06T16:44:44.356Z +10269ms pid=290 CSV poll todo,jobs,agents
2026-10-06T16:44:44.361Z +11384ms pid=257 REG poll todo@builtin,info@builtin,jobs@builtin,trajectory@builtin,agents@builtin,workspace@builtin,companion@builtin,act1:team@plugin,act1:dag@plugin,act1:workmate@plugin
2026-10-06T16:44:44.361Z +11384ms pid=257 CSV poll todo,jobs,agents,act1:team,act1:dag,act1:workmate
2026-10-06T16:44:44.361Z +10265ms pid=296 CSV poll todo,jobs,agents
2026-10-06T16:44:44.363Z +10265ms pid=297 CSV poll todo,jobs,agents
2026-10-06T16:44:44.377Z +11515ms pid=236 REG poll 
2026-10-06T16:44:44.382Z +11520ms pid=236 CSV poll todo,jobs,agents
2026-10-06T16:44:44.405Z +11515ms pid=243 REG poll 
2026-10-06T16:44:44.412Z +11522ms pid=243 CSV poll todo,jobs,agents
2026-10-06T16:44:44.605Z +10509ms pid=296 REG poll 
2026-10-06T16:44:44.606Z +10519ms pid=290 REG poll 
2026-10-06T16:44:44.606Z +10519ms pid=290 CSV poll todo,jobs,agents
2026-10-06T16:44:44.608Z +10510ms pid=297 REG poll 
2026-10-06T16:44:44.612Z +11635ms pid=257 CSV poll todo,jobs,agents,act1:team,act1:dag,act1:workmate
2026-10-06T16:44:44.612Z +10516ms pid=296 CSV poll todo,jobs,agents
2026-10-06T16:44:44.613Z +10515ms pid=297 CSV poll todo,jobs,agents
2026-10-06T16:44:44.633Z +11771ms pid=236 CSV poll todo,jobs,agents
2026-10-06T16:44:44.662Z +11772ms pid=243 CSV poll todo,jobs,agents
2026-10-06T16:44:44.857Z +10770ms pid=290 CSV poll todo,jobs,agents
2026-10-06T16:44:44.862Z +11885ms pid=257 REG poll todo@builtin,info@builtin,jobs@builtin,trajectory@builtin,agents@builtin,workspace@builtin,companion@builtin,act1:team@plugin,act1:dag@plugin,act1:workmate@plugin
2026-10-06T16:44:44.862Z +11885ms pid=257 CSV poll todo,jobs,agents,act1:team,act1:dag,act1:workmate
2026-10-06T16:44:44.863Z +10767ms pid=296 CSV poll todo,jobs,agents
2026-10-06T16:44:44.863Z +10765ms pid=297 CSV poll todo,jobs,agents
2026-10-06T16:44:44.878Z +12016ms pid=236 REG poll 
2026-10-06T16:44:44.883Z +12021ms pid=236 CSV poll todo,jobs,agents
2026-10-06T16:44:44.905Z +12015ms pid=243 REG poll 
2026-10-06T16:44:44.913Z +12023ms pid=243 CSV poll todo,jobs,agents
2026-10-06T16:44:45.106Z +11010ms pid=296 REG poll 
2026-10-06T16:44:45.107Z +11020ms pid=290 REG poll 
2026-10-06T16:44:45.107Z +11020ms pid=290 CSV poll todo,jobs,agents
2026-10-06T16:44:45.109Z +11011ms pid=297 REG poll 
2026-10-06T16:44:45.113Z +11017ms pid=296 CSV poll todo,jobs,agents
2026-10-06T16:44:45.113Z +12136ms pid=257 CSV poll todo,jobs,agents,act1:team,act1:dag,act1:workmate
2026-10-06T16:44:45.113Z +11015ms pid=297 CSV poll todo,jobs,agents
2026-10-06T16:44:45.133Z +12271ms pid=236 CSV poll todo,jobs,agents
2026-10-06T16:44:45.163Z +12273ms pid=243 CSV poll todo,jobs,agents
2026-10-06T16:44:45.358Z +11271ms pid=290 CSV poll todo,jobs,agents
2026-10-06T16:44:45.363Z +12386ms pid=257 REG poll todo@builtin,info@builtin,jobs@builtin,trajectory@builtin,agents@builtin,workspace@builtin,companion@builtin,act1:team@plugin,act1:dag@plugin,act1:workmate@plugin
2026-10-06T16:44:45.363Z +12386ms pid=257 CSV poll todo,jobs,agents,act1:team,act1:dag,act1:workmate
2026-10-06T16:44:45.363Z +11267ms pid=296 CSV poll todo,jobs,agents
2026-10-06T16:44:45.364Z +11266ms pid=297 CSV poll todo,jobs,agents
2026-10-06T16:44:45.378Z +12516ms pid=236 REG poll 
2026-10-06T16:44:45.383Z +12521ms pid=236 CSV poll todo,jobs,agents
2026-10-06T16:44:45.406Z +12516ms pid=243 REG poll 
2026-10-06T16:44:45.414Z +12524ms pid=243 CSV poll todo,jobs,agents
2026-10-06T16:44:45.606Z +11510ms pid=296 REG poll 
2026-10-06T16:44:45.608Z +11521ms pid=290 REG poll 
2026-10-06T16:44:45.608Z +11521ms pid=290 CSV poll todo,jobs,agents
2026-10-06T16:44:45.609Z +11512ms pid=297 REG poll 
2026-10-06T16:44:45.613Z +12636ms pid=257 CSV poll todo,jobs,agents,act1:team,act1:dag,act1:workmate
2026-10-06T16:44:45.614Z +11518ms pid=296 CSV poll todo,jobs,agents
2026-10-06T16:44:45.614Z +11516ms pid=297 CSV poll todo,jobs,agents
2026-10-06T16:44:45.634Z +12772ms pid=236 CSV poll todo,jobs,agents
2026-10-06T16:44:45.664Z +12774ms pid=243 CSV poll todo,jobs,agents
2026-10-06T16:44:45.859Z +11772ms pid=290 CSV poll todo,jobs,agents
2026-10-06T16:44:45.864Z +12887ms pid=257 REG poll todo@builtin,info@builtin,jobs@builtin,trajectory@builtin,agents@builtin,workspace@builtin,companion@builtin,act1:team@plugin,act1:dag@plugin,act1:workmate@plugin
2026-10-06T16:44:45.864Z +12887ms pid=257 CSV poll todo,jobs,agents,act1:team,act1:dag,act1:workmate
2026-10-06T16:44:45.864Z +11768ms pid=296 CSV poll todo,jobs,agents
2026-10-06T16:44:45.864Z +11766ms pid=297 CSV poll todo,jobs,agents
2026-10-06T16:44:45.879Z +13017ms pid=236 REG poll 
2026-10-06T16:44:45.884Z +13022ms pid=236 CSV poll todo,jobs,agents
2026-10-06T16:44:45.906Z +13016ms pid=243 REG poll 
2026-10-06T16:44:45.916Z +13026ms pid=243 CSV poll todo,jobs,agents
2026-10-06T16:44:46.107Z +12011ms pid=296 REG poll 
2026-10-06T16:44:46.108Z +12021ms pid=290 REG poll 
2026-10-06T16:44:46.109Z +12022ms pid=290 CSV poll todo,jobs,agents
2026-10-06T16:44:46.110Z +12012ms pid=297 REG poll 
2026-10-06T16:44:46.114Z +13137ms pid=257 CSV poll todo,jobs,agents,act1:team,act1:dag,act1:workmate
2026-10-06T16:44:46.114Z +12016ms pid=297 CSV poll todo,jobs,agents
2026-10-06T16:44:46.114Z +12018ms pid=296 CSV poll todo,jobs,agents
2026-10-06T16:44:46.135Z +13273ms pid=236 CSV poll todo,jobs,agents
2026-10-06T16:44:46.166Z +13276ms pid=243 CSV poll todo,jobs,agents
2026-10-06T16:44:46.360Z +12273ms pid=290 CSV poll todo,jobs,agents
2026-10-06T16:44:46.364Z +13387ms pid=257 REG poll todo@builtin,info@builtin,jobs@builtin,trajectory@builtin,agents@builtin,workspace@builtin,companion@builtin,act1:team@plugin,act1:dag@plugin,act1:workmate@plugin
2026-10-06T16:44:46.364Z +12267ms pid=297 CSV poll todo,jobs,agents
2026-10-06T16:44:46.365Z +13388ms pid=257 CSV poll todo,jobs,agents,act1:team,act1:dag,act1:workmate
2026-10-06T16:44:46.365Z +12269ms pid=296 CSV poll todo,jobs,agents
2026-10-06T16:44:46.380Z +13518ms pid=236 REG poll 
2026-10-06T16:44:46.385Z +13523ms pid=236 CSV poll todo,jobs,agents
2026-10-06T16:44:46.406Z +13516ms pid=243 REG poll 
2026-10-06T16:44:46.417Z +13527ms pid=243 CSV poll todo,jobs,agents
2026-10-06T16:44:46.608Z +12512ms pid=296 REG poll 
2026-10-06T16:44:46.608Z +12521ms pid=290 REG poll 
2026-10-06T16:44:46.610Z +12523ms pid=290 CSV poll todo,jobs,agents
2026-10-06T16:44:46.610Z +12512ms pid=297 REG poll 
2026-10-06T16:44:46.615Z +12519ms pid=296 CSV poll todo,jobs,agents
2026-10-06T16:44:46.615Z +13638ms pid=257 CSV poll todo,jobs,agents,act1:team,act1:dag,act1:workmate
2026-10-06T16:44:46.615Z +12517ms pid=297 CSV poll todo,jobs,agents
2026-10-06T16:44:46.636Z +13774ms pid=236 CSV poll todo,jobs,agents
2026-10-06T16:44:46.668Z +13778ms pid=243 CSV poll todo,jobs,agents
2026-10-06T16:44:46.861Z +12774ms pid=290 CSV poll todo,jobs,agents
2026-10-06T16:44:46.864Z +13887ms pid=257 REG poll todo@builtin,info@builtin,jobs@builtin,trajectory@builtin,agents@builtin,workspace@builtin,companion@builtin,act1:team@plugin,act1:dag@plugin,act1:workmate@plugin
2026-10-06T16:44:46.865Z +12769ms pid=296 CSV poll todo,jobs,agents
2026-10-06T16:44:46.865Z +13888ms pid=257 CSV poll todo,jobs,agents,act1:team,act1:dag,act1:workmate
2026-10-06T16:44:46.866Z +12768ms pid=297 CSV poll todo,jobs,agents
2026-10-06T16:44:46.880Z +14018ms pid=236 REG poll 
2026-10-06T16:44:46.886Z +14024ms pid=236 CSV poll todo,jobs,agents
2026-10-06T16:44:46.907Z +14017ms pid=243 REG poll 
2026-10-06T16:44:46.919Z +14029ms pid=243 CSV poll todo,jobs,agents
2026-10-06T16:44:47.108Z +13012ms pid=296 REG poll 
2026-10-06T16:44:47.108Z +13021ms pid=290 REG poll 
2026-10-06T16:44:47.110Z +13012ms pid=297 REG poll 
2026-10-06T16:44:47.111Z +13024ms pid=290 CSV poll todo,jobs,agents
2026-10-06T16:44:47.115Z +13019ms pid=296 CSV poll todo,jobs,agents
2026-10-06T16:44:47.115Z +14138ms pid=257 CSV poll todo,jobs,agents,act1:team,act1:dag,act1:workmate
2026-10-06T16:44:47.116Z +13018ms pid=297 CSV poll todo,jobs,agents
2026-10-06T16:44:47.136Z +14274ms pid=236 CSV poll todo,jobs,agents
2026-10-06T16:44:47.169Z +14279ms pid=243 CSV poll todo,jobs,agents
2026-10-06T16:44:47.361Z +13274ms pid=290 CSV poll todo,jobs,agents
2026-10-06T16:44:47.365Z +14388ms pid=257 REG poll todo@builtin,info@builtin,jobs@builtin,trajectory@builtin,agents@builtin,workspace@builtin,companion@builtin,act1:team@plugin,act1:dag@plugin,act1:workmate@plugin
2026-10-06T16:44:47.365Z +14388ms pid=257 CSV poll todo,jobs,agents,act1:team,act1:dag,act1:workmate
2026-10-06T16:44:47.365Z +13269ms pid=296 CSV poll todo,jobs,agents
2026-10-06T16:44:47.367Z +13269ms pid=297 CSV poll todo,jobs,agents
2026-10-06T16:44:47.381Z +14519ms pid=236 REG poll 
2026-10-06T16:44:47.386Z +14524ms pid=236 CSV poll todo,jobs,agents
2026-10-06T16:44:47.407Z +14517ms pid=243 REG poll 
2026-10-06T16:44:47.419Z +14529ms pid=243 CSV poll todo,jobs,agents
2026-10-06T16:44:47.608Z +13521ms pid=290 REG poll 
2026-10-06T16:44:47.609Z +13513ms pid=296 REG poll 
2026-10-06T16:44:47.611Z +13524ms pid=290 CSV poll todo,jobs,agents
2026-10-06T16:44:47.611Z +13513ms pid=297 REG poll 
2026-10-06T16:44:47.615Z +13519ms pid=296 CSV poll todo,jobs,agents
2026-10-06T16:44:47.617Z +13519ms pid=297 CSV poll todo,jobs,agents
2026-10-06T16:44:47.619Z +14642ms pid=257 CSV poll todo,jobs,agents,act1:team,act1:dag,act1:workmate
2026-10-06T16:44:47.637Z +14775ms pid=236 CSV poll todo,jobs,agents
2026-10-06T16:44:47.670Z +14780ms pid=243 CSV poll todo,jobs,agents
2026-10-06T16:44:47.862Z +13775ms pid=290 CSV poll todo,jobs,agents
2026-10-06T16:44:47.865Z +14888ms pid=257 REG poll todo@builtin,info@builtin,jobs@builtin,trajectory@builtin,agents@builtin,workspace@builtin,companion@builtin,act1:team@plugin,act1:dag@plugin,act1:workmate@plugin
2026-10-06T16:44:47.865Z +13769ms pid=296 CSV poll todo,jobs,agents
2026-10-06T16:44:47.868Z +13770ms pid=297 CSV poll todo,jobs,agents
2026-10-06T16:44:47.870Z +14893ms pid=257 CSV poll todo,jobs,agents,act1:team,act1:dag,act1:workmate
2026-10-06T16:44:47.882Z +15020ms pid=236 REG poll 
2026-10-06T16:44:47.887Z +15025ms pid=236 CSV poll todo,jobs,agents
2026-10-06T16:44:47.907Z +15017ms pid=243 REG poll 
2026-10-06T16:44:47.921Z +15031ms pid=243 CSV poll todo,jobs,agents
2026-10-06T16:44:48.108Z +14021ms pid=290 REG poll 
2026-10-06T16:44:48.109Z +14013ms pid=296 REG poll 
2026-10-06T16:44:48.111Z +14013ms pid=297 REG poll 
2026-10-06T16:44:48.112Z +14025ms pid=290 CSV poll todo,jobs,agents
2026-10-06T16:44:48.115Z +14019ms pid=296 CSV poll todo,jobs,agents
2026-10-06T16:44:48.118Z +14020ms pid=297 CSV poll todo,jobs,agents
2026-10-06T16:44:48.120Z +15143ms pid=257 CSV poll todo,jobs,agents,act1:team,act1:dag,act1:workmate
2026-10-06T16:44:48.138Z +15276ms pid=236 CSV poll todo,jobs,agents
2026-10-06T16:44:48.172Z +15282ms pid=243 CSV poll todo,jobs,agents
2026-10-06T16:44:48.363Z +14276ms pid=290 CSV poll todo,jobs,agents
2026-10-06T16:44:48.366Z +14270ms pid=296 CSV poll todo,jobs,agents
2026-10-06T16:44:48.366Z +15389ms pid=257 REG poll todo@builtin,info@builtin,jobs@builtin,trajectory@builtin,agents@builtin,workspace@builtin,companion@builtin,act1:team@plugin,act1:dag@plugin,act1:workmate@plugin
2026-10-06T16:44:48.369Z +14271ms pid=297 CSV poll todo,jobs,agents
2026-10-06T16:44:48.370Z +15393ms pid=257 CSV poll todo,jobs,agents,act1:team,act1:dag,act1:workmate
2026-10-06T16:44:48.383Z +15521ms pid=236 REG poll 
2026-10-06T16:44:48.388Z +15526ms pid=236 CSV poll todo,jobs,agents
2026-10-06T16:44:48.408Z +15518ms pid=243 REG poll 
2026-10-06T16:44:48.422Z +15532ms pid=243 CSV poll todo,jobs,agents
2026-10-06T16:44:48.608Z +14521ms pid=290 REG poll 
2026-10-06T16:44:48.609Z +14514ms pid=296 REG poll 
2026-10-06T16:44:48.611Z +14513ms pid=297 REG poll 
2026-10-06T16:44:48.613Z +14526ms pid=290 CSV poll todo,jobs,agents
2026-10-06T16:44:48.616Z +14520ms pid=296 CSV poll todo,jobs,agents
2026-10-06T16:44:48.619Z +14521ms pid=297 CSV poll todo,jobs,agents
2026-10-06T16:44:48.621Z +15644ms pid=257 CSV poll todo,jobs,agents,act1:team,act1:dag,act1:workmate
2026-10-06T16:44:48.639Z +15777ms pid=236 CSV poll todo,jobs,agents
2026-10-06T16:44:48.673Z +15783ms pid=243 CSV poll todo,jobs,agents
2026-10-06T16:44:48.863Z +14776ms pid=290 CSV poll todo,jobs,agents
2026-10-06T16:44:48.867Z +14771ms pid=296 CSV poll todo,jobs,agents
2026-10-06T16:44:48.867Z +15890ms pid=257 REG poll todo@builtin,info@builtin,jobs@builtin,trajectory@builtin,agents@builtin,workspace@builtin,companion@builtin,act1:team@plugin,act1:dag@plugin,act1:workmate@plugin
2026-10-06T16:44:48.870Z +14772ms pid=297 CSV poll todo,jobs,agents
2026-10-06T16:44:48.871Z +15894ms pid=257 CSV poll todo,jobs,agents,act1:team,act1:dag,act1:workmate
2026-10-06T16:44:48.884Z +16022ms pid=236 REG poll 
2026-10-06T16:44:48.889Z +16027ms pid=236 CSV poll todo,jobs,agents
2026-10-06T16:44:48.909Z +16019ms pid=243 REG poll 
2026-10-06T16:44:48.923Z +16033ms pid=243 CSV poll todo,jobs,agents
2026-10-06T16:44:49.108Z +15021ms pid=290 REG poll 
2026-10-06T16:44:49.110Z +15014ms pid=296 REG poll 
2026-10-06T16:44:49.111Z +15013ms pid=297 REG poll 
2026-10-06T16:44:49.113Z +15026ms pid=290 CSV poll todo,jobs,agents
2026-10-06T16:44:49.117Z +15021ms pid=296 CSV poll todo,jobs,agents
2026-10-06T16:44:49.120Z +15022ms pid=297 CSV poll todo,jobs,agents
2026-10-06T16:44:49.121Z +16144ms pid=257 CSV poll todo,jobs,agents,act1:team,act1:dag,act1:workmate
2026-10-06T16:44:49.139Z +16277ms pid=236 CSV poll todo,jobs,agents
2026-10-06T16:44:49.173Z +16283ms pid=243 CSV poll todo,jobs,agents
2026-10-06T16:44:49.363Z +15276ms pid=290 CSV poll todo,jobs,agents
2026-10-06T16:44:49.368Z +15272ms pid=296 CSV poll todo,jobs,agents
2026-10-06T16:44:49.370Z +15272ms pid=297 CSV poll todo,jobs,agents
2026-10-06T16:44:49.374Z +16397ms pid=257 REG poll todo@builtin,info@builtin,jobs@builtin,trajectory@builtin,agents@builtin,workspace@builtin,companion@builtin,act1:team@plugin,act1:dag@plugin,act1:workmate@plugin
2026-10-06T16:44:49.374Z +16397ms pid=257 CSV poll todo,jobs,agents,act1:team,act1:dag,act1:workmate
2026-10-06T16:44:49.384Z +16522ms pid=236 REG poll 
2026-10-06T16:44:49.390Z +16528ms pid=236 CSV poll todo,jobs,agents
2026-10-06T16:44:49.409Z +16519ms pid=243 REG poll 
2026-10-06T16:44:49.423Z +16533ms pid=243 CSV poll todo,jobs,agents
2026-10-06T16:44:49.608Z +15521ms pid=290 REG poll 
2026-10-06T16:44:49.611Z +15515ms pid=296 REG poll 
2026-10-06T16:44:49.613Z +15515ms pid=297 REG poll 
2026-10-06T16:44:49.614Z +15527ms pid=290 CSV poll todo,jobs,agents
2026-10-06T16:44:49.618Z +15522ms pid=296 CSV poll todo,jobs,agents
2026-10-06T16:44:49.620Z +15522ms pid=297 CSV poll todo,jobs,agents
2026-10-06T16:44:49.625Z +16648ms pid=257 CSV poll todo,jobs,agents,act1:team,act1:dag,act1:workmate
2026-10-06T16:44:49.641Z +16779ms pid=236 CSV poll todo,jobs,agents
2026-10-06T16:44:49.674Z +16784ms pid=243 CSV poll todo,jobs,agents
2026-10-06T16:44:49.865Z +15778ms pid=290 CSV poll todo,jobs,agents
2026-10-06T16:44:49.869Z +15773ms pid=296 CSV poll todo,jobs,agents
2026-10-06T16:44:49.870Z +15773ms pid=297 CSV poll todo,jobs,agents
2026-10-06T16:44:49.874Z +16897ms pid=257 REG poll todo@builtin,info@builtin,jobs@builtin,trajectory@builtin,agents@builtin,workspace@builtin,companion@builtin,act1:team@plugin,act1:dag@plugin,act1:workmate@plugin
2026-10-06T16:44:49.876Z +16899ms pid=257 CSV poll todo,jobs,agents,act1:team,act1:dag,act1:workmate
2026-10-06T16:44:49.884Z +17022ms pid=236 REG poll 
2026-10-06T16:44:49.891Z +17029ms pid=236 CSV poll todo,jobs,agents
2026-10-06T16:44:49.909Z +17019ms pid=243 REG poll 
2026-10-06T16:44:49.924Z +17034ms pid=243 CSV poll todo,jobs,agents
2026-10-06T16:44:50.108Z +16021ms pid=290 REG poll 
2026-10-06T16:44:50.111Z +16015ms pid=296 REG poll 
2026-10-06T16:44:50.113Z +16015ms pid=297 REG poll 
2026-10-06T16:44:50.115Z +16028ms pid=290 CSV poll todo,jobs,agents
2026-10-06T16:44:50.119Z +16023ms pid=296 CSV poll todo,jobs,agents
2026-10-06T16:44:50.121Z +16023ms pid=297 CSV poll todo,jobs,agents
2026-10-06T16:44:50.129Z +17152ms pid=257 CSV poll todo,jobs,agents,act1:team,act1:dag,act1:workmate
2026-10-06T16:44:50.141Z +17279ms pid=236 CSV poll todo,jobs,agents
2026-10-06T16:44:50.175Z +17285ms pid=243 CSV poll todo,jobs,agents
2026-10-06T16:44:50.366Z +16279ms pid=290 CSV poll todo,jobs,agents
2026-10-06T16:44:50.369Z +16273ms pid=296 CSV poll todo,jobs,agents
2026-10-06T16:44:50.371Z +16273ms pid=297 CSV poll todo,jobs,agents
2026-10-06T16:44:50.374Z +17397ms pid=257 REG poll todo@builtin,info@builtin,jobs@builtin,trajectory@builtin,agents@builtin,workspace@builtin,companion@builtin,act1:team@plugin,act1:dag@plugin,act1:workmate@plugin
2026-10-06T16:44:50.379Z +17402ms pid=257 CSV poll todo,jobs,agents,act1:team,act1:dag,act1:workmate
2026-10-06T16:44:50.384Z +17523ms pid=236 REG poll 
2026-10-06T16:44:50.391Z +17529ms pid=236 CSV poll todo,jobs,agents
2026-10-06T16:44:50.409Z +17519ms pid=243 REG poll 
2026-10-06T16:44:50.425Z +17535ms pid=243 CSV poll todo,jobs,agents
2026-10-06T16:44:50.610Z +16523ms pid=290 REG poll 
2026-10-06T16:44:50.612Z +16516ms pid=296 REG poll 
2026-10-06T16:44:50.613Z +16515ms pid=297 REG poll 
2026-10-06T16:44:50.617Z +16530ms pid=290 CSV poll todo,jobs,agents
2026-10-06T16:44:50.620Z +16524ms pid=296 CSV poll todo,jobs,agents
2026-10-06T16:44:50.622Z +16524ms pid=297 CSV poll todo,jobs,agents
2026-10-06T16:44:50.629Z +17652ms pid=257 CSV poll todo,jobs,agents,act1:team,act1:dag,act1:workmate
2026-10-06T16:44:50.641Z +17779ms pid=236 CSV poll todo,jobs,agents
2026-10-06T16:44:50.676Z +17786ms pid=243 CSV poll todo,jobs,agents
2026-10-06T16:44:50.867Z +16780ms pid=290 CSV poll todo,jobs,agents
2026-10-06T16:44:50.871Z +16775ms pid=296 CSV poll todo,jobs,agents
2026-10-06T16:44:50.873Z +16775ms pid=297 CSV poll todo,jobs,agents
2026-10-06T16:44:50.874Z +17897ms pid=257 REG poll todo@builtin,info@builtin,jobs@builtin,trajectory@builtin,agents@builtin,workspace@builtin,companion@builtin,act1:team@plugin,act1:dag@plugin,act1:workmate@plugin
2026-10-06T16:44:50.879Z +17902ms pid=257 CSV poll todo,jobs,agents,act1:team,act1:dag,act1:workmate
2026-10-06T16:44:50.886Z +18024ms pid=236 REG poll 
2026-10-06T16:44:50.890Z +18028ms pid=236 CSV poll todo,jobs,agents
2026-10-06T16:44:50.909Z +18019ms pid=243 REG poll 
2026-10-06T16:44:50.926Z +18036ms pid=243 CSV poll todo,jobs,agents
2026-10-06T16:44:51.110Z +17023ms pid=290 REG poll 
2026-10-06T16:44:51.112Z +17016ms pid=296 REG poll 
2026-10-06T16:44:51.113Z +17015ms pid=297 REG poll 
2026-10-06T16:44:51.118Z +17031ms pid=290 CSV poll todo,jobs,agents
2026-10-06T16:44:51.122Z +17026ms pid=296 CSV poll todo,jobs,agents
2026-10-06T16:44:51.124Z +17026ms pid=297 CSV poll todo,jobs,agents
2026-10-06T16:44:51.129Z +18152ms pid=257 CSV poll todo,jobs,agents,act1:team,act1:dag,act1:workmate
2026-10-06T16:44:51.141Z +18279ms pid=236 CSV poll todo,jobs,agents
2026-10-06T16:44:51.177Z +18287ms pid=243 CSV poll todo,jobs,agents
2026-10-06T16:44:51.369Z +17282ms pid=290 CSV poll todo,jobs,agents
2026-10-06T16:44:51.372Z +17276ms pid=296 CSV poll todo,jobs,agents
2026-10-06T16:44:51.375Z +17277ms pid=297 CSV poll todo,jobs,agents
2026-10-06T16:44:51.375Z +18398ms pid=257 REG poll todo@builtin,info@builtin,jobs@builtin,trajectory@builtin,agents@builtin,workspace@builtin,companion@builtin,act1:team@plugin,act1:dag@plugin,act1:workmate@plugin
2026-10-06T16:44:51.381Z +18404ms pid=257 CSV poll todo,jobs,agents,act1:team,act1:dag,act1:workmate
2026-10-06T16:44:51.387Z +18525ms pid=236 REG poll 
2026-10-06T16:44:51.391Z +18529ms pid=236 CSV poll todo,jobs,agents
2026-10-06T16:44:51.410Z +18520ms pid=243 REG poll 
2026-10-06T16:44:51.427Z +18538ms pid=243 CSV poll todo,jobs,agents
2026-10-06T16:44:51.610Z +17523ms pid=290 REG poll 
2026-10-06T16:44:51.613Z +17515ms pid=297 REG poll 
2026-10-06T16:44:51.614Z +17518ms pid=296 REG poll 
2026-10-06T16:44:51.618Z +17531ms pid=290 CSV poll todo,jobs,agents
2026-10-06T16:44:51.622Z +17526ms pid=296 CSV poll todo,jobs,agents
2026-10-06T16:44:51.625Z +17527ms pid=297 CSV poll todo,jobs,agents
2026-10-06T16:44:51.631Z +18654ms pid=257 CSV poll todo,jobs,agents,act1:team,act1:dag,act1:workmate
2026-10-06T16:44:51.642Z +18780ms pid=236 CSV poll todo,jobs,agents
2026-10-06T16:44:51.678Z +18788ms pid=243 CSV poll todo,jobs,agents
2026-10-06T16:44:51.869Z +17782ms pid=290 CSV poll todo,jobs,agents
2026-10-06T16:44:51.873Z +17777ms pid=296 CSV poll todo,jobs,agents
2026-10-06T16:44:51.876Z +18899ms pid=257 REG poll todo@builtin,info@builtin,jobs@builtin,trajectory@builtin,agents@builtin,workspace@builtin,companion@builtin,act1:team@plugin,act1:dag@plugin,act1:workmate@plugin
2026-10-06T16:44:51.876Z +17778ms pid=297 CSV poll todo,jobs,agents
2026-10-06T16:44:51.881Z +18904ms pid=257 CSV poll todo,jobs,agents,act1:team,act1:dag,act1:workmate
2026-10-06T16:44:51.888Z +19026ms pid=236 REG poll 
2026-10-06T16:44:51.893Z +19031ms pid=236 CSV poll todo,jobs,agents
2026-10-06T16:44:51.911Z +19021ms pid=243 REG poll 
2026-10-06T16:44:51.930Z +19040ms pid=243 CSV poll todo,jobs,agents
2026-10-06T16:44:52.111Z +18024ms pid=290 REG poll 
2026-10-06T16:44:52.114Z +18016ms pid=297 REG poll 
2026-10-06T16:44:52.115Z +18019ms pid=296 REG poll 
2026-10-06T16:44:52.120Z +18033ms pid=290 CSV poll todo,jobs,agents
2026-10-06T16:44:52.124Z +18028ms pid=296 CSV poll todo,jobs,agents
2026-10-06T16:44:52.127Z +18029ms pid=297 CSV poll todo,jobs,agents
2026-10-06T16:44:52.131Z +19154ms pid=257 CSV poll todo,jobs,agents,act1:team,act1:dag,act1:workmate
2026-10-06T16:44:52.143Z +19281ms pid=236 CSV poll todo,jobs,agents
2026-10-06T16:44:52.182Z +19292ms pid=243 CSV poll todo,jobs,agents
2026-10-06T16:44:52.370Z +18283ms pid=290 CSV poll todo,jobs,agents
2026-10-06T16:44:52.375Z +18279ms pid=296 CSV poll todo,jobs,agents
2026-10-06T16:44:52.377Z +19400ms pid=257 REG poll todo@builtin,info@builtin,jobs@builtin,trajectory@builtin,agents@builtin,workspace@builtin,companion@builtin,act1:team@plugin,act1:dag@plugin,act1:workmate@plugin
2026-10-06T16:44:52.378Z +18280ms pid=297 CSV poll todo,jobs,agents
2026-10-06T16:44:52.382Z +19405ms pid=257 CSV poll todo,jobs,agents,act1:team,act1:dag,act1:workmate
2026-10-06T16:44:52.389Z +19527ms pid=236 REG poll 
2026-10-06T16:44:52.393Z +19531ms pid=236 CSV poll todo,jobs,agents
2026-10-06T16:44:52.410Z +19520ms pid=243 REG poll 
2026-10-06T16:44:52.433Z +19543ms pid=243 CSV poll todo,jobs,agents
2026-10-06T16:44:52.611Z +18524ms pid=290 REG poll 
2026-10-06T16:44:52.614Z +18516ms pid=297 REG poll 
2026-10-06T16:44:52.615Z +18519ms pid=296 REG poll 
2026-10-06T16:44:52.620Z +18533ms pid=290 CSV poll todo,jobs,agents
2026-10-06T16:44:52.626Z +18530ms pid=296 CSV poll todo,jobs,agents
2026-10-06T16:44:52.629Z +18531ms pid=297 CSV poll todo,jobs,agents
2026-10-06T16:44:52.643Z +19781ms pid=236 CSV poll todo,jobs,agents
2026-10-06T16:44:52.674Z +19697ms pid=257 CSV poll todo,jobs,agents,act1:team,act1:dag,act1:workmate
2026-10-06T16:44:52.684Z +19794ms pid=243 CSV poll todo,jobs,agents
2026-10-06T16:44:52.871Z +18784ms pid=290 CSV poll todo,jobs,agents
2026-10-06T16:44:52.877Z +18781ms pid=296 CSV poll todo,jobs,agents
2026-10-06T16:44:52.879Z +19902ms pid=257 REG poll todo@builtin,info@builtin,jobs@builtin,trajectory@builtin,agents@builtin,workspace@builtin,companion@builtin,act1:team@plugin,act1:dag@plugin,act1:workmate@plugin
2026-10-06T16:44:52.880Z +18782ms pid=297 CSV poll todo,jobs,agents
2026-10-06T16:44:52.890Z +20028ms pid=236 REG poll 
2026-10-06T16:44:52.894Z +20032ms pid=236 CSV poll todo,jobs,agents
2026-10-06T16:44:52.911Z +20021ms pid=243 REG poll 
2026-10-06T16:44:52.924Z +19947ms pid=257 CSV poll todo,jobs,agents,act1:team,act1:dag,act1:workmate
2026-10-06T16:44:52.935Z +20045ms pid=243 CSV poll todo,jobs,agents
2026-10-06T16:44:53.113Z +19026ms pid=290 REG poll 
2026-10-06T16:44:53.115Z +19017ms pid=297 REG poll 
2026-10-06T16:44:53.116Z +19020ms pid=296 REG poll 
2026-10-06T16:44:53.121Z +19034ms pid=290 CSV poll todo,jobs,agents
2026-10-06T16:44:53.127Z +19031ms pid=296 CSV poll todo,jobs,agents
2026-10-06T16:44:53.130Z +19032ms pid=297 CSV poll todo,jobs,agents
2026-10-06T16:44:53.144Z +20282ms pid=236 CSV poll todo,jobs,agents
2026-10-06T16:44:53.175Z +20198ms pid=257 CSV poll todo,jobs,agents,act1:team,act1:dag,act1:workmate
2026-10-06T16:44:53.185Z +20295ms pid=243 CSV poll todo,jobs,agents
2026-10-06T16:44:53.371Z +19285ms pid=290 CSV poll todo,jobs,agents
2026-10-06T16:44:53.377Z +19281ms pid=296 CSV poll todo,jobs,agents
2026-10-06T16:44:53.379Z +20402ms pid=257 REG poll todo@builtin,info@builtin,jobs@builtin,trajectory@builtin,agents@builtin,workspace@builtin,companion@builtin,act1:team@plugin,act1:dag@plugin,act1:workmate@plugin
2026-10-06T16:44:53.380Z +19282ms pid=297 CSV poll todo,jobs,agents
2026-10-06T16:44:53.390Z +20528ms pid=236 REG poll 
2026-10-06T16:44:53.394Z +20532ms pid=236 CSV poll todo,jobs,agents
2026-10-06T16:44:53.412Z +20522ms pid=243 REG poll 
2026-10-06T16:44:53.425Z +20448ms pid=257 CSV poll todo,jobs,agents,act1:team,act1:dag,act1:workmate
2026-10-06T16:44:53.436Z +20546ms pid=243 CSV poll todo,jobs,agents
2026-10-06T16:44:53.613Z +19526ms pid=290 REG poll 
2026-10-06T16:44:53.616Z +19518ms pid=297 REG poll 
2026-10-06T16:44:53.616Z +19520ms pid=296 REG poll 
2026-10-06T16:44:53.622Z +19535ms pid=290 CSV poll todo,jobs,agents
2026-10-06T16:44:53.628Z +19532ms pid=296 CSV poll todo,jobs,agents
2026-10-06T16:44:53.630Z +19532ms pid=297 CSV poll todo,jobs,agents
2026-10-06T16:44:53.645Z +20783ms pid=236 CSV poll todo,jobs,agents
2026-10-06T16:44:53.675Z +20698ms pid=257 CSV poll todo,jobs,agents,act1:team,act1:dag,act1:workmate
2026-10-06T16:44:53.687Z +20797ms pid=243 CSV poll todo,jobs,agents
2026-10-06T16:44:53.873Z +19786ms pid=290 CSV poll todo,jobs,agents
2026-10-06T16:44:53.879Z +19783ms pid=296 CSV poll todo,jobs,agents
2026-10-06T16:44:53.880Z +20903ms pid=257 REG poll todo@builtin,info@builtin,jobs@builtin,trajectory@builtin,agents@builtin,workspace@builtin,companion@builtin,act1:team@plugin,act1:dag@plugin,act1:workmate@plugin
2026-10-06T16:44:53.880Z +19782ms pid=297 CSV poll todo,jobs,agents
2026-10-06T16:44:53.891Z +21029ms pid=236 REG poll 
2026-10-06T16:44:53.895Z +21033ms pid=236 CSV poll todo,jobs,agents
2026-10-06T16:44:53.913Z +21023ms pid=243 REG poll 
2026-10-06T16:44:53.926Z +20949ms pid=257 CSV poll todo,jobs,agents,act1:team,act1:dag,act1:workmate
2026-10-06T16:44:53.937Z +21047ms pid=243 CSV poll todo,jobs,agents
2026-10-06T16:44:54.114Z +20027ms pid=290 REG poll 
2026-10-06T16:44:54.116Z +20018ms pid=297 REG poll 
2026-10-06T16:44:54.118Z +20022ms pid=296 REG poll 
2026-10-06T16:44:54.124Z +20037ms pid=290 CSV poll todo,jobs,agents
2026-10-06T16:44:54.130Z +20034ms pid=296 CSV poll todo,jobs,agents
2026-10-06T16:44:54.131Z +20033ms pid=297 CSV poll todo,jobs,agents
2026-10-06T16:44:54.145Z +21283ms pid=236 CSV poll todo,jobs,agents
2026-10-06T16:44:54.177Z +21200ms pid=257 CSV poll todo,jobs,agents,act1:team,act1:dag,act1:workmate
2026-10-06T16:44:54.187Z +21297ms pid=243 CSV poll todo,jobs,agents
2026-10-06T16:44:54.375Z +20288ms pid=290 CSV poll todo,jobs,agents
2026-10-06T16:44:54.380Z +21403ms pid=257 REG poll todo@builtin,info@builtin,jobs@builtin,trajectory@builtin,agents@builtin,workspace@builtin,companion@builtin,act1:team@plugin,act1:dag@plugin,act1:workmate@plugin
2026-10-06T16:44:54.380Z +20284ms pid=296 CSV poll todo,jobs,agents
2026-10-06T16:44:54.382Z +20284ms pid=297 CSV poll todo,jobs,agents
2026-10-06T16:44:54.391Z +21529ms pid=236 REG poll 
2026-10-06T16:44:54.396Z +21534ms pid=236 CSV poll todo,jobs,agents
2026-10-06T16:44:54.414Z +21524ms pid=243 REG poll 
2026-10-06T16:44:54.427Z +21450ms pid=257 CSV poll todo,jobs,agents,act1:team,act1:dag,act1:workmate
2026-10-06T16:44:54.438Z +21548ms pid=243 CSV poll todo,jobs,agents
2026-10-06T16:44:54.614Z +20527ms pid=290 REG poll 
2026-10-06T16:44:54.617Z +20519ms pid=297 REG poll 
2026-10-06T16:44:54.618Z +20522ms pid=296 REG poll 
2026-10-06T16:44:54.625Z +20538ms pid=290 CSV poll todo,jobs,agents
2026-10-06T16:44:54.631Z +20535ms pid=296 CSV poll todo,jobs,agents
2026-10-06T16:44:54.633Z +20535ms pid=297 CSV poll todo,jobs,agents
2026-10-06T16:44:54.646Z +21784ms pid=236 CSV poll todo,jobs,agents
2026-10-06T16:44:54.678Z +21701ms pid=257 CSV poll todo,jobs,agents,act1:team,act1:dag,act1:workmate
2026-10-06T16:44:54.688Z +21798ms pid=243 CSV poll todo,jobs,agents
2026-10-06T16:44:54.876Z +20789ms pid=290 CSV poll todo,jobs,agents
2026-10-06T16:44:54.882Z +21905ms pid=257 REG poll todo@builtin,info@builtin,jobs@builtin,trajectory@builtin,agents@builtin,workspace@builtin,companion@builtin,act1:team@plugin,act1:dag@plugin,act1:workmate@plugin
2026-10-06T16:44:54.882Z +20786ms pid=296 CSV poll todo,jobs,agents
2026-10-06T16:44:54.883Z +20785ms pid=297 CSV poll todo,jobs,agents
2026-10-06T16:44:54.892Z +22030ms pid=236 REG poll 
2026-10-06T16:44:54.897Z +22035ms pid=236 CSV poll todo,jobs,agents
2026-10-06T16:44:54.915Z +22025ms pid=243 REG poll 
2026-10-06T16:44:54.930Z +21953ms pid=257 CSV poll todo,jobs,agents,act1:team,act1:dag,act1:workmate
2026-10-06T16:44:54.939Z +22049ms pid=243 CSV poll todo,jobs,agents
2026-10-06T16:44:55.115Z +21028ms pid=290 REG poll 
2026-10-06T16:44:55.118Z +21020ms pid=297 REG poll 
2026-10-06T16:44:55.119Z +21023ms pid=296 REG poll 
2026-10-06T16:44:55.127Z +21040ms pid=290 CSV poll todo,jobs,agents
2026-10-06T16:44:55.132Z +21036ms pid=296 CSV poll todo,jobs,agents
2026-10-06T16:44:55.134Z +21036ms pid=297 CSV poll todo,jobs,agents
2026-10-06T16:44:55.147Z +22285ms pid=236 CSV poll todo,jobs,agents
2026-10-06T16:44:55.182Z +22205ms pid=257 CSV poll todo,jobs,agents,act1:team,act1:dag,act1:workmate
2026-10-06T16:44:55.189Z +22299ms pid=243 CSV poll todo,jobs,agents
2026-10-06T16:44:55.378Z +21291ms pid=290 CSV poll todo,jobs,agents
2026-10-06T16:44:55.381Z +22405ms pid=257 REG poll todo@builtin,info@builtin,jobs@builtin,trajectory@builtin,agents@builtin,workspace@builtin,companion@builtin,act1:team@plugin,act1:dag@plugin,act1:workmate@plugin
2026-10-06T16:44:55.382Z +21286ms pid=296 CSV poll todo,jobs,agents
2026-10-06T16:44:55.384Z +21286ms pid=297 CSV poll todo,jobs,agents
2026-10-06T16:44:55.392Z +22530ms pid=236 REG poll 
2026-10-06T16:44:55.397Z +22536ms pid=236 CSV poll todo,jobs,agents
2026-10-06T16:44:55.415Z +22525ms pid=243 REG poll 
2026-10-06T16:44:55.433Z +22456ms pid=257 CSV poll todo,jobs,agents,act1:team,act1:dag,act1:workmate
2026-10-06T16:44:55.440Z +22550ms pid=243 CSV poll todo,jobs,agents
2026-10-06T16:44:55.615Z +21528ms pid=290 REG poll 
2026-10-06T16:44:55.618Z +21520ms pid=297 REG poll 
2026-10-06T16:44:55.619Z +21523ms pid=296 REG poll 
2026-10-06T16:44:55.629Z +21542ms pid=290 CSV poll todo,jobs,agents
2026-10-06T16:44:55.633Z +21537ms pid=296 CSV poll todo,jobs,agents
2026-10-06T16:44:55.635Z +21537ms pid=297 CSV poll todo,jobs,agents
2026-10-06T16:44:55.648Z +22786ms pid=236 CSV poll todo,jobs,agents
2026-10-06T16:44:55.684Z +22707ms pid=257 CSV poll todo,jobs,agents,act1:team,act1:dag,act1:workmate
2026-10-06T16:44:55.691Z +22801ms pid=243 CSV poll todo,jobs,agents
2026-10-06T16:44:55.880Z +21793ms pid=290 CSV poll todo,jobs,agents
2026-10-06T16:44:55.881Z +22904ms pid=257 REG poll todo@builtin,info@builtin,jobs@builtin,trajectory@builtin,agents@builtin,workspace@builtin,companion@builtin,act1:team@plugin,act1:dag@plugin,act1:workmate@plugin
2026-10-06T16:44:55.883Z +21787ms pid=296 CSV poll todo,jobs,agents
2026-10-06T16:44:55.885Z +21787ms pid=297 CSV poll todo,jobs,agents
2026-10-06T16:44:55.893Z +23031ms pid=236 REG poll 
2026-10-06T16:44:55.899Z +23037ms pid=236 CSV poll todo,jobs,agents
2026-10-06T16:44:55.916Z +23026ms pid=243 REG poll 
2026-10-06T16:44:55.935Z +22958ms pid=257 CSV poll todo,jobs,agents,act1:team,act1:dag,act1:workmate
2026-10-06T16:44:55.942Z +23052ms pid=243 CSV poll todo,jobs,agents
2026-10-06T16:44:56.115Z +22028ms pid=290 REG poll 
2026-10-06T16:44:56.119Z +22021ms pid=297 REG poll 
2026-10-06T16:44:56.120Z +22024ms pid=296 REG poll 
2026-10-06T16:44:56.131Z +22044ms pid=290 CSV poll todo,jobs,agents
2026-10-06T16:44:56.134Z +22038ms pid=296 CSV poll todo,jobs,agents
2026-10-06T16:44:56.137Z +22039ms pid=297 CSV poll todo,jobs,agents
2026-10-06T16:44:56.150Z +23288ms pid=236 CSV poll todo,jobs,agents
2026-10-06T16:44:56.187Z +23210ms pid=257 CSV poll todo,jobs,agents,act1:team,act1:dag,act1:workmate
2026-10-06T16:44:56.193Z +23303ms pid=243 CSV poll todo,jobs,agents
2026-10-06T16:44:56.381Z +23404ms pid=257 REG poll todo@builtin,info@builtin,jobs@builtin,trajectory@builtin,agents@builtin,workspace@builtin,companion@builtin,act1:team@plugin,act1:dag@plugin,act1:workmate@plugin
2026-10-06T16:44:56.381Z +22294ms pid=290 CSV poll todo,jobs,agents
2026-10-06T16:44:56.385Z +22289ms pid=296 CSV poll todo,jobs,agents
2026-10-06T16:44:56.387Z +22289ms pid=297 CSV poll todo,jobs,agents
2026-10-06T16:44:56.392Z +23530ms pid=236 REG poll 
2026-10-06T16:44:56.401Z +23539ms pid=236 CSV poll todo,jobs,agents
2026-10-06T16:44:56.416Z +23526ms pid=243 REG poll 
2026-10-06T16:44:56.436Z +23459ms pid=257 CSV poll todo,jobs,agents,act1:team,act1:dag,act1:workmate
2026-10-06T16:44:56.444Z +23554ms pid=243 CSV poll todo,jobs,agents
2026-10-06T16:44:56.615Z +22528ms pid=290 REG poll 
2026-10-06T16:44:56.619Z +22523ms pid=296 REG poll 
2026-10-06T16:44:56.620Z +22522ms pid=297 REG poll 
2026-10-06T16:44:56.632Z +22545ms pid=290 CSV poll todo,jobs,agents
2026-10-06T16:44:56.636Z +22540ms pid=296 CSV poll todo,jobs,agents
2026-10-06T16:44:56.637Z +22539ms pid=297 CSV poll todo,jobs,agents
2026-10-06T16:44:56.652Z +23790ms pid=236 CSV poll todo,jobs,agents
2026-10-06T16:44:56.689Z +23712ms pid=257 CSV poll todo,jobs,agents,act1:team,act1:dag,act1:workmate
2026-10-06T16:44:56.695Z +23805ms pid=243 CSV poll todo,jobs,agents
2026-10-06T16:44:56.882Z +23905ms pid=257 REG poll todo@builtin,info@builtin,jobs@builtin,trajectory@builtin,agents@builtin,workspace@builtin,companion@builtin,act1:team@plugin,act1:dag@plugin,act1:workmate@plugin
2026-10-06T16:44:56.882Z +22795ms pid=290 CSV poll todo,jobs,agents
2026-10-06T16:44:56.887Z +22791ms pid=296 CSV poll todo,jobs,agents
2026-10-06T16:44:56.888Z +22790ms pid=297 CSV poll todo,jobs,agents
2026-10-06T16:44:56.893Z +24031ms pid=236 REG poll 
2026-10-06T16:44:56.903Z +24041ms pid=236 CSV poll todo,jobs,agents
2026-10-06T16:44:56.917Z +24027ms pid=243 REG poll 
2026-10-06T16:44:56.939Z +23962ms pid=257 CSV poll todo,jobs,agents,act1:team,act1:dag,act1:workmate
2026-10-06T16:44:56.945Z +24055ms pid=243 CSV poll todo,jobs,agents
2026-10-06T16:44:57.115Z +23028ms pid=290 REG poll 
2026-10-06T16:44:57.120Z +23022ms pid=297 REG poll 
2026-10-06T16:44:57.120Z +23024ms pid=296 REG poll 
2026-10-06T16:44:57.133Z +23046ms pid=290 CSV poll todo,jobs,agents
2026-10-06T16:44:57.138Z +23042ms pid=296 CSV poll todo,jobs,agents
2026-10-06T16:44:57.140Z +23042ms pid=297 CSV poll todo,jobs,agents
2026-10-06T16:44:57.153Z +24291ms pid=236 CSV poll todo,jobs,agents
2026-10-06T16:44:57.189Z +24212ms pid=257 CSV poll todo,jobs,agents,act1:team,act1:dag,act1:workmate
2026-10-06T16:44:57.195Z +24305ms pid=243 CSV poll todo,jobs,agents
2026-10-06T16:44:57.383Z +24406ms pid=257 REG poll todo@builtin,info@builtin,jobs@builtin,trajectory@builtin,agents@builtin,workspace@builtin,companion@builtin,act1:team@plugin,act1:dag@plugin,act1:workmate@plugin
2026-10-06T16:44:57.384Z +23297ms pid=290 CSV poll todo,jobs,agents
2026-10-06T16:44:57.388Z +23292ms pid=296 CSV poll todo,jobs,agents
2026-10-06T16:44:57.391Z +23293ms pid=297 CSV poll todo,jobs,agents
2026-10-06T16:44:57.394Z +24532ms pid=236 REG poll 
2026-10-06T16:44:57.404Z +24542ms pid=236 CSV poll todo,jobs,agents
2026-10-06T16:44:57.418Z +24528ms pid=243 REG poll 
2026-10-06T16:44:57.441Z +24464ms pid=257 CSV poll todo,jobs,agents,act1:team,act1:dag,act1:workmate
2026-10-06T16:44:57.445Z +24555ms pid=243 CSV poll todo,jobs,agents
2026-10-06T16:44:57.615Z +23528ms pid=290 REG poll 
2026-10-06T16:44:57.620Z +23522ms pid=297 REG poll 
2026-10-06T16:44:57.620Z +23524ms pid=296 REG poll 
2026-10-06T16:44:57.635Z +23548ms pid=290 CSV poll todo,jobs,agents
2026-10-06T16:44:57.638Z +23542ms pid=296 CSV poll todo,jobs,agents
2026-10-06T16:44:57.641Z +23543ms pid=297 CSV poll todo,jobs,agents
2026-10-06T16:44:57.654Z +24792ms pid=236 CSV poll todo,jobs,agents
2026-10-06T16:44:57.691Z +24714ms pid=257 CSV poll todo,jobs,agents,act1:team,act1:dag,act1:workmate
2026-10-06T16:44:57.696Z +24806ms pid=243 CSV poll todo,jobs,agents
2026-10-06T16:44:57.883Z +24906ms pid=257 REG poll todo@builtin,info@builtin,jobs@builtin,trajectory@builtin,agents@builtin,workspace@builtin,companion@builtin,act1:team@plugin,act1:dag@plugin,act1:workmate@plugin
2026-10-06T16:44:57.886Z +23799ms pid=290 CSV poll todo,jobs,agents
2026-10-06T16:44:57.888Z +23792ms pid=296 CSV poll todo,jobs,agents
2026-10-06T16:44:57.892Z +23794ms pid=297 CSV poll todo,jobs,agents
2026-10-06T16:44:57.895Z +25033ms pid=236 REG poll 
2026-10-06T16:44:57.905Z +25043ms pid=236 CSV poll todo,jobs,agents
2026-10-06T16:44:57.919Z +25029ms pid=243 REG poll 
2026-10-06T16:44:57.941Z +24964ms pid=257 CSV poll todo,jobs,agents,act1:team,act1:dag,act1:workmate
2026-10-06T16:44:57.947Z +25057ms pid=243 CSV poll todo,jobs,agents
2026-10-06T16:44:58.114Z +24027ms pid=290 REG poll 
2026-10-06T16:44:58.120Z +24022ms pid=297 REG poll 
2026-10-06T16:44:58.122Z +24026ms pid=296 REG poll 
2026-10-06T16:44:58.137Z +24050ms pid=290 CSV poll todo,jobs,agents
2026-10-06T16:44:58.138Z +24042ms pid=296 CSV poll todo,jobs,agents
2026-10-06T16:44:58.142Z +24044ms pid=297 CSV poll todo,jobs,agents
2026-10-06T16:44:58.156Z +25294ms pid=236 CSV poll todo,jobs,agents
2026-10-06T16:44:58.191Z +25214ms pid=257 CSV poll todo,jobs,agents,act1:team,act1:dag,act1:workmate
2026-10-06T16:44:58.198Z +25308ms pid=243 CSV poll todo,jobs,agents
2026-10-06T16:44:58.384Z +25407ms pid=257 REG poll todo@builtin,info@builtin,jobs@builtin,trajectory@builtin,agents@builtin,workspace@builtin,companion@builtin,act1:team@plugin,act1:dag@plugin,act1:workmate@plugin
2026-10-06T16:44:58.388Z +24301ms pid=290 CSV poll todo,jobs,agents
2026-10-06T16:44:58.388Z +24292ms pid=296 CSV poll todo,jobs,agents
2026-10-06T16:44:58.393Z +24295ms pid=297 CSV poll todo,jobs,agents
2026-10-06T16:44:58.395Z +25533ms pid=236 REG poll 
2026-10-06T16:44:58.407Z +25545ms pid=236 CSV poll todo,jobs,agents
2026-10-06T16:44:58.420Z +25530ms pid=243 REG poll 
2026-10-06T16:44:58.441Z +25464ms pid=257 CSV poll todo,jobs,agents,act1:team,act1:dag,act1:workmate
2026-10-06T16:44:58.450Z +25560ms pid=243 CSV poll todo,jobs,agents
2026-10-06T16:44:58.615Z +24528ms pid=290 REG poll 
2026-10-06T16:44:58.621Z +24523ms pid=297 REG poll 
2026-10-06T16:44:58.623Z +24527ms pid=296 REG poll 
2026-10-06T16:44:58.638Z +24542ms pid=296 CSV poll todo,jobs,agents
2026-10-06T16:44:58.638Z +24551ms pid=290 CSV poll todo,jobs,agents
2026-10-06T16:44:58.643Z +24545ms pid=297 CSV poll todo,jobs,agents
2026-10-06T16:44:58.658Z +25796ms pid=236 CSV poll todo,jobs,agents
2026-10-06T16:44:58.692Z +25715ms pid=257 CSV poll todo,jobs,agents,act1:team,act1:dag,act1:workmate
2026-10-06T16:44:58.700Z +25810ms pid=243 CSV poll todo,jobs,agents
2026-10-06T16:44:58.885Z +25908ms pid=257 REG poll todo@builtin,info@builtin,jobs@builtin,trajectory@builtin,agents@builtin,workspace@builtin,companion@builtin,act1:team@plugin,act1:dag@plugin,act1:workmate@plugin
2026-10-06T16:44:58.889Z +24802ms pid=290 CSV poll todo,jobs,agents
2026-10-06T16:44:58.889Z +24793ms pid=296 CSV poll todo,jobs,agents
2026-10-06T16:44:58.894Z +24796ms pid=297 CSV poll todo,jobs,agents
2026-10-06T16:44:58.896Z +26034ms pid=236 REG poll 
2026-10-06T16:44:58.909Z +26047ms pid=236 CSV poll todo,jobs,agents
2026-10-06T16:44:58.920Z +26030ms pid=243 REG poll 
2026-10-06T16:44:58.944Z +25967ms pid=257 CSV poll todo,jobs,agents,act1:team,act1:dag,act1:workmate
2026-10-06T16:44:58.952Z +26062ms pid=243 CSV poll todo,jobs,agents
2026-10-06T16:44:59.116Z +25029ms pid=290 REG poll 
2026-10-06T16:44:59.121Z +25024ms pid=297 REG poll 
2026-10-06T16:44:59.123Z +25027ms pid=296 REG poll 
2026-10-06T16:44:59.139Z +25043ms pid=296 CSV poll todo,jobs,agents
2026-10-06T16:44:59.140Z +25053ms pid=290 CSV poll todo,jobs,agents
2026-10-06T16:44:59.144Z +25046ms pid=297 CSV poll todo,jobs,agents
2026-10-06T16:44:59.160Z +26298ms pid=236 CSV poll todo,jobs,agents
2026-10-06T16:44:59.193Z +26216ms pid=257 CSV poll todo,jobs,agents,act1:team,act1:dag,act1:workmate
2026-10-06T16:44:59.202Z +26312ms pid=243 CSV poll todo,jobs,agents
2026-10-06T16:44:59.386Z +26409ms pid=257 REG poll todo@builtin,info@builtin,jobs@builtin,trajectory@builtin,agents@builtin,workspace@builtin,companion@builtin,act1:team@plugin,act1:dag@plugin,act1:workmate@plugin
2026-10-06T16:44:59.390Z +25294ms pid=296 CSV poll todo,jobs,agents
2026-10-06T16:44:59.390Z +25303ms pid=290 CSV poll todo,jobs,agents
2026-10-06T16:44:59.395Z +25297ms pid=297 CSV poll todo,jobs,agents
2026-10-06T16:44:59.396Z +26534ms pid=236 REG poll 
2026-10-06T16:44:59.410Z +26548ms pid=236 CSV poll todo,jobs,agents
2026-10-06T16:44:59.420Z +26530ms pid=243 REG poll 
2026-10-06T16:44:59.445Z +26468ms pid=257 CSV poll todo,jobs,agents,act1:team,act1:dag,act1:workmate
2026-10-06T16:44:59.452Z +26562ms pid=243 CSV poll todo,jobs,agents
2026-10-06T16:44:59.616Z +25529ms pid=290 REG poll 
2026-10-06T16:44:59.623Z +25525ms pid=297 REG poll 
2026-10-06T16:44:59.624Z +25528ms pid=296 REG poll 
2026-10-06T16:44:59.641Z +25545ms pid=296 CSV poll todo,jobs,agents
2026-10-06T16:44:59.641Z +25554ms pid=290 CSV poll todo,jobs,agents
2026-10-06T16:44:59.645Z +25547ms pid=297 CSV poll todo,jobs,agents
2026-10-06T16:44:59.660Z +26798ms pid=236 CSV poll todo,jobs,agents
2026-10-06T16:44:59.695Z +26718ms pid=257 CSV poll todo,jobs,agents,act1:team,act1:dag,act1:workmate
2026-10-06T16:44:59.702Z +26812ms pid=243 CSV poll todo,jobs,agents
2026-10-06T16:44:59.886Z +26909ms pid=257 REG poll todo@builtin,info@builtin,jobs@builtin,trajectory@builtin,agents@builtin,workspace@builtin,companion@builtin,act1:team@plugin,act1:dag@plugin,act1:workmate@plugin
2026-10-06T16:44:59.891Z +25795ms pid=296 CSV poll todo,jobs,agents
2026-10-06T16:44:59.891Z +25804ms pid=290 CSV poll todo,jobs,agents
2026-10-06T16:44:59.895Z +25797ms pid=297 CSV poll todo,jobs,agents
2026-10-06T16:44:59.897Z +27035ms pid=236 REG poll 
2026-10-06T16:44:59.910Z +27048ms pid=236 CSV poll todo,jobs,agents
2026-10-06T16:44:59.921Z +27031ms pid=243 REG poll 
2026-10-06T16:44:59.945Z +26968ms pid=257 CSV poll todo,jobs,agents,act1:team,act1:dag,act1:workmate
2026-10-06T16:44:59.953Z +27063ms pid=243 CSV poll todo,jobs,agents
2026-10-06T16:45:00.116Z +26029ms pid=290 REG poll 
2026-10-06T16:45:00.123Z +26025ms pid=297 REG poll 
2026-10-06T16:45:00.125Z +26030ms pid=296 REG poll 
2026-10-06T16:45:00.141Z +26045ms pid=296 CSV poll todo,jobs,agents
2026-10-06T16:45:00.143Z +26056ms pid=290 CSV poll todo,jobs,agents
2026-10-06T16:45:00.146Z +26048ms pid=297 CSV poll todo,jobs,agents
2026-10-06T16:45:00.161Z +27299ms pid=236 CSV poll todo,jobs,agents
2026-10-06T16:45:00.195Z +27218ms pid=257 CSV poll todo,jobs,agents,act1:team,act1:dag,act1:workmate
2026-10-06T16:45:00.204Z +27314ms pid=243 CSV poll todo,jobs,agents
2026-10-06T16:45:00.387Z +27410ms pid=257 REG poll todo@builtin,info@builtin,jobs@builtin,trajectory@builtin,agents@builtin,workspace@builtin,companion@builtin,act1:team@plugin,act1:dag@plugin,act1:workmate@plugin
2026-10-06T16:45:00.392Z +26296ms pid=296 CSV poll todo,jobs,agents
2026-10-06T16:45:00.394Z +26307ms pid=290 CSV poll todo,jobs,agents
2026-10-06T16:45:00.397Z +26299ms pid=297 CSV poll todo,jobs,agents
2026-10-06T16:45:00.397Z +27535ms pid=236 REG poll 
2026-10-06T16:45:00.411Z +27549ms pid=236 CSV poll todo,jobs,agents
2026-10-06T16:45:00.422Z +27532ms pid=243 REG poll 
2026-10-06T16:45:00.445Z +27469ms pid=257 CSV poll todo,jobs,agents,act1:team,act1:dag,act1:workmate
2026-10-06T16:45:00.454Z +27564ms pid=243 CSV poll todo,jobs,agents
2026-10-06T16:45:00.617Z +26530ms pid=290 REG poll 
2026-10-06T16:45:00.623Z +26525ms pid=297 REG poll 
2026-10-06T16:45:00.627Z +26531ms pid=296 REG poll 
2026-10-06T16:45:00.642Z +26546ms pid=296 CSV poll todo,jobs,agents
2026-10-06T16:45:00.644Z +26557ms pid=290 CSV poll todo,jobs,agents
2026-10-06T16:45:00.648Z +26550ms pid=297 CSV poll todo,jobs,agents
2026-10-06T16:45:00.662Z +27800ms pid=236 CSV poll todo,jobs,agents
2026-10-06T16:45:00.696Z +27719ms pid=257 CSV poll todo,jobs,agents,act1:team,act1:dag,act1:workmate
2026-10-06T16:45:00.705Z +27815ms pid=243 CSV poll todo,jobs,agents
2026-10-06T16:45:00.887Z +27910ms pid=257 REG poll todo@builtin,info@builtin,jobs@builtin,trajectory@builtin,agents@builtin,workspace@builtin,companion@builtin,act1:team@plugin,act1:dag@plugin,act1:workmate@plugin
2026-10-06T16:45:00.892Z +26796ms pid=296 CSV poll todo,jobs,agents
2026-10-06T16:45:00.895Z +26808ms pid=290 CSV poll todo,jobs,agents
2026-10-06T16:45:00.898Z +26800ms pid=297 CSV poll todo,jobs,agents
2026-10-06T16:45:00.898Z +28036ms pid=236 REG poll 
2026-10-06T16:45:00.913Z +28051ms pid=236 CSV poll todo,jobs,agents
2026-10-06T16:45:00.924Z +28034ms pid=243 REG poll 
2026-10-06T16:45:00.947Z +27970ms pid=257 CSV poll todo,jobs,agents,act1:team,act1:dag,act1:workmate
2026-10-06T16:45:00.955Z +28065ms pid=243 CSV poll todo,jobs,agents
2026-10-06T16:45:01.117Z +27030ms pid=290 REG poll 
2026-10-06T16:45:01.124Z +27026ms pid=297 REG poll 
2026-10-06T16:45:01.128Z +27032ms pid=296 REG poll 
2026-10-06T16:45:01.141Z +27045ms pid=296 CSV poll todo,jobs,agents
2026-10-06T16:45:01.146Z +27059ms pid=290 CSV poll todo,jobs,agents
2026-10-06T16:45:01.149Z +27051ms pid=297 CSV poll todo,jobs,agents
2026-10-06T16:45:01.163Z +28301ms pid=236 CSV poll todo,jobs,agents
2026-10-06T16:45:01.197Z +28220ms pid=257 CSV poll todo,jobs,agents,act1:team,act1:dag,act1:workmate
2026-10-06T16:45:01.206Z +28316ms pid=243 CSV poll todo,jobs,agents
2026-10-06T16:45:01.387Z +28410ms pid=257 REG poll todo@builtin,info@builtin,jobs@builtin,trajectory@builtin,agents@builtin,workspace@builtin,companion@builtin,act1:team@plugin,act1:dag@plugin,act1:workmate@plugin
2026-10-06T16:45:01.392Z +27296ms pid=296 CSV poll todo,jobs,agents
2026-10-06T16:45:01.397Z +27310ms pid=290 CSV poll todo,jobs,agents
2026-10-06T16:45:01.399Z +28537ms pid=236 REG poll 
2026-10-06T16:45:01.399Z +27301ms pid=297 CSV poll todo,jobs,agents
2026-10-06T16:45:01.413Z +28551ms pid=236 CSV poll todo,jobs,agents
2026-10-06T16:45:01.426Z +28536ms pid=243 REG poll 
2026-10-06T16:45:01.447Z +28470ms pid=257 CSV poll todo,jobs,agents,act1:team,act1:dag,act1:workmate
2026-10-06T16:45:01.456Z +28566ms pid=243 CSV poll todo,jobs,agents
2026-10-06T16:45:01.617Z +27530ms pid=290 REG poll 
2026-10-06T16:45:01.625Z +27527ms pid=297 REG poll 
2026-10-06T16:45:01.630Z +27534ms pid=296 REG poll 
2026-10-06T16:45:01.642Z +27546ms pid=296 CSV poll todo,jobs,agents
2026-10-06T16:45:01.647Z +27560ms pid=290 CSV poll todo,jobs,agents
2026-10-06T16:45:01.650Z +27552ms pid=297 CSV poll todo,jobs,agents
2026-10-06T16:45:01.663Z +28801ms pid=236 CSV poll todo,jobs,agents
2026-10-06T16:45:01.697Z +28720ms pid=257 CSV poll todo,jobs,agents,act1:team,act1:dag,act1:workmate
2026-10-06T16:45:01.706Z +28816ms pid=243 CSV poll todo,jobs,agents
2026-10-06T16:45:01.888Z +28911ms pid=257 REG poll todo@builtin,info@builtin,jobs@builtin,trajectory@builtin,agents@builtin,workspace@builtin,companion@builtin,act1:team@plugin,act1:dag@plugin,act1:workmate@plugin
2026-10-06T16:45:01.893Z +27797ms pid=296 CSV poll todo,jobs,agents
2026-10-06T16:45:01.898Z +27811ms pid=290 CSV poll todo,jobs,agents
2026-10-06T16:45:01.900Z +29038ms pid=236 REG poll 
2026-10-06T16:45:01.901Z +27803ms pid=297 CSV poll todo,jobs,agents
2026-10-06T16:45:01.914Z +29052ms pid=236 CSV poll todo,jobs,agents
2026-10-06T16:45:01.925Z +29035ms pid=243 REG poll 
2026-10-06T16:45:01.947Z +28970ms pid=257 CSV poll todo,jobs,agents,act1:team,act1:dag,act1:workmate
2026-10-06T16:45:01.957Z +29067ms pid=243 CSV poll todo,jobs,agents
2026-10-06T16:45:02.117Z +28030ms pid=290 REG poll 
2026-10-06T16:45:02.125Z +28027ms pid=297 REG poll 
2026-10-06T16:45:02.131Z +28035ms pid=296 REG poll 
2026-10-06T16:45:02.143Z +28047ms pid=296 CSV poll todo,jobs,agents
2026-10-06T16:45:02.149Z +28062ms pid=290 CSV poll todo,jobs,agents
2026-10-06T16:45:02.152Z +28054ms pid=297 CSV poll todo,jobs,agents
2026-10-06T16:45:02.165Z +29303ms pid=236 CSV poll todo,jobs,agents
2026-10-06T16:45:02.197Z +29220ms pid=257 CSV poll todo,jobs,agents,act1:team,act1:dag,act1:workmate
2026-10-06T16:45:02.207Z +29317ms pid=243 CSV poll todo,jobs,agents
2026-10-06T16:45:02.389Z +29412ms pid=257 REG poll todo@builtin,info@builtin,jobs@builtin,trajectory@builtin,agents@builtin,workspace@builtin,companion@builtin,act1:team@plugin,act1:dag@plugin,act1:workmate@plugin
2026-10-06T16:45:02.394Z +28298ms pid=296 CSV poll todo,jobs,agents
2026-10-06T16:45:02.400Z +28313ms pid=290 CSV poll todo,jobs,agents
2026-10-06T16:45:02.400Z +29539ms pid=236 REG poll 
2026-10-06T16:45:02.403Z +28305ms pid=297 CSV poll todo,jobs,agents
2026-10-06T16:45:02.415Z +29553ms pid=236 CSV poll todo,jobs,agents
2026-10-06T16:45:02.427Z +29537ms pid=243 REG poll 
2026-10-06T16:45:02.447Z +29470ms pid=257 CSV poll todo,jobs,agents,act1:team,act1:dag,act1:workmate
2026-10-06T16:45:02.458Z +29568ms pid=243 CSV poll todo,jobs,agents
2026-10-06T16:45:02.617Z +28530ms pid=290 REG poll 
2026-10-06T16:45:02.625Z +28527ms pid=297 REG poll 
2026-10-06T16:45:02.631Z +28535ms pid=296 REG poll 
2026-10-06T16:45:02.645Z +28549ms pid=296 CSV poll todo,jobs,agents
2026-10-06T16:45:02.650Z +28563ms pid=290 CSV poll todo,jobs,agents
2026-10-06T16:45:02.654Z +28556ms pid=297 CSV poll todo,jobs,agents
2026-10-06T16:45:02.665Z +29804ms pid=236 CSV poll todo,jobs,agents
2026-10-06T16:45:02.697Z +29720ms pid=257 CSV poll todo,jobs,agents,act1:team,act1:dag,act1:workmate
2026-10-06T16:45:02.709Z +29819ms pid=243 CSV poll todo,jobs,agents
2026-10-06T16:45:02.889Z +29912ms pid=257 REG poll todo@builtin,info@builtin,jobs@builtin,trajectory@builtin,agents@builtin,workspace@builtin,companion@builtin,act1:team@plugin,act1:dag@plugin,act1:workmate@plugin
2026-10-06T16:45:02.896Z +28800ms pid=296 CSV poll todo,jobs,agents
2026-10-06T16:45:02.900Z +28813ms pid=290 CSV poll todo,jobs,agents
2026-10-06T16:45:02.901Z +30040ms pid=236 REG poll 
2026-10-06T16:45:02.905Z +28807ms pid=297 CSV poll todo,jobs,agents
2026-10-06T16:45:02.916Z +30054ms pid=236 CSV poll todo,jobs,agents
2026-10-06T16:45:02.927Z +30037ms pid=243 REG poll 
2026-10-06T16:45:02.948Z +29971ms pid=257 CSV poll todo,jobs,agents,act1:team,act1:dag,act1:workmate
2026-10-06T16:45:02.959Z +30069ms pid=243 CSV poll todo,jobs,agents
2026-10-06T16:45:03.118Z +29031ms pid=290 REG poll 
2026-10-06T16:45:03.126Z +29028ms pid=297 REG poll 
2026-10-06T16:45:03.132Z +29036ms pid=296 REG poll 
2026-10-06T16:45:03.146Z +29050ms pid=296 CSV poll todo,jobs,agents
2026-10-06T16:45:03.150Z +29063ms pid=290 CSV poll todo,jobs,agents
2026-10-06T16:45:03.155Z +29057ms pid=297 CSV poll todo,jobs,agents
2026-10-06T16:45:03.166Z +30304ms pid=236 CSV poll todo,jobs,agents
2026-10-06T16:45:03.198Z +30221ms pid=257 CSV poll todo,jobs,agents,act1:team,act1:dag,act1:workmate
2026-10-06T16:45:03.210Z +30320ms pid=243 CSV poll todo,jobs,agents
2026-10-06T16:45:03.389Z +30413ms pid=257 REG poll todo@builtin,info@builtin,jobs@builtin,trajectory@builtin,agents@builtin,workspace@builtin,companion@builtin,act1:team@plugin,act1:dag@plugin,act1:workmate@plugin
2026-10-06T16:45:03.397Z +29301ms pid=296 CSV poll todo,jobs,agents
2026-10-06T16:45:03.401Z +29314ms pid=290 CSV poll todo,jobs,agents
2026-10-06T16:45:03.402Z +30540ms pid=236 REG poll 
2026-10-06T16:45:03.405Z +29307ms pid=297 CSV poll todo,jobs,agents
2026-10-06T16:45:03.417Z +30556ms pid=236 CSV poll todo,jobs,agents
2026-10-06T16:45:03.429Z +30539ms pid=243 REG poll 
2026-10-06T16:45:03.449Z +30472ms pid=257 CSV poll todo,jobs,agents,act1:team,act1:dag,act1:workmate
2026-10-06T16:45:03.460Z +30570ms pid=243 CSV poll todo,jobs,agents
2026-10-06T16:45:03.619Z +29532ms pid=290 REG poll 
2026-10-06T16:45:03.627Z +29529ms pid=297 REG poll 
2026-10-06T16:45:03.633Z +29537ms pid=296 REG poll 
2026-10-06T16:45:03.648Z +29552ms pid=296 CSV poll todo,jobs,agents
2026-10-06T16:45:03.651Z +29564ms pid=290 CSV poll todo,jobs,agents
2026-10-06T16:45:03.655Z +29557ms pid=297 CSV poll todo,jobs,agents
2026-10-06T16:45:03.668Z +30806ms pid=236 CSV poll todo,jobs,agents
2026-10-06T16:45:03.700Z +30723ms pid=257 CSV poll todo,jobs,agents,act1:team,act1:dag,act1:workmate
2026-10-06T16:45:03.711Z +30821ms pid=243 CSV poll todo,jobs,agents
2026-10-06T16:45:03.890Z +30913ms pid=257 REG poll todo@builtin,info@builtin,jobs@builtin,trajectory@builtin,agents@builtin,workspace@builtin,companion@builtin,act1:team@plugin,act1:dag@plugin,act1:workmate@plugin
2026-10-06T16:45:03.899Z +29803ms pid=296 CSV poll todo,jobs,agents
2026-10-06T16:45:03.902Z +29815ms pid=290 CSV poll todo,jobs,agents
2026-10-06T16:45:03.903Z +31041ms pid=236 REG poll 
2026-10-06T16:45:03.906Z +29808ms pid=297 CSV poll todo,jobs,agents
2026-10-06T16:45:03.918Z +31056ms pid=236 CSV poll todo,jobs,agents
2026-10-06T16:45:03.929Z +31039ms pid=243 REG poll 
2026-10-06T16:45:03.951Z +30974ms pid=257 CSV poll todo,jobs,agents,act1:team,act1:dag,act1:workmate
2026-10-06T16:45:03.961Z +31071ms pid=243 CSV poll todo,jobs,agents
2026-10-06T16:45:04.119Z +30032ms pid=290 REG poll 
2026-10-06T16:45:04.129Z +30031ms pid=297 REG poll 
2026-10-06T16:45:04.133Z +30037ms pid=296 REG poll 
2026-10-06T16:45:04.150Z +30054ms pid=296 CSV poll todo,jobs,agents
2026-10-06T16:45:04.152Z +30065ms pid=290 CSV poll todo,jobs,agents
2026-10-06T16:45:04.156Z +30058ms pid=297 CSV poll todo,jobs,agents
2026-10-06T16:45:04.169Z +31307ms pid=236 CSV poll todo,jobs,agents
2026-10-06T16:45:04.201Z +31224ms pid=257 CSV poll todo,jobs,agents,act1:team,act1:dag,act1:workmate
2026-10-06T16:45:04.212Z +31322ms pid=243 CSV poll todo,jobs,agents
2026-10-06T16:45:04.390Z +31413ms pid=257 REG poll todo@builtin,info@builtin,jobs@builtin,trajectory@builtin,agents@builtin,workspace@builtin,companion@builtin,act1:team@plugin,act1:dag@plugin,act1:workmate@plugin
2026-10-06T16:45:04.401Z +30305ms pid=296 CSV poll todo,jobs,agents
2026-10-06T16:45:04.403Z +30316ms pid=290 CSV poll todo,jobs,agents
2026-10-06T16:45:04.403Z +31541ms pid=236 REG poll 
2026-10-06T16:45:04.407Z +30309ms pid=297 CSV poll todo,jobs,agents
2026-10-06T16:45:04.419Z +31557ms pid=236 CSV poll todo,jobs,agents
2026-10-06T16:45:04.430Z +31540ms pid=243 REG poll 
2026-10-06T16:45:04.451Z +31474ms pid=257 CSV poll todo,jobs,agents,act1:team,act1:dag,act1:workmate
2026-10-06T16:45:04.462Z +31572ms pid=243 CSV poll todo,jobs,agents
2026-10-06T16:45:04.619Z +30532ms pid=290 REG poll 
2026-10-06T16:45:04.629Z +30531ms pid=297 REG poll 
2026-10-06T16:45:04.633Z +30537ms pid=296 REG poll 
2026-10-06T16:45:04.652Z +30556ms pid=296 CSV poll todo,jobs,agents
2026-10-06T16:45:04.654Z +30567ms pid=290 CSV poll todo,jobs,agents
2026-10-06T16:45:04.658Z +30560ms pid=297 CSV poll todo,jobs,agents
2026-10-06T16:45:04.670Z +31808ms pid=236 CSV poll todo,jobs,agents
2026-10-06T16:45:04.702Z +31725ms pid=257 CSV poll todo,jobs,agents,act1:team,act1:dag,act1:workmate
2026-10-06T16:45:04.713Z +31823ms pid=243 CSV poll todo,jobs,agents
2026-10-06T16:45:04.891Z +31914ms pid=257 REG poll todo@builtin,info@builtin,jobs@builtin,trajectory@builtin,agents@builtin,workspace@builtin,companion@builtin,act1:team@plugin,act1:dag@plugin,act1:workmate@plugin
2026-10-06T16:45:04.903Z +30807ms pid=296 CSV poll todo,jobs,agents
2026-10-06T16:45:04.905Z +30818ms pid=290 CSV poll todo,jobs,agents
2026-10-06T16:45:04.905Z +32043ms pid=236 REG poll 
2026-10-06T16:45:04.909Z +30811ms pid=297 CSV poll todo,jobs,agents
2026-10-06T16:45:04.920Z +32058ms pid=236 CSV poll todo,jobs,agents
2026-10-06T16:45:04.930Z +32040ms pid=243 REG poll 
2026-10-06T16:45:04.953Z +31976ms pid=257 CSV poll todo,jobs,agents,act1:team,act1:dag,act1:workmate
2026-10-06T16:45:04.965Z +32075ms pid=243 CSV poll todo,jobs,agents
2026-10-06T16:45:05.120Z +31033ms pid=290 REG poll 
2026-10-06T16:45:05.129Z +31031ms pid=297 REG poll 
2026-10-06T16:45:05.133Z +31037ms pid=296 REG poll 
2026-10-06T16:45:05.154Z +31058ms pid=296 CSV poll todo,jobs,agents
2026-10-06T16:45:05.155Z +31068ms pid=290 CSV poll todo,jobs,agents
2026-10-06T16:45:05.159Z +31061ms pid=297 CSV poll todo,jobs,agents
2026-10-06T16:45:05.170Z +32308ms pid=236 CSV poll todo,jobs,agents
2026-10-06T16:45:05.203Z +32226ms pid=257 CSV poll todo,jobs,agents,act1:team,act1:dag,act1:workmate
2026-10-06T16:45:05.215Z +32325ms pid=243 CSV poll todo,jobs,agents
2026-10-06T16:45:05.391Z +32414ms pid=257 REG poll todo@builtin,info@builtin,jobs@builtin,trajectory@builtin,agents@builtin,workspace@builtin,companion@builtin,act1:team@plugin,act1:dag@plugin,act1:workmate@plugin
2026-10-06T16:45:05.404Z +31308ms pid=296 CSV poll todo,jobs,agents
2026-10-06T16:45:05.405Z +32543ms pid=236 REG poll 
2026-10-06T16:45:05.405Z +31318ms pid=290 CSV poll todo,jobs,agents
2026-10-06T16:45:05.410Z +31312ms pid=297 CSV poll todo,jobs,agents
2026-10-06T16:45:05.421Z +32559ms pid=236 CSV poll todo,jobs,agents
2026-10-06T16:45:05.430Z +32540ms pid=243 REG poll 
2026-10-06T16:45:05.453Z +32476ms pid=257 CSV poll todo,jobs,agents,act1:team,act1:dag,act1:workmate
2026-10-06T16:45:05.465Z +32575ms pid=243 CSV poll todo,jobs,agents
2026-10-06T16:45:05.620Z +31533ms pid=290 REG poll 
2026-10-06T16:45:05.629Z +31531ms pid=297 REG poll 
2026-10-06T16:45:05.633Z +31537ms pid=296 REG poll 
2026-10-06T16:45:05.654Z +31558ms pid=296 CSV poll todo,jobs,agents
2026-10-06T16:45:05.656Z +31569ms pid=290 CSV poll todo,jobs,agents
2026-10-06T16:45:05.660Z +31562ms pid=297 CSV poll todo,jobs,agents
2026-10-06T16:45:05.672Z +32810ms pid=236 CSV poll todo,jobs,agents
2026-10-06T16:45:05.703Z +32726ms pid=257 CSV poll todo,jobs,agents,act1:team,act1:dag,act1:workmate
2026-10-06T16:45:05.716Z +32826ms pid=243 CSV poll todo,jobs,agents
2026-10-06T16:45:05.891Z +32914ms pid=257 REG poll todo@builtin,info@builtin,jobs@builtin,trajectory@builtin,agents@builtin,workspace@builtin,companion@builtin,act1:team@plugin,act1:dag@plugin,act1:workmate@plugin
2026-10-06T16:45:05.905Z +33043ms pid=236 REG poll 
2026-10-06T16:45:05.905Z +31809ms pid=296 CSV poll todo,jobs,agents
2026-10-06T16:45:05.907Z +31820ms pid=290 CSV poll todo,jobs,agents
2026-10-06T16:45:05.911Z +31813ms pid=297 CSV poll todo,jobs,agents
2026-10-06T16:45:05.922Z +33060ms pid=236 CSV poll todo,jobs,agents
2026-10-06T16:45:05.930Z +33040ms pid=243 REG poll 
2026-10-06T16:45:05.954Z +32977ms pid=257 CSV poll todo,jobs,agents,act1:team,act1:dag,act1:workmate
2026-10-06T16:45:05.967Z +33077ms pid=243 CSV poll todo,jobs,agents
2026-10-06T16:45:06.120Z +32033ms pid=290 REG poll 
2026-10-06T16:45:06.130Z +32033ms pid=297 REG poll 
2026-10-06T16:45:06.133Z +32037ms pid=296 REG poll 
2026-10-06T16:45:06.157Z +32061ms pid=296 CSV poll todo,jobs,agents
2026-10-06T16:45:06.157Z +32070ms pid=290 CSV poll todo,jobs,agents
2026-10-06T16:45:06.161Z +32063ms pid=297 CSV poll todo,jobs,agents
2026-10-06T16:45:06.173Z +33311ms pid=236 CSV poll todo,jobs,agents
2026-10-06T16:45:06.204Z +33227ms pid=257 CSV poll todo,jobs,agents,act1:team,act1:dag,act1:workmate
2026-10-06T16:45:06.217Z +33327ms pid=243 CSV poll todo,jobs,agents
2026-10-06T16:45:06.391Z +33414ms pid=257 REG poll todo@builtin,info@builtin,jobs@builtin,trajectory@builtin,agents@builtin,workspace@builtin,companion@builtin,act1:team@plugin,act1:dag@plugin,act1:workmate@plugin
2026-10-06T16:45:06.407Z +33545ms pid=236 REG poll 
2026-10-06T16:45:06.407Z +32320ms pid=290 CSV poll todo,jobs,agents
2026-10-06T16:45:06.407Z +32311ms pid=296 CSV poll todo,jobs,agents
2026-10-06T16:45:06.412Z +32314ms pid=297 CSV poll todo,jobs,agents
2026-10-06T16:45:06.423Z +33561ms pid=236 CSV poll todo,jobs,agents
2026-10-06T16:45:06.431Z +33541ms pid=243 REG poll 
2026-10-06T16:45:06.454Z +33477ms pid=257 CSV poll todo,jobs,agents,act1:team,act1:dag,act1:workmate
2026-10-06T16:45:06.468Z +33578ms pid=243 CSV poll todo,jobs,agents
2026-10-06T16:45:06.620Z +32533ms pid=290 REG poll 
2026-10-06T16:45:06.631Z +32533ms pid=297 REG poll 
2026-10-06T16:45:06.633Z +32537ms pid=296 REG poll 
2026-10-06T16:45:06.657Z +32561ms pid=296 CSV poll todo,jobs,agents
2026-10-06T16:45:06.657Z +32570ms pid=290 CSV poll todo,jobs,agents
2026-10-06T16:45:06.662Z +32564ms pid=297 CSV poll todo,jobs,agents
2026-10-06T16:45:06.674Z +33812ms pid=236 CSV poll todo,jobs,agents
2026-10-06T16:45:06.704Z +33727ms pid=257 CSV poll todo,jobs,agents,act1:team,act1:dag,act1:workmate
2026-10-06T16:45:06.719Z +33829ms pid=243 CSV poll todo,jobs,agents
2026-10-06T16:45:06.892Z +33915ms pid=257 REG poll todo@builtin,info@builtin,jobs@builtin,trajectory@builtin,agents@builtin,workspace@builtin,companion@builtin,act1:team@plugin,act1:dag@plugin,act1:workmate@plugin
2026-10-06T16:45:06.907Z +34045ms pid=236 REG poll 
2026-10-06T16:45:06.907Z +32820ms pid=290 CSV poll todo,jobs,agents
2026-10-06T16:45:06.908Z +32812ms pid=296 CSV poll todo,jobs,agents
2026-10-06T16:45:06.913Z +32815ms pid=297 CSV poll todo,jobs,agents
2026-10-06T16:45:06.924Z +34062ms pid=236 CSV poll todo,jobs,agents
2026-10-06T16:45:06.932Z +34042ms pid=243 REG poll 
2026-10-06T16:45:06.955Z +33978ms pid=257 CSV poll todo,jobs,agents,act1:team,act1:dag,act1:workmate
2026-10-06T16:45:06.969Z +34079ms pid=243 CSV poll todo,jobs,agents
2026-10-06T16:45:07.120Z +33033ms pid=290 REG poll 
2026-10-06T16:45:07.132Z +33034ms pid=297 REG poll 
2026-10-06T16:45:07.134Z +33038ms pid=296 REG poll 
2026-10-06T16:45:07.158Z +33062ms pid=296 CSV poll todo,jobs,agents
2026-10-06T16:45:07.158Z +33071ms pid=290 CSV poll todo,jobs,agents
2026-10-06T16:45:07.164Z +33066ms pid=297 CSV poll todo,jobs,agents
2026-10-06T16:45:07.175Z +34313ms pid=236 CSV poll todo,jobs,agents
2026-10-06T16:45:07.205Z +34228ms pid=257 CSV poll todo,jobs,agents,act1:team,act1:dag,act1:workmate
2026-10-06T16:45:07.219Z +34329ms pid=243 CSV poll todo,jobs,agents
2026-10-06T16:45:07.392Z +34415ms pid=257 REG poll todo@builtin,info@builtin,jobs@builtin,trajectory@builtin,agents@builtin,workspace@builtin,companion@builtin,act1:team@plugin,act1:dag@plugin,act1:workmate@plugin
2026-10-06T16:45:07.407Z +34545ms pid=236 REG poll 
2026-10-06T16:45:07.409Z +33322ms pid=290 CSV poll todo,jobs,agents
2026-10-06T16:45:07.409Z +33313ms pid=296 CSV poll todo,jobs,agents
2026-10-06T16:45:07.414Z +33316ms pid=297 CSV poll todo,jobs,agents
2026-10-06T16:45:07.425Z +34563ms pid=236 CSV poll todo,jobs,agents
2026-10-06T16:45:07.433Z +34543ms pid=243 REG poll 
2026-10-06T16:45:07.455Z +34478ms pid=257 CSV poll todo,jobs,agents,act1:team,act1:dag,act1:workmate
2026-10-06T16:45:07.469Z +34579ms pid=243 CSV poll todo,jobs,agents
2026-10-06T16:45:07.621Z +33534ms pid=290 REG poll 
2026-10-06T16:45:07.632Z +33534ms pid=297 REG poll 
2026-10-06T16:45:07.634Z +33538ms pid=296 REG poll 
2026-10-06T16:45:07.659Z +33563ms pid=296 CSV poll todo,jobs,agents
2026-10-06T16:45:07.659Z +33572ms pid=290 CSV poll todo,jobs,agents
2026-10-06T16:45:07.665Z +33567ms pid=297 CSV poll todo,jobs,agents
2026-10-06T16:45:07.676Z +34814ms pid=236 CSV poll todo,jobs,agents
2026-10-06T16:45:07.706Z +34729ms pid=257 CSV poll todo,jobs,agents,act1:team,act1:dag,act1:workmate
2026-10-06T16:45:07.720Z +34830ms pid=243 CSV poll todo,jobs,agents
2026-10-06T16:45:07.892Z +34915ms pid=257 REG poll todo@builtin,info@builtin,jobs@builtin,trajectory@builtin,agents@builtin,workspace@builtin,companion@builtin,act1:team@plugin,act1:dag@plugin,act1:workmate@plugin
2026-10-06T16:45:07.907Z +35045ms pid=236 REG poll 
2026-10-06T16:45:07.910Z +33823ms pid=290 CSV poll todo,jobs,agents
2026-10-06T16:45:07.910Z +33814ms pid=296 CSV poll todo,jobs,agents
2026-10-06T16:45:07.916Z +33818ms pid=297 CSV poll todo,jobs,agents
2026-10-06T16:45:07.926Z +35064ms pid=236 CSV poll todo,jobs,agents
2026-10-06T16:45:07.934Z +35044ms pid=243 REG poll 
2026-10-06T16:45:07.956Z +34979ms pid=257 CSV poll todo,jobs,agents,act1:team,act1:dag,act1:workmate
2026-10-06T16:45:07.970Z +35080ms pid=243 CSV poll todo,jobs,agents
2026-10-06T16:45:08.121Z +34034ms pid=290 REG poll 
2026-10-06T16:45:08.133Z +34035ms pid=297 REG poll 
2026-10-06T16:45:08.136Z +34040ms pid=296 REG poll 
2026-10-06T16:45:08.160Z +34073ms pid=290 CSV poll todo,jobs,agents
2026-10-06T16:45:08.160Z +34064ms pid=296 CSV poll todo,jobs,agents
2026-10-06T16:45:08.166Z +34068ms pid=297 CSV poll todo,jobs,agents
2026-10-06T16:45:08.176Z +35314ms pid=236 CSV poll todo,jobs,agents
2026-10-06T16:45:08.207Z +35230ms pid=257 CSV poll todo,jobs,agents,act1:team,act1:dag,act1:workmate
2026-10-06T16:45:08.221Z +35331ms pid=243 CSV poll todo,jobs,agents
2026-10-06T16:45:08.393Z +35416ms pid=257 REG poll todo@builtin,info@builtin,jobs@builtin,trajectory@builtin,agents@builtin,workspace@builtin,companion@builtin,act1:team@plugin,act1:dag@plugin,act1:workmate@plugin
2026-10-06T16:45:08.407Z +35545ms pid=236 REG poll 
2026-10-06T16:45:08.411Z +34315ms pid=296 CSV poll todo,jobs,agents
2026-10-06T16:45:08.411Z +34324ms pid=290 CSV poll todo,jobs,agents
2026-10-06T16:45:08.416Z +34318ms pid=297 CSV poll todo,jobs,agents
2026-10-06T16:45:08.427Z +35565ms pid=236 CSV poll todo,jobs,agents
2026-10-06T16:45:08.434Z +35544ms pid=243 REG poll 
2026-10-06T16:45:08.457Z +35480ms pid=257 CSV poll todo,jobs,agents,act1:team,act1:dag,act1:workmate
2026-10-06T16:45:08.471Z +35581ms pid=243 CSV poll todo,jobs,agents
2026-10-06T16:45:08.621Z +34534ms pid=290 REG poll 
2026-10-06T16:45:08.634Z +34536ms pid=297 REG poll 
2026-10-06T16:45:08.637Z +34541ms pid=296 REG poll 
2026-10-06T16:45:08.661Z +34574ms pid=290 CSV poll todo,jobs,agents
2026-10-06T16:45:08.661Z +34565ms pid=296 CSV poll todo,jobs,agents
2026-10-06T16:45:08.667Z +34569ms pid=297 CSV poll todo,jobs,agents
2026-10-06T16:45:08.677Z +35816ms pid=236 CSV poll todo,jobs,agents
2026-10-06T16:45:08.707Z +35730ms pid=257 CSV poll todo,jobs,agents,act1:team,act1:dag,act1:workmate
2026-10-06T16:45:08.722Z +35832ms pid=243 CSV poll todo,jobs,agents
2026-10-06T16:45:08.893Z +35916ms pid=257 REG poll todo@builtin,info@builtin,jobs@builtin,trajectory@builtin,agents@builtin,workspace@builtin,companion@builtin,act1:team@plugin,act1:dag@plugin,act1:workmate@plugin
2026-10-06T16:45:08.907Z +36045ms pid=236 REG poll 
2026-10-06T16:45:08.912Z +34816ms pid=296 CSV poll todo,jobs,agents
2026-10-06T16:45:08.912Z +34825ms pid=290 CSV poll todo,jobs,agents
2026-10-06T16:45:08.918Z +34820ms pid=297 CSV poll todo,jobs,agents
2026-10-06T16:45:08.928Z +36066ms pid=236 CSV poll todo,jobs,agents
2026-10-06T16:45:08.935Z +36045ms pid=243 REG poll 
2026-10-06T16:45:08.958Z +35981ms pid=257 CSV poll todo,jobs,agents,act1:team,act1:dag,act1:workmate
2026-10-06T16:45:08.973Z +36083ms pid=243 CSV poll todo,jobs,agents
2026-10-06T16:45:09.121Z +35034ms pid=290 REG poll 
2026-10-06T16:45:09.135Z +35037ms pid=297 REG poll 
2026-10-06T16:45:09.137Z +35041ms pid=296 REG poll 
2026-10-06T16:45:09.162Z +35075ms pid=290 CSV poll todo,jobs,agents
2026-10-06T16:45:09.162Z +35066ms pid=296 CSV poll todo,jobs,agents
2026-10-06T16:45:09.168Z +35070ms pid=297 CSV poll todo,jobs,agents
2026-10-06T16:45:09.179Z +36317ms pid=236 CSV poll todo,jobs,agents
2026-10-06T16:45:09.208Z +36231ms pid=257 CSV poll todo,jobs,agents,act1:team,act1:dag,act1:workmate
2026-10-06T16:45:09.223Z +36333ms pid=243 CSV poll todo,jobs,agents
2026-10-06T16:45:09.393Z +36416ms pid=257 REG poll todo@builtin,info@builtin,jobs@builtin,trajectory@builtin,agents@builtin,workspace@builtin,companion@builtin,act1:team@plugin,act1:dag@plugin,act1:workmate@plugin
2026-10-06T16:45:09.409Z +36547ms pid=236 REG poll 
2026-10-06T16:45:09.413Z +35326ms pid=290 CSV poll todo,jobs,agents
2026-10-06T16:45:09.413Z +35317ms pid=296 CSV poll todo,jobs,agents
2026-10-06T16:45:09.420Z +35322ms pid=297 CSV poll todo,jobs,agents
2026-10-06T16:45:09.429Z +36567ms pid=236 CSV poll todo,jobs,agents
2026-10-06T16:45:09.435Z +36545ms pid=243 REG poll 
2026-10-06T16:45:09.459Z +36482ms pid=257 CSV poll todo,jobs,agents,act1:team,act1:dag,act1:workmate
2026-10-06T16:45:09.474Z +36584ms pid=243 CSV poll todo,jobs,agents
2026-10-06T16:45:09.622Z +35535ms pid=290 REG poll 
2026-10-06T16:45:09.635Z +35537ms pid=297 REG poll 
2026-10-06T16:45:09.638Z +35542ms pid=296 REG poll 
2026-10-06T16:45:09.664Z +35568ms pid=296 CSV poll todo,jobs,agents
2026-10-06T16:45:09.664Z +35577ms pid=290 CSV poll todo,jobs,agents
2026-10-06T16:45:09.670Z +35572ms pid=297 CSV poll todo,jobs,agents
2026-10-06T16:45:09.679Z +36817ms pid=236 CSV poll todo,jobs,agents
2026-10-06T16:45:09.709Z +36732ms pid=257 CSV poll todo,jobs,agents,act1:team,act1:dag,act1:workmate
2026-10-06T16:45:09.724Z +36834ms pid=243 CSV poll todo,jobs,agents
2026-10-06T16:45:09.893Z +36916ms pid=257 REG poll todo@builtin,info@builtin,jobs@builtin,trajectory@builtin,agents@builtin,workspace@builtin,companion@builtin,act1:team@plugin,act1:dag@plugin,act1:workmate@plugin
2026-10-06T16:45:09.909Z +37047ms pid=236 REG poll 
2026-10-06T16:45:09.914Z +35827ms pid=290 CSV poll todo,jobs,agents
2026-10-06T16:45:09.914Z +35818ms pid=296 CSV poll todo,jobs,agents
2026-10-06T16:45:09.920Z +35822ms pid=297 CSV poll todo,jobs,agents
2026-10-06T16:45:09.929Z +37067ms pid=236 CSV poll todo,jobs,agents
2026-10-06T16:45:09.935Z +37045ms pid=243 REG poll 
2026-10-06T16:45:09.959Z +36982ms pid=257 CSV poll todo,jobs,agents,act1:team,act1:dag,act1:workmate
2026-10-06T16:45:09.975Z +37085ms pid=243 CSV poll todo,jobs,agents
2026-10-06T16:45:10.123Z +36036ms pid=290 REG poll 
2026-10-06T16:45:10.136Z +36038ms pid=297 REG poll 
2026-10-06T16:45:10.139Z +36043ms pid=296 REG poll 
2026-10-06T16:45:10.164Z +36068ms pid=296 CSV poll todo,jobs,agents
2026-10-06T16:45:10.164Z +36077ms pid=290 CSV poll todo,jobs,agents
2026-10-06T16:45:10.170Z +36072ms pid=297 CSV poll todo,jobs,agents
2026-10-06T16:45:10.180Z +37318ms pid=236 CSV poll todo,jobs,agents
2026-10-06T16:45:10.210Z +37233ms pid=257 CSV poll todo,jobs,agents,act1:team,act1:dag,act1:workmate
2026-10-06T16:45:10.225Z +37335ms pid=243 CSV poll todo,jobs,agents
2026-10-06T16:45:10.393Z +37416ms pid=257 REG poll todo@builtin,info@builtin,jobs@builtin,trajectory@builtin,agents@builtin,workspace@builtin,companion@builtin,act1:team@plugin,act1:dag@plugin,act1:workmate@plugin
2026-10-06T16:45:10.409Z +37547ms pid=236 REG poll 
2026-10-06T16:45:10.415Z +36319ms pid=296 CSV poll todo,jobs,agents
2026-10-06T16:45:10.415Z +36328ms pid=290 CSV poll todo,jobs,agents
2026-10-06T16:45:10.421Z +36323ms pid=297 CSV poll todo,jobs,agents
2026-10-06T16:45:10.430Z +37568ms pid=236 CSV poll todo,jobs,agents
2026-10-06T16:45:10.435Z +37545ms pid=243 REG poll 
2026-10-06T16:45:10.460Z +37483ms pid=257 CSV poll todo,jobs,agents,act1:team,act1:dag,act1:workmate
2026-10-06T16:45:10.476Z +37586ms pid=243 CSV poll todo,jobs,agents
2026-10-06T16:45:10.623Z +36536ms pid=290 REG poll 
2026-10-06T16:45:10.636Z +36538ms pid=297 REG poll 
2026-10-06T16:45:10.640Z +36544ms pid=296 REG poll 
2026-10-06T16:45:10.665Z +36569ms pid=296 CSV poll todo,jobs,agents
2026-10-06T16:45:10.665Z +36578ms pid=290 CSV poll todo,jobs,agents
2026-10-06T16:45:10.671Z +36573ms pid=297 CSV poll todo,jobs,agents
2026-10-06T16:45:10.680Z +37818ms pid=236 CSV poll todo,jobs,agents
2026-10-06T16:45:10.711Z +37734ms pid=257 CSV poll todo,jobs,agents,act1:team,act1:dag,act1:workmate
2026-10-06T16:45:10.727Z +37837ms pid=243 CSV poll todo,jobs,agents
2026-10-06T16:45:10.894Z +37917ms pid=257 REG poll todo@builtin,info@builtin,jobs@builtin,trajectory@builtin,agents@builtin,workspace@builtin,companion@builtin,act1:team@plugin,act1:dag@plugin,act1:workmate@plugin
2026-10-06T16:45:10.909Z +38047ms pid=236 REG poll 
2026-10-06T16:45:10.915Z +36819ms pid=296 CSV poll todo,jobs,agents
2026-10-06T16:45:10.917Z +36830ms pid=290 CSV poll todo,jobs,agents
2026-10-06T16:45:10.922Z +36824ms pid=297 CSV poll todo,jobs,agents
2026-10-06T16:45:10.930Z +38068ms pid=236 CSV poll todo,jobs,agents
2026-10-06T16:45:10.935Z +38045ms pid=243 REG poll 
2026-10-06T16:45:10.961Z +37984ms pid=257 CSV poll todo,jobs,agents,act1:team,act1:dag,act1:workmate
2026-10-06T16:45:10.978Z +38088ms pid=243 CSV poll todo,jobs,agents
2026-10-06T16:45:11.123Z +37036ms pid=290 REG poll 
2026-10-06T16:45:11.136Z +37038ms pid=297 REG poll 
2026-10-06T16:45:11.141Z +37045ms pid=296 REG poll 
2026-10-06T16:45:11.165Z +37069ms pid=296 CSV poll todo,jobs,agents
2026-10-06T16:45:11.168Z +37081ms pid=290 CSV poll todo,jobs,agents
2026-10-06T16:45:11.172Z +37074ms pid=297 CSV poll todo,jobs,agents
2026-10-06T16:45:11.181Z +38319ms pid=236 CSV poll todo,jobs,agents
2026-10-06T16:45:11.211Z +38234ms pid=257 CSV poll todo,jobs,agents,act1:team,act1:dag,act1:workmate
2026-10-06T16:45:11.229Z +38339ms pid=243 CSV poll todo,jobs,agents
2026-10-06T16:45:11.394Z +38417ms pid=257 REG poll todo@builtin,info@builtin,jobs@builtin,trajectory@builtin,agents@builtin,workspace@builtin,companion@builtin,act1:team@plugin,act1:dag@plugin,act1:workmate@plugin
2026-10-06T16:45:11.409Z +38547ms pid=236 REG poll 
2026-10-06T16:45:11.416Z +37320ms pid=296 CSV poll todo,jobs,agents
2026-10-06T16:45:11.418Z +37331ms pid=290 CSV poll todo,jobs,agents
2026-10-06T16:45:11.423Z +37325ms pid=297 CSV poll todo,jobs,agents
2026-10-06T16:45:11.431Z +38569ms pid=236 CSV poll todo,jobs,agents
2026-10-06T16:45:11.435Z +38545ms pid=243 REG poll 
2026-10-06T16:45:11.461Z +38484ms pid=257 CSV poll todo,jobs,agents,act1:team,act1:dag,act1:workmate
2026-10-06T16:45:11.480Z +38590ms pid=243 CSV poll todo,jobs,agents
2026-10-06T16:45:11.623Z +37536ms pid=290 REG poll 
2026-10-06T16:45:11.637Z +37539ms pid=297 REG poll 
2026-10-06T16:45:11.642Z +37546ms pid=296 REG poll 
2026-10-06T16:45:11.666Z +37570ms pid=296 CSV poll todo,jobs,agents
2026-10-06T16:45:11.668Z +37581ms pid=290 CSV poll todo,jobs,agents
2026-10-06T16:45:11.673Z +37575ms pid=297 CSV poll todo,jobs,agents
2026-10-06T16:45:11.681Z +38819ms pid=236 CSV poll todo,jobs,agents
2026-10-06T16:45:11.711Z +38734ms pid=257 CSV poll todo,jobs,agents,act1:team,act1:dag,act1:workmate
2026-10-06T16:45:11.730Z +38840ms pid=243 CSV poll todo,jobs,agents
2026-10-06T16:45:11.894Z +38917ms pid=257 REG poll todo@builtin,info@builtin,jobs@builtin,trajectory@builtin,agents@builtin,workspace@builtin,companion@builtin,act1:team@plugin,act1:dag@plugin,act1:workmate@plugin
2026-10-06T16:45:11.909Z +39047ms pid=236 REG poll 
2026-10-06T16:45:11.917Z +37821ms pid=296 CSV poll todo,jobs,agents
2026-10-06T16:45:11.919Z +37832ms pid=290 CSV poll todo,jobs,agents
2026-10-06T16:45:11.924Z +37826ms pid=297 CSV poll todo,jobs,agents
2026-10-06T16:45:11.932Z +39070ms pid=236 CSV poll todo,jobs,agents
2026-10-06T16:45:11.935Z +39045ms pid=243 REG poll 
2026-10-06T16:45:11.962Z +38985ms pid=257 CSV poll todo,jobs,agents,act1:team,act1:dag,act1:workmate
2026-10-06T16:45:11.981Z +39091ms pid=243 CSV poll todo,jobs,agents
2026-10-06T16:45:12.123Z +38036ms pid=290 REG poll 
2026-10-06T16:45:12.137Z +38039ms pid=297 REG poll 
2026-10-06T16:45:12.143Z +38047ms pid=296 REG poll 
2026-10-06T16:45:12.167Z +38071ms pid=296 CSV poll todo,jobs,agents
2026-10-06T16:45:12.168Z +38081ms pid=290 CSV poll todo,jobs,agents
2026-10-06T16:45:12.173Z +38075ms pid=297 CSV poll todo,jobs,agents
2026-10-06T16:45:12.183Z +39321ms pid=236 CSV poll todo,jobs,agents
2026-10-06T16:45:12.213Z +39236ms pid=257 CSV poll todo,jobs,agents,act1:team,act1:dag,act1:workmate
2026-10-06T16:45:12.231Z +39341ms pid=243 CSV poll todo,jobs,agents
2026-10-06T16:45:12.394Z +39417ms pid=257 REG poll todo@builtin,info@builtin,jobs@builtin,trajectory@builtin,agents@builtin,workspace@builtin,companion@builtin,act1:team@plugin,act1:dag@plugin,act1:workmate@plugin
2026-10-06T16:45:12.411Z +39549ms pid=236 REG poll 
2026-10-06T16:45:12.417Z +38321ms pid=296 CSV poll todo,jobs,agents
2026-10-06T16:45:12.419Z +38332ms pid=290 CSV poll todo,jobs,agents
2026-10-06T16:45:12.424Z +38326ms pid=297 CSV poll todo,jobs,agents
2026-10-06T16:45:12.433Z +39571ms pid=236 CSV poll todo,jobs,agents
2026-10-06T16:45:12.435Z +39545ms pid=243 REG poll 
2026-10-06T16:45:12.464Z +39487ms pid=257 CSV poll todo,jobs,agents,act1:team,act1:dag,act1:workmate
2026-10-06T16:45:12.481Z +39591ms pid=243 CSV poll todo,jobs,agents
2026-10-06T16:45:12.623Z +38536ms pid=290 REG poll 
2026-10-06T16:45:12.637Z +38539ms pid=297 REG poll 
2026-10-06T16:45:12.644Z +38548ms pid=296 REG poll 
2026-10-06T16:45:12.667Z +38571ms pid=296 CSV poll todo,jobs,agents
2026-10-06T16:45:12.670Z +38583ms pid=290 CSV poll todo,jobs,agents
2026-10-06T16:45:12.674Z +38576ms pid=297 CSV poll todo,jobs,agents
2026-10-06T16:45:12.684Z +39822ms pid=236 CSV poll todo,jobs,agents
2026-10-06T16:45:12.715Z +39738ms pid=257 CSV poll todo,jobs,agents,act1:team,act1:dag,act1:workmate
2026-10-06T16:45:12.732Z +39842ms pid=243 CSV poll todo,jobs,agents
2026-10-06T16:45:12.895Z +39918ms pid=257 REG poll todo@builtin,info@builtin,jobs@builtin,trajectory@builtin,agents@builtin,workspace@builtin,companion@builtin,act1:team@plugin,act1:dag@plugin,act1:workmate@plugin
2026-10-06T16:45:12.912Z +40050ms pid=236 REG poll 
2026-10-06T16:45:12.918Z +38822ms pid=296 CSV poll todo,jobs,agents
2026-10-06T16:45:12.921Z +38834ms pid=290 CSV poll todo,jobs,agents
2026-10-06T16:45:12.926Z +38828ms pid=297 CSV poll todo,jobs,agents
2026-10-06T16:45:12.934Z +40072ms pid=236 CSV poll todo,jobs,agents
2026-10-06T16:45:12.937Z +40047ms pid=243 REG poll 
2026-10-06T16:45:12.967Z +39990ms pid=257 CSV poll todo,jobs,agents,act1:team,act1:dag,act1:workmate
2026-10-06T16:45:12.981Z +40091ms pid=243 CSV poll todo,jobs,agents
2026-10-06T16:45:13.124Z +39037ms pid=290 REG poll 
2026-10-06T16:45:13.138Z +39040ms pid=297 REG poll 
2026-10-06T16:45:13.145Z +39049ms pid=296 REG poll 
2026-10-06T16:45:13.169Z +39073ms pid=296 CSV poll todo,jobs,agents
2026-10-06T16:45:13.172Z +39085ms pid=290 CSV poll todo,jobs,agents
2026-10-06T16:45:13.176Z +39078ms pid=297 CSV poll todo,jobs,agents
2026-10-06T16:45:13.185Z +40323ms pid=236 CSV poll todo,jobs,agents
2026-10-06T16:45:13.218Z +40241ms pid=257 CSV poll todo,jobs,agents,act1:team,act1:dag,act1:workmate
2026-10-06T16:45:13.232Z +40342ms pid=243 CSV poll todo,jobs,agents
2026-10-06T16:45:13.395Z +40419ms pid=257 REG poll todo@builtin,info@builtin,jobs@builtin,trajectory@builtin,agents@builtin,workspace@builtin,companion@builtin,act1:team@plugin,act1:dag@plugin,act1:workmate@plugin
2026-10-06T16:45:13.413Z +40551ms pid=236 REG poll 
2026-10-06T16:45:13.419Z +39323ms pid=296 CSV poll todo,jobs,agents
2026-10-06T16:45:13.424Z +39337ms pid=290 CSV poll todo,jobs,agents
2026-10-06T16:45:13.427Z +39329ms pid=297 CSV poll todo,jobs,agents
2026-10-06T16:45:13.436Z +40574ms pid=236 CSV poll todo,jobs,agents
2026-10-06T16:45:13.438Z +40548ms pid=243 REG poll 
2026-10-06T16:45:13.469Z +40492ms pid=257 CSV poll todo,jobs,agents,act1:team,act1:dag,act1:workmate
2026-10-06T16:45:13.482Z +40592ms pid=243 CSV poll todo,jobs,agents
2026-10-06T16:45:13.624Z +39537ms pid=290 REG poll 
2026-10-06T16:45:13.638Z +39540ms pid=297 REG poll 
2026-10-06T16:45:13.646Z +39550ms pid=296 REG poll 
2026-10-06T16:45:13.669Z +39573ms pid=296 CSV poll todo,jobs,agents
2026-10-06T16:45:13.674Z +39587ms pid=290 CSV poll todo,jobs,agents
2026-10-06T16:45:13.678Z +39580ms pid=297 CSV poll todo,jobs,agents
2026-10-06T16:45:13.687Z +40825ms pid=236 CSV poll todo,jobs,agents
2026-10-06T16:45:13.721Z +40744ms pid=257 CSV poll todo,jobs,agents,act1:team,act1:dag,act1:workmate
2026-10-06T16:45:13.733Z +40843ms pid=243 CSV poll todo,jobs,agents
2026-10-06T16:45:13.896Z +40919ms pid=257 REG poll todo@builtin,info@builtin,jobs@builtin,trajectory@builtin,agents@builtin,workspace@builtin,companion@builtin,act1:team@plugin,act1:dag@plugin,act1:workmate@plugin
2026-10-06T16:45:13.913Z +41051ms pid=236 REG poll 
2026-10-06T16:45:13.920Z +39824ms pid=296 CSV poll todo,jobs,agents
2026-10-06T16:45:13.924Z +39837ms pid=290 CSV poll todo,jobs,agents
2026-10-06T16:45:13.929Z +39831ms pid=297 CSV poll todo,jobs,agents
2026-10-06T16:45:13.938Z +41076ms pid=236 CSV poll todo,jobs,agents
2026-10-06T16:45:13.939Z +41049ms pid=243 REG poll 
2026-10-06T16:45:13.972Z +40995ms pid=257 CSV poll todo,jobs,agents,act1:team,act1:dag,act1:workmate
2026-10-06T16:45:13.983Z +41093ms pid=243 CSV poll todo,jobs,agents
2026-10-06T16:45:14.124Z +40037ms pid=290 REG poll 
2026-10-06T16:45:14.137Z +40039ms pid=297 REG poll 
2026-10-06T16:45:14.147Z +40051ms pid=296 REG poll 
2026-10-06T16:45:14.171Z +40075ms pid=296 CSV poll todo,jobs,agents
2026-10-06T16:45:14.175Z +40088ms pid=290 CSV poll todo,jobs,agents
2026-10-06T16:45:14.180Z +40082ms pid=297 CSV poll todo,jobs,agents
2026-10-06T16:45:14.188Z +41326ms pid=236 CSV poll todo,jobs,agents
2026-10-06T16:45:14.222Z +41245ms pid=257 CSV poll todo,jobs,agents,act1:team,act1:dag,act1:workmate
2026-10-06T16:45:14.234Z +41344ms pid=243 CSV poll todo,jobs,agents
2026-10-06T16:45:14.397Z +41420ms pid=257 REG poll todo@builtin,info@builtin,jobs@builtin,trajectory@builtin,agents@builtin,workspace@builtin,companion@builtin,act1:team@plugin,act1:dag@plugin,act1:workmate@plugin
2026-10-06T16:45:14.413Z +41551ms pid=236 REG poll 
2026-10-06T16:45:14.422Z +40326ms pid=296 CSV poll todo,jobs,agents
2026-10-06T16:45:14.426Z +40339ms pid=290 CSV poll todo,jobs,agents
2026-10-06T16:45:14.431Z +40333ms pid=297 CSV poll todo,jobs,agents
2026-10-06T16:45:14.439Z +41577ms pid=236 CSV poll todo,jobs,agents
2026-10-06T16:45:14.440Z +41550ms pid=243 REG poll 
2026-10-06T16:45:14.473Z +41496ms pid=257 CSV poll todo,jobs,agents,act1:team,act1:dag,act1:workmate
2026-10-06T16:45:14.484Z +41594ms pid=243 CSV poll todo,jobs,agents
2026-10-06T16:45:14.624Z +40537ms pid=290 REG poll 
2026-10-06T16:45:14.637Z +40539ms pid=297 REG poll 
2026-10-06T16:45:14.648Z +40552ms pid=296 REG poll 
2026-10-06T16:45:14.673Z +40577ms pid=296 CSV poll todo,jobs,agents
2026-10-06T16:45:14.677Z +40590ms pid=290 CSV poll todo,jobs,agents
2026-10-06T16:45:14.682Z +40584ms pid=297 CSV poll todo,jobs,agents
2026-10-06T16:45:14.689Z +41827ms pid=236 CSV poll todo,jobs,agents
2026-10-06T16:45:14.724Z +41747ms pid=257 CSV poll todo,jobs,agents,act1:team,act1:dag,act1:workmate
2026-10-06T16:45:14.734Z +41844ms pid=243 CSV poll todo,jobs,agents
2026-10-06T16:45:14.897Z +41920ms pid=257 REG poll todo@builtin,info@builtin,jobs@builtin,trajectory@builtin,agents@builtin,workspace@builtin,companion@builtin,act1:team@plugin,act1:dag@plugin,act1:workmate@plugin
2026-10-06T16:45:14.914Z +42052ms pid=236 REG poll 
2026-10-06T16:45:14.924Z +40828ms pid=296 CSV poll todo,jobs,agents
2026-10-06T16:45:14.928Z +40841ms pid=290 CSV poll todo,jobs,agents
2026-10-06T16:45:14.933Z +40835ms pid=297 CSV poll todo,jobs,agents
2026-10-06T16:45:14.939Z +42078ms pid=236 CSV poll todo,jobs,agents
2026-10-06T16:45:14.941Z +42051ms pid=243 REG poll 
2026-10-06T16:45:14.976Z +41999ms pid=257 CSV poll todo,jobs,agents,act1:team,act1:dag,act1:workmate
2026-10-06T16:45:14.985Z +42095ms pid=243 CSV poll todo,jobs,agents
2026-10-06T16:45:15.125Z +41038ms pid=290 REG poll 
2026-10-06T16:45:15.138Z +41040ms pid=297 REG poll 
2026-10-06T16:45:15.148Z +41053ms pid=296 REG poll 
2026-10-06T16:45:15.174Z +41078ms pid=296 CSV poll todo,jobs,agents
2026-10-06T16:45:15.178Z +41091ms pid=290 CSV poll todo,jobs,agents
2026-10-06T16:45:15.183Z +41085ms pid=297 CSV poll todo,jobs,agents
2026-10-06T16:45:15.190Z +42328ms pid=236 CSV poll todo,jobs,agents
2026-10-06T16:45:15.226Z +42249ms pid=257 CSV poll todo,jobs,agents,act1:team,act1:dag,act1:workmate
2026-10-06T16:45:15.236Z +42346ms pid=243 CSV poll todo,jobs,agents
2026-10-06T16:45:15.397Z +42420ms pid=257 REG poll todo@builtin,info@builtin,jobs@builtin,trajectory@builtin,agents@builtin,workspace@builtin,companion@builtin,act1:team@plugin,act1:dag@plugin,act1:workmate@plugin
2026-10-06T16:45:15.415Z +42553ms pid=236 REG poll 
2026-10-06T16:45:15.425Z +41329ms pid=296 CSV poll todo,jobs,agents
2026-10-06T16:45:15.429Z +41342ms pid=290 CSV poll todo,jobs,agents
2026-10-06T16:45:15.434Z +41336ms pid=297 CSV poll todo,jobs,agents
2026-10-06T16:45:15.441Z +42551ms pid=243 REG poll 
2026-10-06T16:45:15.441Z +42579ms pid=236 CSV poll todo,jobs,agents
2026-10-06T16:45:15.477Z +42500ms pid=257 CSV poll todo,jobs,agents,act1:team,act1:dag,act1:workmate
2026-10-06T16:45:15.487Z +42597ms pid=243 CSV poll todo,jobs,agents
2026-10-06T16:45:15.625Z +41538ms pid=290 REG poll 
2026-10-06T16:45:15.639Z +41541ms pid=297 REG poll 
2026-10-06T16:45:15.650Z +41554ms pid=296 REG poll 
2026-10-06T16:45:15.675Z +41579ms pid=296 CSV poll todo,jobs,agents
2026-10-06T16:45:15.680Z +41593ms pid=290 CSV poll todo,jobs,agents
2026-10-06T16:45:15.683Z +41586ms pid=297 CSV poll todo,jobs,agents
2026-10-06T16:45:15.691Z +42829ms pid=236 CSV poll todo,jobs,agents
2026-10-06T16:45:15.728Z +42751ms pid=257 CSV poll todo,jobs,agents,act1:team,act1:dag,act1:workmate
2026-10-06T16:45:15.737Z +42847ms pid=243 CSV poll todo,jobs,agents
2026-10-06T16:45:15.897Z +42920ms pid=257 REG poll todo@builtin,info@builtin,jobs@builtin,trajectory@builtin,agents@builtin,workspace@builtin,companion@builtin,act1:team@plugin,act1:dag@plugin,act1:workmate@plugin
2026-10-06T16:45:15.917Z +43055ms pid=236 REG poll 
2026-10-06T16:45:15.925Z +41830ms pid=296 CSV poll todo,jobs,agents
2026-10-06T16:45:15.930Z +41843ms pid=290 CSV poll todo,jobs,agents
2026-10-06T16:45:15.934Z +41836ms pid=297 CSV poll todo,jobs,agents
2026-10-06T16:45:15.941Z +43051ms pid=243 REG poll 
2026-10-06T16:45:15.941Z +43079ms pid=236 CSV poll todo,jobs,agents
2026-10-06T16:45:15.979Z +43002ms pid=257 CSV poll todo,jobs,agents,act1:team,act1:dag,act1:workmate
2026-10-06T16:45:15.988Z +43098ms pid=243 CSV poll todo,jobs,agents
2026-10-06T16:45:16.126Z +42039ms pid=290 REG poll 
2026-10-06T16:45:16.140Z +42042ms pid=297 REG poll 
2026-10-06T16:45:16.150Z +42054ms pid=296 REG poll 
2026-10-06T16:45:16.176Z +42080ms pid=296 CSV poll todo,jobs,agents
2026-10-06T16:45:16.180Z +42093ms pid=290 CSV poll todo,jobs,agents
2026-10-06T16:45:16.184Z +42086ms pid=297 CSV poll todo,jobs,agents
2026-10-06T16:45:16.191Z +43329ms pid=236 CSV poll todo,jobs,agents
2026-10-06T16:45:16.230Z +43253ms pid=257 CSV poll todo,jobs,agents,act1:team,act1:dag,act1:workmate
2026-10-06T16:45:16.239Z +43349ms pid=243 CSV poll todo,jobs,agents
2026-10-06T16:45:16.398Z +43421ms pid=257 REG poll todo@builtin,info@builtin,jobs@builtin,trajectory@builtin,agents@builtin,workspace@builtin,companion@builtin,act1:team@plugin,act1:dag@plugin,act1:workmate@plugin
2026-10-06T16:45:16.418Z +43556ms pid=236 REG poll 
2026-10-06T16:45:16.427Z +42331ms pid=296 CSV poll todo,jobs,agents
2026-10-06T16:45:16.431Z +42344ms pid=290 CSV poll todo,jobs,agents
2026-10-06T16:45:16.434Z +42336ms pid=297 CSV poll todo,jobs,agents
2026-10-06T16:45:16.440Z +43550ms pid=243 REG poll 
2026-10-06T16:45:16.442Z +43580ms pid=236 CSV poll todo,jobs,agents
2026-10-06T16:45:16.481Z +43504ms pid=257 CSV poll todo,jobs,agents,act1:team,act1:dag,act1:workmate
2026-10-06T16:45:16.490Z +43600ms pid=243 CSV poll todo,jobs,agents
2026-10-06T16:45:16.627Z +42540ms pid=290 REG poll 
2026-10-06T16:45:16.641Z +42543ms pid=297 REG poll 
2026-10-06T16:45:16.652Z +42556ms pid=296 REG poll 
2026-10-06T16:45:16.677Z +42581ms pid=296 CSV poll todo,jobs,agents
2026-10-06T16:45:16.682Z +42595ms pid=290 CSV poll todo,jobs,agents
2026-10-06T16:45:16.686Z +42588ms pid=297 CSV poll todo,jobs,agents
2026-10-06T16:45:16.693Z +43831ms pid=236 CSV poll todo,jobs,agents
2026-10-06T16:45:16.730Z +43753ms pid=257 CSV poll todo,jobs,agents,act1:team,act1:dag,act1:workmate
2026-10-06T16:45:16.740Z +43850ms pid=243 CSV poll todo,jobs,agents
2026-10-06T16:45:16.899Z +43922ms pid=257 REG poll todo@builtin,info@builtin,jobs@builtin,trajectory@builtin,agents@builtin,workspace@builtin,companion@builtin,act1:team@plugin,act1:dag@plugin,act1:workmate@plugin
2026-10-06T16:45:16.918Z +44056ms pid=236 REG poll 
2026-10-06T16:45:16.928Z +42832ms pid=296 CSV poll todo,jobs,agents
2026-10-06T16:45:16.933Z +42846ms pid=290 CSV poll todo,jobs,agents
2026-10-06T16:45:16.936Z +42838ms pid=297 CSV poll todo,jobs,agents
2026-10-06T16:45:16.941Z +44051ms pid=243 REG poll 
2026-10-06T16:45:16.945Z +44083ms pid=236 CSV poll todo,jobs,agents
2026-10-06T16:45:16.980Z +44003ms pid=257 CSV poll todo,jobs,agents,act1:team,act1:dag,act1:workmate
2026-10-06T16:45:16.991Z +44101ms pid=243 CSV poll todo,jobs,agents
2026-10-06T16:45:17.127Z +43040ms pid=290 REG poll 
2026-10-06T16:45:17.141Z +43043ms pid=297 REG poll 
2026-10-06T16:45:17.152Z +43056ms pid=296 REG poll 
2026-10-06T16:45:17.179Z +43083ms pid=296 CSV poll todo,jobs,agents
2026-10-06T16:45:17.184Z +43097ms pid=290 CSV poll todo,jobs,agents
2026-10-06T16:45:17.187Z +43089ms pid=297 CSV poll todo,jobs,agents
2026-10-06T16:45:17.195Z +44333ms pid=236 CSV poll todo,jobs,agents
2026-10-06T16:45:17.232Z +44255ms pid=257 CSV poll todo,jobs,agents,act1:team,act1:dag,act1:workmate
2026-10-06T16:45:17.241Z +44351ms pid=243 CSV poll todo,jobs,agents
2026-10-06T16:45:17.400Z +44423ms pid=257 REG poll todo@builtin,info@builtin,jobs@builtin,trajectory@builtin,agents@builtin,workspace@builtin,companion@builtin,act1:team@plugin,act1:dag@plugin,act1:workmate@plugin
2026-10-06T16:45:17.418Z +44556ms pid=236 REG poll 
2026-10-06T16:45:17.430Z +43334ms pid=296 CSV poll todo,jobs,agents
2026-10-06T16:45:17.434Z +43347ms pid=290 CSV poll todo,jobs,agents
2026-10-06T16:45:17.438Z +43340ms pid=297 CSV poll todo,jobs,agents
2026-10-06T16:45:17.442Z +44552ms pid=243 REG poll 
2026-10-06T16:45:17.446Z +44584ms pid=236 CSV poll todo,jobs,agents
2026-10-06T16:45:17.482Z +44505ms pid=257 CSV poll todo,jobs,agents,act1:team,act1:dag,act1:workmate
2026-10-06T16:45:17.491Z +44601ms pid=243 CSV poll todo,jobs,agents
2026-10-06T16:45:17.627Z +43540ms pid=290 REG poll 
2026-10-06T16:45:17.641Z +43543ms pid=297 REG poll 
2026-10-06T16:45:17.652Z +43556ms pid=296 REG poll 
2026-10-06T16:45:17.682Z +43586ms pid=296 CSV poll todo,jobs,agents
2026-10-06T16:45:17.685Z +43598ms pid=290 CSV poll todo,jobs,agents
2026-10-06T16:45:17.689Z +43591ms pid=297 CSV poll todo,jobs,agents
2026-10-06T16:45:17.696Z +44835ms pid=236 CSV poll todo,jobs,agents
2026-10-06T16:45:17.733Z +44756ms pid=257 CSV poll todo,jobs,agents,act1:team,act1:dag,act1:workmate
2026-10-06T16:45:17.742Z +44852ms pid=243 CSV poll todo,jobs,agents
2026-10-06T16:45:17.901Z +44924ms pid=257 REG poll todo@builtin,info@builtin,jobs@builtin,trajectory@builtin,agents@builtin,workspace@builtin,companion@builtin,act1:team@plugin,act1:dag@plugin,act1:workmate@plugin
2026-10-06T16:45:17.919Z +45057ms pid=236 REG poll 
2026-10-06T16:45:17.933Z +43837ms pid=296 CSV poll todo,jobs,agents
2026-10-06T16:45:17.935Z +43849ms pid=290 CSV poll todo,jobs,agents
2026-10-06T16:45:17.939Z +43842ms pid=297 CSV poll todo,jobs,agents
2026-10-06T16:45:17.943Z +45053ms pid=243 REG poll 
2026-10-06T16:45:17.947Z +45085ms pid=236 CSV poll todo,jobs,agents
2026-10-06T16:45:17.983Z +45006ms pid=257 CSV poll todo,jobs,agents,act1:team,act1:dag,act1:workmate
2026-10-06T16:45:17.993Z +45103ms pid=243 CSV poll todo,jobs,agents
2026-10-06T16:45:18.128Z +44041ms pid=290 REG poll 
2026-10-06T16:45:18.141Z +44043ms pid=297 REG poll 
2026-10-06T16:45:18.153Z +44057ms pid=296 REG poll 
2026-10-06T16:45:18.183Z +44087ms pid=296 CSV poll todo,jobs,agents
2026-10-06T16:45:18.186Z +44099ms pid=290 CSV poll todo,jobs,agents
2026-10-06T16:45:18.189Z +44091ms pid=297 CSV poll todo,jobs,agents
2026-10-06T16:45:18.197Z +45335ms pid=236 CSV poll todo,jobs,agents
2026-10-06T16:45:18.234Z +45257ms pid=257 CSV poll todo,jobs,agents,act1:team,act1:dag,act1:workmate
2026-10-06T16:45:18.244Z +45354ms pid=243 CSV poll todo,jobs,agents
2026-10-06T16:45:18.401Z +45424ms pid=257 REG poll todo@builtin,info@builtin,jobs@builtin,trajectory@builtin,agents@builtin,workspace@builtin,companion@builtin,act1:team@plugin,act1:dag@plugin,act1:workmate@plugin
2026-10-06T16:45:18.420Z +45558ms pid=236 REG poll 
2026-10-06T16:45:18.434Z +44338ms pid=296 CSV poll todo,jobs,agents
2026-10-06T16:45:18.436Z +44350ms pid=290 CSV poll todo,jobs,agents
2026-10-06T16:45:18.440Z +44342ms pid=297 CSV poll todo,jobs,agents
2026-10-06T16:45:18.445Z +45555ms pid=243 REG poll 
2026-10-06T16:45:18.448Z +45586ms pid=236 CSV poll todo,jobs,agents
2026-10-06T16:45:18.484Z +45507ms pid=257 CSV poll todo,jobs,agents,act1:team,act1:dag,act1:workmate
2026-10-06T16:45:18.494Z +45604ms pid=243 CSV poll todo,jobs,agents
2026-10-06T16:45:18.630Z +44543ms pid=290 REG poll 
2026-10-06T16:45:18.643Z +44545ms pid=297 REG poll 
2026-10-06T16:45:18.653Z +44557ms pid=296 REG poll 
2026-10-06T16:45:18.686Z +44590ms pid=296 CSV poll todo,jobs,agents
2026-10-06T16:45:18.687Z +44600ms pid=290 CSV poll todo,jobs,agents
2026-10-06T16:45:18.691Z +44593ms pid=297 CSV poll todo,jobs,agents
2026-10-06T16:45:18.699Z +45837ms pid=236 CSV poll todo,jobs,agents
2026-10-06T16:45:18.734Z +45757ms pid=257 CSV poll todo,jobs,agents,act1:team,act1:dag,act1:workmate
2026-10-06T16:45:18.745Z +45855ms pid=243 CSV poll todo,jobs,agents
2026-10-06T16:45:18.901Z +45924ms pid=257 REG poll todo@builtin,info@builtin,jobs@builtin,trajectory@builtin,agents@builtin,workspace@builtin,companion@builtin,act1:team@plugin,act1:dag@plugin,act1:workmate@plugin
2026-10-06T16:45:18.921Z +46059ms pid=236 REG poll 
2026-10-06T16:45:18.937Z +44841ms pid=296 CSV poll todo,jobs,agents
2026-10-06T16:45:18.938Z +44851ms pid=290 CSV poll todo,jobs,agents
2026-10-06T16:45:18.942Z +44844ms pid=297 CSV poll todo,jobs,agents
2026-10-06T16:45:18.946Z +46056ms pid=243 REG poll 
2026-10-06T16:45:18.950Z +46088ms pid=236 CSV poll todo,jobs,agents
2026-10-06T16:45:18.985Z +46008ms pid=257 CSV poll todo,jobs,agents,act1:team,act1:dag,act1:workmate
2026-10-06T16:45:18.995Z +46105ms pid=243 CSV poll todo,jobs,agents
2026-10-06T16:45:19.130Z +45043ms pid=290 REG poll 
2026-10-06T16:45:19.144Z +45046ms pid=297 REG poll 
2026-10-06T16:45:19.154Z +45058ms pid=296 REG poll 
2026-10-06T16:45:19.188Z +45092ms pid=296 CSV poll todo,jobs,agents
2026-10-06T16:45:19.189Z +45102ms pid=290 CSV poll todo,jobs,agents
2026-10-06T16:45:19.192Z +45094ms pid=297 CSV poll todo,jobs,agents
2026-10-06T16:45:19.200Z +46338ms pid=236 CSV poll todo,jobs,agents
2026-10-06T16:45:19.236Z +46259ms pid=257 CSV poll todo,jobs,agents,act1:team,act1:dag,act1:workmate
2026-10-06T16:45:19.246Z +46356ms pid=243 CSV poll todo,jobs,agents
2026-10-06T16:45:19.401Z +46424ms pid=257 REG poll todo@builtin,info@builtin,jobs@builtin,trajectory@builtin,agents@builtin,workspace@builtin,companion@builtin,act1:team@plugin,act1:dag@plugin,act1:workmate@plugin
2026-10-06T16:45:19.423Z +46561ms pid=236 REG poll 
2026-10-06T16:45:19.440Z +45344ms pid=296 CSV poll todo,jobs,agents
2026-10-06T16:45:19.440Z +45353ms pid=290 CSV poll todo,jobs,agents
2026-10-06T16:45:19.443Z +45345ms pid=297 CSV poll todo,jobs,agents
2026-10-06T16:45:19.446Z +46556ms pid=243 REG poll 
2026-10-06T16:45:19.450Z +46588ms pid=236 CSV poll todo,jobs,agents
2026-10-06T16:45:19.486Z +46509ms pid=257 CSV poll todo,jobs,agents,act1:team,act1:dag,act1:workmate
2026-10-06T16:45:19.496Z +46606ms pid=243 CSV poll todo,jobs,agents
2026-10-06T16:45:19.630Z +45543ms pid=290 REG poll 
2026-10-06T16:45:19.645Z +45547ms pid=297 REG poll 
2026-10-06T16:45:19.655Z +45559ms pid=296 REG poll 
2026-10-06T16:45:19.690Z +45594ms pid=296 CSV poll todo,jobs,agents
2026-10-06T16:45:19.690Z +45603ms pid=290 CSV poll todo,jobs,agents
2026-10-06T16:45:19.693Z +45595ms pid=297 CSV poll todo,jobs,agents
2026-10-06T16:45:19.701Z +46839ms pid=236 CSV poll todo,jobs,agents
2026-10-06T16:45:19.737Z +46760ms pid=257 CSV poll todo,jobs,agents,act1:team,act1:dag,act1:workmate
2026-10-06T16:45:19.747Z +46857ms pid=243 CSV poll todo,jobs,agents
2026-10-06T16:45:19.902Z +46925ms pid=257 REG poll todo@builtin,info@builtin,jobs@builtin,trajectory@builtin,agents@builtin,workspace@builtin,companion@builtin,act1:team@plugin,act1:dag@plugin,act1:workmate@plugin
2026-10-06T16:45:19.924Z +47062ms pid=236 REG poll 
2026-10-06T16:45:19.940Z +45844ms pid=296 CSV poll todo,jobs,agents
2026-10-06T16:45:19.941Z +45854ms pid=290 CSV poll todo,jobs,agents
2026-10-06T16:45:19.943Z +45845ms pid=297 CSV poll todo,jobs,agents
2026-10-06T16:45:19.947Z +47057ms pid=243 REG poll 
2026-10-06T16:45:19.951Z +47089ms pid=236 CSV poll todo,jobs,agents
2026-10-06T16:45:19.987Z +47010ms pid=257 CSV poll todo,jobs,agents,act1:team,act1:dag,act1:workmate
2026-10-06T16:45:19.998Z +47108ms pid=243 CSV poll todo,jobs,agents
2026-10-06T16:45:20.130Z +46043ms pid=290 REG poll 
2026-10-06T16:45:20.146Z +46048ms pid=297 REG poll 
2026-10-06T16:45:20.154Z +46058ms pid=296 REG poll 
2026-10-06T16:45:20.191Z +46095ms pid=296 CSV poll todo,jobs,agents
2026-10-06T16:45:20.193Z +46106ms pid=290 CSV poll todo,jobs,agents
2026-10-06T16:45:20.194Z +46096ms pid=297 CSV poll todo,jobs,agents
2026-10-06T16:45:20.202Z +47340ms pid=236 CSV poll todo,jobs,agents
2026-10-06T16:45:20.237Z +47260ms pid=257 CSV poll todo,jobs,agents,act1:team,act1:dag,act1:workmate
2026-10-06T16:45:20.248Z +47358ms pid=243 CSV poll todo,jobs,agents
2026-10-06T16:45:20.402Z +47425ms pid=257 REG poll todo@builtin,info@builtin,jobs@builtin,trajectory@builtin,agents@builtin,workspace@builtin,companion@builtin,act1:team@plugin,act1:dag@plugin,act1:workmate@plugin
2026-10-06T16:45:20.424Z +47562ms pid=236 REG poll 
2026-10-06T16:45:20.442Z +46346ms pid=296 CSV poll todo,jobs,agents
2026-10-06T16:45:20.444Z +46357ms pid=290 CSV poll todo,jobs,agents
2026-10-06T16:45:20.444Z +46346ms pid=297 CSV poll todo,jobs,agents
2026-10-06T16:45:20.448Z +47558ms pid=243 REG poll 
2026-10-06T16:45:20.453Z +47591ms pid=236 CSV poll todo,jobs,agents
2026-10-06T16:45:20.487Z +47510ms pid=257 CSV poll todo,jobs,agents,act1:team,act1:dag,act1:workmate
2026-10-06T16:45:20.499Z +47610ms pid=243 CSV poll todo,jobs,agents
2026-10-06T16:45:20.630Z +46543ms pid=290 REG poll 
2026-10-06T16:45:20.646Z +46548ms pid=297 REG poll 
2026-10-06T16:45:20.656Z +46560ms pid=296 REG poll 
2026-10-06T16:45:20.692Z +46596ms pid=296 CSV poll todo,jobs,agents
2026-10-06T16:45:20.694Z +46607ms pid=290 CSV poll todo,jobs,agents
2026-10-06T16:45:20.694Z +46596ms pid=297 CSV poll todo,jobs,agents
2026-10-06T16:45:20.703Z +47841ms pid=236 CSV poll todo,jobs,agents
2026-10-06T16:45:20.738Z +47761ms pid=257 CSV poll todo,jobs,agents,act1:team,act1:dag,act1:workmate
2026-10-06T16:45:20.750Z +47860ms pid=243 CSV poll todo,jobs,agents
2026-10-06T16:45:20.903Z +47926ms pid=257 REG poll todo@builtin,info@builtin,jobs@builtin,trajectory@builtin,agents@builtin,workspace@builtin,companion@builtin,act1:team@plugin,act1:dag@plugin,act1:workmate@plugin
2026-10-06T16:45:20.925Z +48063ms pid=236 REG poll 
2026-10-06T16:45:20.943Z +46847ms pid=296 CSV poll todo,jobs,agents
2026-10-06T16:45:20.944Z +46846ms pid=297 CSV poll todo,jobs,agents
2026-10-06T16:45:20.944Z +46857ms pid=290 CSV poll todo,jobs,agents
2026-10-06T16:45:20.949Z +48059ms pid=243 REG poll 
2026-10-06T16:45:20.954Z +48092ms pid=236 CSV poll todo,jobs,agents
2026-10-06T16:45:20.989Z +48012ms pid=257 CSV poll todo,jobs,agents,act1:team,act1:dag,act1:workmate
2026-10-06T16:45:21.000Z +48110ms pid=243 CSV poll todo,jobs,agents
2026-10-06T16:45:21.131Z +47044ms pid=290 REG poll 
2026-10-06T16:45:21.148Z +47050ms pid=297 REG poll 
2026-10-06T16:45:21.157Z +47061ms pid=296 REG poll 
2026-10-06T16:45:21.193Z +47097ms pid=296 CSV poll todo,jobs,agents
2026-10-06T16:45:21.194Z +47096ms pid=297 CSV poll todo,jobs,agents
2026-10-06T16:45:21.194Z +47107ms pid=290 CSV poll todo,jobs,agents
2026-10-06T16:45:21.204Z +48342ms pid=236 CSV poll todo,jobs,agents
2026-10-06T16:45:21.240Z +48263ms pid=257 CSV poll todo,jobs,agents,act1:team,act1:dag,act1:workmate
2026-10-06T16:45:21.251Z +48361ms pid=243 CSV poll todo,jobs,agents
2026-10-06T16:45:21.403Z +48426ms pid=257 REG poll todo@builtin,info@builtin,jobs@builtin,trajectory@builtin,agents@builtin,workspace@builtin,companion@builtin,act1:team@plugin,act1:dag@plugin,act1:workmate@plugin
2026-10-06T16:45:21.426Z +48564ms pid=236 REG poll 
2026-10-06T16:45:21.444Z +47348ms pid=296 CSV poll todo,jobs,agents
2026-10-06T16:45:21.445Z +47347ms pid=297 CSV poll todo,jobs,agents
2026-10-06T16:45:21.445Z +47358ms pid=290 CSV poll todo,jobs,agents
2026-10-06T16:45:21.450Z +48560ms pid=243 REG poll 
2026-10-06T16:45:21.456Z +48594ms pid=236 CSV poll todo,jobs,agents
2026-10-06T16:45:21.491Z +48514ms pid=257 CSV poll todo,jobs,agents,act1:team,act1:dag,act1:workmate
2026-10-06T16:45:21.501Z +48611ms pid=243 CSV poll todo,jobs,agents
2026-10-06T16:45:21.631Z +47544ms pid=290 REG poll 
2026-10-06T16:45:21.649Z +47551ms pid=297 REG poll 
2026-10-06T16:45:21.657Z +47561ms pid=296 REG poll 
2026-10-06T16:45:21.694Z +47598ms pid=296 CSV poll todo,jobs,agents
2026-10-06T16:45:21.695Z +47608ms pid=290 CSV poll todo,jobs,agents
2026-10-06T16:45:21.695Z +47597ms pid=297 CSV poll todo,jobs,agents
2026-10-06T16:45:21.706Z +48844ms pid=236 CSV poll todo,jobs,agents
2026-10-06T16:45:21.741Z +48764ms pid=257 CSV poll todo,jobs,agents,act1:team,act1:dag,act1:workmate
2026-10-06T16:45:21.751Z +48861ms pid=243 CSV poll todo,jobs,agents
2026-10-06T16:45:21.903Z +48926ms pid=257 REG poll todo@builtin,info@builtin,jobs@builtin,trajectory@builtin,agents@builtin,workspace@builtin,companion@builtin,act1:team@plugin,act1:dag@plugin,act1:workmate@plugin
2026-10-06T16:45:21.927Z +49065ms pid=236 REG poll 
2026-10-06T16:45:21.945Z +47849ms pid=296 CSV poll todo,jobs,agents
2026-10-06T16:45:21.946Z +47848ms pid=297 CSV poll todo,jobs,agents
2026-10-06T16:45:21.946Z +47859ms pid=290 CSV poll todo,jobs,agents
2026-10-06T16:45:21.951Z +49061ms pid=243 REG poll 
2026-10-06T16:45:21.956Z +49094ms pid=236 CSV poll todo,jobs,agents
2026-10-06T16:45:21.992Z +49015ms pid=257 CSV poll todo,jobs,agents,act1:team,act1:dag,act1:workmate
2026-10-06T16:45:22.002Z +49112ms pid=243 CSV poll todo,jobs,agents
2026-10-06T16:45:22.131Z +48044ms pid=290 REG poll 
2026-10-06T16:45:22.150Z +48052ms pid=297 REG poll 
2026-10-06T16:45:22.158Z +48063ms pid=296 REG poll 
2026-10-06T16:45:22.195Z +48099ms pid=296 CSV poll todo,jobs,agents
2026-10-06T16:45:22.196Z +48109ms pid=290 CSV poll todo,jobs,agents
2026-10-06T16:45:22.196Z +48098ms pid=297 CSV poll todo,jobs,agents
2026-10-06T16:45:22.207Z +49345ms pid=236 CSV poll todo,jobs,agents
2026-10-06T16:45:22.243Z +49266ms pid=257 CSV poll todo,jobs,agents,act1:team,act1:dag,act1:workmate
2026-10-06T16:45:22.253Z +49363ms pid=243 CSV poll todo,jobs,agents
2026-10-06T16:45:22.403Z +49427ms pid=257 REG poll todo@builtin,info@builtin,jobs@builtin,trajectory@builtin,agents@builtin,workspace@builtin,companion@builtin,act1:team@plugin,act1:dag@plugin,act1:workmate@plugin
2026-10-06T16:45:22.427Z +49565ms pid=236 REG poll 
2026-10-06T16:45:22.446Z +48359ms pid=290 CSV poll todo,jobs,agents
2026-10-06T16:45:22.446Z +48350ms pid=296 CSV poll todo,jobs,agents
2026-10-06T16:45:22.446Z +48348ms pid=297 CSV poll todo,jobs,agents
2026-10-06T16:45:22.451Z +49561ms pid=243 REG poll 
2026-10-06T16:45:22.458Z +49596ms pid=236 CSV poll todo,jobs,agents
2026-10-06T16:45:22.493Z +49516ms pid=257 CSV poll todo,jobs,agents,act1:team,act1:dag,act1:workmate
2026-10-06T16:45:22.503Z +49613ms pid=243 CSV poll todo,jobs,agents
2026-10-06T16:45:22.631Z +48544ms pid=290 REG poll 
2026-10-06T16:45:22.650Z +48552ms pid=297 REG poll 
2026-10-06T16:45:22.659Z +48563ms pid=296 REG poll 
2026-10-06T16:45:22.696Z +48598ms pid=297 CSV poll todo,jobs,agents
2026-10-06T16:45:22.697Z +48610ms pid=290 CSV poll todo,jobs,agents
2026-10-06T16:45:22.697Z +48601ms pid=296 CSV poll todo,jobs,agents
2026-10-06T16:45:22.709Z +49847ms pid=236 CSV poll todo,jobs,agents
2026-10-06T16:45:22.743Z +49766ms pid=257 CSV poll todo,jobs,agents,act1:team,act1:dag,act1:workmate
2026-10-06T16:45:22.754Z +49864ms pid=243 CSV poll todo,jobs,agents
2026-10-06T16:45:22.905Z +49928ms pid=257 REG poll todo@builtin,info@builtin,jobs@builtin,trajectory@builtin,agents@builtin,workspace@builtin,companion@builtin,act1:team@plugin,act1:dag@plugin,act1:workmate@plugin
2026-10-06T16:45:22.928Z +50066ms pid=236 REG poll 
2026-10-06T16:45:22.946Z +48848ms pid=297 CSV poll todo,jobs,agents
2026-10-06T16:45:22.946Z +48850ms pid=296 CSV poll todo,jobs,agents
2026-10-06T16:45:22.947Z +48860ms pid=290 CSV poll todo,jobs,agents
2026-10-06T16:45:22.953Z +50063ms pid=243 REG poll 
2026-10-06T16:45:22.959Z +50097ms pid=236 CSV poll todo,jobs,agents
2026-10-06T16:45:22.994Z +50017ms pid=257 CSV poll todo,jobs,agents,act1:team,act1:dag,act1:workmate
2026-10-06T16:45:23.005Z +50115ms pid=243 CSV poll todo,jobs,agents
2026-10-06T16:45:23.132Z +49045ms pid=290 REG poll 
2026-10-06T16:45:23.151Z +49053ms pid=297 REG poll 
2026-10-06T16:45:23.159Z +49063ms pid=296 REG poll 
2026-10-06T16:45:23.197Z +49101ms pid=296 CSV poll todo,jobs,agents
2026-10-06T16:45:23.197Z +49099ms pid=297 CSV poll todo,jobs,agents
2026-10-06T16:45:23.197Z +49110ms pid=290 CSV poll todo,jobs,agents
2026-10-06T16:45:23.210Z +50348ms pid=236 CSV poll todo,jobs,agents
2026-10-06T16:45:23.245Z +50268ms pid=257 CSV poll todo,jobs,agents,act1:team,act1:dag,act1:workmate
2026-10-06T16:45:23.255Z +50365ms pid=243 CSV poll todo,jobs,agents
2026-10-06T16:45:23.405Z +50428ms pid=257 REG poll todo@builtin,info@builtin,jobs@builtin,trajectory@builtin,agents@builtin,workspace@builtin,companion@builtin,act1:team@plugin,act1:dag@plugin,act1:workmate@plugin
2026-10-06T16:45:23.428Z +50566ms pid=236 REG poll 
2026-10-06T16:45:23.448Z +49350ms pid=297 CSV poll todo,jobs,agents
2026-10-06T16:45:23.448Z +49352ms pid=296 CSV poll todo,jobs,agents
2026-10-06T16:45:23.448Z +49361ms pid=290 CSV poll todo,jobs,agents
2026-10-06T16:45:23.454Z +50564ms pid=243 REG poll 
2026-10-06T16:45:23.460Z +50598ms pid=236 CSV poll todo,jobs,agents
2026-10-06T16:45:23.495Z +50518ms pid=257 CSV poll todo,jobs,agents,act1:team,act1:dag,act1:workmate
2026-10-06T16:45:23.505Z +50615ms pid=243 CSV poll todo,jobs,agents
2026-10-06T16:45:23.632Z +49545ms pid=290 REG poll 
2026-10-06T16:45:23.652Z +49554ms pid=297 REG poll 
2026-10-06T16:45:23.660Z +49564ms pid=296 REG poll 
2026-10-06T16:45:23.698Z +49600ms pid=297 CSV poll todo,jobs,agents
2026-10-06T16:45:23.698Z +49611ms pid=290 CSV poll todo,jobs,agents
2026-10-06T16:45:23.698Z +49602ms pid=296 CSV poll todo,jobs,agents
2026-10-06T16:45:23.711Z +50849ms pid=236 CSV poll todo,jobs,agents
2026-10-06T16:45:23.746Z +50769ms pid=257 CSV poll todo,jobs,agents,act1:team,act1:dag,act1:workmate
2026-10-06T16:45:23.756Z +50866ms pid=243 CSV poll todo,jobs,agents
2026-10-06T16:45:23.905Z +50928ms pid=257 REG poll todo@builtin,info@builtin,jobs@builtin,trajectory@builtin,agents@builtin,workspace@builtin,companion@builtin,act1:team@plugin,act1:dag@plugin,act1:workmate@plugin
2026-10-06T16:45:23.930Z +51068ms pid=236 REG poll 
2026-10-06T16:45:23.949Z +49851ms pid=297 CSV poll todo,jobs,agents
2026-10-06T16:45:23.949Z +49853ms pid=296 CSV poll todo,jobs,agents
2026-10-06T16:45:23.949Z +49862ms pid=290 CSV poll todo,jobs,agents
2026-10-06T16:45:23.955Z +51065ms pid=243 REG poll 
2026-10-06T16:45:23.961Z +51099ms pid=236 CSV poll todo,jobs,agents
2026-10-06T16:45:23.996Z +51019ms pid=257 CSV poll todo,jobs,agents,act1:team,act1:dag,act1:workmate
2026-10-06T16:45:24.006Z +51116ms pid=243 CSV poll todo,jobs,agents
2026-10-06T16:45:24.132Z +50045ms pid=290 REG poll 
2026-10-06T16:45:24.154Z +50056ms pid=297 REG poll 
2026-10-06T16:45:24.160Z +50065ms pid=296 REG poll 
2026-10-06T16:45:24.199Z +50103ms pid=296 CSV poll todo,jobs,agents
2026-10-06T16:45:24.199Z +50112ms pid=290 CSV poll todo,jobs,agents
2026-10-06T16:45:24.199Z +50101ms pid=297 CSV poll todo,jobs,agents
2026-10-06T16:45:24.212Z +51350ms pid=236 CSV poll todo,jobs,agents
2026-10-06T16:45:24.246Z +51269ms pid=257 CSV poll todo,jobs,agents,act1:team,act1:dag,act1:workmate
2026-10-06T16:45:24.257Z +51367ms pid=243 CSV poll todo,jobs,agents
2026-10-06T16:45:24.406Z +51429ms pid=257 REG poll todo@builtin,info@builtin,jobs@builtin,trajectory@builtin,agents@builtin,workspace@builtin,companion@builtin,act1:team@plugin,act1:dag@plugin,act1:workmate@plugin
2026-10-06T16:45:24.430Z +51568ms pid=236 REG poll 
2026-10-06T16:45:24.450Z +50363ms pid=290 CSV poll todo,jobs,agents
2026-10-06T16:45:24.450Z +50352ms pid=297 CSV poll todo,jobs,agents
2026-10-06T16:45:24.450Z +50354ms pid=296 CSV poll todo,jobs,agents
2026-10-06T16:45:24.455Z +51566ms pid=243 REG poll 
2026-10-06T16:45:24.464Z +51602ms pid=236 CSV poll todo,jobs,agents
2026-10-06T16:45:24.498Z +51521ms pid=257 CSV poll todo,jobs,agents,act1:team,act1:dag,act1:workmate
2026-10-06T16:45:24.507Z +51617ms pid=243 CSV poll todo,jobs,agents
2026-10-06T16:45:24.633Z +50546ms pid=290 REG poll 
2026-10-06T16:45:24.654Z +50556ms pid=297 REG poll 
2026-10-06T16:45:24.661Z +50565ms pid=296 REG poll 
2026-10-06T16:45:24.701Z +50614ms pid=290 CSV poll todo,jobs,agents
2026-10-06T16:45:24.701Z +50603ms pid=297 CSV poll todo,jobs,agents
2026-10-06T16:45:24.701Z +50605ms pid=296 CSV poll todo,jobs,agents
2026-10-06T16:45:24.714Z +51852ms pid=236 CSV poll todo,jobs,agents
2026-10-06T16:45:24.748Z +51771ms pid=257 CSV poll todo,jobs,agents,act1:team,act1:dag,act1:workmate
2026-10-06T16:45:24.758Z +51868ms pid=243 CSV poll todo,jobs,agents
2026-10-06T16:45:24.906Z +51929ms pid=257 REG poll todo@builtin,info@builtin,jobs@builtin,trajectory@builtin,agents@builtin,workspace@builtin,companion@builtin,act1:team@plugin,act1:dag@plugin,act1:workmate@plugin
2026-10-06T16:45:24.931Z +52069ms pid=236 REG poll 
2026-10-06T16:45:24.952Z +50854ms pid=297 CSV poll todo,jobs,agents
2026-10-06T16:45:24.952Z +50856ms pid=296 CSV poll todo,jobs,agents
2026-10-06T16:45:24.952Z +50865ms pid=290 CSV poll todo,jobs,agents
2026-10-06T16:45:24.957Z +52067ms pid=243 REG poll 
2026-10-06T16:45:24.964Z +52102ms pid=236 CSV poll todo,jobs,agents
2026-10-06T16:45:24.998Z +52021ms pid=257 CSV poll todo,jobs,agents,act1:team,act1:dag,act1:workmate
2026-10-06T16:45:25.009Z +52119ms pid=243 CSV poll todo,jobs,agents
2026-10-06T16:45:25.133Z +51046ms pid=290 REG poll 
