================================================================================
t71 (repair round 2) — boundary predicate + never-started surfacing + registry note
repo: /root/dshProj/my-power-dsh   revision: b53a6515e6fcae95f3fc538f8f223314b4527df7
generated: 2026-09-15T17:25:34Z
================================================================================

── raw/delta-check.log ────────────────────────────────────────────────────────────────
[patch-agent-teams-fixes] already applied: 53 mpd delta region(s) across 9 adopted file(s)
exit=0

── raw/tests-adopted.log ────────────────────────────────────────────────────────────────
bun test v1.3.14 (0d9b296a)

packages/mpd-agent-teams-plugin/self-fix-tests/scope-semantics.test.mjs:
(pass) B5: a directory pattern covers its contents WITHOUT a trailing slash [0.81ms]
(pass) B5: trailing slash and non-trailing slash are equivalent [0.08ms]
(pass) B5: exact file patterns still match exactly, siblings and suffixes do not [0.23ms]
(pass) B5: root pattern matches everything; illegal/absolute patterns never match [0.18ms]
(pass) B5: classifyChangedPath — directory inScope covers files, outOfScope wins [0.38ms]
(pass) B6: completion reports ALL undeclared paths at once with the owning task id and a fix hint [0.84ms]
(pass) B6: completion passes when a directory pattern (no trailing slash) covers every changed path [0.14ms]

packages/mpd-agent-teams-plugin/self-fix-tests/scope-glob-and-contract.test.mjs:
(pass) DEFECT 1: a declared glob covers the files beneath it [2.06ms]
(pass) DEFECT 1 negative control: globs do not over-match [0.13ms]
(pass) DEFECT 1: every no-wildcard declaration keeps the pre-delta B5 semantics [0.19ms]
(pass) DEFECT 1: the completion gate accepts a glob-declared changedPath and still rejects an undeclared one [0.28ms]
(pass) DEFECT 2 reproduction: the pre-fix generator listed one path in BOTH lists [0.94ms]
(pass) DEFECT 2 fix: the finding's required path is CARVED OUT of the inherited prohibition [0.53ms]
(pass) DEFECT 2 fix, REAL wave-1 inputs (team mpd-default-7332aba4 t7 + t10): the required edit is in scope [0.55ms]
(pass) DEFECT 2 falsifiability: the contradiction guard must not reject legitimate carve-outs [0.22ms]
(pass) DEFECT 2 falsifiability: the write-task overlap guard is a real may-two-writers-touch-it relation [0.46ms]
(pass) durability: the guard refuses when a delta region is missing (observed failure) [5.60ms]
(pass) durability: the guard is idempotent on the real tree and restores a stripped tree [247.64ms]
(pass) F2: every t4-changed line in lib/quality-gates.js sits inside a registered mpd-delta region [61.38ms]
(pass) F3: healing a RE-MATERIALIZED upstream file refuses instead of emitting a broken module [3.57ms]
(pass) F3: a clean (region-carrying) tree still heals successfully [100.44ms]
(pass) F4: stripping every region and healing reproduces the canonical file byte-for-byte [99.04ms]
(pass) F4: the anchor-indent class is gone with the line keys [0.33ms]

packages/mpd-agent-teams-plugin/self-fix-tests/dispatch-stall-region.test.mjs:
(pass) t13: every dispatch-stall edit is region-registered (nothing unmarked survives a strip) [1.26ms]
(pass) t13: a re-materialized scheduler.js (upstream guard restored) is REFUSED byte-untouched [66.84ms]
(pass) t13: stripping every scheduler.js region heals byte-for-byte back to the canonical file [103.26ms]

packages/mpd-agent-teams-plugin/self-fix-tests/pool-capability-guard.test.mjs:
(pass) a pooled write task is LEFT IN THE POOL for a read-only member and reported [0.62ms]
(pass) a write-capable member still gets the pooled write task (the guard is not a blanket refusal) [0.10ms]
(pass) a member whose deny blocks nothing relevant is unaffected by an unrelated deny entry [0.05ms]
(pass) an EXPLICIT assignment is still dispatched to a restricted member, and says so [0.14ms]
(pass) a member's own ready task outranks a pooled task it could also run [0.06ms]
(pass) nothing executable is left: undefined, and every withheld candidate is reported [0.13ms]
(pass) the guard is region-registered and its replacement is REFUSED after a re-materialize [73.14ms]

packages/mpd-agent-teams-plugin/self-fix-tests/quality-loop.test.mjs:
(pass) Fix1: review auto-wires reviewedTaskId into dependencies (premature dispatch) [0.47ms]
(pass) Fix1: repair auto-wires sourceTaskId into dependencies [0.15ms]
(pass) Fix2 + OPT-1: cancelled and FAILED deps are non-blocking; pending still blocks [0.13ms]
(pass) Fix2: pending dependents blocked only by cancelled deps are cascaded (no deadlock) [0.57ms]
(pass) Fix3: planQualityFollowUp links reasonTaskId and reason reaches the repair prompt [1.45ms]
(pass) Fix4: reject without a completed source notifies the captain only (no repair, no escalation) [0.11ms]
(pass) Fix4: genuine reject of a completed source still escalates [0.06ms]
(pass) Fix3b: reasonTaskId / reassignReason survive task validation [0.19ms]
(pass) Fix3c: assignmentPrompt renders reassignReason and captain guidance digest [0.42ms]

packages/mpd-agent-teams-plugin/self-fix-tests/registry-context-heal.test.mjs:
(pass) t2: strip-healing ALL adopted files from the same state is byte-identical [171.26ms]
(pass) t2: a stripped tools.js heals byte-for-byte and the task-contract region lands at its canonical line [117.59ms]
(pass) t2: quality-gates.js strip-heal stays byte-identical (no trade between the two files) [83.38ms]
(pass) t2: a region heals to its canonical position under partial insertion histories [2184.59ms]
(pass) t2: every colliding pair is a real prefix collision (the fixture is meaningful) [4.09ms]
(pass) t2: a nested colliding pair resolves the OUTER region to its OWN end marker [0.18ms]
(pass) t2: intact control — the resolved span equals the independently grepped lines [5.65ms]
(pass) t2: a dangling outer END marker is a partially stripped region, never a half-open pair [21.15ms]
(pass) t2: a dangling outer BEGIN marker is a partially stripped region, never a half-open pair [21.33ms]
(pass) t2: --write re-brackets a partially stripped region byte-faithfully (both dangling shapes) [561.34ms]
(pass) t2: the registry carries context pairs and no line-keyed anchor fields [0.65ms]
(pass) t9 R1: both markers present but inverted is the ONLY row that may say 'half-open marker pair' [3.34ms]
(pass) t9 R2: begin present + end absent + body byte-equal re-brackets in place (all three pairs) [260.16ms]
(pass) t9 R3: begin present + end absent + body DRIFTED refuses, naming the region and the line [4.62ms]
(pass) t9 R4: end present + begin absent + body byte-equal re-brackets in place (all three pairs) [233.22ms]
(pass) t9 R5: end present + begin absent + NOTHING survived drops the orphan line and heals [97.17ms]
(pass) t9 (A): assertRegistryFormat refuses the OLD anchor format with the migration message [0.68ms]
(pass) t9 (A): the CLI refuses a pre-migration registry by name, and --write-registry still migrates [199.15ms]
(pass) t9: all four states of the ONLY shared seam heal byte-identically [324.17ms]
(pass) t9: a re-materialized tools.js is REFUSED, byte-untouched, with key counts unchanged [24.20ms]
(pass) t9: the targeted re-materialize shape (upstream twins restored at the literal) is REFUSED too [23.26ms]

packages/mpd-agent-teams-plugin/test/opt1-failed-dependency.test.mjs:
(pass) OPT-1: a FAILED dependency no longer blocks its dependent (three-state) [0.16ms]
(pass) OPT-1 reverse control: a RUNNING dependency still blocks exactly as before [0.22ms]
(pass) OPT-1: B stays CLAIMABLE after A fails, and its view names the failed dependency [21.23ms]
(pass) OPT-1: the captain-takeover path (reassign_task) also stops blocking on a failed dep [13.21ms]
(pass) OPT-1: B dispatches within the scheduler readiness path after A fails [0.13ms]
(pass) OPT-1: after A is retried to completed, B proceeds on the dependency result [6.42ms]

packages/mpd-agent-teams-plugin/test/opt2-residual-and-ordering.test.mjs:
{
  "workspace": "/root/dshProj/my-power-dsh",
  "stateRoot": "/root/dshProj/my-power-dsh/.mpd/team",
  "apply": false,
  "scanned": 6,
  "reclaimable": 0,
  "reclaimed": 0,
  "manifest": [
    {
      "teamId": "mpd-default",
      "phase": "running",
      "tasks": 75,
      "approved": true,
      "residual": false,
      "archived": false
    },
    {
      "teamId": "agent-teams-sidebar-migration",
      "phase": "running",
      "tasks": 10,
      "approved": true,
      "residual": false,
      "archived": false
    },
    {
      "teamId": "mpd-default-d92bc69a",
      "phase": "running",
      "tasks": 32,
      "approved": true,
      "residual": false,
      "archived": false
    },
    {
      "teamId": "mpd-default-e1f54e18",
      "phase": "running",
      "tasks": 18,
      "approved": true,
      "residual": false,
      "archived": false
    },
    {
      "teamId": "mpd-default-db53f0d4",
      "phase": "running",
      "tasks": 54,
      "approved": true,
      "residual": false,
      "archived": false
    },
    {
      "teamId": "mpd-default-84e50f06",
      "phase": "staged",
      "tasks": 8,
      "approved": false,
      "residual": false,
      "archived": false
    }
  ]
}
[reclaim-staged-teams] DRY RUN: 0 residual of 6 live team(s) (nothing changed)
(pass) OPT-2 classification: only empty staged unapproved teams are residual [0.15ms]
(pass) OPT-2: reclamation archives residue, protects live teams, and emits a manifest [50.19ms]
(pass) OPT-2: a dry run reclaims nothing [46.08ms]
(pass) OPT-2 ordering: the preset puts the gate BEFORE the sizing doctrine [0.30ms]

packages/mpd-agent-teams-plugin/test/workmate-key.test.ts:
(pass) workmateKey maps the five multi-word roster members to kebab keys [0.25ms]
(pass) workmateKey mirrors sanitizeName edge cases [0.09ms]

packages/mpd-agent-teams-plugin/test/r3-auto-reclaim.test.mjs:
(pass) R3 assertion 1: three stale empty staged teams are ARCHIVED, not deleted [4.19ms]
(pass) R3 assertion 2: staged-with-tasks, approved, and running teams are byte-identical [2.12ms]
(pass) R3 assertion 3: the calling session's OWN stale staged team is never archived [1.22ms]
(pass) R3: a FRESH staged team is not residue (age threshold is real) [2.32ms]
(pass) R3 assertion (contract): threshold 0 DISABLES the age gate but still protects live work [1.36ms]
(pass) R3: the threshold comes from config with a 1 h default [2.42ms]
(pass) F2 (t22 finalisation): panel view and contract view agree, and a claimable dependent is not blocked [7.66ms]

packages/mpd-agent-teams-plugin/test/session-start.test.ts:
(pass) policyEnabled: off disables unless the autoRoute gate is enabled [0.26ms]
(pass) policyQualifies: child sessions never qualify [0.41ms]
(pass) policyQualifies: allow-list scoping and preset-less coverage [0.20ms]
(pass) availableTeamId: free base, deterministic per-captain suffix, exhaustion [5.21ms]
(pass) notices carry the startup marker, mention the team, and are user-role messages [0.98ms]
(pass) complexity gate: both directions on the frozen prompt sets [3.14ms]
(pass) explicit flag is consumed out of the goal text [0.17ms]
(pass) routeDecision: off+autoRoute gates, auto/instruct keep the legacy paths [1.03ms]
(pass) spliceNotice inserts after the last claimed message and preserves the decision [0.42ms]

packages/mpd-agent-teams-plugin/test/t49-send-dedup-wiring.test.mjs:
(pass) R1 WIRING: two identical agent_teams_send_message calls -> ONE durable record (at-most-once) [8.99ms]
(pass) R1 WIRING NEGATIVE CONTROL: different content is NOT folded [5.06ms]
(pass) R1 WIRING: the captain path dedups too (both append sites are wired) [10.81ms]
(pass) R1 WIRING: two identical sends with live delivery DOWN -> the scheduler delivers exactly ONCE [6.75ms]
(pass) R1 SEAM: the scheduler's last delivery gate drops CLEARED tombstones [8.12ms]
(pass) R1 WIRING: two identical sends -> exactly ONE delivery and exactly ONE task assignment [6.57ms]
(pass) R1 WIRING: a duplicate send AFTER an acknowledged delivery cannot re-open it [3.94ms]

packages/mpd-agent-teams-plugin/test/update-task-diagnostics.test.mjs:
(pass) DEFECT 5: an OMITTED attempt_id is reported as required, never as stale ownership [6.45ms]
(pass) DEFECT 5: a PRESENT but mismatched attempt_id still reports stale ownership [2.82ms]
(pass) DEFECT 6: an omitted status is rejected instead of silently persisting the rest [2.51ms]
(pass) DEFECT 6: a blank or out-of-enum status is refused loudly, never persisted [2.63ms]
(pass) DEFECT 6: the tool contract marks status required and documents the minimal terminal call [2.27ms]
(pass) the happy path still works: status + current attempt_id completes the task [5.90ms]

packages/mpd-agent-teams-plugin/test/t53-dormant-expiry.test.mjs:
(pass) R1 DORMANT: a past-due request is expired and its requester TOLD without any scheduler kick [2.69ms]
(pass) R1 DORMANT NEGATIVE CONTROL: a request still inside its TTL is left ALONE [0.80ms]
(pass) R1 DORMANT NEGATIVE CONTROL: an empty/absent state root is a no-op, never a throw [0.55ms]
(pass) R1 DORMANT: the sweep is ONCE PER SESSION, not once per step [2.81ms]
(pass) R1 DORMANT: the SHIPPED session-start hook runs the sweep (and only the session's own workspace) [1.55ms]
(pass) R1 DORMANT: a failing sweep degrades to a warning and still returns the decision [0.71ms]
(pass) R1 DORMANT: room left for the durable side effect — the notice is an ordinary record [1.15ms]

packages/mpd-agent-teams-plugin/test/r1-message-channel.test.mjs:
(pass) R1 dedup: N identical sends in the window fold to ONE record with dupCount=N [2.25ms]
(pass) R1 dedup NEGATIVE CONTROL: same content, different from/to is NOT folded [0.89ms]
(pass) R1 dedup: a send OUTSIDE the 60 s window is a new record (window is real) [0.80ms]
(pass) R1 clear: archive-first tombstone + recoverable sidecar + audit event [2.05ms]
(pass) R1 clear NEGATIVE CONTROL: no hard-delete path — cleared bytes survive on disk [1.48ms]
(pass) R1 interjection: pending requests are NOT deliverable unread (negative control on the read path) [0.95ms]
(pass) R1 interjection: TTL silence is a DENY (status expired) [1.28ms]
(pass) R1 interjection: approval is recorded and cannot be re-decided [1.78ms]
(pass) REPAIR V1: a request WITHOUT content is NORMALIZED (never silently invisible) [1.15ms]
(pass) REPAIR V1: the content fallback priority is summary -> reason -> location [1.14ms]
(pass) REPAIR V1: identity is REQUIRED and rejected loudly, naming the field [0.71ms]
(pass) REPAIR V1: decide distinguishes MALFORMED-but-present from truly ABSENT [1.18ms]
(pass) REPAIR V1: a normalized request still expires on captain silence (default DENY usable) [2.44ms]
(pass) R1 SEAM: after a clear -> 0 unread and 0 deliverable (tombstones never re-open) [1.35ms]
(pass) R1 SEAM: a clear cannot RE-OPEN an acknowledged record [1.41ms]
(pass) R1: the decision vocabulary is CLOSED — anything but approved|rejected is named loudly [1.01ms]
(pass) R1: an APPROVED interjection is re-posted as an ORDINARY message to the requester [1.81ms]
(pass) R1: expiry notifies the requesting member with an ordinary message [1.26ms]

packages/mpd-agent-teams-plugin/test/export-bridge.test.mjs:
(pass) adopted client export bridge > registers under the adopted module id and keeps apply/inject [0.08ms]
(pass) adopted client export bridge > exposes every bridged symbol at load time [0.14ms]
(pass) adopted client export bridge > exports the panel CSS-module class map, not a renamed copy [0.08ms]
(pass) adopted client export bridge > carries every class the sidebar page renders, and the adopted archivedWrap quirk [0.20ms]
(pass) adopted client export bridge > locale dictionaries and monitor store survive the bridge [0.19ms]
(pass) adopted client export bridge > the bridge is purely additive: exports grow by exactly the pinned list [1.60ms]
(pass) adopted client export bridge > re-running the bridge is a no-op that leaves the file byte-identical [1.83ms]
(pass) adopted client export bridge > drift guard: an unknown symbol is reported as undeclared [1.05ms]
(pass) adopted client export bridge > a re-vendor re-applies the bridge [0.08ms]

packages/mpd-agent-teams-plugin/test/r3-view-parity.test.mjs:
(pass) F2: a dependent of a FAILED dependency is NOT rendered blocked in the panel view [0.25ms]
(pass) F2: panel view and task-contract view agree on the same team record [5.23ms]
(pass) F5: the schema default stateDir is the frozen .mpd/team [0.57ms]
(pass) F6: TEAM_TOOL_NAMES carries the frozen 14-name manual-entry set [0.55ms]

packages/mpd-agent-teams-plugin/test/r3-f1-signal-c.test.mjs:
(pass) F1: C requires its own 2-of-3 majority, and never appears as C1/C2/C3 top-level signals [0.20ms]
(pass) F1: no route from C1/C2/C3 as separate signals (the pre-fix false-positive shape) [0.14ms]
(pass) F1: the frozen two-sided prompt set still behaves 3 silent / 3 complex [0.98ms]
(pass) F1: a plan artifact is its own soft signal and reaches the gate [0.12ms]

packages/mpd-agent-teams-plugin/test/member-readonly-deny.test.mjs:
(pass) the profile parser normalizes `toolDeny` and rejects non-lists or empty entries [1.37ms]
(pass) the member spawn passes the member's deny list to the harness, merged with the captain-only denial [1.18ms]
(pass) the shipped `mpd` profile marks exactly the six read-only members with the canonical names [0.44ms]
(pass) `agent_teams_add_member` exposes `toolDeny` so a runtime-added member can be read-only too [1.94ms]

packages/mpd-agent-teams-plugin/test/backports.test.ts:
(pass) withTeamLock: settled locks release their queue entry > a completed lock leaves no queue entry behind [0.23ms]
(pass) withTeamLock: settled locks release their queue entry > a rejected mutation still releases its entry [0.19ms]
(pass) withTeamLock: settled locks release their queue entry > serialization is preserved and the last waiter cleans up [11.29ms]
(pass) blank optional task fields are normalized to absent > blank scalars are dropped and blank list entries are filtered [0.14ms]
(pass) blank optional task fields are normalized to absent > non-blank values pass through untouched [0.04ms]
(pass) blank optional task fields are normalized to absent > a legacy dirty record still loads instead of bricking the team [0.94ms]
(pass) Web routes: authentication fence and bounded body > a missing Connection service fails closed with 503 [0.46ms]
(pass) Web routes: authentication fence and bounded body > a rejected request never reaches the handler [0.22ms]
(pass) Web routes: authentication fence and bounded body > an admitted request runs the route handler unchanged [0.14ms]
(pass) Web routes: authentication fence and bounded body > readJsonRequest parses objects and refuses arrays, bad JSON, and oversized bodies [4.14ms]

packages/mpd-agent-teams-plugin/test/dispatch-stall-regression.test.mjs:
(pass) the approval-time kick delivers a ready root task to a member whose spawn turn is still running [3.03ms]
(pass) a second kick while the member is mid-turn does not duplicate the queued assignment, and says why [2.27ms]
(pass) the member's own idle edge after the queued assignment does not deliver it twice [122.53ms]
(pass) an idle edge that resolves no team logs the miss instead of returning silently [6.59ms]

packages/mpd-agent-teams-plugin/test/task-contract-tool.test.mjs:
(pass) DEFECT 3: a RUNNING task's contract is readable and matches what was declared [4.34ms]
(pass) DEFECT 3: the full agent-teams tool surface registers, with the contract tool among it [2.03ms]
(pass) DEFECT 3: the read-only surface is available to a member too and rejects unknown ids [5.01ms]

packages/mpd-agent-teams-plugin/test/r4-explicit-team.test.mjs:
(pass) R4: with no team yet the PLUGIN stages one (approval=required, zero members spawned) [4.29ms]
(pass) R4 ask-first: an existing STAGED team yields an inquiry, never a second team [1.15ms]
(pass) R4 silent-failure: an AMBIGUOUS session (two teams) warns instead of guessing [1.32ms]
(pass) R4 silent-failure: a missing profile roster warns instead of staying quiet [0.42ms]

packages/mpd-agent-teams-plugin/test/capabilities.test.ts:
(pass) agent-scoped AgentTeams instructions > the captain gets the activation prompt, the member gets member rules [1.23ms]
(pass) agent-scoped AgentTeams instructions > a member is denied every captain-only business tool [0.22ms]
(pass) agent-scoped AgentTeams instructions > cold-resumed members are recognized from the durable retired index [0.44ms]
(pass) agent-scoped AgentTeams instructions > a live team record decides membership without any spawn filter [0.57ms]
(pass) agent-scoped AgentTeams instructions > damaged state warns and falls back to the captain protocol instead of throwing [0.36ms]
(pass) agent-scoped AgentTeams instructions > agents created after install are attached on agent/session-start [0.20ms]

packages/mpd-agent-teams-plugin/test/harness-compat.test.ts:
(pass) queueMemberPrompt: delivery follows the host generation > 0.1.5-rc.2 host: the public prompt seam carries the team turn as a queued turn [0.37ms]
(pass) queueMemberPrompt: delivery follows the host generation > 0.1.5-rc.2 host: public sendMessage is never used for team work [0.14ms]
(pass) queueMemberPrompt: delivery follows the host generation > Alpha.5 … 0.1.2-rc.1 host: the symbol-keyed FIFO queue still carries the turn [0.27ms]
(pass) queueMemberPrompt: delivery follows the host generation > legacy host: the receiver-bound followup still wins when present [0.21ms]
(pass) queueMemberPrompt: delivery follows the host generation > neither contract: refuses instead of silently dropping the turn [0.21ms]
(pass) deliverToMember: the scheduler's wakeup path > 0.1.5-rc.2 runtime delivers through the public prompt seam and reports success [0.19ms]
(pass) deliverToMember: the scheduler's wakeup path > a host without any delivery contract reports failure instead of throwing [0.22ms]
(pass) installContinuableMemberSetup: setup follows the host generation > legacy host registers the seam directly, never the session-start listener [0.09ms]
(pass) installContinuableMemberSetup: setup follows the host generation > 0.1.5-rc.2 host: setup receives the live Agent and never reads childCtx.agent [0.46ms]
(pass) installContinuableMemberSetup: setup follows the host generation > a host without either seam degrades with a warning instead of aborting apply() [0.08ms]
(pass) sessionOwnEvents: child history excludes the inherited prefix > prefers the modern ownEvents() [0.11ms]
(pass) sessionOwnEvents: child history excludes the inherited prefix > legacy session logs are sliced at seedLength [0.05ms]
(pass) sessionOwnEvents: child history excludes the inherited prefix > an unreadable log is refused loudly [0.05ms]
(pass) retired-member guard covers every resumable face > 0.1.5-rc.2 host: the public prompt seam rejects a retired member and passes others [0.85ms]
(pass) retired-member guard covers every resumable face > Alpha.5 … 0.1.2-rc.1 host: the FIFO queue rejects a retired member and passes others [0.38ms]
(pass) retired-member guard covers every resumable face > legacy host: followup is guarded without inventing the method [0.32ms]
(pass) retired-member guard covers every resumable face > a runtime with no delivery face no longer pretends to guard one [0.10ms]

packages/mpd-agent-teams-plugin/test/t52-root-registration.test.mjs:
(pass) t52 COMPOSITION ROOT: apply() resolves a past-due request even with the team policy OFF [7.99ms]
(pass) t52 COMPOSITION ROOT NEGATIVE CONTROL: with no apply() the request stays pending [0.96ms]

packages/mpd-agent-teams-plugin/test/t52-interjection-tools.test.mjs:
(pass) t52: the three lane tools are REGISTERED on the shipped surface [2.56ms]
(pass) t52 CHAIN: member requests -> captain sees pending -> approves -> ordinary record for the requester [7.09ms]
(pass) t52 CHAIN: the approval reaches the REQUESTER's own session at the next idle edge — addressed, once, and nowhere else [4.73ms]
(pass) t52 CHAIN: the requester's own lane then records the approval once it is collected [3.48ms]
(pass) t52 AUTHZ: a MEMBER cannot decide — refused loudly, with a reason [2.42ms]
(pass) t52 AUTHZ: the decision vocabulary is closed AT THE TOOL BOUNDARY [4.50ms]
(pass) t52 AUTHZ: a member may clear ONLY its own mailbox [3.71ms]
(pass) t52 AUTHZ+F3: the captain may clear ANY mailbox, and a cleared record is not unread after [4.38ms]
(pass) t52 AUTHZ: the captain cannot clear a mailbox that does not exist [2.36ms]
(pass) t52 BOUNDARY: the request carries identity from the CALLER, never from an argument [4.98ms]

packages/mpd-agent-teams-plugin/test/scheduler-dispatch.test.ts:
(pass) scheduler dispatch across a dependency boundary > the first batch is delivered and dependents stay parked [2.55ms]
(pass) scheduler dispatch across a dependency boundary > completing the first batch dispatches the next batch to its idle members [2.69ms]
(pass) scheduler dispatch across a dependency boundary > a member's idle edge delivers its own newly unblocked task [5.89ms]
(pass) scheduler dispatch across a dependency boundary > a real delivery failure is reported, not swallowed as success [4.09ms]

packages/mpd-agent-teams-plugin/test/update-task-amend-lock-and-guards.test.mjs:
(pass) captain amend on a RUNNING task settles instead of self-deadlocking the team lock [5.63ms]
(pass) a MEMBER's amend is refused loudly instead of silently persisting nothing [3.04ms]
(pass) a terminal task refuses EVERY field change loudly, not just status/output [5.50ms]
(pass) a PENDING task is amendable (status enum accepts pending) and the amendment persists [3.36ms]
(pass) inScope/outOfScope are amendable by the captain (contract repair without a fail-and-re-run) [6.28ms]

packages/mpd-agent-teams-plugin/test/s1-s4-semantics.test.mjs:
(pass) S2: amending a definition re-runs the amended task and its TRANSITIVE DEPENDENTS only [6.99ms]
(pass) S2 falsifiability: a NO-OP amendment does not re-run anything [3.29ms]
(pass) S3: the scheduler's REAL readiness predicate never re-dispatches terminal work [0.58ms]
(pass) S4: a bounded notice reaches a RUNNING member without restarting its attempt [3.41ms]
(pass) S1: a terminal failed task is retryable and completed siblings keep their results [3.98ms]

packages/mpd-agent-teams-plugin/self-fix-tests/scope-semantics.test.mjs:

packages/mpd-agent-teams-plugin/self-fix-tests/scope-glob-and-contract.test.mjs:

packages/mpd-agent-teams-plugin/self-fix-tests/dispatch-stall-region.test.mjs:

packages/mpd-agent-teams-plugin/self-fix-tests/pool-capability-guard.test.mjs:

packages/mpd-agent-teams-plugin/self-fix-tests/quality-loop.test.mjs:

packages/mpd-agent-teams-plugin/self-fix-tests/registry-context-heal.test.mjs:

packages/mpd-agent-teams-plugin/test/opt1-failed-dependency.test.mjs:

packages/mpd-agent-teams-plugin/test/opt2-residual-and-ordering.test.mjs:

packages/mpd-agent-teams-plugin/test/workmate-key.test.ts:

packages/mpd-agent-teams-plugin/test/r3-auto-reclaim.test.mjs:

packages/mpd-agent-teams-plugin/test/session-start.test.ts:

packages/mpd-agent-teams-plugin/test/t49-send-dedup-wiring.test.mjs:

packages/mpd-agent-teams-plugin/test/update-task-diagnostics.test.mjs:

packages/mpd-agent-teams-plugin/test/t53-dormant-expiry.test.mjs:

packages/mpd-agent-teams-plugin/test/r1-message-channel.test.mjs:

packages/mpd-agent-teams-plugin/test/export-bridge.test.mjs:

packages/mpd-agent-teams-plugin/test/r3-view-parity.test.mjs:

packages/mpd-agent-teams-plugin/test/r3-f1-signal-c.test.mjs:

packages/mpd-agent-teams-plugin/test/member-readonly-deny.test.mjs:

packages/mpd-agent-teams-plugin/test/backports.test.ts:

packages/mpd-agent-teams-plugin/test/dispatch-stall-regression.test.mjs:

packages/mpd-agent-teams-plugin/test/task-contract-tool.test.mjs:

packages/mpd-agent-teams-plugin/test/r4-explicit-team.test.mjs:

packages/mpd-agent-teams-plugin/test/capabilities.test.ts:

packages/mpd-agent-teams-plugin/test/harness-compat.test.ts:

packages/mpd-agent-teams-plugin/test/t52-root-registration.test.mjs:

packages/mpd-agent-teams-plugin/test/t52-interjection-tools.test.mjs:

packages/mpd-agent-teams-plugin/test/scheduler-dispatch.test.ts:

packages/mpd-agent-teams-plugin/test/update-task-amend-lock-and-guards.test.mjs:

packages/mpd-agent-teams-plugin/test/s1-s4-semantics.test.mjs:

 220 pass
 0 fail
 1615 expect() calls
Ran 220 tests across 60 files. [6.03s]
exit=0

── raw/tests-watchdog.log ────────────────────────────────────────────────────────────────
bun test v1.3.14 (0d9b296a)

packages/mpd-team-watchdog-plugin/test/heartbeat.test.ts:
(pass) heartbeat store > a model step stamps the member AND the task the member owns [5.68ms]
(pass) heartbeat store > the captain is stamped under its own key by the same code path [0.82ms]
(pass) heartbeat store > an agent outside every team still stamps, under a per-session key [0.88ms]
(pass) heartbeat store > the POST tool hook stamps a completed tool call, never a pre-dispatch one [1.15ms]
(pass) heartbeat store > turn boundaries are stamped and an old generation is rotated away [3.15ms]
(pass) heartbeat store > timestamps advance across a turn (>= 3 distinct lastSeen values) [14.84ms]
(pass) heartbeat store > a torn last line does not hide the stamps before it [0.56ms]

packages/mpd-team-watchdog-plugin/test/holds.test.ts:
(pass) the mpdWatchdog reader (A2-1 option (b)) > an unknown team is not held, and a recorded hold makes it held [0.95ms]
(pass) the mpdWatchdog reader (A2-1 option (b)) > the file fallback answers for a hold ANOTHER process wrote (the cross-process caveat) [0.87ms]
[mpd-team-watchdog] applied: enabled=true warnSilenceMs=7200000 tickIntervalMs=3600000 warnStreakToEscalate=3 actionOnEscalate=pause stateDir=.mpd/team disposers=5 holdService=mpdWatchdog hydratedHolds=1
(pass) the mpdWatchdog reader (A2-1 option (b)) > hydrate at apply loads the holds that already exist on disk [2.06ms]
[mpd-team-watchdog] applied: enabled=true warnSilenceMs=7200000 tickIntervalMs=3600000 warnStreakToEscalate=3 actionOnEscalate=pause stateDir=.mpd/team disposers=5 holdService=mpdWatchdog hydratedHolds=0
(pass) the mpdWatchdog reader (A2-1 option (b)) > the documented gate call shape returns exactly what a decline gate branches on [1.79ms]
[mpd-team-watchdog] ctx.provide is unavailable — the hold reader is not published and the w7 gates stay fail-open
[mpd-team-watchdog] applied: enabled=true warnSilenceMs=7200000 tickIntervalMs=3600000 warnStreakToEscalate=3 actionOnEscalate=pause stateDir=.mpd/team disposers=5 holdService=none hydratedHolds=0
(pass) the mpdWatchdog reader (A2-1 option (b)) > FAIL-OPEN: a context without ctx.provide publishes no service, and the gate expression is simply false [0.53ms]
(pass) the mpdWatchdog reader (A2-1 option (b)) > never throws on a hostile path: the gates call it on every dispatch [0.39ms]
[mpd-team-watchdog] applied: enabled=true warnSilenceMs=7200000 tickIntervalMs=3600000 warnStreakToEscalate=3 actionOnEscalate=pause stateDir=.mpd/team disposers=5 holdService=mpdWatchdog hydratedHolds=0
(pass) the mpdWatchdog reader (A2-1 option (b)) > a mutation through the plugin's own actions keeps the reader in step, both ways [1.34ms]
(pass) the mpdWatchdog reader (A2-1 option (b)) > a direct applyResume with no registry argument still works (the registry is optional) [0.47ms]
[mpd-team-watchdog] knob watchdog.tickIntervalMs: must be < watchdog.warnSilenceMs (90000); clamped — using 30000
[mpd-team-watchdog] applied: enabled=true warnSilenceMs=90000 tickIntervalMs=30000 warnStreakToEscalate=3 actionOnEscalate=pause stateDir=.mpd/team disposers=5 holdService=mpdWatchdog hydratedHolds=0
[mpd-team-watchdog] WARN team-a task=t1 member=Architect silence=90001ms streak=1 hold=not-requested scene=/tmp/watchdog-test-FddpAu/.mpd/team/watchdog/scene/team-a/20260915T172639Z-warn.json
[mpd-team-watchdog] WARN team-a task=t1 member=Architect silence=90002ms streak=2 hold=not-requested scene=/tmp/watchdog-test-FddpAu/.mpd/team/watchdog/scene/team-a/20260915T172639Z-warn-2.json
[mpd-team-watchdog] ESCALATE team-a task=t1 member=Architect silence=90003ms streak=3 hold=applied scene=/tmp/watchdog-test-FddpAu/.mpd/team/watchdog/scene/team-a/20260915T172639Z-escalate.json
(pass) the engine keeps the reader in step with its own hold > an ESCALATE hold lands in the registry through the plugin's own tool action [9.55ms]
[mpd-team-watchdog] applied: enabled=true warnSilenceMs=7200000 tickIntervalMs=3600000 warnStreakToEscalate=3 actionOnEscalate=pause stateDir=.mpd/team disposers=5 holdService=mpdWatchdog hydratedHolds=0
[mpd-team-watchdog] WARN team-a task=t1 member=Architect silence=30001ms streak=1 hold=not-requested scene=/tmp/watchdog-test-HOUQst/.mpd/team/watchdog/scene/team-a/20260915T172539Z-warn.json
(pass) the engine keeps the reader in step with its own hold > a namespace that registers AFTER apply still tunes the tick (per-tick knob re-read) [1.71ms]
(pass) the mpdWatchdog service's front-door reads (w6b) > heldTeams lists the live hold index from disk, sorted, and answers [] with no store [0.60ms]
(pass) the mpdWatchdog service's front-door reads (w6b) > view / unread / acknowledge drive the durable watermark (byte-level) and never throw [2.29ms]
[mpd-team-watchdog] applied: enabled=true warnSilenceMs=7200000 tickIntervalMs=3600000 warnStreakToEscalate=3 actionOnEscalate=pause stateDir=.mpd/team disposers=5 holdService=mpdWatchdog hydratedHolds=0
(pass) the mpdWatchdog service's front-door reads (w6b) > the published service carries every front-door member, and holdService is still mpdWatchdog [0.66ms]

packages/mpd-team-watchdog-plugin/test/failsafe.test.ts:
(pass) AC-15 fail-safe > a throwing tick body is caught and counted, and the tick still returns [3.32ms]
[mpd-team-watchdog] applied: enabled=true warnSilenceMs=120000 tickIntervalMs=60000 warnStreakToEscalate=3 actionOnEscalate=pause stateDir=.mpd/team disposers=5 holdService=mpdWatchdog hydratedHolds=0
(pass) AC-15 fail-safe > exactly ONE interval owns the cadence, and a live cadence change replaces it [0.52ms]
(pass) AC-15 fail-safe > a tick with no state change writes nothing (no write loop) [2.37ms]
(pass) AC-15 fail-safe > an unwritable heartbeat location degrades to a counted failure [1.04ms]
[mpd-team-watchdog-test] WARN team-a task=t1 member=Architect silence=90001ms streak=1 hold=not-requested scene=/tmp/watchdog-test-gk57bh/.mpd/team/watchdog/scene/team-a/20260915T172639Z-warn.json
(pass) AC-15 fail-safe > a tick that starts while the previous one runs is skipped, never queued [1.58ms]
(pass) AC-15 fail-safe > the env kill switch makes the tick observe nothing at all [0.94ms]
[mpd-team-watchdog] disabled by configuration — no heartbeat tick will run
[mpd-team-watchdog] applied: enabled=false warnSilenceMs=7200000 tickIntervalMs=3600000 warnStreakToEscalate=3 actionOnEscalate=pause stateDir=.mpd/team disposers=5 holdService=mpdWatchdog hydratedHolds=0
(pass) AC-15 fail-safe > a row config kill switch also disables the engine [0.47ms]

packages/mpd-team-watchdog-plugin/test/sidecars.test.ts:
(pass) the hold sidecar > lives beside team.json and never changes a byte of it [0.79ms]
(pass) the hold sidecar > is idempotent by id: a second identical write changes no bytes [0.42ms]
(pass) the hold sidecar > re-applying a hold keeps the original id and since (the hold is not restarted) [0.46ms]
(pass) the hold sidecar > a resume of a non-held team is a no-op, and a second resume is a no-op [0.59ms]
(pass) the hold sidecar > a hold without a team_id is refused with a reason, never thrown [0.46ms]
(pass) incidents and the read watermark > a record per incident plus a watermark per reader [1.01ms]
[mpd-team-watchdog] applied: enabled=true warnSilenceMs=7200000 tickIntervalMs=3600000 warnStreakToEscalate=3 actionOnEscalate=pause stateDir=.mpd/team disposers=5 holdService=mpdWatchdog hydratedHolds=0
(pass) the plugin's own actions > apply() registers exactly the three actions on the adapter [0.80ms]
[mpd-team-watchdog] applied: enabled=true warnSilenceMs=7200000 tickIntervalMs=3600000 warnStreakToEscalate=3 actionOnEscalate=pause stateDir=.mpd/team disposers=5 holdService=mpdWatchdog hydratedHolds=0
(pass) the plugin's own actions > the hold and resume actions are reachable through the adapter's internal tool seam [1.16ms]

packages/mpd-team-watchdog-plugin/test/machine.test.ts:
(pass) knobs > an absent namespace resolves to the frozen defaults [0.12ms]
(pass) knobs > the watchdog section is read from the mpd namespace by its exact paths [0.24ms]
(pass) knobs > a cadence at or beyond the silence threshold is clamped loudly, not thrown [0.11ms]
(pass) knobs > a bad knob type falls back with a recorded issue [0.11ms]
(pass) knobs > the env kill switch forces the watchdog off [0.05ms]
(pass) the machine > exactly one WARN per silent tick, and the third WARN escalates once [0.37ms]
(pass) the machine > a new attemptId starts a clean streak [0.20ms]
(pass) the machine > any recent stamp resets the streak [0.13ms]
(pass) the machine > a claimed task whose owner never stamped is never-started, and never escalates [0.19ms]
(pass) the machine > a COMPLETED turn is not a wedge: a turn-end newest stamp never warns or escalates [0.21ms]
(pass) the machine > a stale streak is RESET by the boundary (the completed turn cannot spend it later) [0.28ms]
(pass) the machine > a disabled watchdog observes nothing [0.12ms]
[mpd-team-watchdog-test] WARN team-a task=t1 member=Architect silence=90001ms streak=1 hold=not-requested scene=/tmp/watchdog-test-9tQnzJ/.mpd/team/watchdog/scene/team-a/20260915T172639Z-warn.json
[mpd-team-watchdog-test] WARN team-a task=t1 member=Architect silence=90002ms streak=2 hold=not-requested scene=/tmp/watchdog-test-9tQnzJ/.mpd/team/watchdog/scene/team-a/20260915T172639Z-warn-2.json
[mpd-team-watchdog-test] the hold action was unreachable through the tool seam (unknown tool session-watchdog-hold) — falling back to a direct write
[mpd-team-watchdog-test] ESCALATE team-a task=t1 member=Architect silence=90003ms streak=3 hold=applied scene=/tmp/watchdog-test-9tQnzJ/.mpd/team/watchdog/scene/team-a/20260915T172639Z-escalate.json
(pass) the machine over a real team record > WARN then ESCALATE land on disk with the hold applied through the tool seam [5.68ms]
[mpd-team-watchdog-test] knobs re-read (enabled=true, warnSilenceMs=20000, tickIntervalMs=15000, warnStreakToEscalate=3, actionOnEscalate=pause)
[mpd-team-watchdog-test] WARN team-a task=t1 member=Architect silence=30001ms streak=1 hold=not-requested scene=/tmp/watchdog-test-Y4V3b0/.mpd/team/watchdog/scene/team-a/20260915T172539Z-warn.json
(pass) the machine over a real team record > a live knob change is picked up without a restart [1.99ms]

packages/mpd-team-watchdog-plugin/test/scene.test.ts:
(pass) the scene document > carries exactly the AC-5 field set [0.84ms]
(pass) the scene document > a halted team's adopted flags are carried verbatim beside the watchdog's own hold [0.45ms]
(pass) the scene document > write -> read round-trips byte-identically and a second identical write changes no bytes [0.91ms]
(pass) the scene document > a scene file name is unique per incident even inside one millisecond [0.59ms]
(pass) the scene document > isoBasic is a file-safe timestamp [0.08ms]
(pass) the scene document > mailboxUnread mirrors the adopted predicate (tombstones and read records are not unread) [0.42ms]
[mpd-team-watchdog-test] WARN team-a task=t1 member=Architect silence=90001ms streak=1 hold=not-requested scene=none
[mpd-team-watchdog-test] WARN team-a task=t1 member=Architect silence=90002ms streak=2 hold=not-requested scene=none
[mpd-team-watchdog-test] ESCALATE team-a task=t1 member=Architect silence=90003ms streak=3 hold=applied scene=none
(pass) an unwritable scene location > degrades LOUDLY, still attempts the hold and still records the incident [3.05ms]
(pass) an unwritable scene location > writeScene returns ok:false instead of throwing [0.46ms]

packages/mpd-team-watchdog-plugin/test/heartbeat.test.ts:

packages/mpd-team-watchdog-plugin/test/holds.test.ts:

packages/mpd-team-watchdog-plugin/test/failsafe.test.ts:

packages/mpd-team-watchdog-plugin/test/sidecars.test.ts:

packages/mpd-team-watchdog-plugin/test/machine.test.ts:

packages/mpd-team-watchdog-plugin/test/scene.test.ts:

 57 pass
 0 fail
 259 expect() calls
Ran 57 tests across 12 files. [263.00ms]
exit=0

── raw/tests-all.log ────────────────────────────────────────────────────────────────
bun test v1.3.14 (0d9b296a)

packages/mpd-mcp-shared/bin-resolve.test.mjs:
(pass) ast-grep: $MPD_AST_GREP_BIN_DIR tier wins and prefers ast-grep over sg [2.39ms]
(pass) ast-grep: a candidate that fails the ast-grep probe is skipped, never accepted by name [0.20ms]
(pass) ast-grep: createRequire tier resolves the packed optionalDependency [0.27ms]
(pass) ast-grep: <bundle>/.toolchain tier resolves the link: checkout layout [0.17ms]
(pass) ast-grep: precedence is bin-dir > require > toolchain [0.27ms]
(pass) ast-grep: nothing resolvable returns null and never throws [0.13ms]
(pass) codegraph: <bundle>/.toolchain tier resolves the link: checkout layout [0.43ms]
(pass) codegraph: createRequire tier reads the package's own bin entry [0.42ms]
(pass) bundleRootFrom: <bundle>/packages/<pkg>/launch.mjs -> <bundle> [0.07ms]
(pass) REAL toolchain probe: ast-grep passes, the deprecated sg wrapper fails [8.16ms]

packages/mpd-ulw-plugin/test/engine.test.ts:
(pass) engine policy: plan -> round -> verify -> quality gate with ledger [5.23ms]
(pass) engine alias and 2-fruitless-waves stop [0.56ms]
(pass) DeepSeek V4 / DSH contract: role text in prompt (no persona field), pro for planner/reviewer, compact handoff [0.85ms]

packages/mpd-memory-plugin/test/memory.test.ts:
(pass) git backend: write -> commit -> read -> reflection due [33.87ms]
(pass) svn backend REAL svn CLI: repo create, checkout, commit, log [98.46ms]
(pass) both vcs: commits to git and svn [142.14ms]
(pass) svn backend wiring with fake svn CLIs [13.87ms]

packages/mpd-config-plugin/test/settings-wiring.test.ts:
[mpd-config] settings bridge: registered the "mpd" namespace with the file-derived base (applies:'restart', design §10.1)
[mpd-config] settings bridge: migrated 1 saved settings value(s) into /tmp/mpd-wiring-posXXi/ws/.mpd/mpd.jsonc (marker bridge.migratedRevision=2).
(pass) namespace ownership (design §10.1): THIS package registers, with the file-derived base > one registration, applies:'restart', and the base is the FILE layer — never the resolved value [6.40ms]
[mpd-config] settings bridge: could not register the "mpd" namespace (settings namespace "mpd" is already registered) — the TUI fallback owns it now.
(pass) namespace ownership (design §10.1): THIS package registers, with the file-derived base > a refused registration names the host's reason and leaves the TUI fallback to own it [0.33ms]
[mpd-config] settings bridge: 2 live workspaces (/tmp/mpd-wiring-pMEOXw/ws, /tmp/mpd-wiring-Pmr9Bs/ws) — the namespace base is NOT derived from a file, because the file is per-workspace and the namespace is host-global; both front doors will show the schema defaults until exactly one workspace is live.
[mpd-config] settings bridge: registered the "mpd" namespace with the file-derived base (applies:'restart', design §10.1)
[mpd-config] settings bridge: saved to settings — NOT written to any file: 2 live workspaces, so the target is ambiguous. Candidates: /tmp/mpd-wiring-pMEOXw/ws, /tmp/mpd-wiring-Pmr9Bs/ws. Keep one session live, or edit that workspace's .mpd/mpd.jsonc directly.
[mpd-config] settings bridge: saved to settings — NOT written to any file: 2 live workspaces, so the target is ambiguous. Candidates: /tmp/mpd-wiring-pMEOXw/ws, /tmp/mpd-wiring-Pmr9Bs/ws. Keep one session live, or edit that workspace's .mpd/mpd.jsonc directly.
[mpd-config] settings bridge ambiguous-multi-root: {"writtenTo":[],"skipped":"ambiguous-multi-root","candidates":["/tmp/mpd-wiring-pMEOXw/ws","/tmp/mpd-wiring-Pmr9Bs/ws"],"results":[],"applies":"restart","source":"update","revision":2}
(pass) namespace ownership (design §10.1): THIS package registers, with the file-derived base > A3 'not a lost edit': with N roots refused, the READ-IN still resolves the new value for every workspace [1.20ms]
[mpd-config] settings bridge: registered the "mpd" namespace with the file-derived base (applies:'restart', design §10.1)
[mpd-config] settings bridge: migrated 1 saved settings value(s) into /tmp/mpd-wiring-oTEwtf/ws/.mpd/mpd.jsonc (marker bridge.migratedRevision=2).
(pass) read-in precedence (design §1.1/§10.4, U12) > L3 outranks the file layers, and a missing L3 key falls back to the file [1.08ms]
[mpd-config] settings bridge: registered the "mpd" namespace with the file-derived base (applies:'restart', design §10.1)
[mpd-config] settings bridge: migrated 1 saved settings value(s) into /tmp/mpd-wiring-vQmsvj/ws/.mpd/mpd.jsonc (marker bridge.migratedRevision=2).
(pass) read-in precedence (design §1.1/§10.4, U12) > the in-namespace marker never becomes config and never reaches the file [0.66ms]
[mpd-config] settings bridge: registered the "mpd" namespace with the file-derived base (applies:'restart', design §10.1)
(pass) read-in precedence (design §1.1/§10.4, U12) > with the namespace unserved the file layers still resolve (degraded, not fatal) [0.37ms]
[mpd-config] settings bridge: registered the "mpd" namespace with the file-derived base (applies:'restart', design §10.1)
[mpd-config] settings bridge WROTE: {"writtenTo":["/tmp/mpd-wiring-BO4NEK/ws/.mpd/mpd.jsonc"],"skipped":null,"candidates":[],"results":[{"root":"/tmp/mpd-wiring-BO4NEK/ws","file":"/tmp/mpd-wiring-BO4NEK/ws/.mpd/mpd.jsonc","outcome":"written"}],"applies":"restart","source":"update","revision":3}
[mpd-config] settings bridge: migrated 1 saved settings value(s) into /tmp/mpd-wiring-BO4NEK/ws/.mpd/mpd.jsonc (marker bridge.migratedRevision=2).
(pass) the write-back target rules (design §A.1/§10.5) > U1/A2: one live root — a front-door edit rewrites exactly that file, comments intact [1.73ms]
[mpd-config] settings bridge: registered the "mpd" namespace with the file-derived base (applies:'restart', design §10.1)
[mpd-config] settings bridge: migration deferred — no live session workspace to migrate into (nothing was written to process.cwd()).
[mpd-config] settings bridge: saved to settings — not yet written to any .mpd/mpd.jsonc (no live session). Start a session in the intended workspace to persist it.
[mpd-config] settings bridge no-live-session: {"writtenTo":[],"skipped":"no-live-session","candidates":[],"results":[],"applies":"restart","source":"update","revision":2}
(pass) the write-back target rules (design §A.1/§10.5) > U13: zero live roots writes NOTHING anywhere and says so [0.31ms]
[mpd-config] settings bridge: 2 live workspaces (/tmp/mpd-wiring-eH5PQw/ws, /tmp/mpd-wiring-dG4s35/ws) — the namespace base is NOT derived from a file, because the file is per-workspace and the namespace is host-global; both front doors will show the schema defaults until exactly one workspace is live.
[mpd-config] settings bridge: registered the "mpd" namespace with the file-derived base (applies:'restart', design §10.1)
[mpd-config] settings bridge: saved to settings — NOT written to any file: 2 live workspaces, so the target is ambiguous. Candidates: /tmp/mpd-wiring-eH5PQw/ws, /tmp/mpd-wiring-dG4s35/ws. Keep one session live, or edit that workspace's .mpd/mpd.jsonc directly.
[mpd-config] settings bridge: saved to settings — NOT written to any file: 2 live workspaces, so the target is ambiguous. Candidates: /tmp/mpd-wiring-eH5PQw/ws, /tmp/mpd-wiring-dG4s35/ws. Keep one session live, or edit that workspace's .mpd/mpd.jsonc directly.
[mpd-config] settings bridge ambiguous-multi-root: {"writtenTo":[],"skipped":"ambiguous-multi-root","candidates":["/tmp/mpd-wiring-eH5PQw/ws","/tmp/mpd-wiring-dG4s35/ws"],"results":[],"applies":"restart","source":"update","revision":2}
(pass) the write-back target rules (design §A.1/§10.5) > U14 must-fail-on-fanout: two live roots REFUSE, name both, and touch no file [0.58ms]
[mpd-config] settings bridge: registered the "mpd" namespace with the file-derived base (applies:'restart', design §10.1)
[mpd-config] settings bridge: write-back is DISABLED by config (settingsBridge.writeBack=false or MPD_DSH_TUI_SETTINGS_BRIDGE=off) — the settings value took effect, no file was written.
[mpd-config] settings bridge DISABLED: {"writtenTo":[],"skipped":"disabled","candidates":[],"results":[],"applies":"restart","source":"update","revision":2}
(pass) the write-back target rules (design §A.1/§10.5) > A6 negative control: the switch disables the FILE write only, never the value [0.59ms]
[mpd-config] settings bridge: registered the "mpd" namespace with the file-derived base (applies:'restart', design §10.1)
[mpd-config] settings bridge: write-back is DISABLED by config (settingsBridge.writeBack=false or MPD_DSH_TUI_SETTINGS_BRIDGE=off) — the settings value took effect, no file was written.
[mpd-config] settings bridge DISABLED: {"writtenTo":[],"skipped":"disabled","candidates":[],"results":[],"applies":"restart","source":"update","revision":2}
(pass) the write-back target rules (design §A.1/§10.5) > the design's flat key (`writeBack:false`) disables it too, and both spellings are reported [0.49ms]
[mpd-config] settings bridge: registered the "mpd" namespace with the file-derived base (applies:'restart', design §10.1)
[mpd-config] settings bridge: write-back is DISABLED by config (settingsBridge.writeBack=false or MPD_DSH_TUI_SETTINGS_BRIDGE=off) — the settings value took effect, no file was written.
[mpd-config] settings bridge DISABLED: {"writtenTo":[],"skipped":"disabled","candidates":[],"results":[],"applies":"restart","source":"update","revision":2}
(pass) the write-back target rules (design §A.1/§10.5) > the env lever disables it too (MPD_DSH_TUI_SETTINGS_BRIDGE=off) [0.53ms]
[mpd-config] settings bridge: registered the "mpd" namespace with the file-derived base (applies:'restart', design §10.1)
[mpd-config] settings bridge: migrated 1 saved settings value(s) into /tmp/mpd-wiring-q5xKPa/ws/.mpd/mpd.jsonc (marker bridge.migratedRevision=2).
(pass) the write-back target rules (design §A.1/§10.5) > a provider reload is a READ-IN only: it never echoes into a file write [0.66ms]
[mpd-config] settings bridge: registered the "mpd" namespace with the file-derived base (applies:'restart', design §10.1)
[mpd-config] settings bridge: migrated 1 saved settings value(s) into /tmp/mpd-wiring-t9wT2X/ws/.mpd/mpd.jsonc (marker bridge.migratedRevision=2).
(pass) the write-back target rules (design §A.1/§10.5) > a raw-section change with NO new leaf writes nothing (the loop gate) [0.56ms]
[mpd-config] settings bridge: registered the "mpd" namespace with the file-derived base (applies:'restart', design §10.1)
[mpd-config] settings bridge: migrated 1 saved settings value(s) into /tmp/mpd-wiring-WVC6EO/ws/.mpd/mpd.jsonc (marker bridge.migratedRevision=5).
(pass) migration (design §6, U15) > a pre-seeded user section migrates into the file once and records the marker [4.10ms]
[mpd-config] settings bridge: registered the "mpd" namespace with the file-derived base (applies:'restart', design §10.1)
(pass) migration (design §6, U15) > idempotence: a second boot at the recorded revision writes nothing [1.87ms]
[mpd-config] settings bridge: registered the "mpd" namespace with the file-derived base (applies:'restart', design §10.1)
[mpd-config] settings bridge: migration deferred — no live session workspace to migrate into (nothing was written to process.cwd()).
(pass) migration (design §6, U15) > with no live root the migration is DEFERRED and nothing is written to process.cwd() [1.53ms]
[mpd-config] settings bridge: 2 live workspaces (/tmp/mpd-wiring-r6aDwT/ws, /tmp/mpd-wiring-FV94oc/ws) — the namespace base is NOT derived from a file, because the file is per-workspace and the namespace is host-global; both front doors will show the schema defaults until exactly one workspace is live.
[mpd-config] settings bridge: registered the "mpd" namespace with the file-derived base (applies:'restart', design §10.1)
[mpd-config] settings bridge: saved to settings — NOT written to any file: 2 live workspaces, so the target is ambiguous. Candidates: /tmp/mpd-wiring-r6aDwT/ws, /tmp/mpd-wiring-FV94oc/ws. Keep one session live, or edit that workspace's .mpd/mpd.jsonc directly.
(pass) migration (design §6, U15) > two live roots defer the migration with the ambiguous reason, not a guess [1.54ms]
[mpd-config] settings bridge: registered the "mpd" namespace with the file-derived base (applies:'restart', design §10.1)
[mpd-config] settings bridge: migration did NOT complete (unparsable unparsable for /tmp/mpd-wiring-lKdVrq/ws/.mpd/mpd.jsonc); the settings document is left untouched so nothing is lost.
(pass) migration (design §6, U15) > a refusing target aborts the migration loudly and leaves the document alone [1.86ms]
[mpd-config] settings bridge: registered the "mpd" namespace with the file-derived base (applies:'restart', design §10.1)
[mpd-config] settings bridge WROTE: {"writtenTo":["/tmp/mpd-wiring-eezKpf/ws/.mpd/mpd.jsonc"],"skipped":null,"candidates":[],"results":[{"root":"/tmp/mpd-wiring-eezKpf/ws","file":"/tmp/mpd-wiring-eezKpf/ws/.mpd/mpd.jsonc","outcome":"written"}],"applies":"restart","source":"update","revision":6}
[mpd-config] settings bridge: migrated 1 saved settings value(s) into /tmp/mpd-wiring-eezKpf/ws/.mpd/mpd.jsonc (marker bridge.migratedRevision=5).
[mpd-config] settings bridge: a file edit won — cleared the overlapping settings override(s) ulw.maxRounds so the file's new value applies.
(pass) the §1.2 clearing rule (a fresh FILE edit wins over a stale override) > a file value the bridge recorded is unset from the user section under the revision fence [2.58ms]
[mpd-config] settings bridge: registered the "mpd" namespace with the file-derived base (applies:'restart', design §10.1)
(pass) the file-derived base under the captain's cardinality rule (§10.1 + ruling) > ONE live root: the base is that workspace's file (a file value that differs from the schema default) [0.34ms]
[mpd-config] settings bridge: registered the "mpd" namespace with the file-derived base (applies:'restart', design §10.1)
(pass) the file-derived base under the captain's cardinality rule (§10.1 + ruling) > ZERO live roots: the mount-time root is used, and no file there means an empty base (schema defaults) [0.15ms]
[mpd-config] settings bridge: 2 live workspaces (/tmp/mpd-wiring-wkEYjw/ws, /tmp/mpd-wiring-uT2Ftr/ws) — the namespace base is NOT derived from a file, because the file is per-workspace and the namespace is host-global; both front doors will show the schema defaults until exactly one workspace is live.
[mpd-config] settings bridge: registered the "mpd" namespace with the file-derived base (applies:'restart', design §10.1)
(pass) the file-derived base under the captain's cardinality rule (§10.1 + ruling) > N live roots: NO base is invented, the ambiguity is surfaced, and the schema defaults stand [0.53ms]

packages/mpd-config-plugin/test/config.test.ts:
(pass) stripJsonc removes comments and trailing commas [0.21ms]
(pass) stripJsonc keeps comments inside strings [0.03ms]
(pass) deepMerge project wins, nested merged, pollution safe [0.13ms]
[mpd-config] settings bridge: could not register the "mpd" namespace (settings service is unavailable) — the TUI fallback owns it now.
(pass) mpd_config_get result is lossless JSON for a missing key (value null, never undefined) [1.24ms]
[mpd-config] settings bridge: could not register the "mpd" namespace (settings service is unavailable) — the TUI fallback owns it now.
(pass) mpdConfig service get resolves dot-paths (consistent with mpd_config_get) [0.58ms]

packages/mpd-config-plugin/test/bridge.test.ts:
(pass) target set (design §A.1 — never a guessed root) > U14: exactly one live root is written; two live roots REFUSE and name both candidates [0.69ms]
(pass) target set (design §A.1 — never a guessed root) > U14 (must-fail-if-fanout): two live roots touch NO file, the settings write is untouched [0.51ms]
(pass) target set (design §A.1 — never a guessed root) > zero live roots writes NOTHING anywhere and reports no-live-session [0.08ms]
(pass) target set (design §A.1 — never a guessed root) > the negative-control switch refuses to write even with a live root [0.18ms]
(pass) happy paths > U1: a live root gets the value written with comments, order and trailing commas intact [0.50ms]
(pass) happy paths > U11: a missing target is created with the header comment, and a repeat run is unchanged [0.64ms]
(pass) happy paths > the writer reports per root when handed several targets (the DECIDER never hands it more than one) [0.95ms]
(pass) loud failure paths (design §B.2/§7) > U10: a read-only target is reported denied, byte-untouched, and names the file [0.30ms]
(pass) loud failure paths (design §B.2/§7) > U9: an unparsable target is skipped without writing a byte [0.26ms]
(pass) loud failure paths (design §B.2/§7) > a duplicate key in the target refuses with both line numbers and no write [0.39ms]
(pass) loud failure paths (design §B.2/§7) > U8: a human edit landing mid-write ends as conflict, leaving the human's bytes [0.60ms]
(pass) section leaves and the change diff > a front-door edit yields only the added/changed leaves; a reset yields none [0.20ms]
(pass) section leaves and the change diff > U12 helper: an unchanged section produces no write (the deep-equal gate cannot drop a raw change) [0.05ms]
(pass) leavesFromSection > only declared paths become leaves, and absent paths are skipped [0.13ms]
(pass) the settled duplicate-key ruling reaches the writer's report (nothing silent) > a duplicated leaf key is WRITTEN (last occurrence) and the per-root result carries the loud note [0.50ms]
(pass) the settled duplicate-key ruling reaches the writer's report (nothing silent) > a duplicated INTERMEDIATE is still refused byte-untouched [0.30ms]

packages/mpd-config-plugin/test/jsonc-edit.test.ts:
(pass) U1 byte fidelity > only the edited value span changes; comments, order, trailing comma and final newline survive [0.40ms]
(pass) U1 byte fidelity > an identical edit is a byte-level no-op (idempotence, U11) [0.11ms]
(pass) U2 escapes and decoded keys (E1) > a neighbouring escaped string is untouched and a dotted key matches decoded text [0.15ms]
(pass) U3/E6 nested insert > a missing intermediate object is materialised and appended as the LAST member [0.14ms]
(pass) U3/E6 nested insert > a missing leaf inside an existing object is appended as the last member [0.10ms]
(pass) U3/E6 nested insert > without the insert option a missing path refuses and returns no text [0.06ms]
(pass) U4/E3 deletion span arithmetic > deleting the only member leaves valid JSONC with no dangling comma [0.59ms]
(pass) U4/E3 deletion span arithmetic > deleting a middle member keeps the remaining members valid and ordered [0.17ms]
(pass) U5 arrays (E4) > replace, append and delete an element, including deleting to an empty array [0.52ms]
(pass) U6 duplicate keys — the settled ruling: SET updates the LAST, UNSET removes ALL > set: the LAST occurrence is updated, the first is byte-identical, and the note names every line [0.24ms]
(pass) U6 duplicate keys — the settled ruling: SET updates the LAST, UNSET removes ALL > set: a top-level duplicated leaf behaves the same way (the design's U6 fixture) [0.13ms]
(pass) U6 duplicate keys — the settled ruling: SET updates the LAST, UNSET removes ALL > set: a single occurrence carries NO note (nothing to warn about) [0.08ms]
(pass) U6 duplicate keys — the settled ruling: SET updates the LAST, UNSET removes ALL > unset: EVERY occurrence is removed, so the key is genuinely gone from the parsed document [0.16ms]
(pass) U6 duplicate keys — the settled ruling: SET updates the LAST, UNSET removes ALL > unset via the DELETE sentinel removes every occurrence too [0.12ms]
(pass) U6 duplicate keys — the settled ruling: SET updates the LAST, UNSET removes ALL > a duplicated INTERMEDIATE still refuses as `ambiguous-intermediate`, byte-untouched, for BOTH set and unset [0.14ms]
(pass) U7 CRLF (E7) > existing endings are preserved and an inserted line uses CRLF [0.27ms]
(pass) E3 trailing-comma style on insert > a document that uses a trailing comma does not gain a dangling or doubled comma [0.18ms]
(pass) U9 unparsable (E9) > a malformed document refuses with 'unparsable' and returns no text [0.30ms]
(pass) reader parity > stripJsoncText tolerates comments and trailing commas exactly like the shipped reader [0.07ms]
(pass) regression: the shipped reader's trailing-comma probe (found by these tests) > a trailing comma followed by a comment no longer breaks JSON.parse [0.07ms]
(pass) the design-named API surface (§10.2): locateValueSpan, DELETE, EditRefusal/EditResult > locateValueSpan proves the exact value span and reports the comma/eol facts [0.22ms]
(pass) the design-named API surface (§10.2): locateValueSpan, DELETE, EditRefusal/EditResult > locateValueSpan refuses with the named reasons instead of guessing [0.10ms]
(pass) the design-named API surface (§10.2): locateValueSpan, DELETE, EditRefusal/EditResult > the DELETE sentinel is accepted by surgicalEdit and equals surgicalDelete [0.11ms]

packages/mpd-roles-plugin/test/roles.test.ts:
(pass) roster: 11 roles, unique ids, non-empty chains and fields [0.15ms]
(pass) persona assets exist for every role and contain real instructions [0.67ms]
(pass) normalizeRoleKey: canonical, chain keys and legacy mpd- ids [0.14ms]
(pass) normalizeRoleKey: team-style normal names resolve to the same role as their id [0.33ms]
(pass) a one-shot spawn is labelled with the team-style normal name, not the id [2.37ms]
(pass) no surface advertises an upstream alias: names plus what a role does [2.94ms]
(pass) the roster tool payloads carry no id field (an alias is not part of a result) [1.22ms]
(pass) mpdRoles service: list 11, get resolves aliases, unknown is null [1.26ms]
(pass) mpd_role_persona returns the extracted persona text under the role's NAME [0.55ms]
(pass) mpd_role_spawn: read-only roles get write-deny toolFilter, workers none [1.05ms]
(pass) mpd_roles_list returns the full roster summary [0.58ms]
(pass) read-only deny list covers every write-capable tool (no shell/AST/LSP write bypass) [0.57ms]
(pass) read-only deny list carries no dead tool name (the defect that broke every read-only spawn) [0.05ms]
(pass) the same dead names must not reappear in the roles source or its built dist [0.37ms]
(pass) the built dist renders no role as `Name (upstream-alias)` [0.63ms]
(pass) roles and workmate read-only deny lists are exactly equal (drift guard) [0.27ms]
[mpd-ext] mpdExtensions provided (apiVersion 1) | tools: mpd_ext_list, mpd_ext_show, mpd_flow_list, mpd_flow_show | skill providers: mpd-ext:mpd-ext-example, mpd-ext:project-plane | project plane: <session workspace>/.mpd/extensions (per call)
(pass) extension roles: a real mpd-ext registration joins the roster with its owning extension [14.35ms]
[mpd-ext] mpdExtensions provided (apiVersion 1) | tools: mpd_ext_list, mpd_ext_show, mpd_flow_list, mpd_flow_show | skill providers: mpd-ext:mpd-ext-example, mpd-ext:project-plane | project plane: <session workspace>/.mpd/extensions (per call)
(pass) extension roles: resolved PER CALL — later registration and disabled extensions take effect next call [2.40ms]
[mpd-ext] mpdExtensions provided (apiVersion 1) | tools: mpd_ext_list, mpd_ext_show, mpd_flow_list, mpd_flow_show | skill providers: mpd-ext:mpd-ext-example, mpd-ext:project-plane | project plane: <session workspace>/.mpd/extensions (per call)
(pass) extension roles: a name colliding with a base role or another extension is refused loudly, never fatally [3.96ms]
[mpd-ext] mpdExtensions provided (apiVersion 1) | tools: mpd_ext_list, mpd_ext_show, mpd_flow_list, mpd_flow_show | skill providers: mpd-ext:mpd-ext-example, mpd-ext:project-plane | project plane: <session workspace>/.mpd/extensions (per call)
(pass) extension roles: usable as a workmate BASE template (real mpd_workmate_init) [3.22ms]
(pass) extension roles: an absent or broken mpdExtensions service leaves the base roster answering [2.16ms]
[mpd-ext] mpdExtensions provided (apiVersion 1) | tools: mpd_ext_list, mpd_ext_show, mpd_flow_list, mpd_flow_show | skill providers: mpd-ext:mpd-ext-example, mpd-ext:project-plane | project plane: <session workspace>/.mpd/extensions (per call)
(pass) extension roles do NOT enter the agent-teams `mpd` profile member list (documented limit) [1.50ms]
(pass) the built dist carries the extension-role wiring (a src-only change would ship dead) [0.27ms]
[mpd-ext] mpdExtensions provided (apiVersion 1) | tools: mpd_ext_list, mpd_ext_show, mpd_flow_list, mpd_flow_show | skill providers: mpd-ext:mpd-ext-example, mpd-ext:project-plane | project plane: <session workspace>/.mpd/extensions (per call)
(pass) extension roles: a PROJECT-plane extension's role is refused (the contract rejects it) [2.66ms]

packages/mpd-codegraph-plugin/src/index.test.ts:
(pass) O-1 apply-time project root > no session and no override falls back to process.cwd() [1.26ms]
(pass) O-1 apply-time project root > a session workspace (exec-less DSH_WORKSPACE_ROOT) beats the process cwd [0.62ms]
(pass) O-1 apply-time project root > the explicit project-cwd override wins over the session workspace [0.52ms]
(pass) O-1 apply-time project root > the status line names the session workspace, and the home skip still applies [0.32ms]
(pass) O-1 call-time /mpd-codegraph handler > resolves the invocation's session workspace, not the apply-time root [0.70ms]
(pass) O-1 call-time /mpd-codegraph handler > returns the harness CommandResult shape (kind), never the legacy success flag [0.35ms]
(pass) O-1 call-time /mpd-codegraph handler > re-resolves per invocation: two sessions, two targets [0.40ms]

packages/mpd-team-watchdog-plugin/test/heartbeat.test.ts:
(pass) heartbeat store > a model step stamps the member AND the task the member owns [3.27ms]
(pass) heartbeat store > the captain is stamped under its own key by the same code path [0.47ms]
(pass) heartbeat store > an agent outside every team still stamps, under a per-session key [0.59ms]
(pass) heartbeat store > the POST tool hook stamps a completed tool call, never a pre-dispatch one [0.73ms]
(pass) heartbeat store > turn boundaries are stamped and an old generation is rotated away [2.06ms]
(pass) heartbeat store > timestamps advance across a turn (>= 3 distinct lastSeen values) [14.55ms]
(pass) heartbeat store > a torn last line does not hide the stamps before it [0.45ms]

packages/mpd-team-watchdog-plugin/test/holds.test.ts:
(pass) the mpdWatchdog reader (A2-1 option (b)) > an unknown team is not held, and a recorded hold makes it held [0.89ms]
(pass) the mpdWatchdog reader (A2-1 option (b)) > the file fallback answers for a hold ANOTHER process wrote (the cross-process caveat) [0.61ms]
[mpd-team-watchdog] applied: enabled=true warnSilenceMs=7200000 tickIntervalMs=3600000 warnStreakToEscalate=3 actionOnEscalate=pause stateDir=.mpd/team disposers=5 holdService=mpdWatchdog hydratedHolds=1
(pass) the mpdWatchdog reader (A2-1 option (b)) > hydrate at apply loads the holds that already exist on disk [1.72ms]
[mpd-team-watchdog] applied: enabled=true warnSilenceMs=7200000 tickIntervalMs=3600000 warnStreakToEscalate=3 actionOnEscalate=pause stateDir=.mpd/team disposers=5 holdService=mpdWatchdog hydratedHolds=0
(pass) the mpdWatchdog reader (A2-1 option (b)) > the documented gate call shape returns exactly what a decline gate branches on [1.27ms]
[mpd-team-watchdog] ctx.provide is unavailable — the hold reader is not published and the w7 gates stay fail-open
[mpd-team-watchdog] applied: enabled=true warnSilenceMs=7200000 tickIntervalMs=3600000 warnStreakToEscalate=3 actionOnEscalate=pause stateDir=.mpd/team disposers=5 holdService=none hydratedHolds=0
(pass) the mpdWatchdog reader (A2-1 option (b)) > FAIL-OPEN: a context without ctx.provide publishes no service, and the gate expression is simply false [0.33ms]
(pass) the mpdWatchdog reader (A2-1 option (b)) > never throws on a hostile path: the gates call it on every dispatch [0.25ms]
[mpd-team-watchdog] applied: enabled=true warnSilenceMs=7200000 tickIntervalMs=3600000 warnStreakToEscalate=3 actionOnEscalate=pause stateDir=.mpd/team disposers=5 holdService=mpdWatchdog hydratedHolds=0
(pass) the mpdWatchdog reader (A2-1 option (b)) > a mutation through the plugin's own actions keeps the reader in step, both ways [0.93ms]
(pass) the mpdWatchdog reader (A2-1 option (b)) > a direct applyResume with no registry argument still works (the registry is optional) [0.29ms]
[mpd-team-watchdog] knob watchdog.tickIntervalMs: must be < watchdog.warnSilenceMs (90000); clamped — using 30000
[mpd-team-watchdog] applied: enabled=true warnSilenceMs=90000 tickIntervalMs=30000 warnStreakToEscalate=3 actionOnEscalate=pause stateDir=.mpd/team disposers=5 holdService=mpdWatchdog hydratedHolds=0
[mpd-team-watchdog] WARN team-a task=t1 member=Architect silence=90001ms streak=1 hold=not-requested scene=/tmp/watchdog-test-SQJmtp/.mpd/team/watchdog/scene/team-a/20260915T172618Z-warn.json
[mpd-team-watchdog] WARN team-a task=t1 member=Architect silence=90002ms streak=2 hold=not-requested scene=/tmp/watchdog-test-SQJmtp/.mpd/team/watchdog/scene/team-a/20260915T172618Z-warn-2.json
[mpd-team-watchdog] ESCALATE team-a task=t1 member=Architect silence=90003ms streak=3 hold=applied scene=/tmp/watchdog-test-SQJmtp/.mpd/team/watchdog/scene/team-a/20260915T172618Z-escalate.json
(pass) the engine keeps the reader in step with its own hold > an ESCALATE hold lands in the registry through the plugin's own tool action [6.97ms]
[mpd-team-watchdog] applied: enabled=true warnSilenceMs=7200000 tickIntervalMs=3600000 warnStreakToEscalate=3 actionOnEscalate=pause stateDir=.mpd/team disposers=5 holdService=mpdWatchdog hydratedHolds=0
[mpd-team-watchdog] WARN team-a task=t1 member=Architect silence=30001ms streak=1 hold=not-requested scene=/tmp/watchdog-test-Cd5R4C/.mpd/team/watchdog/scene/team-a/20260915T172518Z-warn.json
(pass) the engine keeps the reader in step with its own hold > a namespace that registers AFTER apply still tunes the tick (per-tick knob re-read) [1.53ms]
(pass) the mpdWatchdog service's front-door reads (w6b) > heldTeams lists the live hold index from disk, sorted, and answers [] with no store [0.59ms]
(pass) the mpdWatchdog service's front-door reads (w6b) > view / unread / acknowledge drive the durable watermark (byte-level) and never throw [1.57ms]
[mpd-team-watchdog] applied: enabled=true warnSilenceMs=7200000 tickIntervalMs=3600000 warnStreakToEscalate=3 actionOnEscalate=pause stateDir=.mpd/team disposers=5 holdService=mpdWatchdog hydratedHolds=0
(pass) the mpdWatchdog service's front-door reads (w6b) > the published service carries every front-door member, and holdService is still mpdWatchdog [0.70ms]

packages/mpd-team-watchdog-plugin/test/failsafe.test.ts:
(pass) AC-15 fail-safe > a throwing tick body is caught and counted, and the tick still returns [1.02ms]
[mpd-team-watchdog] applied: enabled=true warnSilenceMs=120000 tickIntervalMs=60000 warnStreakToEscalate=3 actionOnEscalate=pause stateDir=.mpd/team disposers=5 holdService=mpdWatchdog hydratedHolds=0
(pass) AC-15 fail-safe > exactly ONE interval owns the cadence, and a live cadence change replaces it [0.41ms]
(pass) AC-15 fail-safe > a tick with no state change writes nothing (no write loop) [2.04ms]
(pass) AC-15 fail-safe > an unwritable heartbeat location degrades to a counted failure [0.60ms]
[mpd-team-watchdog-test] WARN team-a task=t1 member=Architect silence=90001ms streak=1 hold=not-requested scene=/tmp/watchdog-test-6pCw6e/.mpd/team/watchdog/scene/team-a/20260915T172618Z-warn.json
(pass) AC-15 fail-safe > a tick that starts while the previous one runs is skipped, never queued [1.02ms]
(pass) AC-15 fail-safe > the env kill switch makes the tick observe nothing at all [0.72ms]
[mpd-team-watchdog] disabled by configuration — no heartbeat tick will run
[mpd-team-watchdog] applied: enabled=false warnSilenceMs=7200000 tickIntervalMs=3600000 warnStreakToEscalate=3 actionOnEscalate=pause stateDir=.mpd/team disposers=5 holdService=mpdWatchdog hydratedHolds=0
(pass) AC-15 fail-safe > a row config kill switch also disables the engine [0.38ms]

packages/mpd-team-watchdog-plugin/test/sidecars.test.ts:
(pass) the hold sidecar > lives beside team.json and never changes a byte of it [0.51ms]
(pass) the hold sidecar > is idempotent by id: a second identical write changes no bytes [0.25ms]
(pass) the hold sidecar > re-applying a hold keeps the original id and since (the hold is not restarted) [0.25ms]
(pass) the hold sidecar > a resume of a non-held team is a no-op, and a second resume is a no-op [0.32ms]
(pass) the hold sidecar > a hold without a team_id is refused with a reason, never thrown [0.32ms]
(pass) incidents and the read watermark > a record per incident plus a watermark per reader [0.61ms]
[mpd-team-watchdog] applied: enabled=true warnSilenceMs=7200000 tickIntervalMs=3600000 warnStreakToEscalate=3 actionOnEscalate=pause stateDir=.mpd/team disposers=5 holdService=mpdWatchdog hydratedHolds=0
(pass) the plugin's own actions > apply() registers exactly the three actions on the adapter [0.41ms]
[mpd-team-watchdog] applied: enabled=true warnSilenceMs=7200000 tickIntervalMs=3600000 warnStreakToEscalate=3 actionOnEscalate=pause stateDir=.mpd/team disposers=5 holdService=mpdWatchdog hydratedHolds=0
(pass) the plugin's own actions > the hold and resume actions are reachable through the adapter's internal tool seam [0.88ms]

packages/mpd-team-watchdog-plugin/test/machine.test.ts:
(pass) knobs > an absent namespace resolves to the frozen defaults [0.07ms]
(pass) knobs > the watchdog section is read from the mpd namespace by its exact paths [0.07ms]
(pass) knobs > a cadence at or beyond the silence threshold is clamped loudly, not thrown [0.06ms]
(pass) knobs > a bad knob type falls back with a recorded issue [0.07ms]
(pass) knobs > the env kill switch forces the watchdog off [0.03ms]
(pass) the machine > exactly one WARN per silent tick, and the third WARN escalates once [0.30ms]
(pass) the machine > a new attemptId starts a clean streak [0.11ms]
(pass) the machine > any recent stamp resets the streak [0.06ms]
(pass) the machine > a claimed task whose owner never stamped is never-started, and never escalates [0.09ms]
(pass) the machine > a COMPLETED turn is not a wedge: a turn-end newest stamp never warns or escalates [0.07ms]
(pass) the machine > a stale streak is RESET by the boundary (the completed turn cannot spend it later) [0.10ms]
(pass) the machine > a disabled watchdog observes nothing [0.04ms]
[mpd-team-watchdog-test] WARN team-a task=t1 member=Architect silence=90001ms streak=1 hold=not-requested scene=/tmp/watchdog-test-fdB51H/.mpd/team/watchdog/scene/team-a/20260915T172618Z-warn.json
[mpd-team-watchdog-test] WARN team-a task=t1 member=Architect silence=90002ms streak=2 hold=not-requested scene=/tmp/watchdog-test-fdB51H/.mpd/team/watchdog/scene/team-a/20260915T172618Z-warn-2.json
[mpd-team-watchdog-test] the hold action was unreachable through the tool seam (unknown tool session-watchdog-hold) — falling back to a direct write
[mpd-team-watchdog-test] ESCALATE team-a task=t1 member=Architect silence=90003ms streak=3 hold=applied scene=/tmp/watchdog-test-fdB51H/.mpd/team/watchdog/scene/team-a/20260915T172618Z-escalate.json
(pass) the machine over a real team record > WARN then ESCALATE land on disk with the hold applied through the tool seam [3.18ms]
[mpd-team-watchdog-test] knobs re-read (enabled=true, warnSilenceMs=20000, tickIntervalMs=15000, warnStreakToEscalate=3, actionOnEscalate=pause)
[mpd-team-watchdog-test] WARN team-a task=t1 member=Architect silence=30001ms streak=1 hold=not-requested scene=/tmp/watchdog-test-meBYbN/.mpd/team/watchdog/scene/team-a/20260915T172518Z-warn.json
(pass) the machine over a real team record > a live knob change is picked up without a restart [1.66ms]

packages/mpd-team-watchdog-plugin/test/scene.test.ts:
(pass) the scene document > carries exactly the AC-5 field set [0.74ms]
(pass) the scene document > a halted team's adopted flags are carried verbatim beside the watchdog's own hold [0.33ms]
(pass) the scene document > write -> read round-trips byte-identically and a second identical write changes no bytes [0.70ms]
(pass) the scene document > a scene file name is unique per incident even inside one millisecond [0.44ms]
(pass) the scene document > isoBasic is a file-safe timestamp [0.05ms]
(pass) the scene document > mailboxUnread mirrors the adopted predicate (tombstones and read records are not unread) [0.37ms]
[mpd-team-watchdog-test] WARN team-a task=t1 member=Architect silence=90001ms streak=1 hold=not-requested scene=none
[mpd-team-watchdog-test] WARN team-a task=t1 member=Architect silence=90002ms streak=2 hold=not-requested scene=none
[mpd-team-watchdog-test] ESCALATE team-a task=t1 member=Architect silence=90003ms streak=3 hold=applied scene=none
(pass) an unwritable scene location > degrades LOUDLY, still attempts the hold and still records the incident [2.60ms]
(pass) an unwritable scene location > writeScene returns ok:false instead of throwing [0.33ms]

packages/mpd-ext-plugin/test/core.test.ts:
(pass) apply registers exactly the four tools, no reload, and provides the mpdExtensions service [2.30ms]
[mpd-ext] FATAL: the harness seams this row registers through are unavailable (toolsRegister=false, skillsProvider=false) — the four tools and the skills provider will NOT be registered in this session. This row must declare inject: ["tools","skills"].
[mpd-ext] skill provider for "mpd-ext-example" not registered: mpd-dsh-adapter: harness service "skills" is unavailable — cannot register a skill provider
[mpd-ext] project-plane skill provider not registered: mpd-dsh-adapter: harness service "skills" is unavailable — cannot register a skill provider
[mpd-ext] tool "mpd_ext_list" not registered: mpd-dsh-adapter: harness service "tools" is unavailable — cannot register tool "mpd_ext_list"
[mpd-ext] tool "mpd_ext_show" not registered: mpd-dsh-adapter: harness service "tools" is unavailable — cannot register tool "mpd_ext_show"
[mpd-ext] tool "mpd_flow_list" not registered: mpd-dsh-adapter: harness service "tools" is unavailable — cannot register tool "mpd_flow_list"
[mpd-ext] tool "mpd_flow_show" not registered: mpd-dsh-adapter: harness service "tools" is unavailable — cannot register tool "mpd_flow_show"
[mpd-ext] FATAL: only 0/4 tools registered (missing: mpd_ext_list, mpd_ext_show, mpd_flow_list, mpd_flow_show) — the extension interface is NOT usable in this session; the row declares inject: ["tools","skills"], so check the harness seams above
[mpd-ext] skill provider for "hostile" not registered: skills seam gone
[mpd-ext] skill provider for "mpd-ext-example" not registered: skills seam gone
[mpd-ext] project-plane skill provider not registered: skills seam gone
[mpd-ext] tool "mpd_ext_list" not registered: tools seam gone
[mpd-ext] tool "mpd_ext_show" not registered: tools seam gone
[mpd-ext] tool "mpd_flow_list" not registered: tools seam gone
[mpd-ext] tool "mpd_flow_show" not registered: tools seam gone
[mpd-ext] FATAL: only 0/4 tools registered (missing: mpd_ext_list, mpd_ext_show, mpd_flow_list, mpd_flow_show) — the extension interface is NOT usable in this session; the row declares inject: ["tools","skills"], so check the harness seams above
(pass) apply contains a hostile harness: a throwing tool or skill seam never escapes apply [3.60ms]
(pass) the four tools emit values that satisfy their own output schemas [9.18ms]
(pass) mpd_ext_show and mpd_flow_show report an unknown id as an error naming the known ids [1.46ms]
(pass) descriptor validation rejects unknown keys, bad apiVersion, missing id, escapes and bad rank [0.57ms]
(pass) role provider/model must be paired and persona must stay inside the root [0.22ms]
(pass) effectiveEnabled follows disable > enable > descriptor [0.28ms]
(pass) discovery precedence is project > user > bundle and shadowing is recorded, never fatal [4.57ms]
[mpd-ext] bad-json (/tmp/mpd-ext-ws-tWcoQ3/.mpd/extensions/bad-json/mpd-ext.json) rejected: invalid JSON: JSON Parse error: Expected '}'
[mpd-ext] bad-version (/tmp/mpd-ext-ws-tWcoQ3/.mpd/extensions/bad-version/mpd-ext.json) rejected: apiVersion must equal 1 (got 9)
[mpd-ext] no-id (/tmp/mpd-ext-ws-tWcoQ3/.mpd/extensions/no-id/mpd-ext.json) rejected: id is required and must match ^[a-z0-9][a-z0-9-]{0,63}$
[mpd-ext] bad-json (/tmp/mpd-ext-ws-tWcoQ3/.mpd/extensions/bad-json/mpd-ext.json) rejected: invalid JSON: JSON Parse error: Expected '}'
[mpd-ext] bad-version (/tmp/mpd-ext-ws-tWcoQ3/.mpd/extensions/bad-version/mpd-ext.json) rejected: apiVersion must equal 1 (got 9)
[mpd-ext] no-id (/tmp/mpd-ext-ws-tWcoQ3/.mpd/extensions/no-id/mpd-ext.json) rejected: id is required and must match ^[a-z0-9][a-z0-9-]{0,63}$
(pass) a malformed manifest is reported per item and never aborts apply or another extension [2.92ms]
(pass) the project plane is re-read per call and never leaks across workspaces [2.61ms]
(pass) skill candidates are pre-validated: a bad candidate is skipped, warned and never emitted [2.63ms]
(pass) the provider pre-validates at emit time too, and reports the skip to the owner [0.41ms]
(pass) a loaded candidate is recorded on the extension when its items are unusable [0.68ms]
(pass) the project-plane skill provider resolves per call from provider.list({ cwd }) [2.33ms]
(pass) a skill provider never throws out of list()/get() when discovery fails [0.68ms]
(pass) provider names are unique by construction [0.16ms]
(pass) flows render into skill candidates and a flow id outside the skill grammar is rejected loudly [0.41ms]
(pass) a broken flow file is skipped and recorded while its siblings keep working [1.03ms]
(pass) config is read lazily per use: disable/enable are honoured after apply [4.30ms]
(pass) extensionConfig reads every extensions.* key lazily from mpdConfig (declared process-level limit) [0.32ms]
(pass) mcp.enabled=false is honoured per call and surfaced instead of silently pending [11.46ms]
(pass) a missing mpdConfig degrades to the documented defaults [2.51ms]
(pass) the code plane registers through ctx.get("mpdExtensions") and shares the same validation [2.58ms]
(pass) describe() answers the frozen descriptor shape for a known extension [2.21ms]
(pass) one broken extension of each kind leaves the good ones working [3.68ms]
(pass) mcp is pending until the bridge connects it, while roles are NEVER pending (t14/F3) [6.14ms]
(pass) t14/F3: a live roles contribution reports no pending item and no 'not yet exposed' claim [2.26ms]
(pass) t14/F4: a role colliding with a BASE roster name is refused with the roster's reason, in both paths [2.01ms]
(pass) t14/F4: an unreadable OR empty persona is refused, and the empty case is no longer accepted [1.75ms]
(pass) t14/F4: a CROSS-extension name collision refuses the LATER extension and names the holder [1.83ms]
(pass) t14: a disabled extension's declared roles are reported as not exposed, never as usable [1.53ms]
(pass) t14: refusal notes are idempotent — repeated calls neither duplicate nor lose them [1.63ms]
(pass) t14: the ext report and the ROSTER agree about every role (parity, measured against the resolver) [1.89ms]
(pass) t14: every spelling of a base roster name collides (case- and separator-insensitive) [1.38ms]
(pass) discoverPlane never throws for a missing root [0.17ms]
(pass) t16: the ext report and the ROSTER agree about a PROJECT-plane role (nothing usable, same reason) [1.77ms]
(pass) F4: a same-name skill claimed by two extensions is reported on the loser WITH the winner and both ranks [2.54ms]
(pass) F4: a claim the catalog resolves to a NON-extension provider is reported as not served [1.62ms]
[mpd-ext] skill candidate skipped: duplicate name "style-check" inside provider "mpd-ext:project-plane"
(pass) F4: a duplicate project-plane skill name is attributed to the PROJECT entry that claims it [2.07ms]
(pass) F5: a provider call with NO cwd serves nothing from the project plane (never process.cwd()) [1.28ms]
(pass) F5: a host-wide extension is still served when the caller names no workspace [0.99ms]
(pass) F6: mpd_ext_show redacts author-declared env VALUES in the echoed descriptor [1.36ms]
(pass) F7: a CONFIG-disabled extension claims no role name, so the next claimant is exposed [1.74ms]
(pass) F3: an enumeration failure is reported as an INCOMPLETE observation, never a cacheable empty catalog [0.39ms]
(pass) F5: with no cwd a host-wide extension is SERVED, not silently shadowed by a guessed workspace [1.36ms]

packages/mpd-ext-plugin/test/mcp.test.ts:
(pass) publicToolName replicates the harness algorithm: verbatim, sanitized+hashed, truncated+hashed [0.67ms]
(pass) childEnv inherits only the SDK safe list and never a credential-shaped parent variable [0.30ms]
(pass) the client completes initialize -> initialized -> tools/list against the repo's own stdio MCP server [110.72ms]
(pass) the client reports a non-JSON stdout line as a protocol error instead of dying [72.19ms]
[mpd-ext] extension "fixture-ext" mcp server "fixture": 1 tool(s) published
(pass) apply connects declared servers, publishes their tools before activation completes, and mpd_ext_show reports the state [46.74ms]
[mpd-ext] extension "half-ext" mcp server "fixture" unavailable: mcp-client(fixture): the server process exited (code=3, signal=null)
(pass) apply keeps the extension's pending line truthful while a server is disconnected [104.69ms]
(pass) startup failure is contained: a dead server is unavailable with its stderr tail while its sibling still connects [132.56ms]
[mpd-ext] extension "with-mcp" mcp server "srv" unavailable: mcp-client(srv): initialize timed out after 500ms
(pass) a hanging server is time-boxed and the others still publish in parallel [461.16ms]
(pass) a later tool-list change is swapped in, and a mid-list conflict rolls back to ZERO tools [92.03ms]
(pass) a server-initiated tools/list_changed notification triggers a re-sync [92.94ms]
(pass) a foreign inputSchema is projected for parameters while the wire schema stays untouched [71.04ms]
(pass) an unsupported outputSchema drops the SCHEMA and keeps the tool, while an unprojectable inputSchema skips its tool [71.96ms]
(pass) a non-object-rooted inputSchema is normalized onto an object root instead of being passed through [70.74ms]
(pass) a public-name collision with an existing tool skips that tool and is recorded [75.73ms]
(pass) tools/call maps content, structured content and isError onto the harness result contract [325.18ms]
(pass) the child env carries no credential-shaped variable inherited from the parent, and the child is reaped on dispose [69.70ms]
(pass) a disabled extension never spawns a child and reports state disabled [0.87ms]
(pass) extensions.mcp.enabled=false connects nothing even for an enabled extension [0.61ms]
(pass) a server's relative args and cwd resolve against the EXTENSION ROOT, not the dsh process cwd [76.05ms]
(pass) the shipped example's stdio MCP server starts, lists its tool and answers a real call [75.02ms]
(pass) the shipped example extension is discoverable, disabled, and contributes all four kinds [0.90ms]

packages/mpd-bundle-plugin/test/sidebar-tab.test.mjs:
(pass) client seam policy > declares only services this profile is guaranteed to mount [0.37ms]
(pass) client seam policy > never declares the sidebar statically (that would park the whole entry) [0.19ms]
(pass) client seam policy > waits for the sidebar through ctx.inject instead of a one-shot probe [0.05ms]
(pass) with DSH-better-sidebar installed > registers the AgentTeams page and the workmate library, and no legacy floater [0.13ms]
(pass) with DSH-better-sidebar installed > the adopted client half is never applied (it would re-register the removed surfaces) [0.03ms]
(pass) with DSH-better-sidebar installed > both tab descriptors are valid sidebar pages [0.25ms]
(pass) with DSH-better-sidebar installed > keeps the locale namespaces registered [0.02ms]
(pass) workmate page > renders the library from the host routes [9.03ms]
(pass) workmate page dictionaries > registers the workmate namespace with both dictionaries [0.94ms]
(pass) workmate page dictionaries > zh is the key-set source of truth and en matches it key for key (§L A7) [1.29ms]
(pass) workmate page dictionaries > the mutation surface is localized in BOTH languages, not hardcoded English [0.98ms]
(pass) workmate page dictionaries > the tab-strip label stays hardcoded English (contract §K, deliberate deferral) [1.00ms]
(pass) workmate failure reasons (§D) reach the page as readable messages > every reason code maps to a distinct, readable message [0.69ms]
(pass) workmate failure reasons (§D) reach the page as readable messages > an in-use refusal names the blocking team and member (§E, user decision D2) [0.23ms]
(pass) workmate failure reasons (§D) reach the page as readable messages > an unknown failure falls back to the server text, never to a raw reason key [0.08ms]
(pass) workmate page mutation controls > delete is an explicit two-step confirmation, never one destructive click (D1) [19.56ms]
(pass) workmate page mutation controls > purge cannot be submitted without typing the exact name (§D confirm-required) [28.44ms]
(pass) workmate page mutation controls > the archive confirmation posts that workmate and reports the archived outcome [16.31ms]
(pass) workmate page mutation controls > a rename posts { name, new_name } and follows the new key (§H no stale selection) [16.14ms]
(pass) workmate page mutation controls > an in-use refusal is shown with the blocking team/member, not a generic failure (§E) [16.64ms]
(pass) workmate page mutation controls > a 409 collision is reported as taken, and an unknown key drops the stale selection [16.00ms]
(pass) workmate page mutation controls > a same-key rename is refused locally and explains itself (t8 L1) [13.84ms]
(pass) workmate page mutation controls > a purge never reports itself as a plain delete (t8 L2) [0.83ms]
(pass) workmate page mutation controls > the zh reason strings are complete sentences without a stray gap (t8 L3) [0.57ms]
(pass) workmate page mutation controls > a detail load that fails stops claiming to load (t8 L4) [11.19ms]
(pass) without DSH-better-sidebar > registers no sidebar surface at all — there is no floating fallback [1.04ms]

packages/mpd-bundle-plugin/test/team-page.test.mjs:
(pass) AgentTeams sidebar tab descriptor > registers one single-instance tab with the pinned id and order [0.90ms]
(pass) AgentTeams sidebar tab descriptor > createTab mints a clean tab so the auto-open seed never lands on it [0.71ms]
(pass) AgentTeams sidebar tab descriptor > offers the auto-open switch as a plugin-owned setting [0.84ms]
(pass) AgentTeams page rendering > renders the conversation's teams, members, tasks and archived section [8.36ms]
(pass) AgentTeams page rendering > reproduces the floater's panel interior, class for class [5.61ms]
(pass) AgentTeams page rendering > the head's collapse control closes the sidebar panel through the store [6.99ms]
(pass) AgentTeams page rendering > a missing store still renders the same markup and never throws [5.52ms]
(pass) AgentTeams page rendering > the head's busy dot follows live member activity [12.04ms]
(pass) AgentTeams page rendering > renders the collapse glyph with the platform's own icon component [5.49ms]
(pass) AgentTeams page rendering > falls back to the identical inline chevron when the platform icons are absent [5.47ms]
(pass) AgentTeams page rendering > renders the archived section with the archived label [7.30ms]
(pass) AgentTeams page rendering > filters by the tab's own conversation scope [5.51ms]
(pass) AgentTeams page rendering > shows the floater's own empty hint inside the panel body [6.66ms]
(pass) AgentTeams page rendering > a hidden tab renders no live view (the sidebar CSS-hides collapsed tabs) [5.37ms]
(pass) AgentTeams page rendering > a failing host route degrades to the empty state instead of throwing [5.64ms]
(pass) AgentTeams page rendering > a rejecting poll shows a readable error notice, not a crash [7.35ms]
(pass) staged plan approval > passes a model directory to a staged team when the service provides one [5.82ms]
(pass) staged plan approval > a throwing directoryFor degrades instead of crashing the page [7.04ms]
(pass) badge and polling > badge reports the cached live-team count for its session only [5.89ms]
(pass) badge and polling > mounting the page twice keeps a single polling controller [7.76ms]
(pass) auto-open policy > opens the tab once, with NO content seed, for a team that appears after the baseline [2710.70ms]
(pass) auto-open policy > teams restored with the page never auto-open [2706.70ms]
[mpd-ext] extension "declare-all" mcp server "lint-mcp" unavailable: mcp-client(lint-mcp): initialize timed out after 10000ms
(pass) auto-open policy > the plugin switch turns auto-open off [2709.19ms]
(pass) auto-open policy > a disabled tab type is never auto-opened [2707.99ms]
(pass) boot safety > a missing page module degrades to one warning instead of throwing out of apply [2.11ms]
(pass) boot safety > without better-sidebar nothing is registered and nothing is warned about [1.25ms]

packages/mpd-bundle-plugin/test/sidebar-migration-artifact.test.mjs:
(pass) shipped bundle client after the AgentTeams sidebar migration > registers exactly the four loader modules: the sidebar page plus the isolated settings card [0.68ms]
(pass) shipped bundle client after the AgentTeams sidebar migration > carries the mpd export bridge with every pinned export [0.49ms]
(pass) shipped bundle client after the AgentTeams sidebar migration > no mpd client source registers a removed surface [0.69ms]
(pass) shipped bundle client after the AgentTeams sidebar migration > the page module keeps the pinned tab id and order [0.77ms]

packages/mpd-bundle-plugin/test/settings-card.test.mjs:
(pass) W2 (static): the BUILT and served client carries the registration > the shipped client registers the card into the keyed slot with key 'mpd' and a locale [0.57ms]
(pass) W2 (static): the BUILT and served client carries the registration > the mount is DEFERRED (ctx.inject) and the client still declares only the stable seams [0.44ms]
(pass) W2 (static): the BUILT and served client carries the registration > the disclosure copy is the same sentence the TUI states, and no stale claim survives [0.08ms]
(pass) the registration only happens when the settings scope is served > no settingsScope -> no entry, one warning-free degrade, no throw out of apply [1.18ms]
(pass) the registration only happens when the settings scope is served > settingsScope at apply -> one entry keyed by the namespace, carrying a locale and an inject face [2.30ms]
(pass) the registration only happens when the settings scope is served > a late-served settingsScope still mounts the card (provideService wakes the fiber) [1.13ms]
(pass) the card's form behaviour > it renders what the namespace reports (values, overridden marker, disclosure) and nothing invented [4.60ms]
(pass) the card's form behaviour > a save writes nested PATHS through scope.mutate with the revision fence [2.47ms]
(pass) the card's form behaviour > resetField asks for the file value (unset), and an invalid draft refuses to save [2.55ms]
(pass) the card's form behaviour > a read-only scope renders read-only with a reason and writes nothing [5.40ms]
(pass) isolation and front-door parity > web-client.js is the ONLY source that requires the card module, and the card does no I/O [0.71ms]
(pass) isolation and front-door parity > the card's eleven fields/labels/zh descriptions are IDENTICAL to the ONE shared declaration (no drift) [1.12ms]

packages/mpd-team-compact-plugin/test/compaction.test.mjs:
(pass) t48 F6 HINGE: every drive goes to the MEMBER's own scoped engine, never a host-plane one [3.12ms]
(pass) t48 F6 IDENTITY: the member engine and the host-plane engine are DIFFERENT objects [0.23ms]
(pass) t48 CAPTAIN EXCLUSION: the captain session is never driven [0.61ms]
(pass) t48 NEGATIVE CONTROL: a team with ONE non-terminal task is REFUSED, nothing is driven [0.48ms]
(pass) t48 NEGATIVE CONTROL: an empty task list is NOT 'finished' [0.37ms]
(pass) t48 BARRIER: a busy member defers the whole pass (wait semantics + timeout outcome) [5.47ms]
(pass) t48 BARRIER: an idle member is compacted once every member is idle [0.64ms]
(pass) t48 NULL IS NOT AN ERROR: a null result is recorded as no-safe-range [0.59ms]
(pass) t48 F5: an engine failure code and the lifecycle error class are classified DIFFERENTLY [0.47ms]
(pass) t48 F5: a lifecycle error mid-pass is recorded against the member and does not abort the pass [0.62ms]
(pass) t48 STAGED: a member with no session id is skipped EXPLICITLY, never silently [0.48ms]
(pass) t48 NOT-LIVE: a dormant team is recorded, not ignored [0.44ms]
(pass) t48 AUDIT: written under .mpd/team-compact and NEVER under .mpd/team [0.70ms]
(pass) t48 AUDIT: a second pass is a second FILE — an earlier destructive pass is never hidden [0.50ms]
(pass) t48 TERMINAL SET: taken from the owning plugin, not re-declared [1.08ms]
(pass) t48: listTeamIds ignores the archive directory and dotfiles [0.68ms]
(pass) t48: a malformed team record reads as undefined, never a throw [0.50ms]
(pass) t48 NO SILENT NOTIFICATION: the pass writes an audit and returns; it never messages a member [0.81ms]
(pass) t48 plugin: apply() registers both tools and subscribes to the status edge [0.55ms]
(pass) t48 plugin: every registered tool declares an OBJECT-ROOTED parameters schema [0.36ms]

packages/mpd-tui-plugin/test/state.test.ts:
(pass) state projection > reads the newest team record, the task ledger, boulder, plans and workmates [3.92ms]
(pass) state projection > a missing state tree degrades to empty sections without throwing [1.10ms]
(pass) state projection > a broken team record is reported as a note, not as a crash [1.25ms]
(pass) state projection > the status line is one bounded line [1.02ms]
(pass) sanitizer > accepts scalars only and drops everything else [0.27ms]
(pass) sanitizer > strips control characters and collapses whitespace [0.11ms]
(pass) sanitizer > clamps by terminal cell, not by code-unit count [0.29ms]
(pass) sanitizer > scalarLines bounds the line count and per-line width [1.81ms]
(pass) transcript renderers > every declared type has a renderer and maps a payload to text rows [0.73ms]
(pass) transcript renderers > renderers never throw and always emit strings, whatever the payload [1.19ms]
(pass) transcript renderers > renderer output is clamped (a huge payload cannot flood the transcript) [0.50ms]
(pass) log-only event registration > registerInto reports and mutates truthfully [0.28ms]
(pass) log-only event registration > candidateAnchors is deduplicated and never empty [0.56ms]
(pass) log-only event registration > appendBoardOpened refuses to write an unregistered type [0.65ms]
(pass) log-only event registration > a throwing session.append is contained [0.16ms]
[mpd-tui-test] info
[mpd-tui-test] warn
(pass) logging > never writes to stdout and falls back to stderr only for info/warn [1.06ms]

packages/mpd-tui-plugin/test/watchdog-frontdoor.test.ts:
(pass) watchdog front door — notice composition > the notice is COMPOSED into the value the status publisher emits, and disappears once the team is resumed [5.33ms]
(pass) watchdog front door — notice composition > watchdogNotice states the live condition and the replay separately; composeNotices joins providers [0.19ms]
(pass) watchdog front door — notice composition > heldTeams reads the durable hold index through the service, not a cache [0.78ms]
(pass) watchdog front door — dialog and acknowledge > the dialog carries the notice text and an acknowledge option, and acknowledging advances the watermark [1.47ms]
(pass) watchdog front door — dialog and acknowledge > a second start does not surface an acknowledged incident (the replay is watermark-driven) [1.25ms]
(pass) watchdog front door — dialog and acknowledge > choosing Later keeps the incident unread: the replay is permanent re-display BY DESIGN [0.64ms]
(pass) watchdog front door — dialog and acknowledge > the attach-time replay runs once, when BOTH the service and the dialog seam are composed [0.51ms]
(pass) watchdog front door — dialog and acknowledge > no dialog service and nothing unread are both no-ops (never a hang, never a phantom dialog) [0.39ms]
(pass) watchdog front door — dialog and acknowledge > readWatchdogView is a live read through the service (and empty without one) [0.54ms]
(pass) watchdog front door — the absent-service path > with no mpdWatchdog service: no notice, no dialog, no fake acknowledge, one warning — and apply does not throw [0.78ms]

packages/mpd-tui-plugin/test/plugin.test.ts:
(pass) plugin contract > exports name / Config (type + schema) / apply and NO default export [0.05ms]
(pass) plugin contract > every config key has a default in the schema [0.79ms]
(pass) plugin contract > the schema rejects a wrong type instead of silently dropping it [0.33ms]
(pass) plugin contract > resolveConfig defaults every key and repairs an invalid interval [0.29ms]
(pass) T4-INERT-1: activation requires the inject form > a ctx WITHOUT inject registers nothing, even when get() would answer [22.24ms]
(pass) T4-INERT-1: activation requires the inject form > with inject supported but no service composed, nothing is registered and nothing throws [0.47ms]
(pass) T4-INERT-1: activation requires the inject form > apply survives a throwing ctx.get and a ctx without effect() [0.36ms]
(pass) full composition (every service injected) > every seam activates through ctx.inject and reports an honest outcome [20.78ms]
(pass) full composition (every service injected) > cleanup runs on the injected scope: status cleared, registrations released [16.46ms]
(pass) full composition (every service injected) > each seam can be disabled by config, and disabling keeps apply inert [0.30ms]
(pass) honest outcomes (no disposer-type inference) > a refused shortcut registration is reported refused, never confirmed [0.71ms]
(pass) honest outcomes (no disposer-type inference) > a refused renderer registration is reported requested, never confirmed [0.42ms]
(pass) honest outcomes (no disposer-type inference) > a missing decision grant with a no-op disposer is refused, and the disposer is not called as a probe [0.49ms]
(pass) honest outcomes (no disposer-type inference) > a granted decision subscription is confirmed [0.37ms]
(pass) honest outcomes (no disposer-type inference) > without tuiPluginHost the seam is absent and no refusal is claimed [16.29ms]
(pass) honest outcomes (no disposer-type inference) > admin: the four intercept points are the only decision attempts [0.16ms]
(pass) /mpd command grammar (bare = picker, value = direct, status = print) > bare /mpd uses the picker, then applies the chosen action [27.19ms]
(pass) /mpd command grammar (bare = picker, value = direct, status = print) > bare /mpd falls back to the board when no dialog seam is composed [11.67ms]
(pass) /mpd command grammar (bare = picker, value = direct, status = print) > direct actions and the unknown-action error [48.50ms]
(pass) settings section disclosure (t21) > every mpd.jsonc-referencing hint states that a save is NOT bridged [0.27ms]
(pass) settings section disclosure (t21) > the marker itself says the save does not rewrite the config file [0.08ms]
(pass) the §D.2 runtime notice (a save with no live session workspace) > the notice constant is the design's exact sentence and matches the exported one [13.81ms]
(pass) the §D.2 runtime notice (a save with no live session workspace) > the status line publishes the notice only while the last write-back was skipped for no-live-session [42.45ms]

packages/mpd-tui-plugin/test/two-plugin-ownership.test.ts:
[mpd-config] settings bridge: registered the "mpd" namespace with the file-derived base (applies:'restart', design §10.1)
(pass) exactly ONE successful registration per composition (design §10.1) > mpd-config present: it registers, the TUI skips its fallback and says so [2.35ms]
(pass) exactly ONE successful registration per composition (design §10.1) > mpd-config present but its registration still pending: the fallback still yields (deterministic owner check) [0.42ms]
(pass) exactly ONE successful registration per composition (design §10.1) > mpd-config absent: the TUI's fallback registers the namespace (the composition still works) [0.44ms]
[mpd-config] settings bridge: could not register the "mpd" namespace (settings namespace "mpd" is already registered) — the TUI fallback owns it now.
(pass) exactly ONE successful registration per composition (design §10.1) > both plugins in ONE composition: still exactly one registration, whoever runs first [0.63ms]

packages/mpd-agent-teams-plugin/self-fix-tests/scope-semantics.test.mjs:
(pass) B5: a directory pattern covers its contents WITHOUT a trailing slash [1.51ms]
(pass) B5: trailing slash and non-trailing slash are equivalent [0.06ms]
(pass) B5: exact file patterns still match exactly, siblings and suffixes do not [0.05ms]
(pass) B5: root pattern matches everything; illegal/absolute patterns never match [0.06ms]
(pass) B5: classifyChangedPath — directory inScope covers files, outOfScope wins [0.28ms]
(pass) B6: completion reports ALL undeclared paths at once with the owning task id and a fix hint [0.59ms]
(pass) B6: completion passes when a directory pattern (no trailing slash) covers every changed path [0.08ms]

packages/mpd-agent-teams-plugin/self-fix-tests/scope-glob-and-contract.test.mjs:
(pass) DEFECT 1: a declared glob covers the files beneath it [1.95ms]
(pass) DEFECT 1 negative control: globs do not over-match [0.19ms]
(pass) DEFECT 1: every no-wildcard declaration keeps the pre-delta B5 semantics [0.15ms]
(pass) DEFECT 1: the completion gate accepts a glob-declared changedPath and still rejects an undeclared one [0.26ms]
(pass) DEFECT 2 reproduction: the pre-fix generator listed one path in BOTH lists [0.83ms]
(pass) DEFECT 2 fix: the finding's required path is CARVED OUT of the inherited prohibition [0.42ms]
(pass) DEFECT 2 fix, REAL wave-1 inputs (team mpd-default-7332aba4 t7 + t10): the required edit is in scope [0.73ms]
(pass) DEFECT 2 falsifiability: the contradiction guard must not reject legitimate carve-outs [0.17ms]
(pass) DEFECT 2 falsifiability: the write-task overlap guard is a real may-two-writers-touch-it relation [0.39ms]
(pass) durability: the guard refuses when a delta region is missing (observed failure) [5.05ms]
(pass) durability: the guard is idempotent on the real tree and restores a stripped tree [252.12ms]
(pass) F2: every t4-changed line in lib/quality-gates.js sits inside a registered mpd-delta region [59.75ms]
(pass) F3: healing a RE-MATERIALIZED upstream file refuses instead of emitting a broken module [3.67ms]
(pass) F3: a clean (region-carrying) tree still heals successfully [105.31ms]
(pass) F4: stripping every region and healing reproduces the canonical file byte-for-byte [106.71ms]
(pass) F4: the anchor-indent class is gone with the line keys [0.27ms]

packages/mpd-agent-teams-plugin/self-fix-tests/dispatch-stall-region.test.mjs:
(pass) t13: every dispatch-stall edit is region-registered (nothing unmarked survives a strip) [1.89ms]
(pass) t13: a re-materialized scheduler.js (upstream guard restored) is REFUSED byte-untouched [71.19ms]
(pass) t13: stripping every scheduler.js region heals byte-for-byte back to the canonical file [106.57ms]

packages/mpd-agent-teams-plugin/self-fix-tests/pool-capability-guard.test.mjs:
(pass) a pooled write task is LEFT IN THE POOL for a read-only member and reported [4.54ms]
(pass) a write-capable member still gets the pooled write task (the guard is not a blanket refusal) [0.13ms]
(pass) a member whose deny blocks nothing relevant is unaffected by an unrelated deny entry [0.09ms]
(pass) an EXPLICIT assignment is still dispatched to a restricted member, and says so [0.10ms]
(pass) a member's own ready task outranks a pooled task it could also run [0.07ms]
(pass) nothing executable is left: undefined, and every withheld candidate is reported [0.14ms]
(pass) the guard is region-registered and its replacement is REFUSED after a re-materialize [84.89ms]

packages/mpd-agent-teams-plugin/self-fix-tests/quality-loop.test.mjs:
(pass) Fix1: review auto-wires reviewedTaskId into dependencies (premature dispatch) [1.34ms]
(pass) Fix1: repair auto-wires sourceTaskId into dependencies [0.15ms]
(pass) Fix2 + OPT-1: cancelled and FAILED deps are non-blocking; pending still blocks [0.14ms]
(pass) Fix2: pending dependents blocked only by cancelled deps are cascaded (no deadlock) [0.52ms]
(pass) Fix3: planQualityFollowUp links reasonTaskId and reason reaches the repair prompt [1.52ms]
(pass) Fix4: reject without a completed source notifies the captain only (no repair, no escalation) [0.12ms]
(pass) Fix4: genuine reject of a completed source still escalates [0.06ms]
(pass) Fix3b: reasonTaskId / reassignReason survive task validation [0.21ms]
(pass) Fix3c: assignmentPrompt renders reassignReason and captain guidance digest [0.41ms]

packages/mpd-agent-teams-plugin/self-fix-tests/registry-context-heal.test.mjs:
(pass) t2: strip-healing ALL adopted files from the same state is byte-identical [175.41ms]
(pass) t2: a stripped tools.js heals byte-for-byte and the task-contract region lands at its canonical line [115.30ms]
(pass) t2: quality-gates.js strip-heal stays byte-identical (no trade between the two files) [86.71ms]
(pass) t2: a region heals to its canonical position under partial insertion histories [2317.84ms]
(pass) t2: every colliding pair is a real prefix collision (the fixture is meaningful) [3.75ms]
(pass) t2: a nested colliding pair resolves the OUTER region to its OWN end marker [0.24ms]
(pass) t2: intact control — the resolved span equals the independently grepped lines [5.07ms]
(pass) t2: a dangling outer END marker is a partially stripped region, never a half-open pair [25.17ms]
(pass) t2: a dangling outer BEGIN marker is a partially stripped region, never a half-open pair [26.40ms]
(pass) t2: --write re-brackets a partially stripped region byte-faithfully (both dangling shapes) [569.96ms]
(pass) t2: the registry carries context pairs and no line-keyed anchor fields [0.66ms]
(pass) t9 R1: both markers present but inverted is the ONLY row that may say 'half-open marker pair' [3.68ms]
(pass) t9 R2: begin present + end absent + body byte-equal re-brackets in place (all three pairs) [255.45ms]
(pass) t9 R3: begin present + end absent + body DRIFTED refuses, naming the region and the line [4.71ms]
(pass) t9 R4: end present + begin absent + body byte-equal re-brackets in place (all three pairs) [234.90ms]
(pass) t9 R5: end present + begin absent + NOTHING survived drops the orphan line and heals [96.00ms]
(pass) t9 (A): assertRegistryFormat refuses the OLD anchor format with the migration message [0.60ms]
(pass) t9 (A): the CLI refuses a pre-migration registry by name, and --write-registry still migrates [187.24ms]
(pass) t9: all four states of the ONLY shared seam heal byte-identically [314.55ms]
(pass) t9: a re-materialized tools.js is REFUSED, byte-untouched, with key counts unchanged [22.54ms]
(pass) t9: the targeted re-materialize shape (upstream twins restored at the literal) is REFUSED too [25.40ms]

packages/mpd-agent-teams-plugin/test/opt1-failed-dependency.test.mjs:
(pass) OPT-1: a FAILED dependency no longer blocks its dependent (three-state) [1.12ms]
(pass) OPT-1 reverse control: a RUNNING dependency still blocks exactly as before [0.25ms]
(pass) OPT-1: B stays CLAIMABLE after A fails, and its view names the failed dependency [26.88ms]
(pass) OPT-1: the captain-takeover path (reassign_task) also stops blocking on a failed dep [14.30ms]
(pass) OPT-1: B dispatches within the scheduler readiness path after A fails [0.19ms]
(pass) OPT-1: after A is retried to completed, B proceeds on the dependency result [8.82ms]

packages/mpd-agent-teams-plugin/test/opt2-residual-and-ordering.test.mjs:
{
  "workspace": "/root/dshProj/my-power-dsh",
  "stateRoot": "/root/dshProj/my-power-dsh/.mpd/team",
  "apply": false,
  "scanned": 6,
  "reclaimable": 0,
  "reclaimed": 0,
  "manifest": [
    {
      "teamId": "mpd-default",
      "phase": "running",
      "tasks": 75,
      "approved": true,
      "residual": false,
      "archived": false
    },
    {
      "teamId": "agent-teams-sidebar-migration",
      "phase": "running",
      "tasks": 10,
      "approved": true,
      "residual": false,
      "archived": false
    },
    {
      "teamId": "mpd-default-d92bc69a",
      "phase": "running",
      "tasks": 32,
      "approved": true,
      "residual": false,
      "archived": false
    },
    {
      "teamId": "mpd-default-e1f54e18",
      "phase": "running",
      "tasks": 18,
      "approved": true,
      "residual": false,
      "archived": false
    },
    {
      "teamId": "mpd-default-db53f0d4",
      "phase": "running",
      "tasks": 54,
      "approved": true,
      "residual": false,
      "archived": false
    },
    {
      "teamId": "mpd-default-84e50f06",
      "phase": "staged",
      "tasks": 8,
      "approved": false,
      "residual": false,
      "archived": false
    }
  ]
}
[reclaim-staged-teams] DRY RUN: 0 residual of 6 live team(s) (nothing changed)
(pass) OPT-2 classification: only empty staged unapproved teams are residual [1.40ms]
(pass) OPT-2: reclamation archives residue, protects live teams, and emits a manifest [46.02ms]
(pass) OPT-2: a dry run reclaims nothing [47.76ms]
(pass) OPT-2 ordering: the preset puts the gate BEFORE the sizing doctrine [0.41ms]

packages/mpd-agent-teams-plugin/test/workmate-key.test.ts:
(pass) workmateKey maps the five multi-word roster members to kebab keys [0.92ms]
(pass) workmateKey mirrors sanitizeName edge cases [0.09ms]

packages/mpd-agent-teams-plugin/test/r3-auto-reclaim.test.mjs:
(pass) R3 assertion 1: three stale empty staged teams are ARCHIVED, not deleted [3.51ms]
(pass) R3 assertion 2: staged-with-tasks, approved, and running teams are byte-identical [1.74ms]
(pass) R3 assertion 3: the calling session's OWN stale staged team is never archived [1.01ms]
(pass) R3: a FRESH staged team is not residue (age threshold is real) [2.32ms]
(pass) R3 assertion (contract): threshold 0 DISABLES the age gate but still protects live work [1.40ms]
(pass) R3: the threshold comes from config with a 1 h default [2.50ms]
(pass) F2 (t22 finalisation): panel view and contract view agree, and a claimable dependent is not blocked [6.42ms]

packages/mpd-agent-teams-plugin/test/session-start.test.ts:
(pass) policyEnabled: off disables unless the autoRoute gate is enabled [0.12ms]
(pass) policyQualifies: child sessions never qualify [0.19ms]
(pass) policyQualifies: allow-list scoping and preset-less coverage [0.08ms]
(pass) availableTeamId: free base, deterministic per-captain suffix, exhaustion [2.94ms]
(pass) notices carry the startup marker, mention the team, and are user-role messages [0.68ms]
(pass) complexity gate: both directions on the frozen prompt sets [1.34ms]
(pass) explicit flag is consumed out of the goal text [0.11ms]
(pass) routeDecision: off+autoRoute gates, auto/instruct keep the legacy paths [0.87ms]
(pass) spliceNotice inserts after the last claimed message and preserves the decision [0.56ms]

packages/mpd-agent-teams-plugin/test/t49-send-dedup-wiring.test.mjs:
(pass) R1 WIRING: two identical agent_teams_send_message calls -> ONE durable record (at-most-once) [10.44ms]
(pass) R1 WIRING NEGATIVE CONTROL: different content is NOT folded [5.96ms]
(pass) R1 WIRING: the captain path dedups too (both append sites are wired) [6.74ms]
(pass) R1 WIRING: two identical sends with live delivery DOWN -> the scheduler delivers exactly ONCE [9.75ms]
(pass) R1 SEAM: the scheduler's last delivery gate drops CLEARED tombstones [8.63ms]
(pass) R1 WIRING: two identical sends -> exactly ONE delivery and exactly ONE task assignment [10.34ms]
(pass) R1 WIRING: a duplicate send AFTER an acknowledged delivery cannot re-open it [5.84ms]

packages/mpd-agent-teams-plugin/test/update-task-diagnostics.test.mjs:
(pass) DEFECT 5: an OMITTED attempt_id is reported as required, never as stale ownership [6.65ms]
(pass) DEFECT 5: a PRESENT but mismatched attempt_id still reports stale ownership [2.80ms]
(pass) DEFECT 6: an omitted status is rejected instead of silently persisting the rest [2.52ms]
(pass) DEFECT 6: a blank or out-of-enum status is refused loudly, never persisted [2.76ms]
(pass) DEFECT 6: the tool contract marks status required and documents the minimal terminal call [2.37ms]
(pass) the happy path still works: status + current attempt_id completes the task [7.78ms]

packages/mpd-agent-teams-plugin/test/t53-dormant-expiry.test.mjs:
(pass) R1 DORMANT: a past-due request is expired and its requester TOLD without any scheduler kick [3.14ms]
(pass) R1 DORMANT NEGATIVE CONTROL: a request still inside its TTL is left ALONE [0.85ms]
(pass) R1 DORMANT NEGATIVE CONTROL: an empty/absent state root is a no-op, never a throw [0.57ms]
(pass) R1 DORMANT: the sweep is ONCE PER SESSION, not once per step [6.59ms]
(pass) R1 DORMANT: the SHIPPED session-start hook runs the sweep (and only the session's own workspace) [3.13ms]
(pass) R1 DORMANT: a failing sweep degrades to a warning and still returns the decision [0.82ms]
(pass) R1 DORMANT: room left for the durable side effect — the notice is an ordinary record [1.14ms]

packages/mpd-agent-teams-plugin/test/r1-message-channel.test.mjs:
(pass) R1 dedup: N identical sends in the window fold to ONE record with dupCount=N [1.69ms]
(pass) R1 dedup NEGATIVE CONTROL: same content, different from/to is NOT folded [1.09ms]
(pass) R1 dedup: a send OUTSIDE the 60 s window is a new record (window is real) [0.88ms]
(pass) R1 clear: archive-first tombstone + recoverable sidecar + audit event [3.95ms]
(pass) R1 clear NEGATIVE CONTROL: no hard-delete path — cleared bytes survive on disk [1.26ms]
(pass) R1 interjection: pending requests are NOT deliverable unread (negative control on the read path) [0.97ms]
(pass) R1 interjection: TTL silence is a DENY (status expired) [1.35ms]
(pass) R1 interjection: approval is recorded and cannot be re-decided [1.78ms]
(pass) REPAIR V1: a request WITHOUT content is NORMALIZED (never silently invisible) [1.13ms]
(pass) REPAIR V1: the content fallback priority is summary -> reason -> location [1.16ms]
(pass) REPAIR V1: identity is REQUIRED and rejected loudly, naming the field [0.74ms]
(pass) REPAIR V1: decide distinguishes MALFORMED-but-present from truly ABSENT [2.04ms]
(pass) REPAIR V1: a normalized request still expires on captain silence (default DENY usable) [1.34ms]
(pass) R1 SEAM: after a clear -> 0 unread and 0 deliverable (tombstones never re-open) [3.08ms]
(pass) R1 SEAM: a clear cannot RE-OPEN an acknowledged record [1.52ms]
(pass) R1: the decision vocabulary is CLOSED — anything but approved|rejected is named loudly [1.28ms]
(pass) R1: an APPROVED interjection is re-posted as an ORDINARY message to the requester [1.54ms]
(pass) R1: expiry notifies the requesting member with an ordinary message [1.11ms]

packages/mpd-agent-teams-plugin/test/export-bridge.test.mjs:
(pass) adopted client export bridge > registers under the adopted module id and keeps apply/inject [0.09ms]
(pass) adopted client export bridge > exposes every bridged symbol at load time [0.16ms]
(pass) adopted client export bridge > exports the panel CSS-module class map, not a renamed copy [0.10ms]
(pass) adopted client export bridge > carries every class the sidebar page renders, and the adopted archivedWrap quirk [0.18ms]
(pass) adopted client export bridge > locale dictionaries and monitor store survive the bridge [0.17ms]
(pass) adopted client export bridge > the bridge is purely additive: exports grow by exactly the pinned list [1.59ms]
(pass) adopted client export bridge > re-running the bridge is a no-op that leaves the file byte-identical [2.42ms]
(pass) adopted client export bridge > drift guard: an unknown symbol is reported as undeclared [1.07ms]
(pass) adopted client export bridge > a re-vendor re-applies the bridge [0.08ms]

packages/mpd-agent-teams-plugin/test/r3-view-parity.test.mjs:
(pass) F2: a dependent of a FAILED dependency is NOT rendered blocked in the panel view [1.10ms]
(pass) F2: panel view and task-contract view agree on the same team record [4.41ms]
(pass) F5: the schema default stateDir is the frozen .mpd/team [0.54ms]
(pass) F6: TEAM_TOOL_NAMES carries the frozen 14-name manual-entry set [0.63ms]

packages/mpd-agent-teams-plugin/test/r3-f1-signal-c.test.mjs:
(pass) F1: C requires its own 2-of-3 majority, and never appears as C1/C2/C3 top-level signals [0.23ms]
(pass) F1: no route from C1/C2/C3 as separate signals (the pre-fix false-positive shape) [0.10ms]
(pass) F1: the frozen two-sided prompt set still behaves 3 silent / 3 complex [1.50ms]
(pass) F1: a plan artifact is its own soft signal and reaches the gate [0.13ms]

packages/mpd-agent-teams-plugin/test/member-readonly-deny.test.mjs:
(pass) the profile parser normalizes `toolDeny` and rejects non-lists or empty entries [2.52ms]
(pass) the member spawn passes the member's deny list to the harness, merged with the captain-only denial [1.90ms]
(pass) the shipped `mpd` profile marks exactly the six read-only members with the canonical names [0.61ms]
(pass) `agent_teams_add_member` exposes `toolDeny` so a runtime-added member can be read-only too [2.16ms]

packages/mpd-agent-teams-plugin/test/backports.test.ts:
(pass) withTeamLock: settled locks release their queue entry > a completed lock leaves no queue entry behind [0.17ms]
(pass) withTeamLock: settled locks release their queue entry > a rejected mutation still releases its entry [0.16ms]
(pass) withTeamLock: settled locks release their queue entry > serialization is preserved and the last waiter cleans up [11.60ms]
(pass) blank optional task fields are normalized to absent > blank scalars are dropped and blank list entries are filtered [0.20ms]
(pass) blank optional task fields are normalized to absent > non-blank values pass through untouched [0.06ms]
(pass) blank optional task fields are normalized to absent > a legacy dirty record still loads instead of bricking the team [0.87ms]
(pass) Web routes: authentication fence and bounded body > a missing Connection service fails closed with 503 [0.54ms]
(pass) Web routes: authentication fence and bounded body > a rejected request never reaches the handler [0.18ms]
(pass) Web routes: authentication fence and bounded body > an admitted request runs the route handler unchanged [0.14ms]
(pass) Web routes: authentication fence and bounded body > readJsonRequest parses objects and refuses arrays, bad JSON, and oversized bodies [3.42ms]

packages/mpd-agent-teams-plugin/test/dispatch-stall-regression.test.mjs:
(pass) the approval-time kick delivers a ready root task to a member whose spawn turn is still running [3.85ms]
(pass) a second kick while the member is mid-turn does not duplicate the queued assignment, and says why [2.08ms]
(pass) the member's own idle edge after the queued assignment does not deliver it twice [123.18ms]
(pass) an idle edge that resolves no team logs the miss instead of returning silently [6.04ms]

packages/mpd-agent-teams-plugin/test/task-contract-tool.test.mjs:
(pass) DEFECT 3: a RUNNING task's contract is readable and matches what was declared [4.06ms]
(pass) DEFECT 3: the full agent-teams tool surface registers, with the contract tool among it [2.08ms]
(pass) DEFECT 3: the read-only surface is available to a member too and rejects unknown ids [3.30ms]

packages/mpd-agent-teams-plugin/test/r4-explicit-team.test.mjs:
(pass) R4: with no team yet the PLUGIN stages one (approval=required, zero members spawned) [5.81ms]
(pass) R4 ask-first: an existing STAGED team yields an inquiry, never a second team [1.53ms]
(pass) R4 silent-failure: an AMBIGUOUS session (two teams) warns instead of guessing [1.41ms]
(pass) R4 silent-failure: a missing profile roster warns instead of staying quiet [0.40ms]

packages/mpd-agent-teams-plugin/test/capabilities.test.ts:
(pass) agent-scoped AgentTeams instructions > the captain gets the activation prompt, the member gets member rules [1.37ms]
(pass) agent-scoped AgentTeams instructions > a member is denied every captain-only business tool [0.27ms]
(pass) agent-scoped AgentTeams instructions > cold-resumed members are recognized from the durable retired index [0.39ms]
(pass) agent-scoped AgentTeams instructions > a live team record decides membership without any spawn filter [0.91ms]
(pass) agent-scoped AgentTeams instructions > damaged state warns and falls back to the captain protocol instead of throwing [0.37ms]
(pass) agent-scoped AgentTeams instructions > agents created after install are attached on agent/session-start [0.23ms]

packages/mpd-agent-teams-plugin/test/harness-compat.test.ts:
(pass) queueMemberPrompt: delivery follows the host generation > 0.1.5-rc.2 host: the public prompt seam carries the team turn as a queued turn [0.47ms]
(pass) queueMemberPrompt: delivery follows the host generation > 0.1.5-rc.2 host: public sendMessage is never used for team work [0.19ms]
(pass) queueMemberPrompt: delivery follows the host generation > Alpha.5 … 0.1.2-rc.1 host: the symbol-keyed FIFO queue still carries the turn [0.34ms]
(pass) queueMemberPrompt: delivery follows the host generation > legacy host: the receiver-bound followup still wins when present [0.23ms]
(pass) queueMemberPrompt: delivery follows the host generation > neither contract: refuses instead of silently dropping the turn [0.28ms]
(pass) deliverToMember: the scheduler's wakeup path > 0.1.5-rc.2 runtime delivers through the public prompt seam and reports success [0.25ms]
(pass) deliverToMember: the scheduler's wakeup path > a host without any delivery contract reports failure instead of throwing [0.22ms]
(pass) installContinuableMemberSetup: setup follows the host generation > legacy host registers the seam directly, never the session-start listener [0.11ms]
(pass) installContinuableMemberSetup: setup follows the host generation > 0.1.5-rc.2 host: setup receives the live Agent and never reads childCtx.agent [0.57ms]
(pass) installContinuableMemberSetup: setup follows the host generation > a host without either seam degrades with a warning instead of aborting apply() [0.08ms]
(pass) sessionOwnEvents: child history excludes the inherited prefix > prefers the modern ownEvents() [0.12ms]
(pass) sessionOwnEvents: child history excludes the inherited prefix > legacy session logs are sliced at seedLength [0.05ms]
(pass) sessionOwnEvents: child history excludes the inherited prefix > an unreadable log is refused loudly [0.06ms]
(pass) retired-member guard covers every resumable face > 0.1.5-rc.2 host: the public prompt seam rejects a retired member and passes others [1.14ms]
(pass) retired-member guard covers every resumable face > Alpha.5 … 0.1.2-rc.1 host: the FIFO queue rejects a retired member and passes others [0.37ms]
(pass) retired-member guard covers every resumable face > legacy host: followup is guarded without inventing the method [0.35ms]
(pass) retired-member guard covers every resumable face > a runtime with no delivery face no longer pretends to guard one [0.11ms]

packages/mpd-agent-teams-plugin/test/t52-root-registration.test.mjs:
(pass) t52 COMPOSITION ROOT: apply() resolves a past-due request even with the team policy OFF [7.21ms]
(pass) t52 COMPOSITION ROOT NEGATIVE CONTROL: with no apply() the request stays pending [0.62ms]

packages/mpd-agent-teams-plugin/test/t52-interjection-tools.test.mjs:
(pass) t52: the three lane tools are REGISTERED on the shipped surface [2.76ms]
(pass) t52 CHAIN: member requests -> captain sees pending -> approves -> ordinary record for the requester [8.23ms]
(pass) t52 CHAIN: the approval reaches the REQUESTER's own session at the next idle edge — addressed, once, and nowhere else [5.29ms]
(pass) t52 CHAIN: the requester's own lane then records the approval once it is collected [4.58ms]
(pass) t52 AUTHZ: a MEMBER cannot decide — refused loudly, with a reason [5.32ms]
(pass) t52 AUTHZ: the decision vocabulary is closed AT THE TOOL BOUNDARY [3.57ms]
(pass) t52 AUTHZ: a member may clear ONLY its own mailbox [4.58ms]
(pass) t52 AUTHZ+F3: the captain may clear ANY mailbox, and a cleared record is not unread after [4.16ms]
(pass) t52 AUTHZ: the captain cannot clear a mailbox that does not exist [4.13ms]
(pass) t52 BOUNDARY: the request carries identity from the CALLER, never from an argument [3.61ms]

packages/mpd-agent-teams-plugin/test/scheduler-dispatch.test.ts:
(pass) scheduler dispatch across a dependency boundary > the first batch is delivered and dependents stay parked [3.02ms]
(pass) scheduler dispatch across a dependency boundary > completing the first batch dispatches the next batch to its idle members [2.95ms]
(pass) scheduler dispatch across a dependency boundary > a member's idle edge delivers its own newly unblocked task [5.77ms]
(pass) scheduler dispatch across a dependency boundary > a real delivery failure is reported, not swallowed as success [2.65ms]

packages/mpd-agent-teams-plugin/test/update-task-amend-lock-and-guards.test.mjs:
(pass) captain amend on a RUNNING task settles instead of self-deadlocking the team lock [9.14ms]
(pass) a MEMBER's amend is refused loudly instead of silently persisting nothing [3.15ms]
(pass) a terminal task refuses EVERY field change loudly, not just status/output [4.00ms]
(pass) a PENDING task is amendable (status enum accepts pending) and the amendment persists [3.43ms]
(pass) inScope/outOfScope are amendable by the captain (contract repair without a fail-and-re-run) [5.58ms]

packages/mpd-agent-teams-plugin/test/s1-s4-semantics.test.mjs:
(pass) S2: amending a definition re-runs the amended task and its TRANSITIVE DEPENDENTS only [5.71ms]
(pass) S2 falsifiability: a NO-OP amendment does not re-run anything [3.04ms]
(pass) S3: the scheduler's REAL readiness predicate never re-dispatches terminal work [0.51ms]
(pass) S4: a bounded notice reaches a RUNNING member without restarting its attempt [5.51ms]
(pass) S1: a terminal failed task is retryable and completed siblings keep their results [5.06ms]

packages/mpd-boulder-plugin/test/boulder.test.ts:
(pass) session ids are dsh-prefixed by default [0.16ms]
(pass) start, timer, complete lifecycle [2.52ms]
(pass) plan progress parses TODOs and verification wave [0.92ms]
(pass) mpd_boulder_status omits planProgress when null (lossless JSON contract) [1.75ms]

packages/mpd-workmate-plugin/test/workmate.test.ts:
(pass) sanitizeName / capText / autoNote / scoreMatch units [1.75ms]
(pass) init → list → reflect → match lifecycle with a sandbox HOME [5.37ms]
(pass) spawn carries persona+memory+note, reflect instruction, readonly deny, own route [2.16ms]
(pass) workmate library root is under HOME and not in cwd [0.42ms]

packages/mpd-workmate-plugin/test/rename-delete.test.ts:
(pass) rename moves the evolved identity and preserves every byte of it [3.76ms]
(pass) renamedFrom accumulates, dedupes, survives a later reflect and is capped [4.38ms]
(pass) A5 note rule: only a LEADING autoNote prefix is rewritten, a custom note keeps its bytes [1.65ms]
(pass) invalid names are rejected BEFORE any filesystem call, on both argument positions [1.93ms]
(pass) same-key rename and case-only rename are refused with no side effect (M2) [0.79ms]
(pass) the library ROOT can never be addressed as an instance (§B) [0.82ms]
(pass) collision guard: ANY lstat hit on the target is a 409 collision and nothing is overwritten (M5) [1.05ms]
(pass) a symlinked instance directory is refused, not resolved (§H) [0.81ms]
(pass) unknown and orphan directories are never touched (M3), repeat delete is 404 [1.20ms]
(pass) delete archives by default: hidden immediately, restorable, index key dropped [1.71ms]
(pass) purge requires confirm === name, then removes the instance for good (D1) [1.33ms]
(pass) a READONLY instance is a valid mutation target: library administration, not self-editing (M1) [0.92ms]
(pass) delete never touches another workmate's bytes and leaves no partial instance [1.48ms]
(pass) in-use gate: a name a team member holds blocks BOTH the rename target and the source (§E, A6) [2.22ms]
(pass) busyTeams reads <cwd>/.mpd/team, skips archived teams and non-directory entries, fails open [0.71ms]
(pass) A3: a stale meta.name cannot shadow the directory key, and a legacy key cannot resurrect a dir [1.67ms]
(pass) an interrupted rename is rolled back: no half-moved instance, the key stays addressable [1.14ms]
(pass) a throwing spawn releases the in-use counter, so it cannot block a later rename [1.24ms]
(pass) no registered output schema uses a type ARRAY, and every surface reports archived: null on purge [3.74ms]
(pass) routes: §D status/reason matrix, headers, no path leakage [4.65ms]
(pass) a headless profile stays tool-only: no webServer, no route work, tools still function [0.88ms]
(pass) the mutation tools' declared output schemas accept the values they return (t15) [17.03ms]
(pass) the OLD return shape is rejected by the harness validator, so this lock can actually fail (t15) [5.83ms]
(pass) the workmate deny list denies bash and the write-capable MCP tools, and carries no dead name [1.03ms]

packages/mpd-dsh-adapter-plugin/test/adapter.test.ts:
(pass) capabilities > reports every seam of a full harness [0.42ms]
(pass) capabilities > reports absent seams without throwing [0.11ms]
(pass) tool plane > registerTool normalizes schema, render and the (args, exec) call shape [0.50ms]
(pass) tool plane > registerTool keeps a caller-supplied schema and render [0.11ms]
(pass) tool plane > services resolve through ctx.get OR a plain ctx property [0.12ms]
(pass) tool plane > registerTools registers every definition and disposes them together [0.18ms]
(pass) tool plane > registerTool without a tools service fails with an actionable error [0.15ms]
(pass) tool plane > guardTool passes the exec through and installs on the tools service [0.21ms]
(pass) tool plane > onPostToolExecute owns next() and passes the downstream decision through [0.49ms]
(pass) tool plane > onPostToolExecute lets a listener replace the decision [0.31ms]
(pass) tool plane > onPostToolExecute is a no-op when the harness has no event bus [0.06ms]
(pass) tool plane > hasTool + toolRuntime expose internal tool calls without raw ctx access [0.69ms]
(pass) tool plane > executeTool normalizes success, tool error, thrown error and a missing runtime [0.41ms]
(pass) agent plane > spawnAgent normalizes prompt, flat route and the result shape [0.33ms]
(pass) agent plane > spawnAgent accepts pre-built prompt blocks and agentOptions [0.16ms]
(pass) agent plane > spawnAgent tolerates a harness that returns no result [0.20ms]
(pass) agent plane > spawnAgent without a subagent service fails with an actionable error [0.18ms]
(pass) skill + preset plane > skill provider registration, catalog read and body load [0.35ms]
(pass) skill + preset plane > skill calls without a skills service fail with actionable errors [0.18ms]
(pass) skill + preset plane > resolvePreset returns a normalized preset record [0.32ms]
[mpd-dsh-adapter] mpdDsh provided (harness seams resolved lazily, inject-free)
(pass) row entry > apply provides the mpdDsh service [0.14ms]
(pass) row entry > decision helpers use the harness feedback key [0.10ms]
(pass) settings plane (t34 §2.1 / §1.2, captain ruling 1) > the source of the SAME change is delivered, not the previous one's [2.70ms]
(pass) settings plane (t34 §2.1 / §1.2, captain ruling 1) > a raw-section change whose RESOLVED value did not change reports source undefined [1.23ms]
(pass) settings plane (t34 §2.1 / §1.2, captain ruling 1) > another namespace is ignored, and the disposer stops delivery [2.40ms]
(pass) settings plane (t34 §2.1 / §1.2, captain ruling 1) > a throwing listener never escapes into the host's emit [1.25ms]
(pass) settings plane (t34 §2.1 / §1.2, captain ruling 1) > settingsReader describes the namespace and degrades when it is absent [0.36ms]
(pass) settings plane (t34 §2.1 / §1.2, captain ruling 1) > settingsMutate writes through the service with the revision fence [0.76ms]
(pass) workspaceRootsAll(): the design's stated-unverified facts (§A.1, measured here) > duplicates collapse, relative cwds resolve, a cwd-less agent is skipped, no registry is [] [0.43ms]

packages/mpd-modelchain-plugin/test/modelchain.test.ts:
(pass) DEFAULT_CHAINS uses kebab-case keys and only deepseek-official providers [1.29ms]
(pass) resolveRole resolves kebab-case and legacy camelCase keys to the same chain [0.34ms]
(pass) mpd_modelchain_resolve resolves kebab keys and drops the dead skipped field [0.62ms]
(pass) modelchain.sisyphus-junior config key is resolved through the mpdConfig service [0.52ms]

packages/mpd-mcp-codegraph/test/daemon-policy.test.mjs:
(pass) parseDaemonSetting: truthy, falsy, unset and invalid stay distinguishable [1.38ms]
(pass) default (no env): serve in-process, and the reason names the measured failure [0.18ms]
(pass) MPD_CODEGRAPH_DAEMON=1 keeps upstream's shared daemon (no opt-out pinned) [0.21ms]
(pass) MPD_CODEGRAPH_DAEMON=0 pins the opt-out explicitly [0.07ms]
(pass) an explicit CODEGRAPH_NO_DAEMON=1 is respected and never overridden [0.08ms]
(pass) an unrecognized value warns and falls back to the safe default [0.10ms]
(pass) the default emits exactly ONE informational line (never stdout) [0.07ms]
(pass) launch.mjs applies the policy before importing the vendored serve.js [0.09ms]
(pass) the vendored bridge forwards CODEGRAPH_NO_DAEMON to the child env [0.47ms]

packages/mpd-tools-plugin/test/tools.test.ts:
(pass) write-guard allows first write to a new file [1.73ms]
(pass) write-guard allows idempotent rewrite of identical content [0.15ms]
(pass) write-guard denies silent overwrite of differing content [0.12ms]
(pass) write-guard allows idempotent rewrite of a >1MB file (full-file compare) [4.21ms]
(pass) truncation output (incl. banner) never exceeds truncateMaxBytes [0.91ms]
(pass) truncation with a budget smaller than the banner adds no head/tail slices [0.12ms]
(pass) truncation keeps head and tail slices plus the banner [0.13ms]
(pass) truncation passes through outputs within the budget unchanged [0.18ms]

packages/mpd-hashline-plugin/test/hashline.test.ts:
(pass) hashline view shows LINE#HASH|content [2.17ms]
(pass) anchored replace on plain content [2.16ms]
(pass) mismatched anchor throws [0.54ms]
(pass) append and prepend anchored [0.31ms]
(pass) replace range with end anchor [0.53ms]
(pass) unified diff shape [0.41ms]

packages/mpd-hashline-plugin/test/tool-schema.test.ts:
(pass) no registered hashline schema uses a type ARRAY (parameters or output) [1.86ms]
(pass) edit.lines is a oneOf union of the string and array-of-string shapes [0.11ms]
(pass) read then edit works with lines as a single string AND as an array of strings [1.78ms]
(pass) the committed src AND dist carry no array-typed schema form, and the dist carries the oneOf fix [0.36ms]
(pass) the guard resolves a RELATIVE file_path against the session workspace, not process.cwd() [1.58ms]

packages/mpd-bootstrap-plugin/test/bootstrap.test.ts:
[mpd-bootstrap] skill corpus served from /root/dshProj/my-power-dsh/skills (provider mpd-bundle, bundle 0.9.1)
[mpd-bootstrap] legacy home-copy cleanup skipped (config)
(pass) bundle skill corpus provider > serves every shipped skill as a bundled-rank candidate [5.51ms]
[mpd-bootstrap] skill corpus served from /root/dshProj/my-power-dsh/skills (provider mpd-bundle, bundle 0.9.1)
[mpd-bootstrap] legacy home-copy cleanup skipped (config)
(pass) bundle skill corpus provider > get() loads the skill body and keeps the resource base [3.15ms]
[mpd-bootstrap] skill corpus served from /tmp/mpd-corpus-1lYyRO (provider mpd-bundle, bundle 0.9.1)
[mpd-bootstrap] legacy home-copy cleanup skipped (config)
(pass) bundle skill corpus provider > frontmatter subset: quoted, folded, nested metadata and invocation policy [2.16ms]
[mpd-bootstrap] skill corpus served from /root/dshProj/my-power-dsh/skills (provider mpd-bundle, bundle 0.9.1)
[mpd-bootstrap] legacy home-copy cleanup skipped (config)
[mpd-bootstrap] skill corpus served from /root/dshProj/my-power-dsh/skills (provider mpd-bundle, bundle 0.9.1)
[mpd-bootstrap] legacy home-copy cleanup skipped (config)
(pass) bundle skill corpus provider > registers an fs/observed invalidator scoped to the corpus [0.45ms]
[mpd-bootstrap] skill corpus served from /root/dshProj/my-power-dsh/skills (provider mpd-bundle, bundle 0.9.1)
(pass) legacy home-copy migration > removes only stamped bundle copies and leaves user content alone [1.15ms]
[mpd-bootstrap] skill corpus served from /root/dshProj/my-power-dsh/skills (provider mpd-bundle, bundle 0.9.1)
(pass) legacy home-copy migration > never touches an unstamped home (legacy installer copies survive) [0.38ms]

packages/mpd-comment-checker-plugin/test/comment-checker.test.ts:
(pass) binary resolves from toolchain [1.23ms]
(pass) comment file triggers detection (exit 2) [8.01ms]
(pass) clean file passes (exit 0) [5.31ms]

packages/mpd-mcp-shared/bin-resolve.test.mjs:

packages/mpd-ulw-plugin/test/engine.test.ts:

packages/mpd-memory-plugin/test/memory.test.ts:

packages/mpd-config-plugin/test/settings-wiring.test.ts:

packages/mpd-config-plugin/test/config.test.ts:

packages/mpd-config-plugin/test/bridge.test.ts:

packages/mpd-config-plugin/test/jsonc-edit.test.ts:

packages/mpd-roles-plugin/test/roles.test.ts:

packages/mpd-codegraph-plugin/src/index.test.ts:

packages/mpd-team-watchdog-plugin/test/heartbeat.test.ts:

packages/mpd-team-watchdog-plugin/test/holds.test.ts:

packages/mpd-team-watchdog-plugin/test/failsafe.test.ts:

packages/mpd-team-watchdog-plugin/test/sidecars.test.ts:

packages/mpd-team-watchdog-plugin/test/machine.test.ts:

packages/mpd-team-watchdog-plugin/test/scene.test.ts:

packages/mpd-ext-plugin/test/core.test.ts:

packages/mpd-ext-plugin/test/mcp.test.ts:

packages/mpd-bundle-plugin/test/sidebar-tab.test.mjs:

packages/mpd-bundle-plugin/test/team-page.test.mjs:

packages/mpd-bundle-plugin/test/sidebar-migration-artifact.test.mjs:

packages/mpd-bundle-plugin/test/settings-card.test.mjs:

packages/mpd-team-compact-plugin/test/compaction.test.mjs:

packages/mpd-tui-plugin/test/state.test.ts:

packages/mpd-tui-plugin/test/watchdog-frontdoor.test.ts:

packages/mpd-tui-plugin/test/plugin.test.ts:

packages/mpd-tui-plugin/test/two-plugin-ownership.test.ts:

packages/mpd-agent-teams-plugin/self-fix-tests/scope-semantics.test.mjs:

packages/mpd-agent-teams-plugin/self-fix-tests/scope-glob-and-contract.test.mjs:

packages/mpd-agent-teams-plugin/self-fix-tests/dispatch-stall-region.test.mjs:

packages/mpd-agent-teams-plugin/self-fix-tests/pool-capability-guard.test.mjs:

packages/mpd-agent-teams-plugin/self-fix-tests/quality-loop.test.mjs:

packages/mpd-agent-teams-plugin/self-fix-tests/registry-context-heal.test.mjs:

packages/mpd-agent-teams-plugin/test/opt1-failed-dependency.test.mjs:

packages/mpd-agent-teams-plugin/test/opt2-residual-and-ordering.test.mjs:

packages/mpd-agent-teams-plugin/test/workmate-key.test.ts:

packages/mpd-agent-teams-plugin/test/r3-auto-reclaim.test.mjs:

packages/mpd-agent-teams-plugin/test/session-start.test.ts:

packages/mpd-agent-teams-plugin/test/t49-send-dedup-wiring.test.mjs:

packages/mpd-agent-teams-plugin/test/update-task-diagnostics.test.mjs:

packages/mpd-agent-teams-plugin/test/t53-dormant-expiry.test.mjs:

packages/mpd-agent-teams-plugin/test/r1-message-channel.test.mjs:

packages/mpd-agent-teams-plugin/test/export-bridge.test.mjs:

packages/mpd-agent-teams-plugin/test/r3-view-parity.test.mjs:

packages/mpd-agent-teams-plugin/test/r3-f1-signal-c.test.mjs:

packages/mpd-agent-teams-plugin/test/member-readonly-deny.test.mjs:

packages/mpd-agent-teams-plugin/test/backports.test.ts:

packages/mpd-agent-teams-plugin/test/dispatch-stall-regression.test.mjs:

packages/mpd-agent-teams-plugin/test/task-contract-tool.test.mjs:

packages/mpd-agent-teams-plugin/test/r4-explicit-team.test.mjs:

packages/mpd-agent-teams-plugin/test/capabilities.test.ts:

packages/mpd-agent-teams-plugin/test/harness-compat.test.ts:

packages/mpd-agent-teams-plugin/test/t52-root-registration.test.mjs:

packages/mpd-agent-teams-plugin/test/t52-interjection-tools.test.mjs:

packages/mpd-agent-teams-plugin/test/scheduler-dispatch.test.ts:

packages/mpd-agent-teams-plugin/test/update-task-amend-lock-and-guards.test.mjs:

packages/mpd-agent-teams-plugin/test/s1-s4-semantics.test.mjs:

packages/mpd-boulder-plugin/test/boulder.test.ts:

packages/mpd-workmate-plugin/test/workmate.test.ts:

packages/mpd-workmate-plugin/test/rename-delete.test.ts:

packages/mpd-dsh-adapter-plugin/test/adapter.test.ts:

packages/mpd-modelchain-plugin/test/modelchain.test.ts:

packages/mpd-mcp-codegraph/test/daemon-policy.test.mjs:

packages/mpd-tools-plugin/test/tools.test.ts:

packages/mpd-hashline-plugin/test/hashline.test.ts:

packages/mpd-hashline-plugin/test/tool-schema.test.ts:

packages/mpd-bootstrap-plugin/test/bootstrap.test.ts:

packages/mpd-comment-checker-plugin/test/comment-checker.test.ts:

 701 pass
 0 fail
 5088 expect() calls
Ran 701 tests across 134 files. [20.68s]
exit=0

── raw/typecheck.log ────────────────────────────────────────────────────────────────
$ tsgo --noEmit
exit=0

── raw/adopted-diff.log ────────────────────────────────────────────────────────────────

── raw/runner.log (the w8 harness, 10 cases) ─────────────────────────────────
[mpd-team-watchdog] applied: enabled=true warnSilenceMs=90000 tickIntervalMs=15000 warnStreakToEscalate=3 actionOnEscalate=pause stateDir=.mpd/team disposers=5 holdService=mpdWatchdog hydratedHolds=0
[watchdog-fixture] NEVER-STARTED fault-probe task=t1 member=Architect attempt=att-1 — the owner never stamped this task: a dispatch problem, not a wedge; recorded for replay, NO hold, NO escalation record=/root/dshProj/my-power-dsh/evidence/team-watchdog/pause/20260915T172352Z/raw/ws/fault-3x7i5t/.mpd/team/watchdog/incidents.jsonl
[never-started-recorded] the claimed task was never picked up: no heartbeat file exists for its owner
[never-started-recorded] tick => [] (recorded once; the second tick repeats nothing: [])
[never-started-recorded] durable incident: [{"kind":"never-started","taskId":"t1","attemptId":"att-1","scene":null,"hold":"not-requested"}]
[never-started-recorded] notice: [watchdog-fixture] NEVER-STARTED fault-probe task=t1 member=Architect attempt=att-1 — the owner never stamped this task: a dispatch problem, not a wedge; recorded for replay, NO hold, NO escalation record=/root/dshProj/my-power-dsh/evidence/team-watchdog/pause/20260915T172352Z/raw/ws/fault-3x7i5t/.mpd/team/watchdog/incidents.jsonl
[never-started-recorded] no scene (0), no hold (0), record byte-identical: true
[never-started-recorded] => T69-ESCALATE-2: the dispatch problem is now RECORDED and NOTICED, not silent — while still never pausing the team
[mpd-team-watchdog] applied: enabled=true warnSilenceMs=90000 tickIntervalMs=15000 warnStreakToEscalate=3 actionOnEscalate=pause stateDir=.mpd/team disposers=5 holdService=mpdWatchdog hydratedHolds=0
[completed-turn-idle] the member COMPLETED its turn: the newest stamp for t1/att-1 is `turn-end` at 1700000002500
[completed-turn-idle] ticks at silence 90001/180001/270001 ms (the last is > 2x the frozen 90000)
[completed-turn-idle] decisions: [] — NO WARN, NO ESCALATE
[completed-turn-idle] scenes 0, incidents 0, holds 0, record byte-identical: true
[completed-turn-idle] => a completed turn with no re-dispatch is a healthy idle member, not a wedge (T69-ESCALATE-1 fixed)
[mpd-team-watchdog] applied: enabled=true warnSilenceMs=90000 tickIntervalMs=15000 warnStreakToEscalate=3 actionOnEscalate=pause stateDir=.mpd/team disposers=5 holdService=mpdWatchdog hydratedHolds=0
[watchdog-fixture] WARN fault-probe task=t1 member=Architect silence=90001ms streak=1 hold=not-requested scene=/root/dshProj/my-power-dsh/evidence/team-watchdog/pause/20260915T172352Z/raw/ws/fault-cuqcas/.mpd/team/watchdog/scene/fault-probe/20231114T221452Z-warn.json
[watchdog-fixture] WARN fault-probe task=t1 member=Architect silence=180001ms streak=2 hold=not-requested scene=/root/dshProj/my-power-dsh/evidence/team-watchdog/pause/20260915T172352Z/raw/ws/fault-cuqcas/.mpd/team/watchdog/scene/fault-probe/20231114T221622Z-warn.json
[watchdog-fixture] ESCALATE fault-probe task=t1 member=Architect silence=270001ms streak=3 hold=applied scene=/root/dshProj/my-power-dsh/evidence/team-watchdog/pause/20260915T172352Z/raw/ws/fault-cuqcas/.mpd/team/watchdog/scene/fault-probe/20231114T221752Z-escalate.json
[mid-turn-stall] the member STALLED mid-turn: the newest stamp for t1/att-1 is still a `step` at 1700000002000
[mid-turn-stall] ticks at silence 90001/180001/270001 ms
[mid-turn-stall] decisions: ["warn","warn","escalate"] — the wedge STILL escalates
[mid-turn-stall] hold applied: 1 {"id":"7c9a0433-5691-4d57-b0a6-6336e7fcc92a","taskId":"t1","attemptId":"att-1"}
[mid-turn-stall] => the boundary fix does not silence the fault the wave exists for
[mpd-team-watchdog] applied: enabled=true warnSilenceMs=90000 tickIntervalMs=15000 warnStreakToEscalate=3 actionOnEscalate=pause stateDir=.mpd/team disposers=5 holdService=mpdWatchdog hydratedHolds=0
[watchdog-fixture] WARN fault-probe task=t1 member=Architect silence=90001ms streak=1 hold=not-requested scene=/root/dshProj/my-power-dsh/evidence/team-watchdog/pause/20260915T172352Z/raw/ws/fault-jld6ds/.mpd/team/watchdog/scene/fault-probe/20231114T221452Z-warn.json
[member-stops-stepping] the member's turn produced 3 step stamps at 1700000000000, 1700000001000, 1700000002000 and then stopped stepping
[member-stops-stepping] silence is measured from the LAST stamp (1700000002000)
[member-stops-stepping] tick at +89 000 => decisions [] (below the frozen 90 000 threshold)
[member-stops-stepping] tick at +90 001 => decisions ["warn"] (the fault is observed)
[mpd-team-watchdog] applied: enabled=true warnSilenceMs=90000 tickIntervalMs=15000 warnStreakToEscalate=3 actionOnEscalate=pause stateDir=.mpd/team disposers=5 holdService=mpdWatchdog hydratedHolds=0
[watchdog-fixture] WARN fault-probe task=t9 member=captain silence=90001ms streak=1 hold=not-requested scene=/root/dshProj/my-power-dsh/evidence/team-watchdog/pause/20260915T172352Z/raw/ws/fault-r67h6u/.mpd/team/watchdog/scene/fault-probe/20231114T221450Z-warn.json
[captain-wedge] NO agent turn was driven: nothing but the process-level tick runs (agentTurnsDriven 0)
[captain-wedge] the captain's own silence is flagged: [{"type":"warn","assignee":"captain","memberKey":"captain","taskId":"t9","silenceMs":90001}]
[captain-wedge] the member is untouched (its stamp at 50 000 keeps it alive): memberFlagged=false
[captain-wedge] scene written: 1, incident recorded: 1
[mpd-team-watchdog] applied: enabled=true warnSilenceMs=90000 tickIntervalMs=15000 warnStreakToEscalate=3 actionOnEscalate=pause stateDir=.mpd/team disposers=5 holdService=mpdWatchdog hydratedHolds=0
[watchdog-fixture] WARN fault-probe task=t1 member=Architect silence=90001ms streak=1 hold=not-requested scene=/root/dshProj/my-power-dsh/evidence/team-watchdog/pause/20260915T172352Z/raw/ws/fault-20knjq/.mpd/team/watchdog/scene/fault-probe/20231114T221450Z-warn.json
[warn-90s] frozen knobs used: warnSilenceMs=90000, warnStreakToEscalate=3
[warn-90s] tick at silence 89999 ms => 0 decision(s)
[warn-90s] tick at silence 90001 ms => exactly 1 WARN
[warn-90s] snapshot: /root/dshProj/my-power-dsh/evidence/team-watchdog/pause/20260915T172352Z/raw/ws/fault-20knjq/.mpd/team/watchdog/scene/fault-probe/20231114T221450Z-warn.json
[warn-90s] snapshot fields: {"schemaVersion":1,"reason":"warn","cause":{"kind":"silence","ms":90001},"tasks":1,"members":1}
[mpd-team-watchdog] applied: enabled=true warnSilenceMs=90000 tickIntervalMs=15000 warnStreakToEscalate=3 actionOnEscalate=pause stateDir=.mpd/team disposers=5 holdService=mpdWatchdog hydratedHolds=0
[watchdog-fixture] WARN fault-probe task=t1 member=Architect silence=90001ms streak=1 hold=not-requested scene=/root/dshProj/my-power-dsh/evidence/team-watchdog/pause/20260915T172352Z/raw/ws/fault-md5hpx/.mpd/team/watchdog/scene/fault-probe/20231114T221450Z-warn.json
[watchdog-fixture] WARN fault-probe task=t1 member=Architect silence=105001ms streak=2 hold=not-requested scene=/root/dshProj/my-power-dsh/evidence/team-watchdog/pause/20260915T172352Z/raw/ws/fault-md5hpx/.mpd/team/watchdog/scene/fault-probe/20231114T221505Z-warn.json
[watchdog-fixture] ESCALATE fault-probe task=t1 member=Architect silence=120001ms streak=3 hold=applied scene=/root/dshProj/my-power-dsh/evidence/team-watchdog/pause/20260915T172352Z/raw/ws/fault-md5hpx/.mpd/team/watchdog/scene/fault-probe/20231114T221520Z-escalate.json
[watchdog-fixture] WARN fault-probe task=t1 member=Architect silence=90001ms streak=1 hold=applied scene=none
[escalate-3x] tick sequence => ["warn","warn","escalate",""] (warn, warn, escalate, NOTHING)
[escalate-3x] exactly one ESCALATE for the task+attempt, no fourth WARN: true
[escalate-3x] predecessors recorded as WARNs with snapshot paths: true
[escalate-3x] hold applied once: true {"id":"0cc1f523-1ad2-42e3-99de-737b249d7f5b","taskId":"t1","attemptId":"att-1"}
[escalate-3x] retry with a NEW attemptId starts a clean streak: [{"type":"warn","streak":1}]
[mpd-team-watchdog] applied: enabled=true warnSilenceMs=90000 tickIntervalMs=15000 warnStreakToEscalate=3 actionOnEscalate=pause stateDir=.mpd/team disposers=5 holdService=mpdWatchdog hydratedHolds=0
[pause-preserves] the hold landed through the plugin's own action while t1 was in flight: true
[pause-preserves] sha256(team.json) unchanged across the held kicks: true (after the resume it is changed (the re-arm minted the next attempt))
[pause-preserves] deliveries while held: 0 (each decline says: agent-teams: dispatch declined for fault-probe/*: the team is held by the team watchdog (hold 74299c1f-00f5-42ce-801d-9ef6b928df4f since 2026-09-15T17:24:30.082Z: silence))
[pause-preserves] task after the hold: {"status":"in_progress","attemptId":"att-live","attempt":3,"output":"partial result","handoffId":"handoff-1"}
[pause-preserves] resume cleared the hold and dispatch resumed: true / deliveries 1
[mpd-team-watchdog] applied: enabled=true warnSilenceMs=90000 tickIntervalMs=15000 warnStreakToEscalate=3 actionOnEscalate=pause stateDir=.mpd/team disposers=5 holdService=mpdWatchdog hydratedHolds=0
[pause-preserves-halt-control] the SAME fixture, paused by the REAL haltTeamWork: cancelledTasks=1
[pause-preserves-halt-control] t1: {"status":"in_progress","attemptId":"att-live","output":"partial result","handoffId":"handoff-1"}  =>  {"status":"cancelled","attemptId":null,"output":"Stopped from the captain chat.","handoffId":null}
[pause-preserves-halt-control] sha256(team.json) CHANGED: true (this is what reddens AC-17)
[pause-preserves-halt-control] AC-17 is falsifiable: the wrong mechanism leaves the task cancelled with cancelledTasks >= 1
[mpd-team-watchdog] applied: enabled=true warnSilenceMs=90000 tickIntervalMs=15000 warnStreakToEscalate=3 actionOnEscalate=pause stateDir=.mpd/team disposers=5 holdService=mpdWatchdog hydratedHolds=0
[watchdog-fixture] WARN fault-probe task=t1 member=Architect silence=90001ms streak=1 hold=not-requested scene=/root/dshProj/my-power-dsh/evidence/team-watchdog/pause/20260915T172352Z/raw/ws/fault-xw6af5/.mpd/team/watchdog/scene/fault-probe/20231114T221450Z-warn.json
[watchdog-fixture] WARN fault-probe task=t1 member=Architect silence=105001ms streak=2 hold=not-requested scene=/root/dshProj/my-power-dsh/evidence/team-watchdog/pause/20260915T172352Z/raw/ws/fault-xw6af5/.mpd/team/watchdog/scene/fault-probe/20231114T221505Z-warn.json
[watchdog-fixture] ESCALATE fault-probe task=t1 member=Architect silence=120001ms streak=3 hold=applied scene=/root/dshProj/my-power-dsh/evidence/team-watchdog/pause/20260915T172352Z/raw/ws/fault-xw6af5/.mpd/team/watchdog/scene/fault-probe/20231114T221520Z-escalate.json
[scene-restore] scene files on disk: ["20231114T221450Z-warn.json","20231114T221505Z-warn.json","20231114T221520Z-escalate.json","latest.json"]
[scene-restore] latest.json (parsed with plain fs): reason=escalate, team.hold={"id":"c3b26994-159a-43f8-9432-937eaa3f2ae8","since":1789493070099,"cause":"silence","taskId":"t1","attemptId":"att-1"}
[scene-restore] hold record: {"id":"c3b26994-159a-43f8-9432-937eaa3f2ae8","since":1789493070099,"cause":"silence","taskId":"t1","attemptId":"att-1"}
[scene-restore] incident log: warn, warn, escalate
================================================================
t71 (repair round 2) — boundary + fail-safety evidence
repo: /root/dshProj/my-power-dsh
fixture sha256: 34c9efc8c845d3d93890d9e6af8e8c308a8f8b79f8ad56f2ba214b2fda25640c
frozen thresholds: warnSilenceMs 90000 / warnStreakToEscalate 3 (exercised on an INJECTED clock)
================================================================

── case never-started-recorded ── ok=true ──
  the claimed task was never picked up: no heartbeat file exists for its owner
  tick => [] (recorded once; the second tick repeats nothing: [])
  durable incident: [{"kind":"never-started","taskId":"t1","attemptId":"att-1","scene":null,"hold":"not-requested"}]
  notice: [watchdog-fixture] NEVER-STARTED fault-probe task=t1 member=Architect attempt=att-1 — the owner never stamped this task: a dispatch problem, not a wedge; recorded for replay, NO hold, NO escalation record=/root/dshProj/my-power-dsh/evidence/team-watchdog/pause/20260915T172352Z/raw/ws/fault-3x7i5t/.mpd/team/watchdog/incidents.jsonl
  no scene (0), no hold (0), record byte-identical: true
  => T69-ESCALATE-2: the dispatch problem is now RECORDED and NOTICED, not silent — while still never pausing the team

── case completed-turn-idle ── ok=true ──
  the member COMPLETED its turn: the newest stamp for t1/att-1 is `turn-end` at 1700000002500
  ticks at silence 90001/180001/270001 ms (the last is > 2x the frozen 90000)
  decisions: [] — NO WARN, NO ESCALATE
  scenes 0, incidents 0, holds 0, record byte-identical: true
  => a completed turn with no re-dispatch is a healthy idle member, not a wedge (T69-ESCALATE-1 fixed)

── case mid-turn-stall ── ok=true ──
  the member STALLED mid-turn: the newest stamp for t1/att-1 is still a `step` at 1700000002000
  ticks at silence 90001/180001/270001 ms
  decisions: ["warn","warn","escalate"] — the wedge STILL escalates
  hold applied: 1 {"id":"7c9a0433-5691-4d57-b0a6-6336e7fcc92a","taskId":"t1","attemptId":"att-1"}
  => the boundary fix does not silence the fault the wave exists for

── case member-stops-stepping ── ok=true ──
  the member's turn produced 3 step stamps at 1700000000000, 1700000001000, 1700000002000 and then stopped stepping
  silence is measured from the LAST stamp (1700000002000)
  tick at +89 000 => decisions [] (below the frozen 90 000 threshold)
  tick at +90 001 => decisions ["warn"] (the fault is observed)

── case captain-wedge ── ok=true ──
  NO agent turn was driven: nothing but the process-level tick runs (agentTurnsDriven 0)
  the captain's own silence is flagged: [{"type":"warn","assignee":"captain","memberKey":"captain","taskId":"t9","silenceMs":90001}]
  the member is untouched (its stamp at 50 000 keeps it alive): memberFlagged=false
  scene written: 1, incident recorded: 1

── case warn-90s ── ok=true ──
  frozen knobs used: warnSilenceMs=90000, warnStreakToEscalate=3
  tick at silence 89999 ms => 0 decision(s)
  tick at silence 90001 ms => exactly 1 WARN
  snapshot: /root/dshProj/my-power-dsh/evidence/team-watchdog/pause/20260915T172352Z/raw/ws/fault-20knjq/.mpd/team/watchdog/scene/fault-probe/20231114T221450Z-warn.json
  snapshot fields: {"schemaVersion":1,"reason":"warn","cause":{"kind":"silence","ms":90001},"tasks":1,"members":1}

── case escalate-3x ── ok=true ──
  tick sequence => ["warn","warn","escalate",""] (warn, warn, escalate, NOTHING)
  exactly one ESCALATE for the task+attempt, no fourth WARN: true
  predecessors recorded as WARNs with snapshot paths: true
  hold applied once: true {"id":"0cc1f523-1ad2-42e3-99de-737b249d7f5b","taskId":"t1","attemptId":"att-1"}
  retry with a NEW attemptId starts a clean streak: [{"type":"warn","streak":1}]

── case pause-preserves ── ok=true ──
  the hold landed through the plugin's own action while t1 was in flight: true
  sha256(team.json) unchanged across the held kicks: true (after the resume it is changed (the re-arm minted the next attempt))
  deliveries while held: 0 (each decline says: agent-teams: dispatch declined for fault-probe/*: the team is held by the team watchdog (hold 74299c1f-00f5-42ce-801d-9ef6b928df4f since 2026-09-15T17:24:30.082Z: silence))
  task after the hold: {"status":"in_progress","attemptId":"att-live","attempt":3,"output":"partial result","handoffId":"handoff-1"}
  resume cleared the hold and dispatch resumed: true / deliveries 1

── case pause-preserves-halt-control ── ok=true ──
  the SAME fixture, paused by the REAL haltTeamWork: cancelledTasks=1
  t1: {"status":"in_progress","attemptId":"att-live","output":"partial result","handoffId":"handoff-1"}  =>  {"status":"cancelled","attemptId":null,"output":"Stopped from the captain chat.","handoffId":null}
  sha256(team.json) CHANGED: true (this is what reddens AC-17)
  AC-17 is falsifiable: the wrong mechanism leaves the task cancelled with cancelledTasks >= 1

── case scene-restore ── ok=true ──
  scene files on disk: ["20231114T221450Z-warn.json","20231114T221505Z-warn.json","20231114T221520Z-escalate.json","latest.json"]
  latest.json (parsed with plain fs): reason=escalate, team.hold={"id":"c3b26994-159a-43f8-9432-937eaa3f2ae8","since":1789493070099,"cause":"silence","taskId":"t1","attemptId":"att-1"}
  hold record: {"id":"c3b26994-159a-43f8-9432-937eaa3f2ae8","since":1789493070099,"cause":"silence","taskId":"t1","attemptId":"att-1"}
  incident log: warn, warn, escalate

── THE BOUNDARY PAIR (falsifiable both ways) ──
  {"completedTurnEscalated":false,"completedTurnWarned":false,"completedTurnBeyond2xThreshold":true,"midTurnStallEscalated":true,"midTurnStallHeld":true,"ok":true}

── T69-REGISTRY-1 (recorded, NOT fixed) ──
  The hand-mutated-registry refusal could NOT be reproduced in the steady state: when every region is present the applier has nothing to heal, so a mutated context window is never consulted.
  A GREEN `node scripts/patch-agent-teams-fixes.mjs --check` IS NOT A WINDOW-INTEGRITY PROOF. It proves the marked regions match the registry bytes; it does not re-derive that each entry's context pair is still unique on the region-stripped skeleton.

── verdicts ──
  PASS  never-started-recorded
  PASS  completed-turn-idle
  PASS  mid-turn-stall
  PASS  member-stops-stepping
  PASS  captain-wedge
  PASS  warn-90s
  PASS  escalate-3x
  PASS  pause-preserves
  PASS  pause-preserves-halt-control
  PASS  scene-restore
  PASS  boundary-contrast

── NOT CLAIMED ──
  - W-3: a GENUINE provider wedge is not reproducible here. Every case injects SILENCE (the absence of new heartbeats); no case may claim that a real wedge was caught.
  - The harness is stubbed (ctx services, agents, subagents, logger). The scheduler, the watchdog engine/machine/store and the halt path are the REAL modules; the surrounding host is not.
  - No live dsh host, no model credential, no network: the fixture never boots a session.
  - `haltTeamWork` cancels; the fixture does not claim that the halt path is ever the RIGHT mechanism — it exists to show that AC-17 goes RED when the pause is built on it.
