=== bun run typecheck ===
$ tsgo --noEmit
EXIT=0
=== bun test packages ===
bun test v1.3.14 (0d9b296a)

packages/mpd-mcp-shared/bin-resolve.test.ts:
(pass) ast-grep: $MPD_AST_GREP_BIN_DIR tier wins and prefers ast-grep over sg [2.88ms]
(pass) ast-grep: a candidate that fails the ast-grep probe is skipped, never accepted by name [0.23ms]
(pass) ast-grep: createRequire tier resolves the packed optionalDependency [0.25ms]
(pass) ast-grep: <bundle>/.toolchain tier resolves the link: checkout layout [0.19ms]
(pass) ast-grep: precedence is bin-dir > require > toolchain [0.64ms]
(pass) ast-grep: nothing resolvable returns null and never throws [0.21ms]
(pass) codegraph: <bundle>/.toolchain tier resolves the link: checkout layout [0.59ms]
(pass) codegraph: createRequire tier reads the package's own bin entry [0.46ms]
(pass) ast-grep: win32 resolves the .exe spelling of a candidate [0.57ms]
(pass) ast-grep: win32 honours the caller's own PATHEXT order [0.29ms]
(pass) ast-grep: win32 never offers a .cmd/.bat candidate (a shell-less spawn cannot start one) [0.50ms]
(pass) ast-grep: POSIX keeps the bare name as the only spelling [0.36ms]
(pass) ast-grep: <bundle>/node_modules/.bin tier resolves a bundle-root install [0.50ms]
(pass) ast-grep: .toolchain still wins over the bundle-root tier [0.38ms]
(pass) bundleRootFrom: the BUILT <bundle>/packages/<pkg>/dist/launch.js -> <bundle> [0.57ms]
(pass) bundleRootFrom: the older <bundle>/packages/<pkg>/launch.ts depth still answers <bundle> [0.32ms]
(pass) bundleRootFrom: a launcher outside any bundle falls back to two hops [0.20ms]
[bin-resolve test] toolchain absent — real-probe assertions skipped
(pass) REAL toolchain probe: ast-grep passes, the deprecated sg wrapper fails [0.40ms]

packages/mpd-mcp-shared/log-sink.test.ts:
(pass) root resolution and writability > the documented env keys come first, in order [0.25ms]
(pass) root resolution and writability > blank and duplicate candidates are dropped [0.07ms]
(pass) root resolution and writability > the first WRITABLE root wins and the log file appears under it [0.91ms]
(pass) root resolution and writability > an unwritable candidate falls through to the next one [0.25ms]
(pass) when no root is writable > the sink goes to the ring: no file, no throw, and the lines are kept in memory [0.30ms]
(pass) size cap and rotation > the log rotates to a single `.1` generation once the cap is crossed [0.73ms]
(pass) size cap and rotation > a line longer than the per-line cap is truncated with a marker [0.47ms]
(pass) capture and restore > stderr and the five console methods are replaced, stdout is NOT touched, restore puts them back [4.98ms]
204 |     /** The capture file's descriptor, handed to the child as its stderr. */
205 |     const fd = openSync(captured, "w")
206 |     /** The child's result; stdout carries only its one report line. */
207 |     const run = spawnSync(process.execPath, [script, root], { encoding: "utf8", stdio: ["ignore", "pipe", fd], timeout: 30_000 })
208 |     closeSync(fd)
209 |     expect(run.stdout).toContain("rebind=rebound")
                             ^
error: expect(received).toContain(expected)

Expected to contain: "rebind=rebound"
Received: "rebind=not-lowest\n"

      at <anonymous> (/root/dshProj/My-Power-Dsh/packages/mpd-mcp-shared/log-sink.test.ts:209:24)
(fail) the descriptor rebind (POSIX) > a GRANDCHILD's inherited stderr lands in the log, and zero bytes reach the parent's file [90.59ms]

packages/mpd-ulw-plugin/test/commands.test.ts:
(pass) both /ulw and /ultrawork are registered through the adapter seam (bare names, identical behaviour) [3.84ms]
(pass) empty input returns usage naming the objective form and starts nothing [0.46ms]
(pass) a non-empty invocation submits the activation directive as the invoking agent's next user turn [0.47ms]
(pass) the activation directive carries the six autonomy behaviours in order [0.27ms]
(pass) the QA case's c3.2 probe still matches and the c3.3 probe it needs is the one this text matches [0.20ms]
(pass) the frozen head is byte-stable across objectives AND verdicts (prefix-cache discipline) [0.34ms]
(pass) the gate is MECHANICAL: a tripping objective stages EXACTLY ONE plan and the directive names the returned id [4.01ms]
(pass) the gesture path runs the SAME mechanical gate with the agent the payload carries [1.40ms]
(pass) mode advisory and mode off stage nothing and say so [0.74ms]
(pass) an already-staged plan is never re-staged, and the directive names the existing one [1.77ms]
(pass) a composition without the staging tool degrades honestly — no throw, no claimed team [0.80ms]
(pass) a REFUSING staging call degrades without throwing: the run starts and the block says so [0.68ms]
(pass) a tripping objective that carries the explicit `team:` marker has the marker CONSUMED [0.85ms]
(pass) the pre-step gesture boundary injects the same directive and delegates to next() [0.48ms]
(pass) the gesture fires in the REAL composition shape — the prompt FOLLOWED BY user-role notices (t15 regression) [0.73ms]
(pass) the gesture boundary leaves every non-gesture step untouched [0.55ms]
(pass) the plugin reaches the seams only through the adapter (no direct command service, event bus or host import) [0.74ms]
(pass) apply degrades safely when the composition has no command registry and no event bus [0.23ms]

packages/mpd-ulw-plugin/test/engine.test.ts:
(pass) engine policy: plan -> round -> verify -> quality gate with ledger [4.69ms]
(pass) quality gate: a FAIL lane blocks completion and stamps the ledger row [1.00ms]
(pass) engine alias and 2-fruitless-waves stop [0.62ms]
(pass) DeepSeek V4 / DSH contract: role text in prompt (no persona field), pro for planner/reviewer, compact handoff [0.90ms]
(pass) the DECLARED mpd_ultrawork output schema accepts the engine's own plan=false AND plan=true results [4.00ms]
(pass) the mpd_ulw alias path (hardcoded plan=false) is exercised and its result matches its DECLARED schema [1.25ms]

packages/mpd-memory-plugin/test/memory.test.ts:
(pass) git backend: write -> commit -> read -> reflection due [50.97ms]
(pass) mpd_memory_reflect_complete refuses when no reflection is due or reserved [1.01ms]
(pass) svn backend REAL svn CLI: repo create, checkout, commit, log [109.92ms]
(pass) both vcs: commits to git and svn [163.67ms]
(pass) svn backend wiring with fake svn CLIs [20.69ms]

packages/mpd-config-plugin/test/team-models.test.ts:
(pass) A1 — the schema carries the four slots with the frozen literal defaults > the defaults are provider deepseek-official / model deepseek-v4-flash at max, high, high — plus the vision slot 4 [0.13ms]
(pass) A1 — the schema carries the four slots with the frozen literal defaults > the schema resolves those defaults when a config supplies nothing [1.42ms]
(pass) A1 — the schema carries the four slots with the frozen literal defaults > the schema merges a partial block over the per-slot defaults [0.28ms]
(pass) A3 — twelve knobs in the ONE declaration, in slot order > exactly twelve new rows, after the original thirteen [0.16ms]
(pass) A3 — twelve knobs in the ONE declaration, in slot order > every row is a select with the declared fallback list, and carries a label/zh pair [0.19ms]
(pass) A3 — twelve knobs in the ONE declaration, in slot order > the slot copy states the group and its members: heading, impact and per-leaf sentences [0.52ms]
(pass) A3 — twelve knobs in the ONE declaration, in slot order > every hint names its dotted mpd.jsonc key and its member class, and the disclosure is stated ONCE [0.21ms]
(pass) A3b — the vision slot carries its own copy, verbatim, in both languages > exactly three slot-4 rows, in leaf order, with the declared sentences [0.08ms]
(pass) A3b — the vision slot carries its own copy, verbatim, in both languages > the hint is the human sentence, then the dotted key — and nothing else [0.11ms]
(pass) A2 — the resolved config carries the slots, with defaults, on the READ path > no teamModels anywhere: the service answers with the four complete defaults [2.64ms]
(pass) A2 — the resolved config carries the slots, with defaults, on the READ path > a file that sets only slot2.model merges over ITS defaults and leaves slot1/slot3 untouched [0.95ms]
(pass) A2 — the resolved config carries the slots, with defaults, on the READ path > project .mpd/mpd.jsonc outranks the user $DSH_HOME/mpd.jsonc layer, per leaf [0.72ms]
(pass) A2 — the resolved config carries the slots, with defaults, on the READ path > materialisation is a pure READ-path projection: no mutation of the raw config [0.59ms]
(pass) A2 — the resolved config carries the slots, with defaults, on the READ path > the mpd_config_get payload carries the slots verbatim (no key), and by key [1.06ms]

packages/mpd-config-plugin/test/settings-wiring.test.ts:
(pass) namespace ownership (design §10.1): THIS package registers, with the file-derived base > one registration, applies:'restart', and the base is the FILE layer — never the resolved value [4.66ms]
(pass) namespace ownership (design §10.1): THIS package registers, with the file-derived base > a refused registration names the host's reason and leaves the TUI fallback to own it [0.41ms]
(pass) namespace ownership (design §10.1): THIS package registers, with the file-derived base > A3 'not a lost edit': with N roots refused, the READ-IN still resolves the new value for every workspace [0.95ms]
(pass) read-in precedence (design §1.1/§10.4, U12) > L3 outranks the file layers, and a missing L3 key falls back to the file [0.97ms]
(pass) read-in precedence (design §1.1/§10.4, U12) > the in-namespace marker never becomes config and never reaches the file [0.72ms]
(pass) read-in precedence (design §1.1/§10.4, U12) > with the namespace unserved the file layers still resolve (degraded, not fatal) [0.41ms]
(pass) the write-back target rules (design §A.1/§10.5) > U1/A2: one live root — a front-door edit rewrites exactly that file, comments intact [1.81ms]
(pass) the write-back target rules (design §A.1/§10.5) > U13: zero live roots writes NOTHING anywhere and says so [0.43ms]
(pass) the write-back target rules (design §A.1/§10.5) > U14 must-fail-on-fanout: two live roots REFUSE, name both, and touch no file [0.71ms]
(pass) the write-back target rules (design §A.1/§10.5) > S1: with a `projectFile` override the WRITE target equals the READ target [1.03ms]
(pass) the write-back target rules (design §A.1/§10.5) > A6 negative control: the switch disables the FILE write only, never the value [0.60ms]
(pass) the write-back target rules (design §A.1/§10.5) > the design's flat key (`writeBack:false`) disables it too, and both spellings are reported [0.55ms]
(pass) the write-back target rules (design §A.1/§10.5) > the env lever disables it too (MPD_DSH_TUI_SETTINGS_BRIDGE=off) [0.53ms]
(pass) the write-back target rules (design §A.1/§10.5) > a provider reload is a READ-IN only: it never echoes into a file write [0.82ms]
(pass) the write-back target rules (design §A.1/§10.5) > a raw-section change with NO new leaf writes nothing (the loop gate) [0.65ms]
(pass) the project-file watcher's lifetime (S5) > an unload closes the watcher: a later file edit no longer reloads the config [803.62ms]
(pass) migration (design §6, U15) > a pre-seeded user section migrates into the file once and records the marker [2.74ms]
(pass) migration (design §6, U15) > idempotence: a second boot at the recorded revision writes nothing [1.82ms]
(pass) migration (design §6, U15) > with no live root the migration is DEFERRED and nothing is written to the mount-time fallback root [1.76ms]
(pass) migration (design §6, U15) > two live roots defer the migration with the ambiguous reason, not a guess [1.67ms]
(pass) migration (design §6, U15) > a refusing target aborts the migration loudly and leaves the document alone [2.03ms]
(pass) the §1.2 clearing rule (a fresh FILE edit wins over a stale override) > a file value the bridge recorded is unset from the user section under the revision fence [2.87ms]
(pass) the file-derived base under the captain's cardinality rule (§10.1 + ruling) > ONE live root: the base is that workspace's file (a file value that differs from the schema default) [0.47ms]
(pass) the file-derived base under the captain's cardinality rule (§10.1 + ruling) > ZERO live roots: the mount-time root is used, and no file there means an empty base (schema defaults) [0.32ms]
(pass) the file-derived base under the captain's cardinality rule (§10.1 + ruling) > N live roots: NO base is invented, the ambiguity is surfaced, and the schema defaults stand [0.73ms]
(pass) the team-model slots are a READ-path projection only (A2) > a fully absent .mpd/mpd.jsonc still resolves the three slot defaults [1.60ms]
(pass) the team-model slots are a READ-path projection only (A2) > NEGATIVE CONTROL: an unrelated settings-document save never injects a teamModels block into the file [3.59ms]
(pass) the team-model slots are a READ-path projection only (A2) > a slot leaf SAVED through the settings document is what lands in the file (the slots stay editable) [2.42ms]

packages/mpd-config-plugin/test/config.test.ts:
(pass) stripJsonc removes comments and trailing commas [0.35ms]
(pass) stripJsonc keeps comments inside strings [0.06ms]
(pass) deepMerge project wins, nested merged, pollution safe [0.17ms]
(pass) mpd_config_get result is lossless JSON for a missing key (value null, never undefined) [1.17ms]
(pass) mpdConfig service get resolves dot-paths (consistent with mpd_config_get) [0.95ms]

packages/mpd-config-plugin/test/bridge.test.ts:
(pass) target set (design §A.1 — never a guessed root) > U14: exactly one live root is written; two live roots REFUSE and name both candidates [0.29ms]
(pass) target set (design §A.1 — never a guessed root) > U14 (must-fail-if-fanout): two live roots touch NO file, the settings write is untouched [0.44ms]
(pass) target set (design §A.1 — never a guessed root) > zero live roots writes NOTHING anywhere and reports no-live-session [0.08ms]
(pass) target set (design §A.1 — never a guessed root) > the negative-control switch refuses to write even with a live root [0.17ms]
(pass) happy paths > U1: a live root gets the value written with comments, order and trailing commas intact [0.48ms]
(pass) happy paths > U11: a missing target is created with the header comment, and a repeat run is unchanged [0.63ms]
(pass) happy paths > the writer reports per root when handed several targets (the DECIDER never hands it more than one) [1.09ms]
(pass) loud failure paths (design §B.2/§7) > U10: a read-only target is reported denied, byte-untouched, and names the file [0.26ms]
(pass) loud failure paths (design §B.2/§7) > U9: an unparsable target is skipped without writing a byte [0.24ms]
(pass) loud failure paths (design §B.2/§7) > a duplicate key in the target refuses with both line numbers and no write [0.41ms]
(pass) loud failure paths (design §B.2/§7) > U8: a human edit landing mid-write ends as conflict, leaving the human's bytes [0.60ms]
(pass) section leaves and the change diff > a front-door edit yields only the added/changed leaves; a reset yields none [0.19ms]
(pass) section leaves and the change diff > U12 helper: an unchanged section produces no write (the deep-equal gate cannot drop a raw change) [0.05ms]
(pass) leavesFromSection > only declared paths become leaves, and absent paths are skipped [0.19ms]
(pass) the settled duplicate-key ruling reaches the writer's report (nothing silent) > a duplicated leaf key is WRITTEN (last occurrence) and the per-root result carries the loud note [0.49ms]
(pass) the settled duplicate-key ruling reaches the writer's report (nothing silent) > a duplicated INTERMEDIATE is still refused byte-untouched [0.31ms]

packages/mpd-config-plugin/test/settings-row-config.test.ts:
(pass) the row Config > it marks EVERY node volatile, including the ones a function-blind walk would skip [0.15ms]
(pass) the row Config > it is a schema the loader accepts: toJSON, and the standard-schema validator [0.13ms]
(pass) the row Config > the marking is IDEMPOTENT — apply() re-marks the same tree on every boot [0.08ms]
(pass) the row config is an EFFECTIVE layer > a knob edited in Settings reaches the plugins, and outranks the files [0.75ms]
(pass) the row config is an EFFECTIVE layer > the ROUTING keys never leak into the effective config [0.47ms]
(pass) boulder.dir — the L4 escape that defeated it > UNSET resolves to undefined — not the retired `.mpd` default (the escape is closed) [0.93ms]
(pass) boulder.dir — the L4 escape that defeated it > a PROJECT file value WINS for the first time — the L4 escape is gone [0.95ms]
(pass) boulder.dir — the L4 escape that defeated it > the schema still DECLARES the knob, so both settings front doors keep rendering it [0.37ms]

packages/mpd-config-plugin/test/jsonc-edit.test.ts:
(pass) U1 byte fidelity > only the edited value span changes; comments, order, trailing comma and final newline survive [0.31ms]
(pass) U1 byte fidelity > an identical edit is a byte-level no-op (idempotence, U11) [0.18ms]
(pass) U2 escapes and decoded keys (E1) > a neighbouring escaped string is untouched and a dotted key matches decoded text [0.17ms]
(pass) U3/E6 nested insert > a missing intermediate object is materialised and appended as the LAST member [0.17ms]
(pass) U3/E6 nested insert > a missing leaf inside an existing object is appended as the last member [0.17ms]
(pass) U3/E6 nested insert > without the insert option a missing path refuses and returns no text [0.07ms]
(pass) U4/E3 deletion span arithmetic > deleting the only member leaves valid JSONC with no dangling comma [0.57ms]
(pass) U4/E3 deletion span arithmetic > deleting a middle member keeps the remaining members valid and ordered [0.15ms]
(pass) U5 arrays (E4) > replace, append and delete an element, including deleting to an empty array [0.50ms]
(pass) U6 duplicate keys — the settled ruling: SET updates the LAST, UNSET removes ALL > set: the LAST occurrence is updated, the first is byte-identical, and the note names every line [0.26ms]
(pass) U6 duplicate keys — the settled ruling: SET updates the LAST, UNSET removes ALL > set: a top-level duplicated leaf behaves the same way (the design's U6 fixture) [0.13ms]
(pass) U6 duplicate keys — the settled ruling: SET updates the LAST, UNSET removes ALL > set: a single occurrence carries NO note (nothing to warn about) [0.10ms]
(pass) U6 duplicate keys — the settled ruling: SET updates the LAST, UNSET removes ALL > unset: EVERY occurrence is removed, so the key is genuinely gone from the parsed document [0.14ms]
(pass) U6 duplicate keys — the settled ruling: SET updates the LAST, UNSET removes ALL > unset via the DELETE sentinel removes every occurrence too [0.10ms]
(pass) U6 duplicate keys — the settled ruling: SET updates the LAST, UNSET removes ALL > a duplicated INTERMEDIATE still refuses as `ambiguous-intermediate`, byte-untouched, for BOTH set and unset [0.16ms]
(pass) U7 CRLF (E7) > existing endings are preserved and an inserted line uses CRLF [0.27ms]
(pass) E3 trailing-comma style on insert > a document that uses a trailing comma does not gain a dangling or doubled comma [0.17ms]
(pass) U9 unparsable (E9) > a malformed document refuses with 'unparsable' and returns no text [0.28ms]
(pass) reader parity > stripJsoncText tolerates comments and trailing commas exactly like the shipped reader [0.04ms]
(pass) regression: the shipped reader's trailing-comma probe (found by these tests) > a trailing comma followed by a comment no longer breaks JSON.parse [0.07ms]
(pass) the design-named API surface (§10.2): locateValueSpan, DELETE, EditRefusal/EditResult > locateValueSpan proves the exact value span and reports the comma/eol facts [0.24ms]
(pass) the design-named API surface (§10.2): locateValueSpan, DELETE, EditRefusal/EditResult > locateValueSpan refuses with the named reasons instead of guessing [0.11ms]
(pass) the design-named API surface (§10.2): locateValueSpan, DELETE, EditRefusal/EditResult > the DELETE sentinel is accepted by surgicalEdit and equals surgicalDelete [0.11ms]

packages/mpd-better-sidebar-host/test/host-contract.test.ts:
[host-contract] compared with dsh-better-sidebar @ /root/dshProj/My-Power-Dsh/node_modules/dsh-better-sidebar/lib/index.js
(pass) the sidebar host contract > the shim's inject list is the HOST's own, checked against the shipped package [98.53ms]
(pass) the sidebar host contract > the row name this module declares is its own, not the host's [0.04ms]

packages/mpd-roles-plugin/test/team-plane.test.ts:
(pass) read-only discipline: the guard denies exactly the roster's read-only members > the guard's deny list IS the one-shot path's list (one constant, seven names) [2.82ms]
(pass) read-only discipline: the guard denies exactly the roster's read-only members > a read-only teammate is denied; a worker, the Lead and a non-team agent pass [0.21ms]
(pass) read-only discipline: the guard denies exactly the roster's read-only members > every read-only NAME spelling is protected, including a team-unique numeric suffix [0.33ms]
(pass) read-only discipline: the guard denies exactly the roster's read-only members > the guard is NON-THROWING: a hostile membership resolver is a pass-through [0.19ms]
(pass) read-only discipline: the guard denies exactly the roster's read-only members > a missing tools.guard seam degrades with a warning instead of aborting the roster [0.13ms]
(pass) the frozen complexity predicate (Option A: explicit flag OR >= 1 matched signal) > signal A: team: prefix and !team, with the marker consumed [0.18ms]
(pass) the frozen complexity predicate (Option A: explicit flag OR >= 1 matched signal) > P8: a QUOTED !team is neither an activation nor stripped (only the earliest boundary one is) [0.05ms]
(pass) the frozen complexity predicate (Option A: explicit flag OR >= 1 matched signal) > signal B: >= 4 DISTINCT deliverable verbs [0.13ms]
(pass) the frozen complexity predicate (Option A: explicit flag OR >= 1 matched signal) > signal C: ONE signal, fired by its own 2-of-3 majority (never counted as C1/C2/C3) [0.11ms]
(pass) the frozen complexity predicate (Option A: explicit flag OR >= 1 matched signal) > signal D reads an ACTIVE boulder work, never a plan FILE [0.09ms]
(pass) the frozen complexity predicate (Option A: explicit flag OR >= 1 matched signal) > no signal: nothing fires, and the trigger needs at least one [0.14ms]
(pass) the frozen complexity predicate (Option A: explicit flag OR >= 1 matched signal) > the advisory text carries the frozen marker, names the signals and stages nothing [0.16ms]
(pass) the frozen complexity predicate (Option A: explicit flag OR >= 1 matched signal) > the MECHANICAL text names the RETURNED plan id, the shell bound and the inertness rule [0.20ms]
(pass) the frozen complexity predicate (Option A: explicit flag OR >= 1 matched signal) > resolveGateMode: the vocabulary, the tolerated booleans, and the fail-safe default [0.06ms]
(pass) the frozen complexity predicate (Option A: explicit flag OR >= 1 matched signal) > gatePlanShell fills ONLY what the gate can know, and says so in the description [0.18ms]
(pass) readBoulderGate: signal D's only input, repaired to an ACTIVE work > an ACTIVE work reads active and carries its plan path [0.25ms]
(pass) readBoulderGate: signal D's only input, repaired to an ACTIVE work > a COMPLETED work is silent — this workspace's own ledger must read inactive [0.29ms]
(pass) readBoulderGate: signal D's only input, repaired to an ACTIVE work > the fallback shape mirrors the vendor, and boulder.dir overrides the workspace [0.30ms]
438 |   test("this WORKSPACE's real ledger reads inactive (the measured D repair)", async () => {
439 |     /** The repo root, derived from this test file's own location. */
440 |     const repoRoot = dirname(dirname(dirname(dirname(fileURLToPath(import.meta.url)))))
441 |     // The repository's own `.mpd/boulder.json`: one COMPLETED work whose plan file still exists.
442 |     /** The real ledger text, read through the injected reader below. */
443 |     const real = readFileSync(join(repoRoot, ".mpd", "boulder.json"), "utf8")
                       ^
ENOENT: no such file or directory, open '/root/dshProj/My-Power-Dsh/.mpd/boulder.json'
    path: "/root/dshProj/My-Power-Dsh/.mpd/boulder.json",
 syscall: "open",
   errno: -2,
    code: "ENOENT"

      at <anonymous> (/root/dshProj/My-Power-Dsh/packages/mpd-roles-plugin/test/team-plane.test.ts:443:18)
(fail) readBoulderGate: signal D's only input, repaired to an ACTIVE work > this WORKSPACE's real ledger reads inactive (the measured D repair) [0.32ms]
(pass) session-start gate: scope, one-shot settlement and the advisory injection > the MECHANICAL route stages a SHELL through the tool and injects the notice naming its id [4.03ms]
(pass) session-start gate: scope, one-shot settlement and the advisory injection > the ladder degrades to the ADVISORY notice: tool absent, and a failing call [1.19ms]
(pass) session-start gate: scope, one-shot settlement and the advisory injection > IDEMPOTENCE: a plan the probe REPORTS is never re-staged (a second stage would ARCHIVE it) [0.52ms]
(pass) session-start gate: scope, one-shot settlement and the advisory injection > ID-KEY AGREEMENT: the probe asks the SAME session key the staging tool writes under [1.43ms]
(pass) session-start gate: scope, one-shot settlement and the advisory injection > an UNANSWERABLE probe still stages — and says LOUDLY that a plan may have been ARCHIVED [1.07ms]
(pass) session-start gate: scope, one-shot settlement and the advisory injection > stagedPlanProbe: an UNREADABLE service THROWS instead of answering 'nothing staged' [0.39ms]
(pass) session-start gate: scope, one-shot settlement and the advisory injection > team.gate=advisory stages nothing; team.gate=off does nothing at all [2.10ms]
(pass) session-start gate: scope, one-shot settlement and the advisory injection > signal D: an ACTIVE boulder work fires the gate through the injected reader, honours boulder.dir [1.26ms]
(pass) session-start gate: scope, one-shot settlement and the advisory injection > scope: child sessions and other presets never get the gate; mpd and preset-less sessions do [0.47ms]
(pass) session-start gate: scope, one-shot settlement and the advisory injection > P4: only a FIRING turn registers the agent — an empty or non-firing turn stays unjudged-and-rejudged [0.75ms]
(pass) session-start gate: scope, one-shot settlement and the advisory injection > a contained failure leaves the step untouched (a broken gate never breaks a turn) [0.58ms]
(pass) session-start gate: scope, one-shot settlement and the advisory injection > an explicit team: flag is CONSUMED from the goal text and counts as signal A [0.60ms]
(pass) session-start gate: scope, one-shot settlement and the advisory injection > consumeFlagFromMessage rewrites only text blocks and leaves a clean message identical [0.09ms]
(pass) roster section: agent-scoped teammate templates for the mpd Lead > the text names every member, its read-only flag, and how to instantiate one [0.38ms]
(pass) roster section: agent-scoped teammate templates for the mpd Lead > registered ONCE per qualifying live agent, and only for mpd top-level sessions [0.52ms]
(pass) roster section: agent-scoped teammate templates for the mpd Lead > a later session is covered through agent/created, and disposal releases the section [0.25ms]
(pass) roster section: agent-scoped teammate templates for the mpd Lead > a scope that refuses the section degrades with ONE warning, never a boot failure [0.29ms]
(pass) gate registration through the REAL adapter (the mounted-but-silent regression) > a payload WITHOUT `agent` still injects: the registration site is the authority [1.86ms]
(pass) goal selection: the injected runtime-context turn must not shadow the user turn > the gate judges the GOAL even when the decision carries an injected context turn [1.03ms]
(pass) goal selection: the injected runtime-context turn must not shadow the user turn > latestUserMessage is source-aware, and still answers for a host that tags nothing [0.21ms]
(pass) the mpd preset states the MECHANICAL gate contract (prompt/implementation drift guard) > the preset names team.gate, the marker and the staging tool, and drops the drifted sentences [0.49ms]
(pass) signal E: a CJK-scale instruction fires where the English-centric signals cannot > the user's verbatim Chinese instruction triggers, and E is the signal that carries it [1.00ms]
(pass) signal E: a CJK-scale instruction fires where the English-centric signals cannot > BOTH conjuncts are load-bearing: scale without verbs and verbs without scale stay silent [0.20ms]
(pass) signal E: a CJK-scale instruction fires where the English-centric signals cannot > the frozen Chinese NEGATIVE controls stay silent (the language fix is not a blanket 'fires on CJK') [0.14ms]
(pass) signal E: a CJK-scale instruction fires where the English-centric signals cannot > the full-width clause separators enumerate a one-line Chinese plan [0.11ms]
(pass) C8: an inbound agent message is never judged as the human turn > a `team-message` and a relayed `agent-message` are excluded; the SAME text as a human turn is not [0.36ms]
(pass) C8: an inbound agent message is never judged as the human turn > an UNTAGGED message stays eligible (the host that tags nothing keeps its gate) [0.15ms]
(pass) C7: a session already LEADING a team is never sent to stage one > this session's OWN record with members reads leading; another session's does not [0.91ms]
(pass) C7: a session already LEADING a team is never sent to stage one > a 0-member record is a STAGED SHELL, not a team, so the gate may still stage [0.15ms]
(pass) C7: a session already LEADING a team is never sent to stage one > every failure path reads NOT leading, and never throws [0.53ms]
(pass) C7: a session already LEADING a team is never sent to stage one > WIRING: a session already leading a team stages NOTHING and injects NO notice [1.38ms]
(pass) C7: a session already LEADING a team is never sent to stage one > the DEFAULT reader walks a real `.mpd/team/teams` directory (the live boot's path) [2.76ms]

packages/mpd-roles-plugin/test/adapter-identity.test.ts:
(pass) F1 vocabulary (standing pin) > the two identity literals are the agreed vocabulary [0.25ms]
(pass) F1 fallback arm: no mounted mpdDsh > warns exactly ONCE per apply and names the private adapter identity [3.33ms]
(pass) F1 fallback arm: no mounted mpdDsh > the fallback identity is assertable on the mpdRoles service field [1.03ms]
(pass) F1 fallback arm: no mounted mpdDsh > a warning reaches the row log even when the ctx exposes no logger [0.98ms]
(pass) F1 healthy arm: a mounted mpdDsh > emits NO warning and reports the mounted identity on both surfaces [1.17ms]
(pass) F1 healthy arm: a mounted mpdDsh > the three tools are registered THROUGH the mounted adapter, not beside it [0.56ms]
(pass) F1 shipped artifact > the committed dist is the byte-identical product of a canonical build (T-62) [223.52ms]
(pass) F1 shipped artifact > the built dist carries the adapter-identity fix [1.01ms]

packages/mpd-roles-plugin/test/roles.test.ts:
(pass) roster: 11 roles, unique ids, non-empty chains and fields [1.41ms]
(pass) persona assets exist for every role and contain real instructions [0.71ms]
(pass) normalizeRoleKey: canonical, chain keys and legacy mpd- ids [0.16ms]
(pass) normalizeRoleKey: team-style normal names resolve to the same role as their id [0.38ms]
(pass) a one-shot spawn is labelled with the team-style normal name, not the id [2.73ms]
(pass) no surface advertises an upstream alias: names plus what a role does [3.47ms]
(pass) the roster tool payloads carry no id field (an alias is not part of a result) [1.51ms]
(pass) mpdRoles service: list 11, get resolves aliases, unknown is null [1.59ms]
(pass) mpd_role_persona returns the extracted persona text under the role's NAME [0.74ms]
(pass) mpd_role_spawn: read-only roles get write-deny toolFilter, workers none [1.36ms]
(pass) mpd_roles_list returns the full roster summary [0.76ms]
(pass) read-only deny list covers every write-capable tool (no shell/AST/LSP write bypass) [0.85ms]
(pass) read-only deny list carries no dead tool name (the defect that broke every read-only spawn) [0.07ms]
(pass) the same dead names must not reappear in the roles source or its built dist [0.51ms]
(pass) the built dist renders no role as `Name (upstream-alias)` [1.80ms]
(pass) roles and workmate read-only deny lists are exactly equal (drift guard) [0.28ms]
(pass) extension roles: a real mpd-ext registration joins the roster with its owning extension [14.76ms]
(pass) extension roles: resolved PER CALL — later registration and disabled extensions take effect next call [3.00ms]
(pass) extension roles: a name colliding with a base role or another extension is refused loudly, never fatally [4.61ms]
(pass) extension roles: usable as a workmate BASE template (real mpd_workmate_init) [4.24ms]
(pass) extension roles: an absent or broken mpdExtensions service leaves the base roster answering [2.87ms]
(pass) extension roles do NOT enter the agent-teams `mpd` profile member list (documented limit) [1.95ms]
(pass) the built dist carries the extension-role wiring (a src-only change would ship dead) [0.53ms]
(pass) extension roles: a PROJECT-plane extension's role is refused (the contract rejects it) [3.19ms]

packages/mpd-roles-plugin/test/verify-guard.test.ts:
(pass) F1 — sessionIsTopLevel: the workspace's top-level session, never a preset > a header with no parent session and delegation depth 0 (or absent) IS top-level, whatever preset [1.13ms]
(pass) F1 — sessionIsTopLevel: the workspace's top-level session, never a preset > a parent session or a non-zero delegation depth is a CHILD, even under the `mpd` preset [0.08ms]
(pass) F1 — sessionIsTopLevel: the workspace's top-level session, never a preset > NO header is refused (fail-closed), and the class is reported [0.06ms]
(pass) F1 — sessionIsTopLevel: the workspace's top-level session, never a preset > F3 — the session-start gate keeps its preset scope: it is NOT the captain test [0.07ms]
(pass) F2/F5 — the guard's two rules read that ONE predicate > F5-1: a TOP-LEVEL `cordis` session may run a git write, and rule 4 still gates its code writes [1.18ms]
(pass) F2/F5 — the guard's two rules read that ONE predicate > F5-2: a TOP-LEVEL `mpd` session is allowed the same git write — no regression for that deployment [0.11ms]
(pass) F2/F5 — the guard's two rules read that ONE predicate > F5-3: a CHILD session is STILL DENIED the git write under either preset — the rule survives [0.58ms]
(pass) F2/F5 — the guard's two rules read that ONE predicate > F5-4: a session with NO header is refused the git write (fail-closed) [0.14ms]
(pass) F2/F5 — the guard's two rules read that ONE predicate > F5-5: the denial states the class decided and names the route — with NO claim about top-levelness [0.18ms]

packages/mpd-roles-plugin/test/boulder-dir.test.ts:
(pass) resolveBoulderDir — the ONE reading of the knob > every state-directory spelling means the SESSION WORKSPACE, never a root to join onto [0.10ms]
(pass) resolveBoulderDir — the ONE reading of the knob > a real root override is kept, trimmed and otherwise verbatim [0.04ms]
(pass) readBoulderGate reads the CONTRACT path > with boulder.dir UNSET the ledger is read at <ws>/.mpd/boulder.json [0.37ms]
(pass) readBoulderGate reads the CONTRACT path > a `.mpd` override — the retired default — STILL reads the contract path, not a doubled one [0.16ms]
(pass) readBoulderGate reads the CONTRACT path > an explicitly SET boulder.dir still overrides for the gate [0.10ms]

packages/mpd-codegraph-plugin/src/index.test.ts:
(pass) O-1 apply-time project root > no session and no override falls back to process.cwd() [1.57ms]
(pass) O-1 apply-time project root > a session workspace (exec-less DSH_WORKSPACE_ROOT) beats the process cwd [0.55ms]
(pass) O-1 apply-time project root > the explicit project-cwd override wins over the session workspace [0.67ms]
(pass) O-1 apply-time project root > the status line names the session workspace, and the home skip still applies [0.38ms]
(pass) O-1 call-time /mpd-codegraph handler > resolves the invocation's session workspace, not the apply-time root [0.78ms]
(pass) O-1 call-time /mpd-codegraph handler > returns the harness CommandResult shape (kind), never the legacy success flag [0.33ms]
(pass) O-1 call-time /mpd-codegraph handler > re-resolves per invocation: two sessions, two targets [0.34ms]
(pass) command registration goes through the adapter (AGENTS.md §6) > the standalone adapter registers the command and survives a stub register returning no disposer [0.41ms]
(pass) command registration goes through the adapter (AGENTS.md §6) > apply never throws when the composition has no command registry at all [0.39ms]
(pass) S8: a blank-but-SET env value does not suppress its documented alias > a blank MPD_CODEGRAPH_BIN still lets MPD_DSH_CODEGRAPH_BIN resolve the binary [0.45ms]
(pass) S8: a blank-but-SET env value does not suppress its documented alias > a blank MPD_CODEGRAPH_PROJECT_CWD still lets its alias resolve the project root [0.54ms]
(pass) S8: a blank-but-SET env value does not suppress its documented alias > NEGATIVE CONTROL: a non-blank primary still wins, and two blanks fall back to the session [0.55ms]

packages/mpd-team-watchdog-plugin/test/dispatch-precondition.test.ts:
(pass) a staged plan is never a dispatch problem > 12 UNOWNED pending tasks (a plan nothing was dispatched into): NO record, NO console line, NO hold [5.46ms]
(pass) a staged plan is never a dispatch problem > CONTROL: the same 12 tasks once CLAIMED still report every never-started task [3.25ms]
(pass) a staged plan is never a dispatch problem > a task whose work came from an EARLIER revision stays observable — and only that task does [1.27ms]
(pass) candidateFor applies the precondition > an un-dispatched task is not a candidate; a dispatched one is [0.13ms]
(pass) candidateFor applies the precondition > a stamp for the task keeps it observable even without a live attempt [0.12ms]
(pass) candidateFor applies the precondition > an EARLIER generation's stamp still proves the task was worked on; another TEAM's does not [0.21ms]

packages/mpd-team-watchdog-plugin/test/channel-fold.test.ts:
(pass) §1 — the four states, folded from the record stream > an open step with no committed answer is OUTSTANDING, and it carries the clock [0.74ms]
(pass) §1 — the four states, folded from the record stream > NEGATIVE CONTROL: the same list WITH its step/end is no longer OUTSTANDING [0.10ms]
(pass) §1 — the four states, folded from the record stream > an answered step with an unmatched tool/call is IN-FLIGHT [0.21ms]
(pass) §1 — the four states, folded from the record stream > NEGATIVE CONTROL: dropping the answer makes it OUTSTANDING; adding the result makes it ALIVE [0.28ms]
(pass) §1 — the four states, folded from the record stream > a turn that has not closed is ALIVE, and a CLOSED turn is PARKED [0.16ms]
(pass) §1 — the four states, folded from the record stream > a completed step stays ALIVE forever: 24 h of age changes nothing [0.23ms]
(pass) §1 — the four states, folded from the record stream > the assistant-stream START frame is the §2 enrichment: OUTSTANDING flips to ALIVE [0.24ms]
(pass) §1 — the four states, folded from the record stream > NO CHANNEL EVIDENCE is not PARKED: it is null (the §4 degradation seam) [0.25ms]
(pass) §1 — the four states, folded from the record stream > an unknown (extension) event type changes no verdict [0.23ms]
(pass) §1 — the four states, folded from the record stream > the answer may be an `assistant/attempt` (a plugin-merged extension type) [0.12ms]
(pass) §3 — the ladder and the §4 degradation, per channel verdict > PARKED and ALIVE never warn, however long the watchdog looks [0.26ms]
(pass) §3 — the ladder and the §4 degradation, per channel verdict > OUTSTANDING warns only after warnSilenceMs SINCE THE REQUEST BECAME OUTSTANDING [0.18ms]
(pass) §3 — the ladder and the §4 degradation, per channel verdict > the frozen ladder: six consecutive OUTSTANDING observations after the first warn [0.24ms]
(pass) §3 — the ladder and the §4 degradation, per channel verdict > an OUTSTANDING request that becomes ALIVE resets the streak (no stale escalation) [0.12ms]
(pass) §3 — the ladder and the §4 degradation, per channel verdict > IN-FLIGHT past toolInFlightMaxMs is reported ONCE and never held [0.27ms]
(pass) §3 — the ladder and the §4 degradation, per channel verdict > §4: with NO channel evidence the heartbeat rule WARNs exactly once and never escalates [0.28ms]
(pass) §3 — the ladder and the §4 degradation, per channel verdict > §1 rule 5: a candidate that never stamped is never-started, never a warn [0.14ms]
(pass) §3 — the ladder and the §4 degradation, per channel verdict > the frozen §3 defaults are exactly the contract's table [0.12ms]

packages/mpd-team-watchdog-plugin/test/pre-step-waterfall.test.ts:
(pass) agent/pre-step is a waterfall (the decision must survive a heartbeat) > the pre-step listener DELEGATES: the decision reaches the harness unchanged [7.11ms]
(pass) agent/pre-step is a waterfall (the decision must survive a heartbeat) > the listener delegates DOWNSTREAM: a later listener still runs and its decision wins [2.82ms]
(pass) agent/pre-step is a waterfall (the decision must survive a heartbeat) > NEGATIVE CONTROL: the retired shape really does clobber the decision [1.22ms]
(pass) agent/pre-step is a waterfall (the decision must survive a heartbeat) > no listener we install returns a value on a non-waterfall dispatch (emit/serial) [1.77ms]
(pass) agent/pre-step is a waterfall (the decision must survive a heartbeat) > a THROWING stamp still delegates: a heartbeat failure never vetoes the step [1.82ms]

packages/mpd-team-watchdog-plugin/test/heartbeat.test.ts:
(pass) heartbeat store > a model step stamps the member AND the task the member owns [1.09ms]
(pass) heartbeat store > the captain is stamped under its own key by the same code path [0.70ms]
(pass) heartbeat store > an agent outside every team still stamps, under a per-session key [0.80ms]
(pass) heartbeat store > the tool pair: the PRE hook opens the call (tool-start), the POST hook closes it (tool) [1.39ms]
(pass) heartbeat store > turn boundaries are stamped and an old generation is rotated away [2.62ms]
(pass) heartbeat store > timestamps advance across a turn (>= 3 distinct lastSeen values) [15.53ms]
(pass) heartbeat store > r2: rotation is PER TEAM, so one team's turnover cannot evict the other team's evidence [1.06ms]
(pass) heartbeat store > a torn last line does not hide the stamps before it [0.53ms]

packages/mpd-team-watchdog-plugin/test/status-lossless.test.ts:
(pass) the lossless projection is total > every value a reader can hand it comes back as lossless JSON [1.83ms]
(pass) the status tool's own value > round-trips through JSON unchanged, with a live team, heartbeats and a hold in the store [5.77ms]

packages/mpd-team-watchdog-plugin/test/team-plane.test.ts:
(pass) the watchdog's team universe (T3) > the ids ARE the mpd record's ids, so the hold the watchdog files is the hold dispatch asks about [0.98ms]
(pass) the watchdog's team universe (T3) > the projection carries the roster and the board the fold reads, with the executor's own handles [0.21ms]
(pass) the watchdog's team universe (T3) > a task with an owner is DISPATCHED, and the owner is the assignee [0.16ms]
(pass) the watchdog's team universe (T3) > with NO mpd service the OFFICIAL fold still answers — the fallback is kept [0.31ms]
(pass) the watchdog's team universe (T3) > an mpd service that answers NOTHING falls back, and with NEITHER plane the read degrades to [] [0.35ms]
(pass) the watchdog's team universe (T3) > an mpd read that THROWS degrades to the official fold instead of taking the tick down [0.33ms]
(pass) the watchdog's team universe (T3) > a STAGED shell with no roster and no board is not watched [0.11ms]
(pass) the watchdog's team universe (T3) > readTeam and listTeamIds answer from the SAME universe as readTeams [0.19ms]
(pass) the applied row reads the MPD plane PER CALL (T3 wiring) > the status view names the mpd team, and the service mounted AFTER apply is still read [0.99ms]
(pass) the applied row reads the MPD plane PER CALL (T3 wiring) > the ENGINE resolves a member through the mpd record, so the heartbeat is keyed by the member [0.59ms]

packages/mpd-team-watchdog-plugin/test/predicate.test.ts:
(pass) §9 row (a) — a long streaming answer is ALIVE, never a wedge > 12 simulated minutes of an uncommitted streaming answer: NO warn, NO hold, NO write [2.96ms]
(pass) §9 row (a) — a long streaming answer is ALIVE, never a wedge > the same 12 minutes WITHOUT the enrichment stays OUTSTANDING (§1 rule 3's stated asymmetry) [4.41ms]
(pass) §9 row (b) — a member between turns is PARKED, not silent > a closed turn with a STALE previous-generation stamp: NO warn, NO hold, and PARKED is named [1.04ms]
(pass) §9 row (d) — an OUTSTANDING request: the frozen ladder, end to end > first WARN only after 600 s, then ESCALATE on the sixth observation, and the hold lands [6.78ms]
(pass) §4 degradation — the heartbeat fallback reports once and never pauses > no channel evidence at all: ONE warn (cause silence-heartbeat), no hold, source named [3.88ms]

packages/mpd-team-watchdog-plugin/test/holds.test.ts:
(pass) the mpdWatchdog reader (A2-1 option (b)) > an unknown team is not held, and a recorded hold makes it held [0.54ms]
(pass) the mpdWatchdog reader (A2-1 option (b)) > the file fallback answers for a hold ANOTHER process wrote (the cross-process caveat) [0.39ms]
(pass) the mpdWatchdog reader (A2-1 option (b)) > hydrate at apply loads the holds that already exist on disk [0.59ms]
(pass) the mpdWatchdog reader (A2-1 option (b)) > the documented gate call shape returns exactly what a decline gate branches on [0.90ms]
(pass) the mpdWatchdog reader (A2-1 option (b)) > FAIL-OPEN: a context without ctx.provide publishes no service, and the gate expression is simply false [0.34ms]
(pass) the mpdWatchdog reader (A2-1 option (b)) > never throws on a hostile path: the gates call it on every dispatch [0.25ms]
(pass) the mpdWatchdog reader (A2-1 option (b)) > a mutation through the plugin's own actions keeps the reader in step, both ways [0.94ms]
(pass) the mpdWatchdog reader (A2-1 option (b)) > a direct applyResume with no registry argument still works (the registry is optional) [0.31ms]
(pass) the engine keeps the reader in step with its own hold > an ESCALATE hold lands in the registry through the plugin's own tool action [3.12ms]
(pass) the engine keeps the reader in step with its own hold > a namespace that registers AFTER apply still tunes the tick (per-tick knob re-read) [1.69ms]
(pass) the mpdWatchdog service's front-door reads (w6b) > heldTeams lists the live hold index from disk, sorted, and answers [] with no store [0.38ms]
(pass) the mpdWatchdog service's front-door reads (w6b) > view / unread / acknowledge drive the durable watermark (byte-level) and never throw [1.40ms]
(pass) the mpdWatchdog service's front-door reads (w6b) > the published service carries every front-door member, and holdService is still mpdWatchdog [0.62ms]

packages/mpd-team-watchdog-plugin/test/failsafe.test.ts:
(pass) AC-15 fail-safe > a throwing tick body is caught and counted, and the tick still returns [1.46ms]
(pass) AC-15 fail-safe > exactly ONE interval owns the cadence, and a live cadence change replaces it [0.56ms]
(pass) AC-15 fail-safe > a tick with no state change writes nothing (no write loop) [2.07ms]
(pass) AC-15 fail-safe > an unwritable heartbeat location degrades to a counted failure [0.60ms]
(pass) AC-15 fail-safe > a tick that starts while the previous one runs is skipped, never queued [1.23ms]
(pass) AC-15 fail-safe > the env kill switch makes the tick observe nothing at all [0.69ms]
(pass) AC-15 fail-safe > a row config kill switch also disables the engine [0.50ms]

packages/mpd-team-watchdog-plugin/test/holds-lifecycle.test.ts:
(pass) T-16 (§6) — generation scoping: a previous generation can never be SILENT > RED-first: a stamp PREDATING the record's createdAt is not this generation's work [0.26ms]
(pass) T-16 (§6) — generation scoping: a previous generation can never be SILENT > the same candidate is reported `never-started`, and never escalates [0.24ms]
(pass) T-16 (§6) — generation scoping: a previous generation can never be SILENT > a stamp AT OR AFTER createdAt IS this generation: silence still warns and escalates [0.29ms]
(pass) T-16 (§6) — generation scoping: a previous generation can never be SILENT > an ABSENT createdAt stays permissive (§0/A3 — the r7 convention, pinned) [0.08ms]
(pass) T-16 (§6) — generation scoping: a previous generation can never be SILENT > approvedAt counts too: the floor is the NEWER of the two [0.05ms]
(pass) T-16 (§6) — generation scoping: a previous generation can never be SILENT > ENGINE: the measured leak shape (a day-old stamp of an EARLIER revision) holds nothing [1.89ms]
(pass) T-17 (§6) — the hold's TTL and activity auto-release, PRESERVING > the resolved knob's TTL travels with a hold the ENGINE persists [2.31ms]
(pass) T-17 (§6) — the hold's TTL and activity auto-release, PRESERVING > TTL path: the hold releases itself, writes the incident, and touches no team byte [1.75ms]
(pass) T-17 (§6) — the hold's TTL and activity auto-release, PRESERVING > ACTIVITY path: a stamp earned AFTER the hold disproves the wedge [1.54ms]
(pass) T-17 (§6) — the hold's TTL and activity auto-release, PRESERVING > another team's stamp cannot release this team's hold [1.07ms]
(pass) T-17 (§6) — the hold's TTL and activity auto-release, PRESERVING > the HOLD tool carries ttl_ms and inherits the resolved knob when omitted [0.74ms]
(pass) T-17 (§6) — the hold's TTL and activity auto-release, PRESERVING > a legacy hold with no ttlMs reads as 0 (no bound is ever invented) [0.24ms]
(pass) the pause surface — the watchdog's preserving hold IS the only pause (0.1.7: no halt exists) > the hold is the ONE pause reported; a halt that does not exist is never named [1.87ms]
(pass) the pause surface — the watchdog's preserving hold IS the only pause (0.1.7: no halt exists) > a team with no pause renders as not paused, and NO new resume verb was added [0.39ms]
(pass) T-20 (§8) — a blocked member is PARKED, never silent > the derivation reads the record alone [0.27ms]
(pass) T-20 (§8) — a blocked member is PARKED, never silent > ENGINE: OUTSTANDING + blocked dependency is PARKED — no warn, no hold, no scene [1.56ms]
(pass) T-20 (§8) — a blocked member is PARKED, never silent > ENGINE: the suppression is DERIVED, not sticky — finishing the dependency warns again [1.76ms]
(pass) §7.2/§7.3 — the knobs' live-vs-file divergence > knobReadings is pure: difference ⇒ restartRequired, equality ⇒ silence [0.24ms]
(pass) §7.2/§7.3 — the knobs' live-vs-file divergence > ENGINE: one warning per process, naming the file value and the live value [1.76ms]
(pass) §7.2/§7.3 — the knobs' live-vs-file divergence > the status view prints the per-knob table with restartRequired [1.44ms]

packages/mpd-team-watchdog-plugin/test/sidecars.test.ts:
(pass) the hold sidecar > lives in the watchdog's own tree and never changes the live team readout [0.65ms]
(pass) the hold sidecar > is idempotent by id: a second identical write changes no bytes [0.26ms]
(pass) the hold sidecar > re-applying a hold keeps the original id and since (the hold is not restarted) [0.29ms]
(pass) the hold sidecar > a resume of a non-held team is a no-op, and a second resume is a no-op [0.35ms]
(pass) the hold sidecar > a hold without a team_id is refused with a reason, never thrown [0.15ms]
(pass) incidents and the read watermark > a record per incident plus a watermark per reader [0.72ms]
(pass) incidents and the read watermark > a NON-FINITE upTo is REFUSED, never persisted as null [0.47ms]
(pass) the plugin's own actions > apply() registers exactly the three actions on the adapter [0.44ms]
(pass) the plugin's own actions > the hold and resume actions are reachable through the adapter's internal tool seam [0.99ms]

packages/mpd-team-watchdog-plugin/test/machine.test.ts:
(pass) knobs > an absent namespace resolves to the frozen defaults [0.10ms]
(pass) knobs > the watchdog section is read from the mpd namespace by its exact paths [0.09ms]
(pass) knobs > a cadence at or beyond the silence threshold is clamped loudly, not thrown [0.08ms]
(pass) knobs > a bad knob type falls back with a recorded issue [0.07ms]
(pass) knobs > the env kill switch forces the watchdog off [0.05ms]
(pass) the machine > exactly one WARN per silent tick, and the third WARN escalates once [0.23ms]
(pass) the machine > a new attemptId starts a clean streak [0.11ms]
(pass) the machine > any recent stamp resets the streak [0.06ms]
(pass) the machine > a claimed task whose owner never stamped is never-started, and never escalates [0.07ms]
(pass) the machine > a COMPLETED turn is not a wedge: a turn-end newest stamp never warns or escalates [0.08ms]
(pass) the machine > a stale streak is RESET by the boundary (the completed turn cannot spend it later) [0.18ms]
(pass) the machine > W11-1 REGRESSION (the Reviewer's exact probe shape): two teams, both tasks t1, BOTH with an empty attemptId, each observed once per tick [0.34ms]
(pass) the machine > W11-2: a stamp from ANOTHER attempt does not satisfy the precondition (it is never-started, not silent) [0.07ms]
(pass) the machine > a disabled watchdog observes nothing [0.05ms]
(pass) the machine over a real team record > WARN then ESCALATE land on disk with the hold applied through the tool seam [2.99ms]
(pass) the machine over a real team record > a live knob change is picked up without a restart [1.63ms]

packages/mpd-team-watchdog-plugin/test/tool-inflight.test.ts:
(pass) r6 — the in-flight derivation (pure) > a start with no completion is in flight; its completion closes it [0.28ms]
(pass) r6 — the in-flight derivation (pure) > callId pairing: a completed sibling cannot clear a still-running call [0.07ms]
(pass) r6 — the in-flight derivation (pure) > a harness build without callIds falls back to the newest-stamp rule [0.05ms]
(pass) r6 — the predicate: explained activity, the bound, and the falsifier > 3x the threshold inside ONE call produces NO warn, NO escalate and NO hold [0.28ms]
(pass) r6 — the predicate: explained activity, the bound, and the falsifier > FALSIFIER: toolInFlightMaxMs 0 restores the pre-r6 escalation for the SAME input [0.22ms]
(pass) r6 — the predicate: explained activity, the bound, and the falsifier > past the bound the entry STOPS suppressing: one tool-expired report, never an escalate [0.11ms]
(pass) r6 — the predicate: explained activity, the bound, and the falsifier > the WEDGE case is untouched: no in-flight entry still warns then escalates once [0.10ms]
(pass) r6 — the predicate: explained activity, the bound, and the falsifier > a finished tool call is NOT in flight: the call that COMPLETED does not suppress [0.07ms]
(pass) r6 — the real engine, a real long command, and the durable store > a member 4x the threshold inside ONE real command gets NO warn, NO escalate and NO hold — and is watched again when it completes [1636.10ms]
(pass) r6 — the real engine, a real long command, and the durable store > a tool that THROWS is closed by its POST (the harness routes tool failures through post-execute) [359.20ms]
(pass) r6 — the real engine, a real long command, and the durable store > a PRE with NO POST (a killed call) is bounded: one tool-expired record, no scene, no hold, no repeat [9.17ms]
(pass) r6 — the real engine, a real long command, and the durable store > a DENIED call is never marked in flight (nothing to explain, nothing leaked) [8.87ms]
(pass) r6 — the real engine, a real long command, and the durable store > the SEAM is soft-probed: an adapter without the pre hook warns and keeps the pre-r6 behaviour [3.29ms]

packages/mpd-team-watchdog-plugin/test/scene.test.ts:
(pass) the scene document > carries exactly the AC-5 field set [0.94ms]
(pass) the scene document > the halt flags have NO official source, so the scene carries null (never a fabricated pause) [0.32ms]
(pass) the scene document > write -> read round-trips byte-identically and a second identical write changes no bytes [0.76ms]
(pass) the scene document > a scene file name is unique per incident even inside one millisecond [0.46ms]
(pass) the scene document > isoBasic is a file-safe timestamp [0.08ms]
(pass) the scene document > the member unread count is UNOBSERVABLE on the official plane (null, never a fabricated 0) [0.26ms]
(pass) an unwritable scene location > degrades LOUDLY, still attempts the hold and still records the incident [3.42ms]
(pass) an unwritable scene location > writeScene returns ok:false instead of throwing [0.36ms]

packages/mpd-ext-plugin/test/adapter-identity.test.ts:
(pass) F1 vocabulary (standing pin) > the two identity literals are the agreed vocabulary [0.24ms]
(pass) F1 vocabulary (standing pin) > the sibling row reports the SAME vocabulary (cross-package equality) [0.08ms]
(pass) F1 fallback arm: no mounted mpdDsh > warns exactly ONCE per apply and names the private adapter identity [2.45ms]
(pass) F1 fallback arm: no mounted mpdDsh > the fallback identity is assertable on the mpdExtensions service field [1.07ms]
(pass) F1 fallback arm: no mounted mpdDsh > a warning reaches the row log even when the ctx exposes no logger [1.14ms]
(pass) F1 healthy arm: a mounted mpdDsh > emits NO warning and reports the mounted identity on both surfaces [1.30ms]
(pass) F1 healthy arm: a mounted mpdDsh > the four tools are registered THROUGH the mounted adapter, not beside it [0.79ms]
(pass) F1 shipped artifact > the committed dists are the byte-identical products of a canonical build (T-62) [214.90ms]
(pass) F1 shipped artifact > the built dist carries the adapter-identity fix [0.82ms]
(pass) S4: the reported identity follows the SURFACE, not the apply > an adapter that mounts AFTER the row is reported as mounted, with no re-apply [1.32ms]

packages/mpd-ext-plugin/test/core.test.ts:
(pass) apply registers exactly the four tools, no reload, and provides the mpdExtensions service [5.08ms]
(pass) apply contains a hostile harness: a throwing tool or skill seam never escapes apply [4.96ms]
(pass) the four tools emit values that satisfy their own output schemas [11.67ms]
(pass) mpd_ext_show and mpd_flow_show report an unknown id as an error naming the known ids [2.95ms]
(pass) descriptor validation rejects unknown keys, bad apiVersion, missing id, escapes and bad rank [1.58ms]
(pass) role provider/model must be paired and persona must stay inside the root [1.26ms]
(pass) effectiveEnabled follows disable > enable > descriptor [1.35ms]
(pass) discovery precedence is project > user > bundle and shadowing is recorded, never fatal [5.06ms]
(pass) a malformed manifest is reported per item and never aborts apply or another extension [6.30ms]
(pass) the project plane is re-read per call and never leaks across workspaces [3.81ms]
(pass) skill candidates are pre-validated: a bad candidate is skipped, warned and never emitted [3.33ms]
(pass) the provider pre-validates at emit time too, and reports the skip to the owner [1.45ms]
(pass) a loaded candidate is recorded on the extension when its items are unusable [1.72ms]
(pass) the project-plane skill provider resolves per call from provider.list({ cwd }) [5.08ms]
(pass) a skill provider never throws out of list()/get() when discovery fails [1.89ms]
(pass) provider names are unique by construction [1.25ms]
(pass) flows render into skill candidates and a flow id outside the skill grammar is rejected loudly [1.54ms]
(pass) a broken flow file is skipped and recorded while its siblings keep working [2.04ms]
(pass) config is read lazily per use: disable/enable are honoured after apply [4.78ms]
(pass) extensionConfig reads every extensions.* key lazily from mpdConfig (declared process-level limit) [1.33ms]
(pass) mcp.enabled=false is honoured per call and surfaced instead of silently pending [9.67ms]
(pass) a missing mpdConfig degrades to the documented defaults [6.63ms]
(pass) the code plane registers through ctx.get("mpdExtensions") and shares the same validation [4.29ms]
(pass) describe() answers the frozen descriptor shape for a known extension [6.42ms]
(pass) one broken extension of each kind leaves the good ones working [4.42ms]
(pass) mcp is pending until the bridge connects it, while roles are NEVER pending (t14/F3) [7.43ms]
(pass) t14/F3: a live roles contribution reports no pending item and no 'not yet exposed' claim [9.34ms]
(pass) t14/F4: a role colliding with a BASE roster name is refused with the roster's reason, in both paths [3.57ms]
(pass) t14/F4: an unreadable OR empty persona is refused, and the empty case is no longer accepted [3.14ms]
(pass) t14/F4: a CROSS-extension name collision refuses the LATER extension and names the holder [4.13ms]
(pass) t14: a disabled extension's declared roles are reported as not exposed, never as usable [6.24ms]
(pass) t14: refusal notes are idempotent — repeated calls neither duplicate nor lose them [3.62ms]
(pass) t14: the ext report and the ROSTER agree about every role (parity, measured against the resolver) [3.42ms]
(pass) t14: every spelling of a base roster name collides (case- and separator-insensitive) [2.72ms]
(pass) discoverPlane never throws for a missing root [1.30ms]
(pass) t16: the ext report and the ROSTER agree about a PROJECT-plane role (nothing usable, same reason) [5.33ms]
(pass) F4: a same-name skill claimed by two extensions is reported on the loser WITH the winner and both ranks [3.76ms]
(pass) F4: a claim the catalog resolves to a NON-extension provider is reported as not served [2.78ms]
(pass) F4: a duplicate project-plane skill name is attributed to the PROJECT entry that claims it [3.29ms]
(pass) F5: a provider call with NO cwd serves nothing from the project plane (never process.cwd()) [2.42ms]
(pass) F5: a host-wide extension is still served when the caller names no workspace [4.68ms]
(pass) F6: mpd_ext_show redacts author-declared env VALUES in the echoed descriptor [2.93ms]
(pass) F7: a CONFIG-disabled extension claims no role name, so the next claimant is exposed [3.29ms]
(pass) F3: an enumeration failure is reported as an INCOMPLETE observation, never a cacheable empty catalog [1.56ms]
(pass) F5: with no cwd a host-wide extension is SERVED, not silently shadowed by a guessed workspace [2.84ms]

packages/mpd-ext-plugin/test/mcp.test.ts:
(pass) publicToolName replicates the harness algorithm: verbatim, sanitized+hashed, truncated+hashed [1.87ms]
(pass) childEnv inherits only the SDK safe list and never a credential-shaped parent variable [0.26ms]
(pass) the client completes initialize -> initialized -> tools/list against the repo's own stdio MCP server [102.21ms]
(pass) the client reports a non-JSON stdout line as a protocol error instead of dying [85.46ms]
(pass) apply connects declared servers, publishes their tools before activation completes, and mpd_ext_show reports the state [57.18ms]
(pass) apply keeps the extension's pending line truthful while a server is disconnected [108.80ms]
(pass) startup failure is contained: a dead server is unavailable with its stderr tail while its sibling still connects [135.93ms]
(pass) a hanging server is time-boxed and the others still publish in parallel [465.76ms]
(pass) a later tool-list change is swapped in, and a mid-list conflict rolls back to ZERO tools [88.56ms]
(pass) a server-initiated tools/list_changed notification triggers a re-sync [99.40ms]
(pass) a foreign inputSchema is projected for parameters while the wire schema stays untouched [78.80ms]
(pass) an unsupported outputSchema drops the SCHEMA and keeps the tool, while an unprojectable inputSchema skips its tool [76.38ms]
(pass) a non-object-rooted inputSchema is normalized onto an object root instead of being passed through [81.51ms]
(pass) a public-name collision with an existing tool skips that tool and is recorded [75.28ms]
(pass) tools/call maps content, structured content and isError onto the harness result contract [86.90ms]
(pass) a tools/call slower than the server's budget is rejected naming that budget [329.81ms]
(pass) the child env carries no credential-shaped variable inherited from the parent, and the child is reaped on dispose [77.54ms]
(pass) a disabled extension never spawns a child and reports state disabled [0.97ms]
(pass) extensions.mcp.enabled=false connects nothing even for an enabled extension [0.80ms]
(pass) a server's relative args and cwd resolve against the EXTENSION ROOT, not the dsh process cwd [76.75ms]
(pass) the shipped example's stdio MCP server starts, lists its tool and answers a real call [150.71ms]
(pass) the shipped example extension is discoverable, disabled, and contributes all four kinds [0.88ms]

packages/mpd-roster-provider-plugin/test/route.test.ts:
(pass) reading the member out of the descriptor label > a description that NAMES a member routes it, before any separator [0.51ms]
(pass) reading the member out of the descriptor label > a name with no separator still matches [0.10ms]
(pass) reading the member out of the descriptor label > a description that names NO member routes nothing — a wrong guess moves a teammate onto a model nobody chose [0.10ms]
(pass) reading the member out of the descriptor label > the LONGEST name wins, so a prefix cannot steal the match [0.04ms]
(pass) resolving the slot route > every roster member maps to a slot, and a complete slot resolves to its own route [0.36ms]
(pass) resolving the slot route > a member with NO slot inherits — the route is undefined, not a default [0.06ms]
(pass) resolving the slot route > an INCOMPLETE slot fails LOUDLY naming the member and the slot, never substituting [0.32ms]
(pass) resolving the slot route > an effort the slot does not state is OMITTED, so the harness keeps its own resolution [0.10ms]
(pass) applying a route to a request > the route replaces the three route fields and NOTHING else [0.13ms]
(pass) applying a route to a request > no route means the request is returned BY IDENTITY — inheritance is visibly inheritance [0.02ms]
(pass) applying a route to a request > a route with no effort CLEARS an inherited one instead of leaving it behind [0.06ms]
(pass) applying a route to a request > a request with no agentOptions at all is still routable [0.05ms]
(pass) applying a route to a request > the label is read from the descriptor first, then the request's own field [0.07ms]

packages/mpd-bundle-plugin/test/watchdog-routes-boot.test.ts:
(pass) the watchdog routes survive a late-bound web server > a web server that binds AFTER apply() still gets BOTH routes (the live 404) [2.09ms]
(pass) the watchdog routes survive a late-bound web server > a web server bound AT apply() registers immediately (the path that already worked) [0.14ms]
(pass) the watchdog routes survive a late-bound web server > an unrelated late binding registers nothing and never throws [0.18ms]
(pass) the watchdog routes survive a late-bound web server > httpServer is accepted as the legacy name for the same surface [0.09ms]
(pass) the watchdog routes survive a late-bound web server > no effect seam keeps the plugin a headless marker and never throws [0.10ms]
(pass) the watchdog routes survive a late-bound web server > a rebind of the SAME server never registers the routes twice [0.12ms]
(pass) the late-registered state route really answers > GET answers 200 with ok:true and the web reader key [1.68ms]

packages/mpd-bundle-plugin/test/sidebar-migration-artifact.test.ts:
(pass) shipped bundle client after the AgentTeams sidebar migration > registers exactly the four loader modules: the sidebar page plus the isolated settings card [0.67ms]
(pass) shipped bundle client after the AgentTeams sidebar migration > carries the mpd export bridge with every pinned export [0.72ms]
(pass) shipped bundle client after the AgentTeams sidebar migration > no mpd client source registers a removed surface [1.09ms]
(pass) shipped bundle client after the AgentTeams sidebar migration > the page module keeps the pinned tab id and order [1.68ms]

packages/mpd-bundle-plugin/test/sidebar-tab.test.ts:
(pass) client seam policy > declares only services this profile is guaranteed to mount [0.77ms]
(pass) client seam policy > never declares the sidebar statically (that would park the whole entry) [0.27ms]
(pass) client seam policy > waits for the sidebar through ctx.inject instead of a one-shot probe [0.11ms]
(pass) with DSH-better-sidebar installed > registers the mpd TEAM view, the AgentTeams page and the workmate library, and no legacy floater [0.14ms]
(pass) with DSH-better-sidebar installed > the adopted client half is never applied (it would re-register the removed surfaces) [0.03ms]
(pass) with DSH-better-sidebar installed > both tab descriptors are valid sidebar pages [0.36ms]
(pass) with DSH-better-sidebar installed > keeps the locale namespaces registered [0.03ms]
(pass) a sidebar provider REMOUNT keeps both tabs > a re-fire against the SAME service never double-registers [2.44ms]
(pass) a sidebar provider REMOUNT keeps both tabs > a FRESH service (the remount) receives both tabs again [2.21ms]
(pass) workmate page > renders the library from the host routes [8.68ms]
[mpd] AgentTeams sidebar file failed to load: Error: harness: unexpected require(@mpd-dsh/team-page)
[mpd] settings card module failed to load: Error: harness: unexpected require(@mpd-dsh/settings-card)
(pass) workmate page base picker (C3: the functional NAME is the only base key) > the base <option> value and label are the functional NAME, with no id suffix [245.18ms]
(pass) workmate page base picker (C3: the functional NAME is the only base key) > the "type the base id" fallback copy is gone from BOTH dictionaries [79.21ms]
(pass) workmate page dictionaries > registers the workmate namespace with both dictionaries [3.69ms]
(pass) workmate page dictionaries > zh is the key-set source of truth and en matches it key for key (§L A7) [3.39ms]
(pass) workmate page dictionaries > the mutation surface is localized in BOTH languages, not hardcoded English [2.22ms]
(pass) workmate page dictionaries > the tab-strip label stays hardcoded English (contract §K, deliberate deferral) [2.51ms]
(pass) workmate failure reasons (§D) reach the page as readable messages > every reason code maps to a distinct, readable message [0.90ms]
(pass) workmate failure reasons (§D) reach the page as readable messages > an in-use refusal names the blocking team and member (§E, user decision D2) [0.31ms]
(pass) workmate failure reasons (§D) reach the page as readable messages > an unknown failure falls back to the server text, never to a raw reason key [0.11ms]
(pass) workmate page mutation controls > delete is an explicit two-step confirmation, never one destructive click (D1) [42.56ms]
(pass) workmate page mutation controls > purge cannot be submitted without typing the exact name (§D confirm-required) [36.10ms]
(pass) workmate page mutation controls > the archive confirmation posts that workmate and reports the archived outcome [18.45ms]
(pass) workmate page mutation controls > a rename posts { name, new_name } and follows the new key (§H no stale selection) [18.50ms]
(pass) workmate page mutation controls > an in-use refusal is shown with the blocking team/member, not a generic failure (§E) [19.38ms]
(pass) workmate page mutation controls > a 409 collision is reported as taken, and an unknown key drops the stale selection [18.52ms]
(pass) workmate page mutation controls > a same-key rename is refused locally and explains itself (t8 L1) [16.35ms]
(pass) workmate page mutation controls > a purge never reports itself as a plain delete (t8 L2) [1.68ms]
(pass) workmate page mutation controls > the zh reason strings are complete sentences without a stray gap (t8 L3) [1.08ms]
(pass) workmate page mutation controls > a detail load that fails stops claiming to load (t8 L4) [13.99ms]
(pass) without DSH-better-sidebar > registers no sidebar surface at all — there is no floating fallback [2.29ms]
(pass) the harness right sidebar is the assuredly-working fallback (D1) > with no better-sidebar the fallback registrations are ATTEMPTED, and a missing seat is ONE loud line [2.13ms]
(pass) the harness right sidebar is the assuredly-working fallback (D1) > MID-SESSION: no seat anywhere reports ONCE after the bound, while the page is still open (F5) [463.74ms]
(pass) the harness right sidebar is the assuredly-working fallback (D1) > MID-SESSION, OTHER DIRECTION: a host that takes the panels SILENCES the bound entirely [205.62ms]
(pass) the harness right sidebar is the assuredly-working fallback (D1) > MID-SESSION, BOTH HOSTS: the `preferred` latch keeps the bound silent (no regression) [202.72ms]
(pass) the harness right sidebar is the assuredly-working fallback (D1) > S9: a better-sidebar seat that arrives AFTER apply is PUBLISHED on the preference branch [2.22ms]
(pass) the harness right sidebar is the assuredly-working fallback (D1) > when the harness seat DOES arrive, both panels register and NOTHING is reported [2.65ms]
(pass) the harness right sidebar is the assuredly-working fallback (D1) > a missing locale seam is reported once, naming the seam that is missing [2.37ms]
(pass) the sidebar host preference (W4) > with better-sidebar MOUNTED the official right sidebar stays untouched [2.32ms]
(pass) the sidebar host preference (W4) > with better-sidebar ABSENT both panels register on the official fallback [2.80ms]

packages/mpd-bundle-plugin/test/sidebar-guard-profile-dir.test.ts:
(pass) sidebar mount guard: profile-dir derivation > derives the profile dir through a file-URL conversion, never URL.pathname [0.05ms]
(pass) sidebar mount guard: profile-dir derivation > ENABLED when the profile resolves the sidebar and no other layer mounts it [1.96ms]
(pass) sidebar mount guard: profile-dir derivation > DISABLED only when NEITHER the profile nor the bundle can resolve the sidebar [0.28ms]
(pass) sidebar mount guard: profile-dir derivation > clause 1 PASSES when ONLY the BUNDLE has the host — the checkout install it exists for [0.34ms]
(pass) sidebar mount guard: profile-dir derivation > DISABLED in favour of a foreign bundle layer that already mounts it [1.01ms]
(pass) sidebar mount guard: profile-dir derivation > DISABLED when the composition has no enabled webserver entry [0.30ms]

packages/mpd-bundle-plugin/test/team-view.test.ts:
(pass) team-view factory shape > stays a single factory body: one arrow expression, no import/export, no JSX, no MEASUREMENT [1.61ms]
(pass) team-view factory shape > the layout and the painted edge carry no DOM access at all [0.34ms]
(pass) team-view factory shape > takes an OPTIONAL translator and a task route, and exposes the pure layout and its builders [0.18ms]
(pass) team-view DAG geometry > one column per depth rank, one node box per task, in rank order [98.70ms]
(pass) team-view DAG geometry > a negative or missing depth falls back to the first column instead of dropping the task [82.40ms]
(pass) team-view DAG geometry > R19: within a column the task order is NUMERIC, so t2 precedes t10 and t20 follows t2 [68.03ms]
(pass) team-view panels > header, progress bar and one PLAIN card per member with route, current task and fraction [151.15ms]
(pass) team-view panels > truncates a long current task in the card, and keeps the whole string on its title [93.88ms]
(pass) team-view panels > renders the empty-state sentence that names the call filling it [66.17ms]
(pass) team-view panels > a session with no team renders the WORKSPACE's teams, not the dead empty state (D2) [57.14ms]
(pass) team-view panels > the listing renders in Chinese through the SAME keys, so the two tables cannot drift [60.87ms]
(pass) team-view panels > a workspace with genuinely NO teams keeps the honest empty state [57.34ms]
(pass) team-view panels > says so when a team raised no member at all [108.93ms]
(pass) team-view panels > reports a cycle instead of hiding it [55.48ms]
(pass) team-view panels > renders the reason instead of an empty box when the route is unreadable [58.17ms]
(pass) team-view drawn edges > draws one SVG path per blockedBy entry, and the painted `d` IS the layout's own [74.29ms]
(pass) team-view drawn edges > draws a riser that spans the two rows when a blocker sits below its dependant [79.53ms]
(pass) team-view drawn edges > a cycle's back-edge keeps a non-negative width and a finite curve instead of drawing NaN [157.30ms]
(pass) team-view drawn edges > the curve builder degrades to the straight orthogonal route at radius = 0 (clause W6) [44.99ms]
(pass) team-view drawn edges > the arrowhead's tip lands ON the border it arrives at, by arithmetic (clause W5) [130.64ms]
(pass) team-view drawn edges > the graph-safe label rule is clause C4 exactly [50.76ms]
(pass) team-view drawn edges > a Chinese subject is drawn graph-safe, while the detail and the tooltip keep the original [95.42ms]
(pass) team-view interaction > hover tints the transitive chain and dims every other node, and leaving restores it [64.07ms]
(pass) team-view interaction > marks the root with the team id, and with an empty marker when there is no team [134.93ms]
(pass) team-view interaction > clicking a node pins its detail body with the frozen contract, and closes again [62.62ms]
(pass) team-view interaction > says so when the task route served no contract, instead of rendering a blank body [62.80ms]
(pass) team-view interaction > reads all three routes in one pass, each naming the session it was asked about [55.34ms]
(pass) team-view localization > routes every visible string through the translator, and falls back to English without one [105.54ms]
(pass) team-view localization > survives a translator that throws, rather than taking the panel down with it [52.59ms]
(pass) team-view edge legibility (the reported tangle) > NO drawn CURVE enters any node box, on the five-rank board from the screenshot [58.72ms]
(pass) team-view edge legibility (the reported tangle) > a rank-skipping edge is routed as a CHAIN of adjacent-rank hops, not one riser through a column [54.21ms]
(pass) team-view edge legibility (the reported tangle) > every gutter lane gets its OWN column: one x per hop, none on a border [51.56ms]
(pass) team-view edge legibility (the reported tangle) > every drawn run reaches both of the boxes it names [61.70ms]
(pass) team-view R20: the rank is DERIVED, never trusted from the served depth > a board whose references RESOLVE and whose every depth is 0 draws FIVE columns, not one [43.20ms]
(pass) team-view R20: the rank is DERIVED, never trusted from the served depth > the two fallback arms, exactly as the TUI engine has them [41.99ms]
(pass) team-view R20: the rank is DERIVED, never trusted from the served depth > R21: unresolved references are SURFACED with their ids, never silently dropped [43.56ms]
(pass) team-view R20: the rank is DERIVED, never trusted from the served depth > the hover halo measures the DRAWN ranks, so a lying depth cannot kill the highlight [58.90ms]
(pass) R18's reader side: the RECORD's own unresolved report, beside the view's re-derivation > the served `unresolvedBlockers` reaches the geometry, and is reported AS the record's [43.35ms]
(pass) R18's reader side: the RECORD's own unresolved report, beside the view's re-derivation > a REPAIRED board still reports what the record said: the reader sees more than the re-derivation [40.18ms]
(pass) R18's reader side: the RECORD's own unresolved report, beside the view's re-derivation > an ABSENT key means this task HAS no blockers, not that its blockers were lost [40.51ms]
(pass) R18's reader side: the RECORD's own unresolved report, beside the view's re-derivation > the pinned detail body NAMES the record's unresolved references, beside blocked-by and dependents [67.36ms]

packages/mpd-bundle-plugin/test/team-page.test.ts:
(pass) the team-watchdog sidebar tab descriptor > registers one single-instance tab with the pinned id and order [5.43ms]
(pass) the team-watchdog sidebar tab descriptor > the tab has NO auto-open switch: the watchdog view never opens itself [3.37ms]
(pass) the team-watchdog sidebar tab descriptor > createTab mints the watchdog tab (id pinned, title is the watchdog's) [2.39ms]
(pass) the watchdog page renders the bundle's OWN state route > shows the banner, the hold and the unread incident with an acknowledge control [13.64ms]
(pass) the watchdog page renders the bundle's OWN state route > an empty store renders the honest 'no stuck team' line instead of a fake banner [12.01ms]
(pass) the watchdog page renders the bundle's OWN state route > a FAILING route degrades to a readable error notice and never throws [12.34ms]
(pass) the watchdog page renders the bundle's OWN state route > acknowledging posts to the bundle's ack route with the stable reader key [8.34ms]
(pass) the watchdog page renders the bundle's OWN state route > the badge is the last poll's UNREAD count, and never a fetch [9.88ms]
(pass) the watchdog page renders the bundle's OWN state route > mounting the tab twice keeps ONE polling controller [15.07ms]
(pass) the removed AgentTeams surfaces can never come back > no mpd client source requires the retired adopted client [0.97ms]

packages/mpd-bundle-plugin/test/settings-card.test.ts:
(pass) W2 (static): the BUILT and served client carries the SECTION registration > the shipped client registers a settings.section with id 'mpd', an explicit order and a label [1.47ms]
(pass) W2 (static): the BUILT and served client carries the SECTION registration > the Plugins tab's keyed item registration is GONE from the built client (the user's request) [1.09ms]
(pass) W2 (static): the BUILT and served client carries the SECTION registration > NEGATIVE CONTROL: the absence predicate reddens the moment the retired registration returns [0.46ms]
(pass) W2 (static): the BUILT and served client carries the SECTION registration > the mount reaches configForms and the client still declares only the stable seams [1.18ms]
(pass) W2 (static): the BUILT and served client carries the SECTION registration > the disclosure copy is the same sentence the TUI states, and no stale claim survives [0.22ms]
(pass) the registration only happens when the namespace form is available > no configForms -> no entry, one warning-free degrade, no throw out of apply [1.92ms]
[mpd] settings section: form status=ready value=present writable=true mode=host
(pass) the registration only happens when the namespace form is available > configForms at apply -> one SECTION entry, and its descriptor passes the whole predicate [4.60ms]
(pass) the registration only happens when the namespace form is available > NEGATIVE CONTROL: the descriptor predicate reddens on every mutant that matters [0.16ms]
[mpd] settings section: form status=ready value=present writable=true mode=host
(pass) the registration only happens when the namespace form is available > a late-served configForms still mounts the section (provideService wakes the fiber) [2.68ms]
[mpd] settings section: form status=ready value=present writable=true mode=host
(pass) the card's form behaviour > it renders what the namespace reports (values, overridden marker, disclosure) and nothing invented [11.23ms]
[mpd] settings section: form status=ready value=present writable=true mode=host
(pass) the card's form behaviour > a save writes nested PATHS through scope.mutate with the revision fence [3.32ms]
[mpd] settings section: form status=ready value=present writable=true mode=host
[mpd] settings section: form status=ready value=present writable=true mode=host
(pass) the card's form behaviour > resetField asks for the file value (unset), and an invalid draft refuses to save [4.38ms]
[mpd] settings section: form status=unavailable value=absent writable=false mode=memory
(pass) the card's form behaviour > a read-only scope renders read-only with a reason and writes nothing [9.21ms]
(pass) isolation and front-door parity > web-client.js is the ONLY source that requires the card module, and the card does no I/O [1.65ms]
(pass) isolation and front-door parity > the card's twenty-six fields/labels/zh descriptions/options are IDENTICAL to the ONE shared declaration (no drift) [1.68ms]
(pass) isolation and front-door parity > NEGATIVE CONTROL: the parity pin reddens on a drifted label, a shortened path and a changed declared list [1.23ms]
(pass) isolation and front-door parity > every slot row LEADS with its group's human sentence, in BOTH locales, before its key [0.93ms]
(pass) isolation and front-door parity > each slot's group heading and one-line impact are DECLARED, above the slot's own rows [0.26ms]
[mpd] settings section: form status=ready value=present writable=true mode=host
[mpd] model catalog: live catalog — 2 providers · 3 models
(pass) the team-model slots render as DEPENDENT pickers fed by the live catalog (A5) > the model control lists the catalog's provider/model pairs, GROUPED by provider [10.84ms]
[mpd] settings section: form status=ready value=present writable=true mode=host
[mpd] model catalog: live catalog — 2 providers · 3 models
(pass) the team-model slots render as DEPENDENT pickers fed by the live catalog (A5) > the provider control lists the catalog's provider ids with their display names [5.20ms]
[mpd] settings section: form status=ready value=present writable=true mode=host
[mpd] model catalog: live catalog — 2 providers · 3 models
[mpd] settings section: form status=ready value=present writable=true mode=host
[mpd] model catalog: live catalog — 2 providers · 3 models
(pass) the team-model slots render as DEPENDENT pickers fed by the live catalog (A5) > the effort control offers the SELECTED model's own efforts, and changing the model re-derives them [13.64ms]
[mpd] settings section: form status=ready value=present writable=true mode=host
[mpd] model catalog: live catalog — 2 providers · 3 models
(pass) the team-model slots render as DEPENDENT pickers fed by the live catalog (A5) > a model with no advertised efforts keeps the declared fallback list [4.98ms]
[mpd] settings section: form status=ready value=present writable=true mode=host
[mpd] model catalog: live catalog — 2 providers · 3 models
(pass) the team-model slots render as DEPENDENT pickers fed by the live catalog (A5) > NO slot field is ever a text input (a slot value is never typed) [10.74ms]
[mpd] settings section: form status=ready value=present writable=true mode=host
(pass) the team-model slots render as DEPENDENT pickers fed by the live catalog (A5) > DEGRADE: no catalog services -> the declared lists, and the section still renders [5.23ms]
[mpd] settings section: form status=ready value=present writable=true mode=host
[mpd] model catalog: declared fallback — live catalog unavailable (no session is bound)
[mpd] settings section: form status=ready value=present writable=true mode=host
[mpd] model catalog: declared fallback — live catalog unavailable (the host resolved no model directory for this session: ui-model-selection: session "s1" resolved no scope)
(pass) the team-model slots render as DEPENDENT pickers fed by the live catalog (A5) > DEGRADE: an unbound session and a THROWING directoryFor keep the declared lists, no throw out of render [14.17ms]
[mpd] settings section: form status=ready value=present writable=true mode=host
(pass) the team-model slots render as DEPENDENT pickers fed by the live catalog (A5) > edits through the catalog-driven controls still write ONE mutate batch with the revision fence [2.22ms]
[mpd] settings section: form status=ready value=present writable=true mode=host
[mpd] model catalog: live catalog — 2 providers · 3 models
(pass) the team-model slots render as DEPENDENT pickers fed by the live catalog (A5) > the disclosure sentences are unchanged and still rendered with the new rows [9.75ms]
[mpd] settings section: form status=ready value=present writable=true mode=host
[mpd] model catalog: live catalog — 2 providers · 3 models
(pass) the team-model slots render as DEPENDENT pickers fed by the live catalog (A5) > G-1: each slot renders its group heading + impact ABOVE its three rows, human sentence FIRST [5.47ms]
[mpd] settings section: form status=ready value=present writable=true mode=host
[mpd] model catalog: live catalog — 2 providers · 3 models
(pass) the team-model slots render as DEPENDENT pickers fed by the live catalog (A5) > G-2: the human sentence renders FIRST at readable size/opacity, the disclosure dimmer beneath [8.56ms]
[mpd] settings section: form status=ready value=present writable=true mode=host
[mpd] model catalog: live catalog — 2 providers · 3 models
(pass) the team-model slots render as DEPENDENT pickers fed by the live catalog (A5) > NEGATIVE CONTROL: the heading/impact lookup is falsifiable (a wrong slot attr finds nothing) [5.17ms]
[mpd] settings section: form status=ready value=present writable=true mode=host
[mpd] model catalog: live catalog — 2 providers · 3 models
(pass) the team-model slots render as DEPENDENT pickers fed by the live catalog (A5) > T-A: a PROBE-INVISIBLE catalog still feeds the pickers through ctx.inject (the defect) [5.97ms]
[mpd] settings section: form status=ready value=present writable=true mode=host
[mpd] model catalog: live catalog — 2 providers · 3 models
(pass) the team-model slots render as DEPENDENT pickers fed by the live catalog (A5) > T-B: a directory-store mutation reaches the card with NO re-mount (live read, live re-projection) [11.25ms]
[mpd] settings section: form status=ready value=present writable=true mode=host
(pass) the team-model slots render as DEPENDENT pickers fed by the live catalog (A5) > T-C: when inject never resolves the declared lists render AND the fallback state is VISIBLE [5.10ms]
(pass) the team-model slots render as DEPENDENT pickers fed by the live catalog (A5) > T-D: the SERVED client.js carries the inject acquisition and the fallback marker [1.82ms]
[mpd] settings section: form status=ready value=present writable=true mode=host
[mpd] model catalog: live catalog — 2 providers · 31 models
(pass) the team-model slots render as DEPENDENT pickers fed by the live catalog (A5) > T-E: the LIVE catalog is reached when — and only when — the caller-scoped chain is satisfied [10.31ms]
[mpd] settings section: form status=ready value=present writable=true mode=host
[mpd] model catalog: declared fallback — live catalog unavailable (the host resolved no model directory for this session: cannot get property "testing.absent.seam" without inject)
(pass) the team-model slots render as DEPENDENT pickers fed by the live catalog (A5) > T-F: an UNSATISFIABLE caller chain degrades VISIBLY, naming the rejected seam [7.13ms]
[mpd] settings section: form status=ready value=present writable=true mode=host
[mpd] model catalog: live catalog — 2 providers · 31 models
(pass) the team-model slots render as DEPENDENT pickers fed by the live catalog (A5) > T-G: the MEASURED list shape (`current` is a session ID STRING) reaches the LIVE catalog [9.12ms]
(pass) the team-model slots render as DEPENDENT pickers fed by the live catalog (A5) > T-G NEGATIVE CONTROL: the PRE-FIX object-only read answers undefined for the MEASURED shape [0.33ms]
[mpd] settings section: form status=ready value=present writable=true mode=host
[mpd] model catalog: live catalog — 2 providers · 31 models
(pass) the team-model slots render as DEPENDENT pickers fed by the live catalog (A5) > T-H: with NO current session, a LISTED session that has BOTH scope and binding is bound [5.37ms]
[mpd] settings section: form status=ready value=present writable=true mode=host
[mpd] model catalog: declared fallback — live catalog unavailable (no session is bound)
(pass) the team-model slots render as DEPENDENT pickers fed by the live catalog (A5) > T-H2: NO current session and NO resolvable listed session still NAMES the reason [4.90ms]
[mpd] settings section: form status=ready value=present writable=true mode=host
(pass) the team-model slots render as DEPENDENT pickers fed by the live catalog (A5) > T-I: an ENUMERATING sessions list does not warn at boot; a READY list with no bindable session does [9.89ms]
[mpd] settings section: form status=ready value=present writable=true mode=host
(pass) the team-model slots render as DEPENDENT pickers fed by the live catalog (A5) > D-1: a REJECTED read warns the console ONCE and the same sentence renders at the slot rows [5.99ms]
[mpd] settings section: form status=ready value=present writable=true mode=host
(pass) the team-model slots render as DEPENDENT pickers fed by the live catalog (A5) > D-2: a RESOLVED catalog emits the LIVE sentence once and leaves the slot hints untouched [9.18ms]
[mpd] settings section: form status=ready value=present writable=true mode=host
(pass) the team-model slots render as DEPENDENT pickers fed by the live catalog (A5) > D-3: warn-once survives repeated publishes and RE-ARMS only after a return to live [5.62ms]
(pass) R2: the styled contract (the harness's own settings-form tokens) > R2-S1 (static): the radius is the harness's token and NO token is read without a fallback [0.71ms]
(pass) R2: the styled contract (the harness's own settings-form tokens) > R2-S1 NEGATIVE CONTROL: the token scan reddens on a bare read and clears on a pair [0.09ms]
[mpd] settings section: form status=ready value=present writable=true mode=host
(pass) R2: the styled contract (the harness's own settings-form tokens) > R2-F1: every field is the host's `.field` — flex column, gap 6px, 12px 0, separator after the first [11.05ms]
[mpd] settings section: form status=ready value=present writable=true mode=host
(pass) R2: the styled contract (the harness's own settings-form tokens) > R2-F2: the label is 13px/500 primary over a 12px/1.5 tertiary hint [5.70ms]
[mpd] settings section: form status=ready value=present writable=true mode=host
[mpd] settings section: form status=unavailable value=absent writable=false mode=memory
(pass) R2: the styled contract (the harness's own settings-form tokens) > R2-C1: the control is the host's `.input` and its focus state is the host's own rule [13.77ms]
[mpd] settings section: form status=ready value=present writable=true mode=host
(pass) R2: the styled contract (the harness's own settings-form tokens) > R2-C2: the footer is the host's `.footer` and its three actions carry the radius [5.80ms]
[mpd] settings section: form status=ready value=present writable=true mode=host
(pass) R2: the styled contract (the harness's own settings-form tokens) > R2-D1: the disclosure is ONE `.help` block — the SAME four sentences, hint-sized, 8px apart [8.74ms]
[mpd] settings section: form status=ready value=present writable=true mode=host
(pass) R2: the styled contract (the harness's own settings-form tokens) > R2 NEGATIVE CONTROL: the styled predicates redden on the PRE-restyle presentation [4.98ms]

packages/mpd-goal-plugin/test/goal.test.ts:
(pass) anchor creates a goal through the harness tools and records the anchor sidecar [6.49ms]
(pass) a second anchor keeps the unfinished goal instead of replacing it [0.66ms]
(pass) auto-finish only completes a goal this row anchored; an explicit finish does not need one [2.14ms]
(pass) a blocked refusal from the harness is reported, not thrown [0.72ms]
(pass) mpd_goal_status reports the goal and the anchor, and reads without a driver [0.83ms]
(pass) mpd.jsonc wins over the row config, and disabling the row makes it inert [0.91ms]
(pass) auto-finish refuses a goal another row anchored (ownership is per run, not per session) [0.63ms]
(pass) an unrecordable ownership sidecar is reported, never swallowed [0.48ms]
(pass) anchor refuses when the composition mounts no goal tools [0.35ms]
(pass) the anchor sidecar survives a malformed file and drops only its own record [0.45ms]

packages/mpd-verify-plugin/test/law.test.ts:
(pass) path classification (asserted BOTH ways) > code is gated: a declared extension, an UNKNOWN extension, and no extension at all [0.35ms]
(pass) path classification (asserted BOTH ways) > the documentation band stays WRITABLE: the manual, the PR body, docs, evidence and .mpd [0.21ms]
(pass) path classification (asserted BOTH ways) > a path outside the workspace root is CODE whatever it looks like [0.07ms]
(pass) path classification (asserted BOTH ways) > a non-string or absent path PASSES — the law never guesses [0.03ms]
(pass) path classification (asserted BOTH ways) > scope matching: empty scope is the whole workspace, a prefix covers its subtree only [0.23ms]
(pass) the captain's write rule > a code write with NO loop, NO escape and NO delegation is DENIED [0.34ms]
(pass) the captain's write rule > the SAME write is ALLOWED once an armed self-loop covers it (the other direction) [0.95ms]
(pass) the captain's write rule > a loop whose scope does NOT cover the path does not authorise it [0.45ms]
(pass) the captain's write rule > a DELEGATE loop never authorises the captain — delegation is not a loophole [0.43ms]
(pass) the captain's write rule > an EXPIRED loop authorises nothing [0.40ms]
(pass) the captain's write rule > a CHILD session is never the captain — that is where the writes are supposed to go [0.23ms]
(pass) the captain's write rule > a documentation path is NEVER gated, whatever the caller is [0.29ms]
(pass) the captain's write rule > ONE escape authorises exactly ONE write, and the second is denied again [0.30ms]
(pass) the captain's write rule > the gated tool set is exactly the write family, and a read is never gated [0.39ms]
(pass) the verifier's envelope > a non-seat caller is untouched: the envelope binds VERIFIERS, not everybody [0.32ms]
(pass) the verifier's envelope > bash and the source-returning tools are DENIED outright [0.16ms]
(pass) the verifier's envelope > board and team mutations are DENIED, but the law's OWN tools are not [0.16ms]
(pass) the verifier's envelope > while BLIND: an implementation read is denied and a documented one is allowed [0.53ms]
(pass) the verifier's envelope > a BARE read is denied while blind: it would search the workspace, implementation included [0.24ms]
(pass) the verifier's envelope > after a FAIL the ratchet UNLOCKS implementation reading, COUNTED [0.10ms]
(pass) the verifier's envelope > AC-D3: a BLIND seat may read a package README and evidence/**, and NOT src/**, test/** or a non-README package doc [0.47ms]
(pass) the verifier's envelope > writes are confined to .mpd/verify/**: a verifier never fixes what it found [0.16ms]
(pass) the loop's frozen contract (AC-D2) > a loop's own contract wins, normalised to the workspace-relative POSIX spelling [0.19ms]
(pass) the loop's frozen contract (AC-D2) > a contract-less loop falls back to the DECLARED default, which is never a wave's plan file [0.09ms]
(pass) the loop's frozen contract (AC-D2) > normalizeContractPath refuses everything that is not a usable path [0.06ms]
(pass) the record validator: every refusal, and the admissible record beside it > the good record is ADMITTED (the arm every refusal is measured against) [0.63ms]
(pass) the record validator: every refusal, and the admissible record beside it > same-agent: the verifier and the writer cannot be the same [0.11ms]
(pass) the record validator: every refusal, and the admissible record beside it > no-doc-sources / no-gate-evidence: an empty PASS is refused [0.09ms]
(pass) the record validator: every refusal, and the admissible record beside it > forged-evidence: an evidence id the runner never produced is refused [0.09ms]
(pass) the record validator: every refusal, and the admissible record beside it > bind-unproven: a PASS from a seat the observation log cannot show to be blind is refused [0.07ms]
(pass) the record validator: every refusal, and the admissible record beside it > fail-without-findings / finding-without-basis: a FAIL must be actionable AND grounded [0.17ms]
(pass) the record validator: every refusal, and the admissible record beside it > AC-D4 blind-spent: judged from the LOG — clean log admits the PASS, a logged read refuses it BY NAME [0.29ms]
(pass) the record validator: every refusal, and the admissible record beside it > unknown-loop: a record naming a loop this workspace does not know is refused [0.06ms]
(pass) the record validator: every refusal, and the admissible record beside it > the pre-plugin exemption: admissible only attested, unlocked-free and pre-marker [0.33ms]
(pass) the ledger and the gates > an escape is counted from the LOG, so a restart cannot renumber it [0.82ms]
(pass) the ledger and the gates > loops and seats round-trip through the workspace ledger [0.71ms]
(pass) the ledger and the gates > the boot marker is written once and read back; an absent marker reads as undefined [0.32ms]
(pass) the ledger and the gates > the gate table is a whitelist: every id resolves, an invented one does not, and `vendor` exists [0.18ms]
(pass) the ledger and the gates > the artifact probe returns size and hash and NEVER content, and refuses an outside path [0.52ms]
(pass) config and identity > verify.mode resolves to its three values, defaulting to hard [0.08ms]
(pass) config and identity > a positive-int knob falls back rather than accepting nonsense [0.10ms]
(pass) config and identity > the session-key chain is the frozen `??` order with the `workspace` fallback [0.12ms]
(pass) the one-git-writer rule (§5, made mechanical) > a MEMBER's git write is denied; the CAPTAIN's is allowed [0.16ms]
(pass) the one-git-writer rule (§5, made mechanical) > the DENIAL states the class the predicate decided, and names the user's own shell [0.09ms]
(pass) the one-git-writer rule (§5, made mechanical) > the captain-write denial makes no claim about top-levelness either [0.20ms]
(pass) the one-git-writer rule (§5, made mechanical) > read-only git stays open to everyone [0.12ms]
(pass) the one-git-writer rule (§5, made mechanical) > a command that merely MENTIONS git is NOT denied — a guard that reddens on prose is a defect [0.08ms]
(pass) the one-git-writer rule (§5, made mechanical) > a chained invocation IS denied, and the wrapper forms are seen [0.10ms]

packages/mpd-verify-plugin/test/row.test.ts:
(pass) the mpd-verify row > apply publishes the service, registers five tools, installs the observer and marks the boot [2.31ms]
(pass) the mpd-verify row > the ROLES-side guard, reading that service, refuses a captain write and allows it after an arm [2.97ms]
(pass) the mpd-verify row > §5's one-git-writer rule through the INSTALLED guard: member denied, captain allowed [0.96ms]
(pass) the mpd-verify row > a self-writer loop without a reason or without a different verifier is REFUSED [0.69ms]
(pass) the mpd-verify row > an escape is counted, logged and buys exactly one write [1.43ms]
(pass) the mpd-verify row > AC-D1: every mpd_verify_* result survives the harness's lossless-JSON walk, and the loop id comes back from the call [3.77ms]
(pass) the mpd-verify row > AC-D2: the seat's frozen docs are the LOOP's contract, and a contract-less loop gets the declared default [2.77ms]
(pass) the mpd-verify row > AC-D4: a FAIL unlocks the seat, and the PASS is judged by the LOG — clean admits, an admitted read refuses by name, a refused attempt does not spend [11.20ms]

packages/mpd-team-compact-plugin/test/compaction.test.ts:
(pass) t48 F6 HINGE: every drive goes to the MEMBER's own scoped engine, never a host-plane one [5.16ms]
(pass) t48 F6 IDENTITY: the member engine and the host-plane engine are DIFFERENT objects [0.25ms]
(pass) t48 CAPTAIN EXCLUSION: the captain session is never driven [0.57ms]
(pass) t48 NEGATIVE CONTROL: a team with ONE non-terminal task is REFUSED, nothing is driven [0.48ms]
(pass) t48 NEGATIVE CONTROL: an empty task list is NOT 'finished' [0.34ms]
(pass) t48 BARRIER: a busy member defers the whole pass (wait semantics + timeout outcome) [4.80ms]
(pass) t48 BARRIER: an idle member is compacted once every member is idle [0.53ms]
(pass) t48 NULL IS NOT AN ERROR: a null result is recorded as no-safe-range [0.52ms]
(pass) t48 F5: an engine failure code and the lifecycle error class are classified DIFFERENTLY [0.43ms]
(pass) t48 F5: a lifecycle error mid-pass is recorded against the member and does not abort the pass [0.56ms]
(pass) t48 STAGED: a member with no session id is skipped EXPLICITLY, never silently [0.44ms]
(pass) t48 NOT-LIVE: a dormant team is recorded, not ignored [0.40ms]
(pass) t48 AUDIT: written under .mpd/team-compact and NEVER under .mpd/team [0.69ms]
(pass) t48 AUDIT: a second pass is a second FILE — an earlier destructive pass is never hidden [0.43ms]
(pass) t48 TERMINAL SET: mirror of the OFFICIAL lifecycle, with the non-terminal half excluded [0.08ms]
(pass) t48: listTeamIds reports exactly the LIVE teams the adapter folds [0.33ms]
(pass) t48: a team the readout does not carry reads as undefined, never a throw [0.44ms]
(pass) t48 T4: a team is READ FROM THE MPD RECORD — the native default composition is not blind [0.69ms]
(pass) t48 NO SILENT NOTIFICATION: the pass writes an audit and returns; it never messages a member [0.51ms]
(pass) t48 plugin: apply() registers both tools and subscribes to BOTH triggers [0.38ms]
(pass) t48 TURN BOUNDARY: the serial-dispatch listener is non-bailing and non-throwing [0.69ms]
(pass) t48 plugin: every registered tool declares an OBJECT-ROOTED parameters schema [0.23ms]
(pass) write-on-change: sameAuditOutcome is true only for an identical outcome [0.19ms]

packages/mpd-tui-adapter-plugin/test/adapter-hosts.test.ts:
(pass) host shape 1: reachable by ctx.get only (the mediated plugin host) > the probe binds the plugin host, and ONLY that seam [1.14ms]
(pass) host shape 1: reachable by ctx.get only (the mediated plugin host) > a probe that answers is NOT a binding channel when the ctx cannot inject [0.25ms]
(pass) host shape 2: reachable only inside the deferred inject callback > one inject per seam, never a batch [0.91ms]
(pass) host shape 2: reachable only inside the deferred inject callback > a registration made BEFORE the seam binds is queued and drained at the bind [0.34ms]
(pass) host shape 2: reachable only inside the deferred inject callback > every host handle goes to the injected scope's effect, and the cleanup clears the status key [0.58ms]
(pass) host shape 3: absent (a web or headless composition) > nothing binds, nothing throws, and exactly ONE aggregate warning is printed [0.44ms]
(pass) host shape 3: absent (a web or headless composition) > a composition with ONE seam reports the info line instead, never the warning [0.35ms]
(pass) resolution and diagnostics > resolveTuiAdapter prefers the mounted service and falls back to a row-private adapter [0.41ms]
(pass) resolution and diagnostics > a broken ctx.get never escapes resolveTuiAdapter [0.18ms]
(pass) resolution and diagnostics > createLazyTuiAdapter warns exactly once per row [0.41ms]
(pass) resolution and diagnostics > describeOutcome renders the vocabulary consumers already read [0.05ms]
(pass) resolution and diagnostics > the file sink appends under .mpd/logs and caps its own size [1.09ms]
(pass) host contact resolver > a host install carrying useStdin resolves, and the hook is the module's own [1.21ms]
(pass) host contact resolver > a candidate without lib/types/ui.js is skipped, and no candidate at all reports one reason [0.42ms]
(pass) host contact resolver > a version-skew host (no useStdin export) and a module that throws both degrade to undefined [1.05ms]
(pass) host contact resolver > a pinned root is exclusive, and without a pin every installed profile is probed [0.83ms]
(pass) host contact on the adapter > an injected contact is reported bound and wakes a subscriber immediately [0.39ms]
(pass) host contact on the adapter > an adapter that did not probe reports absent, and a subscriber still answers once [0.15ms]
(pass) host contact on the adapter > a probe against a staged install binds the contact and writes ONE line [1.46ms]
(pass) host contact on the adapter > a probe with no reachable host degrades to absent with ONE line and no throw [0.57ms]
(pass) host contact on the adapter > a subscriber registered while the probe is pending runs at the settle [0.74ms]
(pass) live stdin context classification > a value carrying internal_querier is the LIVE provider's and yields its bus [0.19ms]
(pass) live stdin context classification > the context DEFAULT is refused with ONE reason, never attached to [0.05ms]
(pass) live stdin context classification > a missing marker, a dead shape, a throwing read and a nullish value are all refusals [0.25ms]
(pass) the status identity rule and the remembered host kit > a status registration carries the CALLING ACTIVATION, never the consumer's ctx [0.58ms]
(pass) the status identity rule and the remembered host kit > a remembered kit is preferred over the probed module, and the capability names the source [0.41ms]
(pass) the status identity rule and the remembered host kit > a kit without a callable useStdin is refused, and the previous contact stands [0.10ms]
(pass) the status identity rule and the remembered host kit > a kit arriving AFTER the probe settled wakes a waiting subscriber exactly once [136.50ms]
(pass) rich status view registration > a bound status service registers the view and reports it as requested [0.45ms]
(pass) rich status view registration > a host refusal (undefined) and a host without registerView are both reported refused [0.36ms]
(pass) the panels seam > a registration the host accepts is CONFIRMED with the id read back from its own list() [0.71ms]
(pass) the panels seam > a REFUSED registration is refused, not 'requested' (the host returns undefined and adds no id) [0.28ms]
(pass) the panels seam > a host with no list() read-back is honestly 'requested' — never claimed as registered [0.19ms]
(pass) the panels seam > a seam-less host degrades: absent, no id, and opening reports absent rather than refused [0.29ms]
(pass) the panels seam > a bound seam WITHOUT open() answers false, so the caller can fall back instead of waiting [0.29ms]
(pass) the panels seam > an accepted open is confirmed; a refused one is refused with the rate-limit/no-consumer reason [0.32ms]
(pass) the panel-id record's provenance (a record the remedy can trust) > REFUSES a record that cannot name the installed host package [0.30ms]
(pass) the panel-id record's provenance (a record the remedy can trust) > REFUSES a record whose ids did not come from a host read-back [0.07ms]
(pass) the panel-id record's provenance (a record the remedy can trust) > REFUSES `act0` — the ONE activation the installed host cannot compose, with the measured reason [0.15ms]
(pass) the panel-id record's provenance (a record the remedy can trust) > NEGATIVE CONTROL: a read-back id from a named host is ACCEPTED, and carries all four facts [0.10ms]
(pass) the panel-id record's provenance (a record the remedy can trust) > the INSTALLED host's own version is readable — the provenance is a measurement, not a literal [1.29ms]

packages/mpd-tui-adapter-plugin/test/no-direct-tui-access.test.ts:
NO-DIRECT-TUI-ACCESS — D6 static gate for the DSH-TUI plane (.mpd/plans/mpd-seam-convergence.md A2.2)
band: packages/mpd-*/src/**/*.ts, minus packages/mpd-tui-adapter-plugin (the ONE sanctioned route)
scanned: 28 package(s), 137 .ts file(s)
declared out-of-band: every non-.ts file under a scanned src/ (currently the .gitkeep placeholders) — printed, never failed
RESULT: PASS (0 findings)
NO-DIRECT-TUI-ACCESS — D6 static gate for the DSH-TUI plane (.mpd/plans/mpd-seam-convergence.md A2.2)
band: packages/mpd-*/src/**/*.ts, minus packages/mpd-tui-adapter-plugin (the ONE sanctioned route)
scanned: 28 package(s), 137 .ts file(s)
declared out-of-band: every non-.ts file under a scanned src/ (currently the .gitkeep placeholders) — printed, never failed
RESULT: PASS (0 findings)
(pass) no direct DSH-TUI seam access outside the TUI adapter (A2.2) [1694.65ms]
SELF-TEST — no-direct-tui-access (negative control over a seeded fixture tree)
  ok   the seeded band yields exactly the five seeded violations
  ok   the comment-only mention is not a finding
  ok   the aliased receiver is caught (an alias is not a different seam)
  ok   the string forms are caught (get / inject / serviceOf)
  ok   the adapter package is excluded by identity
  ok   the non-.ts fixture file is reported out of band, never as a finding
  ok   the scan covers the adapter package's siblings
SELF-TEST: PASS (7/7 checks)
(pass) the gate reddens on a seeded violation (negative control) [2.45ms]
(pass) the forbidden list tracks the adapter's seam table [0.52ms]

packages/mpd-tui-plugin/test/graph.test.ts:
[mpd] no sidebar host took the mpd panels: neither "sidebarRightTabs + sidebarRight" nor better-sidebar accepted a registration within 8000ms. The Team and Workmate tabs are NOT registered; the workspace teams and the staged plan are still served on /plugins/mpd-team/state and /plugins/mpd-team/plan.
[mpd] no sidebar host took the mpd panels: neither "sidebarRightTabs + sidebarRight" nor better-sidebar accepted a registration within 8000ms. The Team and Workmate tabs are NOT registered; the workspace teams and the staged plan are still served on /plugins/mpd-team/state and /plugins/mpd-team/plan.
[mpd] no sidebar host took the mpd panels: neither "sidebarRightTabs + sidebarRight" nor better-sidebar accepted a registration within 8000ms. The Team and Workmate tabs are NOT registered; the workspace teams and the staged plan are still served on /plugins/mpd-team/state and /plugins/mpd-team/plan.
[mpd] no sidebar host took the mpd panels: neither "sidebarRightTabs + sidebarRight" nor better-sidebar accepted a registration within 8000ms. The Team and Workmate tabs are NOT registered; the workspace teams and the staged plan are still served on /plugins/mpd-team/state and /plugins/mpd-team/plan.
[mpd] no sidebar host took the mpd panels: neither "sidebarRightTabs + sidebarRight" nor better-sidebar accepted a registration within 8000ms. The Team and Workmate tabs are NOT registered; the workspace teams and the staged plan are still served on /plugins/mpd-team/state and /plugins/mpd-team/plan.
[mpd] no sidebar host took the mpd panels: neither "sidebarRightTabs + sidebarRight" nor better-sidebar accepted a registration within 8000ms. The Team and Workmate tabs are NOT registered; the workspace teams and the staged plan are still served on /plugins/mpd-team/state and /plugins/mpd-team/plan.
[mpd] no sidebar host took the mpd panels: neither "sidebarRightTabs + sidebarRight" nor better-sidebar accepted a registration within 8000ms. The Team and Workmate tabs are NOT registered; the workspace teams and the staged plan are still served on /plugins/mpd-team/state and /plugins/mpd-team/plan.
[mpd] no sidebar host took the mpd panels: neither "sidebarRightTabs + sidebarRight" nor better-sidebar accepted a registration within 8000ms. The Team and Workmate tabs are NOT registered; the workspace teams and the staged plan are still served on /plugins/mpd-team/state and /plugins/mpd-team/plan.
[mpd] no sidebar host took the mpd panels: neither "sidebarRightTabs + sidebarRight" nor better-sidebar accepted a registration within 8000ms. The Team and Workmate tabs are NOT registered; the workspace teams and the staged plan are still served on /plugins/mpd-team/state and /plugins/mpd-team/plan.
[mpd] no sidebar host took the mpd panels: neither "sidebarRightTabs + sidebarRight" nor better-sidebar accepted a registration within 8000ms. The Team and Workmate tabs are NOT registered; the workspace teams and the staged plan are still served on /plugins/mpd-team/state and /plugins/mpd-team/plan.
[mpd] no sidebar host took the mpd panels: neither "sidebarRightTabs + sidebarRight" nor better-sidebar accepted a registration within 8000ms. The Team and Workmate tabs are NOT registered; the workspace teams and the staged plan are still served on /plugins/mpd-team/state and /plugins/mpd-team/plan.
(pass) the dependency chain > is TRANSITIVE and UPSTREAM only, and cannot spin on a cycle [4.27ms]
(pass) the dependency chain > a cycle in the BOARD is named even when nothing is focused [4.07ms]
(pass) the boxed layout > draws a MERGE, which is the shape a flat list cannot express [1.91ms]
(pass) the boxed layout > NEVER exceeds the width it is given, at any width that draws at all [19.77ms]
(pass) the boxed layout > a box width below the minimum is REFUSED rather than squeezed [1.24ms]
(pass) the boxed layout > AC1: a box draws EXACTLY `<marker> <id>` — no kind, no subject, no ordinal [1.99ms]
(pass) the boxed layout > an empty board draws nothing rather than a bare frame [0.12ms]
(pass) the arrowheads > an edge ENDS in a ▼ on the dependent's centre, in the cell above its box [0.81ms]
(pass) the arrowheads > a FAN-IN of three blockers still shows exactly ONE ▼ [0.89ms]
(pass) the arrowheads > a rank that no edge reaches draws no arrowhead [0.52ms]
(pass) the arrowheads > every drawn row fits its width, keeps no trailing blank, and collapses same-tone runs [4.26ms]
(pass) the focus > lights the task, its DEPENDENCIES and the edges between them; dims the rest [2.08ms]
(pass) the focus > the edge between two chain members is BRIGHT, and an edge leaving the chain is not [1.71ms]
(pass) the focus > with NO focus nothing is dimmed and nothing is a chain [1.57ms]
(pass) the focus > the focus is marked with ▶ so it is findable without colour [2.40ms]
(pass) the rail fallback > fits any width and never loses a task [1.52ms]
(pass) the rail fallback > names the EXTRA blockers instead of drawing a second connector [0.34ms]
(pass) the rail fallback > the connector points INTO the task, and keeps naming the extra blockers [0.40ms]
(pass) the rail fallback > draws a task reached by no root, so a cycle cannot silently lose a row [0.14ms]
(pass) the list view > groups by rank and names every blocker [0.46ms]
(pass) the legend > names both directional marks, the five states and the focus marker, in two lines [0.30ms]
(pass) the legend > shortens rather than cutting a sentence, naming BOTH marks on every rung [0.51ms]
(pass) AC3 · the natural-width drawing is sized by its label > a widest rank of THREE draws at 36 cells — inside a 40-column sidebar with no panning [1.03ms]
(pass) AC3 · the natural-width drawing is sized by its label > above the floor the LABEL sizes the box, and the cap still bounds it [0.34ms]
(pass) the pointer > resolves to a task by RECTANGLE, and to nothing on blank space [1.06ms]
(pass) the pointer > uses the SAME geometry the rail drew, so the two cannot drift [0.32ms]
(pass) the tone table > every tone maps to a dsh-tui THEME KEY, never to a colour literal [0.19ms]

packages/mpd-tui-plugin/test/dag-fidelity.test.ts:
[mpd] no sidebar host took the mpd panels: neither "sidebarRightTabs + sidebarRight" nor better-sidebar accepted a registration within 8000ms. The Team and Workmate tabs are NOT registered; the workspace teams and the staged plan are still served on /plugins/mpd-team/state and /plugins/mpd-team/plan.
[mpd] no sidebar host took the mpd panels: neither "sidebarRightTabs + sidebarRight" nor better-sidebar accepted a registration within 8000ms. The Team and Workmate tabs are NOT registered; the workspace teams and the staged plan are still served on /plugins/mpd-team/state and /plugins/mpd-team/plan.
[mpd] no sidebar host took the mpd panels: neither "sidebarRightTabs + sidebarRight" nor better-sidebar accepted a registration within 8000ms. The Team and Workmate tabs are NOT registered; the workspace teams and the staged plan are still served on /plugins/mpd-team/state and /plugins/mpd-team/plan.
(pass) R3/R5 · WEB parity of the six-state glyph and tone tables > the WEB reference still declares all six states on both tables (else every arm below is vacuous) [0.13ms]
(pass) R3/R5 · WEB parity of the six-state glyph and tone tables > every glyph the TUI draws equals the WEB glyph for the same state [0.08ms]
(pass) R3/R5 · WEB parity of the six-state glyph and tone tables > the six recorded WEB hexes are the WEB view's own hexes (provenance is not asserted, it is read) [0.15ms]
(pass) R3/R5 · WEB parity of the six-state glyph and tone tables > R6: blocked and open really do share one glyph on BOTH surfaces, so the legend is the disambiguator [0.07ms]
(pass) R3/R5 · WEB parity of the six-state glyph and tone tables > the tone table is total over the tone vocabulary, and the vocabulary is exactly eleven tones [0.08ms]
(pass) R3/R5 · WEB parity of the six-state glyph and tone tables > the state vocabulary carries each of the six states once and leaks no drawing tone [0.09ms]
(pass) R3/R5 · WEB parity of the six-state glyph and tone tables > R3: the ported kind abbreviations are the WEB view's own words for the same five kinds [0.10ms]
(pass) R3/R5 · WEB parity of the six-state glyph and tone tables > R6: the legend's own vocabulary is unambiguous — the chrome markers are pairwise distinct [0.12ms]
(pass) R3/R5 · WEB parity of the six-state glyph and tone tables > R4: the ported entry markers are the TUI's pre-existing ones, read out of the drawing itself [0.59ms]
(pass) R17 · rank is DERIVED from the dependency graph, never trusted from the served depth > a board whose served depth lies produces MORE THAN ONE rank [1.72ms]
(pass) R17 · rank is DERIVED from the dependency graph, never trusted from the served depth > the same board with a HONEST depth draws the same ranks (the two sources agree when both are sound) [2.62ms]
(pass) R17 · rank is DERIVED from the dependency graph, never trusted from the served depth > R21: references that name no task are SURFACED, sorted and de-duplicated — never silently dropped [0.32ms]
(pass) R17 · rank is DERIVED from the dependency graph, never trusted from the served depth > FALLBACK ARM A — a genuinely flat board, served flat, still draws flat (and says it derived) [0.27ms]
(pass) R17 · rank is DERIVED from the dependency graph, never trusted from the served depth > FALLBACK ARM B — the user's broken board: nothing resolves and the depths do NOT vary, so the SERVED depth is refused and derivation runs [0.31ms]
(pass) R17 · rank is DERIVED from the dependency graph, never trusted from the served depth > FALLBACK ARM C — nothing resolves but the served depths DO vary, so the fallback fires and reports itself [0.79ms]
(pass) R17 · rank is DERIVED from the dependency graph, never trusted from the served depth > a dependency cycle terminates, is drawn, and is reported [0.40ms]
(pass) R17 · rank is DERIVED from the dependency graph, never trusted from the served depth > a self-dependency terminates and is reported as a cycle [0.11ms]
(pass) R2/R15 · adaptive vertical geometry, asserted as invariants > shrinking the width never grows any line, and no line ever exceeds the width given [2.96ms]
(pass) R2/R15 · adaptive vertical geometry, asserted as invariants > every hit rectangle CONTAINS its own node and never claims a task off the board [0.82ms]
(pass) R2/R15 · adaptive vertical geometry, asserted as invariants > a pointer resolves back to the task whose rectangle it landed in [0.71ms]
(pass) R2/R15 · adaptive vertical geometry, asserted as invariants > every drawn edge's endpoints belong to a real (blocker, dependent) pair [1.13ms]
(pass) R2/R15 · adaptive vertical geometry, asserted as invariants > R13-width: a rank reads top-to-bottom, so every blocker sits strictly above its dependent [0.81ms]
(pass) R2/R15 · adaptive vertical geometry, asserted as invariants > R19: within a rank the task order is NUMERIC, so t2 precedes t10 [0.61ms]
(pass) R2/R15 · adaptive vertical geometry, asserted as invariants > R19/R6: the legend states the READING DIRECTION and names both drawn markers [0.22ms]
(pass) R2/R15 · adversarial fixtures > a 500-task board terminates and stays inside its viewport [14.56ms]
(pass) R2/R15 · adversarial fixtures > an unknown state string, an absent kind and a missing dependency id all survive the drawing [0.49ms]
(pass) R2/R15 · adversarial fixtures > an empty board draws nothing rather than throwing [0.07ms]
(pass) R2/R15 · adversarial fixtures > a CJK fixture never shears: every line fits, and a boxed line ends on its own border column [4.08ms]
(pass) R20 · the WEB view derives rank from blockedBy, never from the served depth > references RESOLVE while every served depth is 0 — the view must still draw more than one column [59.07ms]
(pass) R20 · the WEB view derives rank from blockedBy, never from the served depth > CONTROL: the same board with honest depths draws the same columns (so the arm cannot be satisfied by ignoring depth) [69.63ms]
(pass) R20 · the WEB view derives rank from blockedBy, never from the served depth > a genuinely flat board served flat is drawn flat — the view must not invent structure [44.92ms]
(pass) W5 · every arrival tip touches the border its edge arrives at > the tip is a POINT on the arrival border, by arithmetic, for forward AND back/same-rank edges [127.23ms]
(pass) W5 · every arrival tip touches the border its edge arrives at > POSITIVE CONTROL: a tip displaced by one pixel fails the same equality, in either direction [59.47ms]
(pass) W6 · `radius = 0` reproduces the straight orthogonal path > at radius 0 every edge publishes points that ARE the orthogonal waypoints [43.63ms]
(pass) W6 · `radius = 0` reproduces the straight orthogonal path > a positive radius bends the SAME edges — the knob is the only difference [102.99ms]
W6 measurement · widest published chord = 304.5000 px of a 936.5 px canvas · 666 chords, none degenerate (EDGE_RADIUS 6, nodeHeight 42)
(pass) W6 · `radius = 0` reproduces the straight orthogonal path > the published polyline is CONTINUOUS and never degenerate at the declared radius [95.10ms]
(pass) T3 · the horizontal slice is exact, cell-aware, and never splits a wide glyph > the frozen postcondition holds for EVERY offset and width, over the REAL drawn rows [21.27ms]
(pass) T3 · the horizontal slice is exact, cell-aware, and never splits a wide glyph > a WIDE glyph straddling an edge is never half-emitted: a space on the left, a drop on the right [1.04ms]
(pass) T3 · the horizontal slice is exact, cell-aware, and never splits a wide glyph > POSITIVE CONTROL: the naive code-point slice FAILS the same postcondition on the same input [0.36ms]
(pass) T3 · the horizontal slice is exact, cell-aware, and never splits a wide glyph > `sliceSpans` is the SAME cut, preserving each span's tone [5.35ms]
(pass) T7 · the termaid glyph obligations, read out of the source rather than restated > every declared glyph is exactly ONE CELL, and none of them is in a C1-banned range [0.58ms]
(pass) T7 · the termaid glyph obligations, read out of the source rather than restated > the four NODE corners are the rounded set (T7's first sentence) [0.12ms]
(pass) T7 · the termaid glyph obligations, read out of the source rather than restated > `graph.ts` declares no sharp NODE corner: the boxed drawing reads the table (R2/T7) [0.76ms]
(pass) T7 · the termaid glyph obligations, read out of the source rather than restated > every dependency is entered by exactly ONE `▼`, whose tip touches the dependent's TOP border [1.69ms]
(pass) T7 · the termaid glyph obligations, read out of the source rather than restated > AC2: EVERY drawing reports the COMPACT three-row form, and no vertical budget buys padding rows [3.57ms]

packages/mpd-tui-plugin/test/panel-dag.test.ts:
[mpd] no sidebar host took the mpd panels: neither "sidebarRightTabs + sidebarRight" nor better-sidebar accepted a registration within 8000ms. The Team and Workmate tabs are NOT registered; the workspace teams and the staged plan are still served on /plugins/mpd-team/state and /plugins/mpd-team/plan.
[mpd] no sidebar host took the mpd panels: neither "sidebarRightTabs + sidebarRight" nor better-sidebar accepted a registration within 8000ms. The Team and Workmate tabs are NOT registered; the workspace teams and the staged plan are still served on /plugins/mpd-team/state and /plugins/mpd-team/plan.
(pass) the DAG page's identity after the merge (clause C3) > its title IS the surviving MPD panel's title — one name, one surface [0.07ms]
(pass) the DAG page's identity after the merge (clause C3) > the surviving registration carries this page's component and reaches the host read-back [0.87ms]
(pass) the legend > covers EVERY state the contract knows, with the glyph the contract declares [0.43ms]
(pass) the legend > fits the width it is given, and drops a line rather than cutting one [0.63ms]
(pass) the DAG page's layout choice > at the host's own 28-column floor the page still draws, and reads [4.38ms]
(pass) the DAG page's layout choice > a busy narrow board reaches the dense list, which had no caller before this page [0.93ms]
(pass) the DAG page's layout choice > EVERY drawn row fits the panel, wide glyphs included [10.94ms]
(pass) the DAG page's layout choice > a boxed CJK line ends on its own right border column [0.44ms]
(pass) the DAG page's layout choice > an empty board still lays out without throwing [0.29ms]
(pass) the DAG page's layout choice > boxes are drawn ONLY when the widest label fits: a label is never cut [2.28ms]
(pass) the DAG page's layout choice > A REAL BOARD STILL DRAWS BOXES: the natural width cap holds a realistic label whole [4.84ms]
(pass) the DAG page's layout choice > A MID-LENGTH LABEL IS NOT CUT, and the overflow flag agrees with the truncation [0.93ms]
(pass) the DAG page's layout choice > C3: THE PINNED DETAIL BODY CARRIES THE ORIGINAL SUBJECT AND DESCRIPTION, CHINESE INCLUDED [1.22ms]
(pass) the DAG page's layout choice > R18: an unresolved blocker is SURFACED, and the rank source is reported [9.03ms]
(pass) the running-node animation and its degradation > the host timer drives the breath, and the static frame is the orbit's head [0.18ms]
(pass) the running-node animation and its degradation > a host with NO timer draws the static frame instead of throwing [5.33ms]
(pass) the running-node animation and its degradation > a NON-FINITE timer degrades to the static frame [2.16ms]
(pass) the running-node animation and its degradation > no props, no kit, no snapshot: the page renders null instead of throwing [1.37ms]
(pass) click-to-pin and the keyboard > a click pins a task and the detail body carries all ten facts [5.07ms]
(pass) click-to-pin and the keyboard > the keymap walks the drawing and does not steal the host's own keys [2.77ms]
(pass) AC4: a click resolves through the row's own rectangle, COLUMN included > POSITIVE CONTROL: clicking the SECOND box of a two-box rank pins the SECOND task [3.27ms]
(pass) AC4: a click resolves through the row's own rectangle, COLUMN included > the row-band fallback still pins without a column, and a column-aware MISS CLEARS the pin [4.34ms]
(pass) AC4: a click resolves through the row's own rectangle, COLUMN included > dagRowClick reports WHICH rule resolved a row, and resolves nothing for a row with no box [0.52ms]
(pass) AC6: clicking the ALREADY-PINNED task opens its owner's agent page > resolves the owner through the host's subagent rows and calls the row's opener [6.24ms]
(pass) AC6: clicking the ALREADY-PINNED task opens its owner's agent page > an unmatched owner, an absent opener and a refusal each SPEAK through the host's toast [6.32ms]
(pass) AC6: clicking the ALREADY-PINNED task opens its owner's agent page > a second click on the SAME handler — before the host re-rendered — still opens the page [1.36ms]
(pass) AC6: clicking the ALREADY-PINNED task opens its owner's agent page > agentIdForOwner matches the owner NAME against the host's own descriptions [0.29ms]
(pass) R1: non-empty board vs empty workspace > a board WITH tasks paints its rows (plus the header, the mode row and the legend) [1.75ms]
(pass) R1: non-empty board vs empty workspace > a workspace with NO team prints the empty state that names the call which fills it [0.73ms]
(pass) the viewport hook > every read is clamped against the CURRENT page, from ANY render's closure [1.80ms]
(pass) the scrollbar and the self-windowed viewport > the rendered window NEVER exceeds the viewport, for a one-row and a 400-row board [103.28ms]
(pass) the scrollbar and the self-windowed viewport > the offset clamps to [0, max(0, content - viewport)] and never renders a blank page [99.73ms]
(pass) the scrollbar and the self-windowed viewport > the thumb's LENGTH and POSITION are monotone in the offset, and it never leaves the gutter [0.62ms]
(pass) the scrollbar and the self-windowed viewport > when the content FITS there is no gutter, and no column is reserved [3.69ms]
(pass) the scrollbar and the self-windowed viewport > FOCUS AUTO-SCROLL: the focused task is inside the rendered window at both ends of an overflowing board [9.98ms]
(pass) the scrollbar and the self-windowed viewport > the wheel scrolls down on a positive delta, up on a negative one, and does nothing when it fits [0.42ms]
(pass) the scrollbar and the self-windowed viewport > the WHEEL HANDLER IS BOUND ONCE, on the page's own window [3.50ms]
(pass) R6: the frame's border title is a structured value, not a string > every page's frame carries { content, position: 'top', align } — and a bare string FAILS [2.46ms]
(pass) R6: the frame's border title is a structured value, not a string > POSITIVE CONTROL: a bare string is NOT acceptable, and the check can tell [0.13ms]
(pass) FINDING 11: every emitted row fits the frame interior > no row exceeds the interior at ANY width, and the whole page respects it [5.84ms]
(pass) FINDING 11: every emitted row fits the frame interior > POSITIVE CONTROL: a deliberately over-long row FAILS the same check [0.11ms]
(pass) FINDING 11: every emitted row fits the frame interior > the frame's interior helper subtracts exactly the two border cells [0.07ms]
(pass) the badge ladder > failed outranks blocked outranks running, and an idle board clears it [0.28ms]
(pass) the badge ladder > the page publishes the badge through the host API, once per change [3.01ms]
(pass) the workmate page > carries its own descriptor, with a one-cell icon [0.15ms]
(pass) the workmate page > the EMPTY state names the call that fills the shelf [0.26ms]
(pass) the workmate page > an unreadable home renders the empty state rather than throwing [0.60ms]
(pass) the workmate page > a populated shelf shows the key, the base and the note [0.33ms]
(pass) the workmate page > the reader tolerates a missing library and never throws [0.37ms]
(pass) AC8b · the page draws its own `⤢`, and the dep the row received reaches it > a click on the control reaches the `openFullscreenScreen` dep the surviving registration forwards [2.16ms]
(pass) AC8b · the page draws its own `⤢`, and the dep the row received reaches it > a row given no opener still draws the row, but its glyph carries no click handler [1.57ms]

packages/mpd-tui-plugin/test/scene-visuals.test.ts:
(pass) every surface draws the frozen contract's colours > the drawing engine's table and the contract's table agree tone for tone [0.15ms]
(pass) every surface draws the frozen contract's colours > the board, the team, the plan and the merged scene draw only contract colours [18.36ms]
(pass) every surface draws the frozen contract's colours > no surface module spells a colour of its own [1.52ms]
(pass) every layout row fits the viewport it was laid out for > the drawing and the legend fit at 100, 60 and 40 columns [4.37ms]
(pass) every layout row fits the viewport it was laid out for > the frame carries a border TITLE the host can actually render [1.78ms]
(pass) every layout row fits the viewport it was laid out for > the DAG a scene draws never exceeds the width it was laid out for [6.43ms]
(pass) a CJK fixture does not shear the layout > every boxed node row ENDS ON ITS BORDER COLUMN, wide glyphs included [6.20ms]
(pass) a CJK fixture does not shear the layout > a wide-glyph label survives the clamps the scene applies [2.11ms]
(pass) a CJK fixture does not shear the layout > a hostile team name cannot reach a border title unclamped [0.91ms]
(pass) the running mark breathes on a timer and freezes without one > a host with NO timer draws the STATIC frame [0.82ms]
(pass) the running mark breathes on a timer and freezes without one > a host WITH a timer draws the phase its clock reports, and every frame is CELL-STABLE [2.51ms]
(pass) the running mark breathes on a timer and freezes without one > a NON-FINITE clock degrades to the static frame instead of throwing [1.78ms]
(pass) the running mark breathes on a timer and freezes without one > the mark draws the state's own glyph for every non-running tone [0.14ms]
(pass) the legend is composed, and it disambiguates the two states that share a glyph > the drawing's lines keep the drawing's key, and the contract's key follows them [5.97ms]
(pass) the legend is composed, and it disambiguates the two states that share a glyph > the legend sits UNDER its DAG and stays dimmed [1.58ms]
(pass) the body-row vocabulary is one table, and a surface never re-words a row > a label row splits byte-for-byte, and prose is left whole [0.28ms]
(pass) the body-row vocabulary is one table, and a surface never re-words a row > the label column draws in the label's own tone [3.28ms]
(pass) the body-row vocabulary is one table, and a surface never re-words a row > the tally tone ladder reports the loudest state the board carries [0.23ms]
(pass) the body-row vocabulary is one table, and a surface never re-words a row > the host's own subagent states map onto the same six tones [0.11ms]
(pass) the body-row vocabulary is one table, and a surface never re-words a row > the progress bar is drawn from the contract's own cells [0.22ms]
(pass) the body-row vocabulary is one table, and a surface never re-words a row > the chrome title joins what exists and never leaves a dangling separator [0.07ms]
(pass) the text-only surfaces stay inside their budgets > the status row publishes at most its documented cells, and never shears a wide glyph [0.98ms]
(pass) the text-only surfaces stay inside their budgets > the status mark reports the workspace's dominant state, in the contract's glyphs [0.29ms]

packages/mpd-tui-plugin/test/panel-visibility.test.ts:
(pass) R13 · the host's panel enablement rule (read from the installed host) > the default enabled CSV names BUILTINS ONLY and NOTHING of ours [175.36ms]
(pass) R13 · the host's panel enablement rule (read from the installed host) > the id GRAMMAR is not the blocker: a composed plugin id round-trips [0.08ms]
(pass) R13 · the host's panel enablement rule (read from the installed host) > the adapter DOES append a registered id to the CSV — so the mechanism exists and can be undone [0.31ms]
(pass) R13 · the host's panel enablement rule (read from the installed host) > the host REWRITES the CSV from configuration, which is how a registered panel disappears [0.40ms]
(pass) R13 · the width band in which the panel cannot be seen at all > a sidebar splits only at CHAT_MIN + PANEL_MIN + DIVIDER, and no lower [0.15ms]
(pass) R13 · the width band in which the panel cannot be seen at all > AT the split threshold the panel column is exactly the host's own floor — so a wider floor is a trap [0.25ms]
(pass) R13 · the width band in which the panel cannot be seen at all > the descriptor this bundle registers is the shape the host accepts [0.11ms]
(pass) R13b · the composed panel id (read from the installed host) > the host composes `<pluginId>:<slug>`, and `<pluginId>` comes from the caller's identity [0.42ms]
(pass) R13b · the composed panel id (read from the installed host) > a Component identity exists only for an ADMITTED Component, which a patch row never is [0.53ms]
(pass) R13c · the enable-list keeper (this bundle's bounded re-assert) > it appends ONLY its own registered ids, preserving the user's list exactly [1.09ms]
(pass) R13c · the enable-list keeper (this bundle's bounded re-assert) > it KEEPS sampling past the first clean read — the measured loss lands after it [0.60ms]
(pass) R13c · the enable-list keeper (this bundle's bounded re-assert) > it STANDS DOWN when the configuration already names ANY of ours [0.47ms]
(pass) R13c · the enable-list keeper (this bundle's bounded re-assert) > the whole set goes in at once, so a partial write can never make the next tick stand down mid-repair [0.33ms]
(pass) R13c · the enable-list keeper (this bundle's bounded re-assert) > the ladder is the WHOLE budget, and `stop()` releases every pending tick [0.17ms]
(pass) R13c · the enable-list keeper (this bundle's bounded re-assert) > NEGATIVE CONTROL: an ABSENT host store is reported as `absent`, never thrown, and writes nothing [0.27ms]
(pass) R13c · the enable-list keeper (this bundle's bounded re-assert) > NEGATIVE CONTROL: a store that throws is recorded as `refused` and takes no boot down [0.30ms]
(pass) R13c · the enable-list keeper (this bundle's bounded re-assert) > the CONTACT itself binds the installed host and refuses an absent one [0.96ms]
(pass) R13d · the enable-list keeper's CHANGE FEED (the durable repair) > the host's OWN append does NOT stand the keeper down, and the mirror's rewrite IS repaired [0.71ms]
(pass) R13d · the enable-list keeper's CHANGE FEED (the durable repair) > our OWN write cannot re-enter the decision — one rewrite, exactly one repair [0.28ms]
(pass) R13d · the enable-list keeper's CHANGE FEED (the durable repair) > a list that NAMES one of ours ends the keeper for good — and a later rewrite is left alone [0.28ms]
(pass) R13d · the enable-list keeper's CHANGE FEED (the durable repair) > `stop()` releases the host's feed with the scope — and a retired keeper never writes again [0.23ms]
(pass) R13d · the enable-list keeper's CHANGE FEED (the durable repair) > NEGATIVE CONTROL: a store with NO feed keeps the ladder, and a THROWING feed degrades to it [0.41ms]
(pass) AC8 · each MPD page carries its OWN one-cell icon, and none borrows the host's > the TWO surviving icons measure ONE cell under BOTH measures — ours and the host's own [41.62ms]
(pass) AC8 · each MPD page carries its OWN one-cell icon, and none borrows the host's > the host's built-in icons are read from the host, and neither surviving MPD page wears one [0.40ms]
(pass) AC8 · each MPD page carries its OWN one-cell icon, and none borrows the host's > BOTH surviving descriptors DECLARE their icon — neither falls back to its title's first letter [0.06ms]
(pass) AC8 · each MPD page carries its OWN one-cell icon, and none borrows the host's > NO MPD descriptor declares `capabilities` — the host drops the field, so it would be a dead promise [0.26ms]
(pass) AC8b · MPD's own `⤢` control, drawn in each page's title row > the merged page draws the control, and a click opens ITS full-screen scene [1.59ms]
(pass) AC8b · MPD's own `⤢` control, drawn in each page's title row > the workmate page draws its own control, wired to the board scene [0.57ms]
(pass) AC8b · MPD's own `⤢` control, drawn in each page's title row > the hover treatment is the host PanelBar's own: bold and accent over the pointer, dim at rest [2.88ms]
(pass) AC8b · MPD's own `⤢` control, drawn in each page's title row > the title row is drawn ABOVE the body and outside the page's own window [0.66ms]
(pass) AC8b · MPD's own `⤢` control, drawn in each page's title row > AT THE 28-COLUMN FLOOR the `⤢` hint SURVIVES — measured, with the pre-fix ordering as the negative control [0.76ms]
(pass) AC8b · the control OCCUPIES CELLS under the host's real layout engine > each SURVIVING MPD page draws `⤢` at the RIGHT EDGE of its title row — at 28 and at 40 columns [538.07ms]
(pass) AC8b · the control OCCUPIES CELLS under the host's real layout engine > NEGATIVE CONTROL: the pre-fix row shape LOSES the glyph at the same width — this is what the double could not see [171.71ms]

packages/mpd-tui-plugin/test/state.test.ts:
(pass) state projection > reads the newest team record, the task ledger, boulder, plans and workmates [1.50ms]
(pass) state projection > a missing state tree degrades to empty sections without throwing [0.40ms]
(pass) state projection > a team READOUT that throws is reported as a note, not as a crash [0.75ms]
(pass) state projection > the status line is one bounded line [1.03ms]
(pass) sanitizer > accepts scalars only and drops everything else [0.14ms]
(pass) sanitizer > strips control characters and collapses whitespace [0.07ms]
(pass) sanitizer > clamps by terminal cell, not by code-unit count [0.05ms]
(pass) sanitizer > scalarLines bounds the line count and per-line width [0.93ms]
(pass) transcript renderers > every declared type has a renderer and maps a payload to text rows [0.47ms]
(pass) transcript renderers > renderers never throw and always emit strings, whatever the payload [0.78ms]
(pass) transcript renderers > renderer output is clamped (a huge payload cannot flood the transcript) [0.20ms]
(pass) log-only event registration > registerInto reports and mutates truthfully [0.15ms]
(pass) log-only event registration > candidateAnchors is deduplicated and never empty [0.39ms]
(pass) log-only event registration > appendBoardOpened refuses to write an unregistered type [0.41ms]
(pass) log-only event registration > a throwing session.append is contained [0.11ms]
(pass) logging > never writes to stdout and falls back to stderr only for info/warn [0.19ms]

packages/mpd-tui-plugin/test/panel-legend-mount.test.ts:
(pass) C4 · the negative control — this harness CAN see an accumulating row > the pre-fix key shape accumulates, so the green arms above are falsifiable [1064.74ms]
[mpd] no sidebar host took the mpd panels: neither "sidebarRightTabs + sidebarRight" nor better-sidebar accepted a registration within 8000ms. The Team and Workmate tabs are NOT registered; the workspace teams and the staged plan are still served on /plugins/mpd-team/state and /plugins/mpd-team/plan.
[mpd] no sidebar host took the mpd panels: neither "sidebarRightTabs + sidebarRight" nor better-sidebar accepted a registration within 8000ms. The Team and Workmate tabs are NOT registered; the workspace teams and the staged plan are still served on /plugins/mpd-team/state and /plugins/mpd-team/plan.
[mpd] no sidebar host took the mpd panels: neither "sidebarRightTabs + sidebarRight" nor better-sidebar accepted a registration within 8000ms. The Team and Workmate tabs are NOT registered; the workspace teams and the staged plan are still served on /plugins/mpd-team/state and /plugins/mpd-team/plan.
[mpd] no sidebar host took the mpd panels: neither "sidebarRightTabs + sidebarRight" nor better-sidebar accepted a registration within 8000ms. The Team and Workmate tabs are NOT registered; the workspace teams and the staged plan are still served on /plugins/mpd-team/state and /plugins/mpd-team/plan.
[mpd] no sidebar host took the mpd panels: neither "sidebarRightTabs + sidebarRight" nor better-sidebar accepted a registration within 8000ms. The Team and Workmate tabs are NOT registered; the workspace teams and the staged plan are still served on /plugins/mpd-team/state and /plugins/mpd-team/plan.
[mpd] no sidebar host took the mpd panels: neither "sidebarRightTabs + sidebarRight" nor better-sidebar accepted a registration within 8000ms. The Team and Workmate tabs are NOT registered; the workspace teams and the staged plan are still served on /plugins/mpd-team/state and /plugins/mpd-team/plan.
[mpd] no sidebar host took the mpd panels: neither "sidebarRightTabs + sidebarRight" nor better-sidebar accepted a registration within 8000ms. The Team and Workmate tabs are NOT registered; the workspace teams and the staged plan are still served on /plugins/mpd-team/state and /plugins/mpd-team/plan.
[mpd] no sidebar host took the mpd panels: neither "sidebarRightTabs + sidebarRight" nor better-sidebar accepted a registration within 8000ms. The Team and Workmate tabs are NOT registered; the workspace teams and the staged plan are still served on /plugins/mpd-team/state and /plugins/mpd-team/plan.
[mpd] no sidebar host took the mpd panels: neither "sidebarRightTabs + sidebarRight" nor better-sidebar accepted a registration within 8000ms. The Team and Workmate tabs are NOT registered; the workspace teams and the staged plan are still served on /plugins/mpd-team/state and /plugins/mpd-team/plan.
[mpd] no sidebar host took the mpd panels: neither "sidebarRightTabs + sidebarRight" nor better-sidebar accepted a registration within 8000ms. The Team and Workmate tabs are NOT registered; the workspace teams and the staged plan are still served on /plugins/mpd-team/state and /plugins/mpd-team/plan.
[mpd] no sidebar host took the mpd panels: neither "sidebarRightTabs + sidebarRight" nor better-sidebar accepted a registration within 8000ms. The Team and Workmate tabs are NOT registered; the workspace teams and the staged plan are still served on /plugins/mpd-team/state and /plugins/mpd-team/plan.
[mpd] no sidebar host took the mpd panels: neither "sidebarRightTabs + sidebarRight" nor better-sidebar accepted a registration within 8000ms. The Team and Workmate tabs are NOT registered; the workspace teams and the staged plan are still served on /plugins/mpd-team/state and /plugins/mpd-team/plan.
[mpd] no sidebar host took the mpd panels: neither "sidebarRightTabs + sidebarRight" nor better-sidebar accepted a registration within 8000ms. The Team and Workmate tabs are NOT registered; the workspace teams and the staged plan are still served on /plugins/mpd-team/state and /plugins/mpd-team/plan.
[mpd] no sidebar host took the mpd panels: neither "sidebarRightTabs + sidebarRight" nor better-sidebar accepted a registration within 8000ms. The Team and Workmate tabs are NOT registered; the workspace teams and the staged plan are still served on /plugins/mpd-team/state and /plugins/mpd-team/plan.
[mpd] no sidebar host took the mpd panels: neither "sidebarRightTabs + sidebarRight" nor better-sidebar accepted a registration within 8000ms. The Team and Workmate tabs are NOT registered; the workspace teams and the staged plan are still served on /plugins/mpd-team/state and /plugins/mpd-team/plan.
[mpd] no sidebar host took the mpd panels: neither "sidebarRightTabs + sidebarRight" nor better-sidebar accepted a registration within 8000ms. The Team and Workmate tabs are NOT registered; the workspace teams and the staged plan are still served on /plugins/mpd-team/state and /plugins/mpd-team/plan.
[mpd] no sidebar host took the mpd panels: neither "sidebarRightTabs + sidebarRight" nor better-sidebar accepted a registration within 8000ms. The Team and Workmate tabs are NOT registered; the workspace teams and the staged plan are still served on /plugins/mpd-team/state and /plugins/mpd-team/plan.
[mpd] no sidebar host took the mpd panels: neither "sidebarRightTabs + sidebarRight" nor better-sidebar accepted a registration within 8000ms. The Team and Workmate tabs are NOT registered; the workspace teams and the staged plan are still served on /plugins/mpd-team/state and /plugins/mpd-team/plan.
[mpd] no sidebar host took the mpd panels: neither "sidebarRightTabs + sidebarRight" nor better-sidebar accepted a registration within 8000ms. The Team and Workmate tabs are NOT registered; the workspace teams and the staged plan are still served on /plugins/mpd-team/state and /plugins/mpd-team/plan.
[mpd] no sidebar host took the mpd panels: neither "sidebarRightTabs + sidebarRight" nor better-sidebar accepted a registration within 8000ms. The Team and Workmate tabs are NOT registered; the workspace teams and the staged plan are still served on /plugins/mpd-team/state and /plugins/mpd-team/plan.
[mpd] no sidebar host took the mpd panels: neither "sidebarRightTabs + sidebarRight" nor better-sidebar accepted a registration within 8000ms. The Team and Workmate tabs are NOT registered; the workspace teams and the staged plan are still served on /plugins/mpd-team/state and /plugins/mpd-team/plan.
[mpd] no sidebar host took the mpd panels: neither "sidebarRightTabs + sidebarRight" nor better-sidebar accepted a registration within 8000ms. The Team and Workmate tabs are NOT registered; the workspace teams and the staged plan are still served on /plugins/mpd-team/state and /plugins/mpd-team/plan.
[mpd] no sidebar host took the mpd panels: neither "sidebarRightTabs + sidebarRight" nor better-sidebar accepted a registration within 8000ms. The Team and Workmate tabs are NOT registered; the workspace teams and the staged plan are still served on /plugins/mpd-team/state and /plugins/mpd-team/plan.
[mpd] no sidebar host took the mpd panels: neither "sidebarRightTabs + sidebarRight" nor better-sidebar accepted a registration within 8000ms. The Team and Workmate tabs are NOT registered; the workspace teams and the staged plan are still served on /plugins/mpd-team/state and /plugins/mpd-team/plan.
[mpd] no sidebar host took the mpd panels: neither "sidebarRightTabs + sidebarRight" nor better-sidebar accepted a registration within 8000ms. The Team and Workmate tabs are NOT registered; the workspace teams and the staged plan are still served on /plugins/mpd-team/state and /plugins/mpd-team/plan.
[mpd] no sidebar host took the mpd panels: neither "sidebarRightTabs + sidebarRight" nor better-sidebar accepted a registration within 8000ms. The Team and Workmate tabs are NOT registered; the workspace teams and the staged plan are still served on /plugins/mpd-team/state and /plugins/mpd-team/plan.
[mpd] no sidebar host took the mpd panels: neither "sidebarRightTabs + sidebarRight" nor better-sidebar accepted a registration within 8000ms. The Team and Workmate tabs are NOT registered; the workspace teams and the staged plan are still served on /plugins/mpd-team/state and /plugins/mpd-team/plan.
[mpd] no sidebar host took the mpd panels: neither "sidebarRightTabs + sidebarRight" nor better-sidebar accepted a registration within 8000ms. The Team and Workmate tabs are NOT registered; the workspace teams and the staged plan are still served on /plugins/mpd-team/state and /plugins/mpd-team/plan.
[mpd] no sidebar host took the mpd panels: neither "sidebarRightTabs + sidebarRight" nor better-sidebar accepted a registration within 8000ms. The Team and Workmate tabs are NOT registered; the workspace teams and the staged plan are still served on /plugins/mpd-team/state and /plugins/mpd-team/plan.
[mpd] no sidebar host took the mpd panels: neither "sidebarRightTabs + sidebarRight" nor better-sidebar accepted a registration within 8000ms. The Team and Workmate tabs are NOT registered; the workspace teams and the staged plan are still served on /plugins/mpd-team/state and /plugins/mpd-team/plan.
[mpd] no sidebar host took the mpd panels: neither "sidebarRightTabs + sidebarRight" nor better-sidebar accepted a registration within 8000ms. The Team and Workmate tabs are NOT registered; the workspace teams and the staged plan are still served on /plugins/mpd-team/state and /plugins/mpd-team/plan.
[mpd] no sidebar host took the mpd panels: neither "sidebarRightTabs + sidebarRight" nor better-sidebar accepted a registration within 8000ms. The Team and Workmate tabs are NOT registered; the workspace teams and the staged plan are still served on /plugins/mpd-team/state and /plugins/mpd-team/plan.
[mpd] no sidebar host took the mpd panels: neither "sidebarRightTabs + sidebarRight" nor better-sidebar accepted a registration within 8000ms. The Team and Workmate tabs are NOT registered; the workspace teams and the staged plan are still served on /plugins/mpd-team/state and /plugins/mpd-team/plan.
[mpd] no sidebar host took the mpd panels: neither "sidebarRightTabs + sidebarRight" nor better-sidebar accepted a registration within 8000ms. The Team and Workmate tabs are NOT registered; the workspace teams and the staged plan are still served on /plugins/mpd-team/state and /plugins/mpd-team/plan.
[mpd] no sidebar host took the mpd panels: neither "sidebarRightTabs + sidebarRight" nor better-sidebar accepted a registration within 8000ms. The Team and Workmate tabs are NOT registered; the workspace teams and the staged plan are still served on /plugins/mpd-team/state and /plugins/mpd-team/plan.
[mpd] no sidebar host took the mpd panels: neither "sidebarRightTabs + sidebarRight" nor better-sidebar accepted a registration within 8000ms. The Team and Workmate tabs are NOT registered; the workspace teams and the staged plan are still served on /plugins/mpd-team/state and /plugins/mpd-team/plan.
[mpd] no sidebar host took the mpd panels: neither "sidebarRightTabs + sidebarRight" nor better-sidebar accepted a registration within 8000ms. The Team and Workmate tabs are NOT registered; the workspace teams and the staged plan are still served on /plugins/mpd-team/state and /plugins/mpd-team/plan.
[mpd] no sidebar host took the mpd panels: neither "sidebarRightTabs + sidebarRight" nor better-sidebar accepted a registration within 8000ms. The Team and Workmate tabs are NOT registered; the workspace teams and the staged plan are still served on /plugins/mpd-team/state and /plugins/mpd-team/plan.
[mpd] no sidebar host took the mpd panels: neither "sidebarRightTabs + sidebarRight" nor better-sidebar accepted a registration within 8000ms. The Team and Workmate tabs are NOT registered; the workspace teams and the staged plan are still served on /plugins/mpd-team/state and /plugins/mpd-team/plan.
[mpd] no sidebar host took the mpd panels: neither "sidebarRightTabs + sidebarRight" nor better-sidebar accepted a registration within 8000ms. The Team and Workmate tabs are NOT registered; the workspace teams and the staged plan are still served on /plugins/mpd-team/state and /plugins/mpd-team/plan.
[mpd] no sidebar host took the mpd panels: neither "sidebarRightTabs + sidebarRight" nor better-sidebar accepted a registration within 8000ms. The Team and Workmate tabs are NOT registered; the workspace teams and the staged plan are still served on /plugins/mpd-team/state and /plugins/mpd-team/plan.
[mpd] no sidebar host took the mpd panels: neither "sidebarRightTabs + sidebarRight" nor better-sidebar accepted a registration within 8000ms. The Team and Workmate tabs are NOT registered; the workspace teams and the staged plan are still served on /plugins/mpd-team/state and /plugins/mpd-team/plan.
[mpd] no sidebar host took the mpd panels: neither "sidebarRightTabs + sidebarRight" nor better-sidebar accepted a registration within 8000ms. The Team and Workmate tabs are NOT registered; the workspace teams and the staged plan are still served on /plugins/mpd-team/state and /plugins/mpd-team/plan.
[mpd] no sidebar host took the mpd panels: neither "sidebarRightTabs + sidebarRight" nor better-sidebar accepted a registration within 8000ms. The Team and Workmate tabs are NOT registered; the workspace teams and the staged plan are still served on /plugins/mpd-team/state and /plugins/mpd-team/plan.
[mpd] no sidebar host took the mpd panels: neither "sidebarRightTabs + sidebarRight" nor better-sidebar accepted a registration within 8000ms. The Team and Workmate tabs are NOT registered; the workspace teams and the staged plan are still served on /plugins/mpd-team/state and /plugins/mpd-team/plan.
[mpd] no sidebar host took the mpd panels: neither "sidebarRightTabs + sidebarRight" nor better-sidebar accepted a registration within 8000ms. The Team and Workmate tabs are NOT registered; the workspace teams and the staged plan are still served on /plugins/mpd-team/state and /plugins/mpd-team/plan.
[mpd] no sidebar host took the mpd panels: neither "sidebarRightTabs + sidebarRight" nor better-sidebar accepted a registration within 8000ms. The Team and Workmate tabs are NOT registered; the workspace teams and the staged plan are still served on /plugins/mpd-team/state and /plugins/mpd-team/plan.
[mpd] no sidebar host took the mpd panels: neither "sidebarRightTabs + sidebarRight" nor better-sidebar accepted a registration within 8000ms. The Team and Workmate tabs are NOT registered; the workspace teams and the staged plan are still served on /plugins/mpd-team/state and /plugins/mpd-team/plan.
[mpd] no sidebar host took the mpd panels: neither "sidebarRightTabs + sidebarRight" nor better-sidebar accepted a registration within 8000ms. The Team and Workmate tabs are NOT registered; the workspace teams and the staged plan are still served on /plugins/mpd-team/state and /plugins/mpd-team/plan.
[mpd] no sidebar host took the mpd panels: neither "sidebarRightTabs + sidebarRight" nor better-sidebar accepted a registration within 8000ms. The Team and Workmate tabs are NOT registered; the workspace teams and the staged plan are still served on /plugins/mpd-team/state and /plugins/mpd-team/plan.
(pass) C4 · the legend does not accumulate across the click/pin interaction (mounted instance) > the legend's row count is STABLE across N clicks — it is 4 after the mount and 4 after every click [1369.30ms]
(pass) C4 · the legend does not accumulate across the click/pin interaction (mounted instance) > the legend and the pin body key every row distinctly among their own siblings [762.36ms]
(pass) C4 · the legend does not accumulate across the click/pin interaction (mounted instance) > the workmate page keys two same-prefix problems as two rows, not one key twice [155.74ms]

packages/mpd-tui-plugin/test/dag-label-parity.test.ts:
(pass) C4 · the graph-safe label rule, implemented from the frozen text > the adversarial table: every class the decision named, including the near misses [0.24ms]
(pass) C4 · the graph-safe label rule, implemented from the frozen text > every produced label is non-empty ONLY when the rule found ASCII, and carries no banned character [0.45ms]
(pass) C4 · the graph-safe label rule, implemented from the frozen text > NEGATIVE CONTROL: the pre-rule pass-through VIOLATES the same table, so the check can fail [0.37ms]
(pass) C1/C3 · the WEB drawing is CJK-free while the pinned detail keeps the Chinese > the fixture really is the reported case: the RAW subjects carry banned characters [0.11ms]
(pass) C1/C3 · the WEB drawing is CJK-free while the pinned detail keeps the Chinese > ZERO banned characters inside the rendered drawing [58.12ms]
(pass) C1/C3 · the WEB drawing is CJK-free while the pinned detail keeps the Chinese > C3: the pinned detail body still carries the ORIGINAL Chinese subject [63.34ms]
(pass) C1/C3 · the WEB drawing is CJK-free while the pinned detail keeps the Chinese > POSITIVE CONTROL: the pre-rule drawing of the SAME board is measurably not CJK-free [0.35ms]
(pass) C4/R3 · both surfaces implement the SAME composer > the WEB factory exposes `graphSafeLabel`, and it implements the frozen rule over the whole table [59.17ms]
(pass) C4/R3 · both surfaces implement the SAME composer > the TUI exports the SAME name and the SAME answers (R3: one concept, one name) [58.55ms]
(pass) C4/R3 · both surfaces implement the SAME composer > C2: on the WEB the composer is the ONLY thing that turns a subject into drawing text [65.02ms]
(pass) C4/R3 · both surfaces implement the SAME composer > the ordinal is the 1-based BOARD index, never the rank or the drawn order [46.10ms]
(pass) C1 · the TUI drawing carries no banned character in ANY of its three modes > boxes, rail and list all draw the pure-Chinese board without one CJK glyph [1.77ms]
(pass) C1 · the TUI drawing carries no banned character in ANY of its three modes > the legend lines are part of the drawing and are CJK-free too [0.46ms]
(pass) C1 · the TUI drawing carries no banned character in ANY of its three modes > AC1: every TUI mode draws `<marker> <id>` and carries NO subject and NO ordinal fallback [1.23ms]
(pass) W3 · the DRAWN curve of every WEB edge stays out of every node box > steps 1-3: the rendered `<path>`'s `data-mpd-curve` IS the layout edge's `curve.d` [52.67ms]
(pass) W3 · the DRAWN curve of every WEB edge stays out of every node box > steps 1, 2, 4: no SEGMENT of any drawn curve enters any rendered box interior [60.89ms]
(pass) W3 · the DRAWN curve of every WEB edge stays out of every node box > step 6: the proof is NOT vacuous — a sample floor and edges that are really curved [39.97ms]
(pass) W3 · the DRAWN curve of every WEB edge stays out of every node box > step 5a: POSITIVE CONTROL — a segment displaced into a box IS caught, the same one the real curve does not enter [50.53ms]
(pass) W3 · the DRAWN curve of every WEB edge stays out of every node box > step 5b: CURVE-DOMAIN CONTROL — a box BETWEEN two samples is caught, which a point-only test misses [58.74ms]
(pass) W3 · the DRAWN curve of every WEB edge stays out of every node box > step 5c: a sample taken from the MIDDLE of a real fillet, displaced into a box, is caught [54.44ms]
(pass) W3 · the DRAWN curve of every WEB edge stays out of every node box > W5/W4 on the DOM: `data-mpd-tip` is a ZERO-WIDTH rect at the arrival point [64.30ms]

packages/mpd-tui-plugin/test/team-record-source.test.ts:
(pass) the record is the primary team source > the workflow carries the review fields the official board has no column for [0.79ms]
(pass) the record is the primary team source > the derived states agree: a blocked review, a running task, a failed repair [0.38ms]
(pass) the record is the primary team source > phase is the STORED lifecycle, not a guess from the roster [0.41ms]
(pass) the record is the primary team source > a cycle is REPORTED as a note rather than drawn as if the board were sound [0.23ms]
(pass) the source selection > readBoardState shows the RECORD even when the official readout is empty [0.22ms]
(pass) the source selection > an ENDED team does not hide the running one behind it [0.13ms]
(pass) the source selection > the record read degrades to [] with no service, and never throws [0.16ms]

packages/mpd-tui-plugin/test/watchdog-frontdoor.test.ts:
(pass) watchdog front door — notice composition > the notice is COMPOSED into the value the status publisher emits, and disappears once the team is resumed [4.14ms]
(pass) watchdog front door — notice composition > watchdogNotice states the live condition and the replay separately; composeNotices joins providers [0.36ms]
(pass) watchdog front door — notice composition > heldTeams reads the durable hold index through the service, not a cache [0.62ms]
(pass) watchdog front door — dialog and acknowledge > the dialog carries the notice text and an acknowledge option, and acknowledging advances the watermark [1.25ms]
(pass) watchdog front door — dialog and acknowledge > a second start does not surface an acknowledged incident (the replay is watermark-driven) [0.97ms]
(pass) watchdog front door — dialog and acknowledge > choosing Later keeps the incident unread: the replay is permanent re-display BY DESIGN [0.88ms]
(pass) watchdog front door — dialog and acknowledge > the attach-time replay runs once, when BOTH the service and the dialog seam are composed [0.70ms]
(pass) watchdog front door — dialog and acknowledge > no dialog service and nothing unread are both no-ops (never a hang, never a phantom dialog) [0.48ms]
(pass) watchdog front door — dialog and acknowledge > readWatchdogView is a live read through the service (and empty without one) [0.49ms]
(pass) watchdog front door — the absent-service path > with no mpdWatchdog service: no notice, no dialog, no fake acknowledge, one warning — and apply does not throw [1.00ms]

packages/mpd-tui-plugin/test/team-surface.test.ts:
(pass) team-workflow projection (read-only, from the OFFICIAL live readout) > renders the roster, the task DAG, the counts and the honest blanks [3.70ms]
(pass) team-workflow projection (read-only, from the OFFICIAL live readout) > the depth walk and the failed-dependency marking match the panel's own semantics [0.65ms]
(pass) team-workflow projection (read-only, from the OFFICIAL live readout) > a pending task behind an UNFINISHED dependency renders BLOCKED [0.36ms]
(pass) team-workflow projection (read-only, from the OFFICIAL live readout) > a corrupt / absent / cyclic record renders an empty state and never throws [0.67ms]
(pass) team-workflow projection (read-only, from the OFFICIAL live readout) > the REAL record of this session's own team projects without a hand-built object [0.18ms]
(pass) team-workflow projection (read-only, from the OFFICIAL live readout) > the board carries the derived team row and never a staged claim [0.49ms]
(pass) the two surfaces register through the existing tuiScenes seam > all three scene ids are registered with their frozen titles [0.84ms]
(pass) the two surfaces register through the existing tuiScenes seam > a scene renders null instead of crashing when the host kit is absent [0.91ms]
(pass) surface T1 — the team workflow > renders the real record's header, roster, DAG and counts [3.54ms]
(pass) surface T1 — the team workflow > a team that is NOT staged refuses the approval hop with a notice and opens nothing [1.16ms]
(pass) surface T1 — the team workflow > a bare `r` refresh re-reads the record without throwing [1.96ms]
(pass) surface T1 — the team workflow > the watchdog HOLD is rendered only when the watchdog reports it [2.12ms]
(pass) surface T2 — the plan approval > Esc mutates nothing and returns to the workflow when it was the entry point [2.57ms]
(pass) surface T2 — the plan approval > Esc from the command entry point leaves the scene instead of hopping [1.06ms]
(pass) surface T2 — the plan approval > Escape/keys never select a printable character as an action [0.53ms]
(pass) §9.4 — the ONE render boundary strips control characters (finding F1) > safeLine strips C0/C1 (ESC, BEL, OSC) and clamps cells WITHOUT collapsing indentation [0.42ms]
(pass) §9.4 — the ONE render boundary strips control characters (finding F1) > a control character in a team ID cannot reach a rendered row [0.97ms]
(pass) §3.1 item 4 — the DAG order (finding F2) > tasks come out ordered by depth, with creation order as the tiebreak [0.84ms]
(pass) package invariants > no source file in this package imports a filesystem WRITE primitive [1.24ms]
(pass) package invariants > the built dist carries the two scene ids and no TEAM-STORE writer [1.90ms]
(pass) package invariants > the retired approval tools are GONE and the surface says why [0.29ms]
(pass) package invariants > the mailbox key normalization matches the adopted reader [0.60ms]
(pass) the team scene's focus > ↑/↓ moves the focus through the drawing, and the ▶ marker moves with it [3.89ms]
(pass) the team scene's focus > a focused task lights its DEPENDENCIES and names them in the graph header [2.44ms]
(pass) the team scene's focus > `esc` UNPINS rather than closing, and closes once nothing is pinned [2.49ms]
(pass) the team scene's focus > a CLICK pins a task and hovering previews one, without the keyboard [3.76ms]
(pass) the team scene's focus > a click on BLANK space unpins rather than pinning nothing [1.95ms]
(pass) the team scene's focus > the wheel scrolls the graph [1.99ms]
(pass) the team scene's focus > a NARROW terminal draws the SAME boxes and windows them rather than clipping them [1.64ms]
(pass) the team scene's legend > the legend is drawn under the DAG, in the width the graph was laid out for [1.39ms]
(pass) the plan scene reads the SHARED projection > the phrase is the SERVED one, not a record-derived lookalike [1.16ms]
(pass) the plan scene reads the SHARED projection > a STAGED PLAN with no usable record still renders the gate [0.74ms]
(pass) the plan scene reads the SHARED projection > with NO plan face the scene never INVENTS a plan phrase [0.71ms]

packages/mpd-tui-plugin/test/subagent-scene.test.ts:
(pass) the merged panel puts the host's subagent rows ABOVE the MPD team panel > every subagent row is drawn before the first team row [7.41ms]
(pass) the merged panel puts the host's subagent rows ABOVE the MPD team panel > each row carries the host's own description, mode, status and start instant [1.07ms]
(pass) the merged panel degrades honestly > an empty subagent list still renders the team panel, above it the host's own empty tone [0.72ms]
(pass) the merged panel degrades honestly > a scene handed no channel at all still renders the team panel [0.68ms]
(pass) the merged panel degrades honestly > a missing team projection renders the team section's own unreadable line [0.50ms]
(pass) the merged panel degrades honestly > an unreadable status is drawn as unknown — never guessed into completed [0.86ms]
(pass) the merged panel never trusts the host's shapes > an absent subagentControl does not throw, and the interrupt gesture says so [1.88ms]
(pass) the merged panel never trusts the host's shapes > the interrupt reaches the host's own control for a LIVE row only [2.62ms]
(pass) the merged panel never trusts the host's shapes > a hostile description is sanitized before it reaches a row [0.71ms]
(pass) the merged panel never trusts the host's shapes > a non-scalar field is dropped rather than stringified onto the screen [0.73ms]
(pass) the merged panel never trusts the host's shapes > a channel missing every field it may carry degrades to the empty state [1.32ms]
(pass) the merged panel carries the host dashboard's summary row > the counts row tallies the host's own statuses, and an unknown one is not a completion [0.86ms]
(pass) the merged panel carries the host dashboard's summary row > a cancelled run is counted as failed, exactly as the host's own card draws it [0.68ms]
(pass) ENTER opens a detail view of the selected subagent > a `super`-modified return does NOT open the detail view (the host's own guard) [2.15ms]
(pass) ENTER opens a detail view of the selected subagent > a raw CRLF chunk opens the detail view, and a PASTED one does not [1.85ms]
(pass) ENTER opens a detail view of the selected subagent > the detail draws every fact the host reported and steps back without closing the scene [3.50ms]
(pass) ENTER opens a detail view of the selected subagent > the projection omits what the host did not report — no instant, no bucket, no duration [0.45ms]
(pass) ENTER opens a detail view of the selected subagent > the output tail pages with ↑/↓ and never invents a line [14.50ms]
(pass) ENTER opens a detail view of the selected subagent > the interrupt gesture keeps working, on the DETAIL's own row [1.52ms]
(pass) ENTER opens a detail view of the selected subagent > a selected entry that leaves the channel degrades to a notice, never a throw [1.82ms]
(pass) a click selects what the arrow keys would have selected > clicking a row's own Box sets the selection, and only a subagent row is clickable [3.76ms]
(pass) the merged panel draws the graph legend under its DAG > the legend sits directly under the DAG, in the width the graph was laid out for [1.45ms]
(pass) the merged panel draws the graph legend under its DAG > both scenes consume the frozen legend interface with their own width budget [0.32ms]
(pass) AC6 · the scene opens on the requested member's detail > a request is consumed ONCE, and a second take returns nothing (destructive) [0.12ms]
(pass) AC6 · the scene opens on the requested member's detail > the freshness bound is DECLARED and enforced: a stale request never opens a detail [0.08ms]
(pass) AC6 · the scene opens on the requested member's detail > the third parameter seeds the detail on the FIRST render, with no keypress [0.97ms]
(pass) AC6 · the scene opens on the requested member's detail > with no pending request the scene opens on its LIST, exactly as it did before [0.72ms]
(pass) AC6 · the scene opens on the requested member's detail > the DEFAULT reader is the module's own slot, which is how the page's click reaches a scene `scenes.ts` built [0.64ms]
(pass) AC6 · the scene opens on the requested member's detail > a request for a member the channel no longer carries lands on the honest notice, not a throw [0.71ms]

packages/mpd-tui-plugin/test/plan-actions-live-agent.test.ts:
(pass) plan actions speak as a LIVE registry agent (H4) > approve forwards the adapter's OWN live agent object by identity, never a clone [1.23ms]
(pass) plan actions speak as a LIVE registry agent (H4) > a live entry whose SESSION matches is the caller even when the registry keys it by another id [0.34ms]
(pass) plan actions speak as a LIVE registry agent (H4) > NO live agent for the session refuses honestly and never calls the tool [0.24ms]
(pass) plan actions speak as a LIVE registry agent (H4) > an empty live registry and no session id refuses instead of calling with no caller [0.19ms]
(pass) plan actions speak as a LIVE registry agent (H4) > the DISCARD path obeys the same rule (ONE executor serves both mutations) [0.22ms]
(pass) plan actions speak as a LIVE registry agent (H4) > with no session id the ONE live agent is the caller, and TWO are refused as ambiguous [0.27ms]
(pass) plan actions speak as a LIVE registry agent (H4) > the captain's session id is used when the scene published no session id (the scene's precedence) [0.17ms]

packages/mpd-tui-plugin/test/plugin.test.ts:
(pass) plugin contract > exports name / Config (type + schema) / apply and NO default export [0.06ms]
(pass) plugin contract > every config key has a default in the schema [0.19ms]
(pass) plugin contract > the schema rejects a wrong type instead of silently dropping it [0.17ms]
(pass) plugin contract > resolveConfig defaults every key and repairs an invalid interval [0.26ms]
(pass) T4-INERT-1: activation requires the inject form > a ctx WITHOUT inject registers nothing, even when get() would answer [3.34ms]
(pass) T4-INERT-1: activation requires the inject form > with inject supported but no service composed, nothing is registered and nothing throws [0.69ms]
(pass) T4-INERT-1: activation requires the inject form > apply survives a throwing ctx.get and a ctx without effect() [0.63ms]
(pass) full composition (every service injected) > every seam activates through ctx.inject and reports an honest outcome [12.13ms]
(pass) full composition (every service injected) > cleanup runs on the injected scope: status cleared, registrations released [1.95ms]
(pass) full composition (every service injected) > each seam can be disabled by config, and disabling keeps apply inert [0.53ms]
(pass) A4: the twelve team-model slot knobs select from the live catalog > derives provider / model / effort options from a two-provider catalog [3.14ms]
(pass) A4: the twelve team-model slot knobs select from the live catalog > the three NEW slot-4 rows register as selects with non-empty options and the declared labels/zh [2.70ms]
(pass) A4: the twelve team-model slot knobs select from the live catalog > a degraded catalog falls back to the declared option lists [2.63ms]
(pass) A4: the twelve team-model slot knobs select from the live catalog > a mounted adapter WITHOUT the seam (an older build) degrades to the declared lists [3.17ms]
(pass) A4: the twelve team-model slot knobs select from the live catalog > the REAL adapter seam (t2) feeds the same projection end to end [6.88ms]
(pass) A4: the twelve team-model slot knobs select from the live catalog > the section registers EXACTLY once per ns, even when the activation fires twice [1.58ms]
(pass) A4: the twelve team-model slot knobs select from the live catalog > a DEFERRED register through the injected scope keeps a live non-root caller (the cordis binding late registration relies on) [27.35ms]
(pass) A4: the twelve team-model slot knobs select from the live catalog > the projection is TOTAL: no catalog, a degraded catalog or a malformed one never yields an empty list [0.28ms]
(pass) the Ctrl+A takeover wiring (W2) > on a host WITH the panel seam the contact stays INERT (the version gate) [1.64ms]
(pass) the Ctrl+A takeover wiring (W2) > on a host WITHOUT the panel seam the contact arms (the legacy path) [1.50ms]
(pass) the Ctrl+A takeover wiring (W2) > with the row config off, the contact stays inert on BOTH host generations [1.25ms]
(pass) the Ctrl+A takeover wiring (W2) > with the panel surface off, no panel is registered and both entry points keep the scene path [1.76ms]
(pass) the Ctrl+A takeover wiring (W2) > every registered SCENE reports the host kit it received (the contact's arming path) [1.44ms]
(pass) honest outcomes (no disposer-type inference) > a refused shortcut registration is reported refused, never confirmed [0.62ms]
(pass) honest outcomes (no disposer-type inference) > a refused renderer registration is reported requested, never confirmed [0.43ms]
(pass) honest outcomes (no disposer-type inference) > a panel host with no list() read-back is reported requested, never confirmed [0.42ms]
(pass) honest outcomes (no disposer-type inference) > a refused panel registration is reported refused, never confirmed [0.61ms]
(pass) honest outcomes (no disposer-type inference) > a refused panel OPEN falls back to the full-screen scene and prints the reason [1.22ms]
(pass) honest outcomes (no disposer-type inference) > C5: `/mpd dag` reaches the RICH scene — the one that draws the pin — not the bare one [1.31ms]
(pass) honest outcomes (no disposer-type inference) > an accepted panel OPEN prints the panel status line with the discovered id [1.29ms]
(pass) honest outcomes (no disposer-type inference) > a missing decision grant with a no-op disposer is refused, and the disposer is not called as a probe [0.54ms]
(pass) honest outcomes (no disposer-type inference) > a granted decision subscription is confirmed [0.47ms]
(pass) honest outcomes (no disposer-type inference) > without tuiPluginHost the seam is absent and no refusal is claimed [0.57ms]
(pass) honest outcomes (no disposer-type inference) > admin: the four intercept points are the only decision attempts [0.11ms]
(pass) /mpd command grammar (bare = picker, value = direct, status = print) > bare /mpd uses the picker, then applies the chosen action [1.52ms]
(pass) /mpd command grammar (bare = picker, value = direct, status = print) > bare /mpd falls back to the board when no dialog seam is composed [1.11ms]
(pass) /mpd command grammar (bare = picker, value = direct, status = print) > direct actions and the unknown-action error [1.52ms]
(pass) settings section disclosure (t21) > every row names its mpd.jsonc key, and the SURFACE states the disclosure once [0.25ms]
(pass) settings section disclosure (t21) > every slot hint LEADS with the knob's human sentence, then its key [0.85ms]
(pass) settings section disclosure (t21) > R4: the localized pairs are the host's OWN shape — an `en` base, never a redundant `en` twin [0.57ms]
(pass) settings section disclosure (t21) > the registered section's 22 rows mirror the declaration: labels, zh, and human-first hints [7.54ms]
(pass) settings section disclosure (t21) > the marker itself says the save does not rewrite the config file [0.13ms]
(pass) the §D.2 runtime notice (a save with no live session workspace) > the notice constant is the design's exact sentence and matches the exported one [0.37ms]
(pass) the §D.2 runtime notice (a save with no live session workspace) > the status line publishes the notice only while the last write-back was skipped for no-live-session [3.49ms]

packages/mpd-tui-plugin/test/panel.test.ts:
(pass) the panel registration (frozen descriptor, discovered id) > registers ONE panel with the frozen descriptor and the host's own read-back id [0.89ms]
(pass) the panel registration (frozen descriptor, discovered id) > the final id is READ BACK, not composed from the slug [0.28ms]
(pass) the panel registration (frozen descriptor, discovered id) > a host with no panel seam degrades to absent and still reports an honest outcome [0.15ms]
(pass) the panel registration (frozen descriptor, discovered id) > the surface can be switched off entirely by its own config [0.14ms]
(pass) the `/mpd panel` status sentence is bilingual > every panel sentence exists in en AND zh, and carries its placeholders [0.43ms]
(pass) the routed open on a REFUSING host (S7) > a bound seam that refused the descriptor reports `refused`, and the line says refused [0.33ms]
(pass) the routed open on a REFUSING host (S7) > NEGATIVE CONTROL: a genuinely absent seam still reads `unavailable` [0.16ms]
(pass) the merged-view routing (panel vs full-screen scene) > with the seam bound and an id discovered, the PANEL opens and the scene does not [0.18ms]
(pass) the merged-view routing (panel vs full-screen scene) > with NO seam bound, the full-screen scene opens and no panel is asked [0.13ms]
(pass) the merged-view routing (panel vs full-screen scene) > an `opened() === false` refusal FALLS BACK to the scene — never a silent no-op [0.19ms]
(pass) the merged-view routing (panel vs full-screen scene) > a bare host without the seam reports the scene path honestly, and a refusing scene is not a success [0.14ms]
(pass) the panel component (both sections, props kit only) > renders the host's subagent rows FIRST and the MPD dependency DAG below them [3.74ms]
(pass) the panel component (both sections, props kit only) > renders the host's empty state instead of inventing rows, and says when there is no team [0.38ms]
(pass) the panel component (both sections, props kit only) > survives a hostile host: no React, no kit, no snapshot — and never throws [1.10ms]
(pass) the panel component (both sections, props kit only) > uses ONLY the props' own React and ui kit (the single-React rule) [0.87ms]
(pass) the legacy Ctrl+A arming rule (frozen R4/R5) > the SEAM WINS: a bound panel seam forbids interception whatever the config layers say [0.07ms]
(pass) the legacy Ctrl+A arming rule (frozen R4/R5) > without the seam the SAVED knob outranks the row config's floor [0.02ms]
(pass) the legacy Ctrl+A arming rule (frozen R4/R5) > without the seam and without a saved value the row config decides [0.02ms]
(pass) the DAG row's non-colour emphasis (AC5) > every tone keeps its own theme colour, while focus/chain are BOLD and dim carries dimColor [0.33ms]
(pass) the two draggable rails (AC7) > a VERTICAL drag commits an ABSOLUTE row offset through the same band a click maps through [0.44ms]
(pass) the two draggable rails (AC7) > a rail WITH a page callback hands the drag the SAME row it hands a click [0.18ms]
(pass) the two draggable rails (AC7) > a HORIZONTAL drag scrubs the column offset to the expected absolute column [0.44ms]
(pass) the two draggable rails (AC7) > a drawing that fits reserves NO rail, and a rail whose Box ignores drag props still draws [0.25ms]

packages/mpd-tui-plugin/test/dashboard-key.test.ts:
(pass) the Ctrl+A decision > a team with tasks: the event is consumed and the merged panel is asked to open [0.48ms]
(pass) the Ctrl+A decision > every pass-through case leaves the event untouched and opens nothing [0.28ms]
(pass) the Ctrl+A decision > an event without the host's stop method is NOT consumed and opens nothing [0.04ms]
(pass) the zero-row status view > a live host context value attaches a PREPENDED listener, removed on unmount [1.02ms]
(pass) the zero-row status view > the context DEFAULT (no internal_querier) attaches nothing and reports ONE line [0.11ms]
(pass) the zero-row status view > a contact that arrives AFTER the mount arms the view on the next render [0.61ms]
(pass) the zero-row status view > an adapter without the host contact attaches nothing and never throws [0.15ms]
(pass) the zero-row status view > the view renders an empty Box: zero visible rows while staying mounted [0.08ms]
(pass) the zero-row status view > a throwing handler does not escape the host's dispatch, and logs one line [0.21ms]
(pass) registration > the hook asks for a one-row view under its own key and reports the adapter's outcome [0.16ms]
(pass) the team reader > the mpd record wins over the official readout, and an unreadable read is no team [0.56ms]

packages/mpd-tui-plugin/test/model-menu.test.ts:
(pass) R4: the TUI language resolution follows the HOST's own chain > step 1: DSH_TUI_LANG wins over the file and the locale [0.09ms]
(pass) R4: the TUI language resolution follows the HOST's own chain > step 1: an INVALID DSH_TUI_LANG falls through to the file, not to the locale [0.09ms]
(pass) R4: the TUI language resolution follows the HOST's own chain > step 2: the persisted ~/.dsh-tui/lang.json choice is read, and outranks the locale [0.04ms]
(pass) R4: the TUI language resolution follows the HOST's own chain > step 2: an absent, unreadable or malformed preference file falls through [0.25ms]
(pass) R4: the TUI language resolution follows the HOST's own chain > step 3: the locale guess — zh prefix is zh, ANY other stated locale is en, empty falls through [0.08ms]
(pass) R4: the TUI language resolution follows the HOST's own chain > step 4: NO locale stated at all keeps the host's zh default [0.05ms]
(pass) R4: the TUI language resolution follows the HOST's own chain > the dictionary resolves AT USE: the same pair renders in the language the caller resolves [0.13ms]
(pass) R4: the TUI language resolution follows the HOST's own chain > placeholders are filled after the language is chosen [0.08ms]
(pass) R3: the /mpd-model pick-list chain > panel 1 labels each slot with its member group, in the resolved language [0.39ms]
(pass) R3: the /mpd-model pick-list chain > the four panels open in order slot → provider → model → effort, and settle their ids [2.07ms]
(pass) R3: the /mpd-model pick-list chain > panel 3 narrows to the picked provider's models; panel 4 to the picked model's efforts [0.19ms]
(pass) R3: the /mpd-model pick-list chain > panel 3 is NEVER empty: a keyed provider with no models falls back to the union [0.15ms]
(pass) R3: the /mpd-model pick-list chain > an ABSENT catalog opens the panels over the declared fallback and says so [0.50ms]
(pass) R3: the /mpd-model pick-list chain > a DEGRADED catalog is treated as no read, and the outcome names the degradation [0.56ms]
(pass) R3: the /mpd-model pick-list chain > a THROWING catalog read degrades instead of failing the command [0.53ms]
(pass) R3: the /mpd-model pick-list chain > CANCEL at any panel ends the chain and writes NOTHING [0.64ms]
(pass) R3: the /mpd-model pick-list chain > an UNBOUND dialogs seam ends the chain before any panel and writes nothing [0.21ms]
(pass) R3: the /mpd-model pick-list chain > a REFUSED write is reported with the host's own error, and never as success [0.30ms]
(pass) R3: the /mpd-model pick-list chain > an adapter with no settings write seam is reported, not thrown [0.29ms]
(pass) R3: the /mpd-model pick-list chain > an unknown slot id writes nothing and says which value was unknown [0.23ms]
(pass) R3: the /mpd-model pick-list chain > the success sentence carries the SAME disclosure the section carries [0.30ms]
(pass) R3: the /mpd-model pick-list chain > the revision fence comes from the namespace the write targets [0.23ms]
(pass) R3: the /mpd-model pick-list chain > the DEFAULT contract's stored values are readable from either settings shape [0.07ms]
(pass) R3: the /mpd-model pick-list chain > readStoredSlots reads every slot from whichever namespace serves them [0.14ms]
(pass) R3: the /mpd-model pick-list chain > the command is registered with BOTH languages and a fallback description [0.06ms]

packages/mpd-tui-plugin/test/two-plugin-ownership.test.ts:
(pass) exactly ONE successful registration per composition (design §10.1) > mpd-config present: it registers, the TUI skips its fallback and says so [5.64ms]
(pass) exactly ONE successful registration per composition (design §10.1) > mpd-config present but its registration still pending: the fallback still yields (deterministic owner check) [0.78ms]
(pass) exactly ONE successful registration per composition (design §10.1) > mpd-config absent: the TUI's fallback registers the namespace (the composition still works) [0.71ms]
(pass) exactly ONE successful registration per composition (design §10.1) > both plugins in ONE composition: still exactly one registration, whoever runs first [1.04ms]

packages/mpd-tui-plugin/test/graph-rank.test.ts:
(pass) the derived rank (R17) > a flat all-zero served depth does NOT collapse the board to one rank [1.37ms]
(pass) the derived rank (R17) > the SERVED depth is ignored while the graph resolves — the drawing is the same either way [2.22ms]
(pass) the derived rank (R17) > the SERVED depth draws ONLY when the graph resolves nothing at all and the depth varies [0.22ms]
(pass) the unresolved references (R18) > the record's own plan ordinals are REPORTED, not silently dropped [1.21ms]
(pass) the unresolved references (R18) > a reference that DOES resolve draws its edge, and is not listed as unresolved [0.22ms]
(pass) the unresolved references (R18) > an empty board reports nothing, rather than a phantom reference [0.09ms]
(pass) the CJK cell discipline > a wide subject cannot shear the drawing: every line stays inside `cols`, and a box CLOSES [0.86ms]
(pass) the CJK cell discipline > the ASCII control is byte-for-byte the same shape, so the fix is not a special case [0.43ms]
(pass) the invariants the geometry keeps, on a board that exercises every path > halving the width never WIDENS the drawing, and a node sits in its own hit rectangle [1.84ms]
(pass) the invariants the geometry keeps, on a board that exercises every path > an edge leaves the BLOCKER's border and arrives above the BLOCKED task, one arrowhead per task [1.16ms]
(pass) the invariants the geometry keeps, on a board that exercises every path > a cycle terminates, is REPORTED, and still draws every task [0.43ms]
(pass) the rail keeps every task at any depth > a 40-deep chain still NAMES its tasks, at a narrow and a wide rail [3.37ms]

packages/mpd-boulder-plugin/test/boulder.test.ts:
(pass) session ids are dsh-prefixed by default [0.15ms]
(pass) start, timer, complete lifecycle [2.54ms]
(pass) plan progress parses TODOs and verification wave [0.91ms]
(pass) mpd_boulder_status omits planProgress when null (lossless JSON contract) [1.41ms]
(pass) mpd_boulder_plan_progress resolves a relative plan path and REPORTS an unresolvable one [0.84ms]
(pass) mpd_boulder_start writes the ledger at the CONTRACT path <ws>/.mpd/boulder.json [1.56ms]
(pass) the LEGACY `.mpd` knob value still lands on the contract path, and a real path still overrides [0.87ms]

packages/mpd-workmate-plugin/test/sandbox-guard.test.ts:
(pass) T-43 real-home guard — both sides, in the shape production uses > node: sandbox HOME + DSH_HOME -> ALLOWED (the recipe the manual prescribes) [99.97ms]
(pass) T-43 real-home guard — both sides, in the shape production uses > node: HOME unset + DSH_HOME -> REFUSED [96.92ms]
(pass) T-43 real-home guard — both sides, in the shape production uses > node: real HOME + DSH_HOME -> REFUSED 403 real-home-refused [100.34ms]
(pass) T-43 real-home guard — both sides, in the shape production uses > node: sandbox HOME + explicit override -> ALLOWED [113.81ms]
(pass) T-43 real-home guard — both sides, in the shape production uses > bun: sandbox HOME + DSH_HOME -> ALLOWED (the recipe the manual prescribes) [56.26ms]
(pass) T-43 real-home guard — both sides, in the shape production uses > bun: HOME unset + DSH_HOME -> REFUSED [55.22ms]
(pass) T-43 real-home guard — both sides, in the shape production uses > bun: real HOME + DSH_HOME -> REFUSED 403 real-home-refused [46.15ms]
(pass) T-43 real-home guard — both sides, in the shape production uses > bun: sandbox HOME + explicit override -> ALLOWED [44.13ms]
(pass) T-43 real-home guard — both sides, in the shape production uses > CONTROL: a one-sided arm table is reported as HIDING the defect (the t23 failure shape) [0.44ms]
(pass) T-43 real-home guard — both sides, in the shape production uses > FALSIFIABILITY: the same arms FAIL against the pre-fix predicate (homedir() follows $HOME) [90.18ms]
(pass) T-43 real-home guard — both sides, in the shape production uses > the artifact under test is the package's own dist (no src/dist write from this suite) [0.13ms]

packages/mpd-workmate-plugin/test/workmate.test.ts:
(pass) sanitizeName / capText / autoNote / scoreMatch units [1.02ms]
(pass) S6: capText honours the cap MARKER INCLUDED, at the boundary and below it [0.24ms]
(pass) init → list → reflect → match lifecycle with a sandbox HOME [6.25ms]
(pass) an omo roster id is refused as a base even when roles.get(id) resolves it, and the refusal names NAMES only [1.11ms]
(pass) the base key is case/space/hyphen insensitive and the auto name derives from the functional name (C1/C2) [2.39ms]
(pass) spawn carries persona+memory+note, reflect instruction, readonly deny, own route [28.19ms]
(pass) workmate library root is under HOME and not in cwd [0.89ms]
(pass) no workmate tool advertises or returns baseId [1.11ms]

packages/mpd-workmate-plugin/test/rename-delete.test.ts:
(pass) rename moves the evolved identity and preserves every byte of it [8.03ms]
(pass) renamedFrom accumulates, dedupes, survives a later reflect and is capped [6.60ms]
(pass) A5 note rule: only a LEADING autoNote prefix is rewritten, a custom note keeps its bytes [1.69ms]
(pass) invalid names are rejected BEFORE any filesystem call, on both argument positions [1.95ms]
(pass) same-key rename and case-only rename are refused with no side effect (M2) [0.84ms]
(pass) the library ROOT can never be addressed as an instance (§B) [0.86ms]
(pass) collision guard: ANY lstat hit on the target is a 409 collision and nothing is overwritten (M5) [1.20ms]
(pass) a symlinked instance directory is refused, not resolved (§H) [0.94ms]
(pass) unknown and orphan directories are never touched (M3), repeat delete is 404 [2.02ms]
(pass) delete archives by default: hidden immediately, restorable, index key dropped [2.56ms]
(pass) purge requires confirm === name, then removes the instance for good (D1) [2.36ms]
(pass) a READONLY instance is a valid mutation target: library administration, not self-editing (M1) [1.39ms]
(pass) delete never touches another workmate's bytes and leaves no partial instance [1.79ms]
(pass) in-use gate: a name a team member holds blocks BOTH the rename target and the source (§E, A6) [2.65ms]
(pass) busyTeams reads <cwd>/.mpd/team, skips archived teams and non-directory entries, fails open [0.87ms]
(pass) the mpd-OWNED record layout is read too — a teammate spawned today is no longer invisible [0.73ms]
(pass) an ENDED team or a settled member does not freeze a workmate forever [0.57ms]
(pass) A3: a stale meta.name cannot shadow the directory key, and a legacy key cannot resurrect a dir [1.83ms]
(pass) an interrupted rename is rolled back: no half-moved instance, the key stays addressable [1.87ms]
(pass) a throwing spawn releases the in-use counter, so it cannot block a later rename [1.62ms]
(pass) no registered output schema uses a type ARRAY, and every surface reports archived: null on purge [4.92ms]
(pass) routes: §D status/reason matrix, headers, no path leakage [5.35ms]
(pass) a headless profile stays tool-only: no webServer, no route work, tools still function [0.94ms]
(pass) the mutation tools' declared output schemas accept the values they return (t15) [34.51ms]
(pass) the OLD return shape is rejected by the harness validator, so this lock can actually fail (t15) [2.59ms]
(pass) the workmate deny list denies bash and the write-capable MCP tools, and carries no dead name [1.91ms]
(pass) the workmate web routes carry no id/baseId for a base or an instance [2.71ms]

packages/mpd-team-core-plugin/test/dispatch.test.ts:
(pass) one dispatch pass > a ready task goes to an idle member, in board order [0.60ms]
(pass) one dispatch pass > a member already working something is NOT given a second task [0.14ms]
(pass) one dispatch pass > THE SAME TASK IS NEVER DISPATCHED TWICE — the ledger is the reason, not the message [0.13ms]
(pass) one dispatch pass > a running member is not idle: the roster status is the gate [0.10ms]
(pass) one dispatch pass > no idle member is reported per task, not as a silent no-op [0.06ms]
(pass) one dispatch pass > a blocked task waits and says what blocks it; a completed one is skipped [0.10ms]
(pass) one dispatch pass > a HALT refuses the whole pass and names the reason — and touches nothing else [0.05ms]
(pass) one dispatch pass > the limit caps one pass and reports the rest as capped [0.07ms]
(pass) the ledger > assign returns a NEW ledger and never mutates the old one [0.06ms]
(pass) the ledger > release frees a pairing and reports whether there was one [0.09ms]
(pass) the ledger > RECONCILE forgets a task that was deleted or completed out of band — a member must not stay busy forever [0.48ms]
(pass) the message a dispatched member receives > it names the task, carries the acceptance text, and says how to report back [0.11ms]

packages/mpd-team-core-plugin/test/team-web.test.ts:
(pass) the payload is computed from the RECORD > it carries the review fields the official board has no column for [4.93ms]
(pass) the payload is computed from the RECORD > the VISUAL state comes from the same function the TUI uses [0.86ms]
(pass) the payload is computed from the RECORD > the board is ordered by RANK, so the browser can lay out a graph without re-sorting [0.84ms]
(pass) the payload is computed from the RECORD > the EXECUTOR is named, so the split's own state is visible in the browser [0.73ms]
(pass) the payload is computed from the RECORD > a session with NO team is a payload with `team: null`, not an error [0.34ms]
(pass) the payload is computed from the RECORD > a session with NO team of its own still gets the WORKSPACE's teams (D2) [1.35ms]
(pass) the payload is computed from the RECORD > a workspace with NO teams is served an EMPTY listing, not a fabricated one [0.13ms]
(pass) the payload is computed from the RECORD > a cycle is REPORTED in the payload rather than drawn as a sound board [0.72ms]
(pass) the route > registers ONE exact path, and answers the caller's own session [4.54ms]
(pass) the route > a THROWING read becomes a 500 payload, never an uncaught throw in a request [0.65ms]
(pass) the route > a composition with NO web server registers nothing and says so quietly [0.37ms]
(pass) the staged-plan route > serves the PLAN and its planId, not the team record [1.81ms]
(pass) the staged-plan route > a session with NO staged plan is a payload with plan null, not an error [0.07ms]
(pass) the task route > serves the frozen contracts and the hold, in the store's own fields [0.91ms]
(pass) the mail route > serves the fold, and distinguishes an EMPTY mailbox from an unread one [1.06ms]
(pass) the route family > registers ALL FOUR paths, and one registration covers the family [0.21ms]
(pass) the shared approval phrase > names the planId, and is SERVED in the payload rather than re-derived by a consumer [0.63ms]
(pass) the shared approval phrase > planForSession and the /plan route answer with the SAME projection [0.90ms]

packages/mpd-team-core-plugin/test/member-close.test.ts:
(pass) AC-D5a — a member session resolves its own team > a teammate is on the ROSTER, not in the index, and the tool path resolves it [9.40ms]
(pass) AC-D5a — a member session resolves its own team > a member completeS a task it OWNS and the board row goes terminal [3.74ms]
(pass) AC-D5a — a member session resolves its own team > a member is STILL refused a task it does not own — and the refusal is quoted [1.72ms]
(pass) AC-D5b — the team's LEAD closes any task of its own team > the recorded lead closes a task it does not own with NO official membership at all [1.78ms]
(pass) AC-D5b — the team's LEAD closes any task of its own team > casCloseTask: the record's leadSessionId is the authority, even with lead:false [0.41ms]
(pass) AC-D5b — the team's LEAD closes any task of its own team > casCloseTask: the lead comparison is nameMatches, so a spelling difference still resolves [0.38ms]
(pass) AC-D5b — the team's LEAD closes any task of its own team > casCloseTask: a member that owns and leads neither is refused with the SAME sentence [0.36ms]
(pass) AC-D5 — the bounds this fix must NOT widen > a session on NO roster keeps the honest refusal it got before [2.10ms]
(pass) AC-D5 — the bounds this fix must NOT widen > a session on the roster of TWO teams resolves NEITHER, and the refusal names them [2.07ms]

packages/mpd-team-core-plugin/test/blocker-report.test.ts:
(pass) the split, at the point a reference is accepted > an id and a subject resolve; a bare position does not — and the position is REPORTED [3.37ms]
(pass) the split, at the point a reference is accepted > an empty list splits into nothing on either side — not into one empty report [0.32ms]
(pass) the split, at the point a reference is accepted > a repeated dangling reference is reported ONCE, so a typo does not read as two problems [0.29ms]
(pass) the record carries the report beside the references > a dangling reference is stored verbatim AND named in unresolvedBlockers [0.38ms]
(pass) the record carries the report beside the references > a resolved reference leaves NO unresolvedBlockers key at all (absent, not empty) [0.40ms]
(pass) the record carries the report beside the references > re-editing the blockers keeps the report in step: it clears when they resolve, and returns [0.43ms]
(pass) the record carries the report beside the references > the rank the graph draws is UNCHANGED: a dangling reference cannot invent a rank [0.37ms]
(pass) the write-time reading > reads the four forms: a board id, a position, a staged subject, and text that names nothing [0.34ms]
(pass) the write-time reading > a FORWARD position reads as a position, never as a problem — the plan is written in order [0.06ms]

packages/mpd-team-core-plugin/test/close-and-dispatch.test.ts:
(pass) owner-first dispatch > a declared owner is PREFERRED over roster order [0.24ms]
(pass) owner-first dispatch > the order is preserved when NO owner is declared (the positional rule still holds) [0.10ms]
(pass) owner-first dispatch > a BUSY owner falls back positionally AND the fallback is reported, never silent [0.17ms]
(pass) owner-first dispatch > an ABSENT owner falls back and says so [0.07ms]
(pass) owner-first dispatch > the owner spelling collapses like the roster's own key [0.36ms]
(pass) the terminal verbs > the owner closes its row; a NON-owner is refused [0.67ms]
(pass) the terminal verbs > a task with NO owner is refused: nobody has claimed the work [0.31ms]
(pass) the terminal verbs > a STALE revision is refused rather than clobbering a concurrent write [0.33ms]
(pass) the terminal verbs > a terminal row cannot be closed twice [0.25ms]
(pass) the terminal verbs > the attempt counter is MONOTONIC across claims and closures [0.38ms]
(pass) the terminal verbs > COMPLETING a row makes its dependent READY — the DAG can advance again [0.78ms]
(pass) the terminal verbs > FAILING a row RELEASES its dependent (OPT-1) and reports the release [0.50ms]
(pass) the terminal verbs > the LEAD override closes a stranded row, and SAYS it was the lead [0.27ms]

packages/mpd-team-core-plugin/test/mailbox-store.test.ts:
(pass) sending > a message to a live member is recorded and starts UNDELIVERED and UNREAD [3.26ms]
(pass) sending > a member cannot message ITSELF — the official rule, kept [0.10ms]
(pass) sending > a message to somebody who is NOT a member is refused, naming them [0.13ms]
(pass) sending > a member's UNDELIVERED backlog is bounded — a stalled member cannot silently accumulate [0.47ms]
(pass) sending > DELIVERING frees the backlog: the bound is on what is not yet accepted [0.52ms]
(pass) sending > ids are unique and ordered, so a mailbox can be cited [0.34ms]
(pass) the state transitions > delivered and read are SEPARATE facts, and read is the one only this mailbox has [0.63ms]
(pass) the state transitions > a REPEAT moves nothing and is not an error [0.44ms]
(pass) the state transitions > an unknown id is ignored, so a stale citation cannot corrupt the log [0.13ms]
(pass) durability > the log is APPEND-ONLY: a later transition never rewrites an earlier line [0.37ms]
(pass) durability > a HALF-WRITTEN last line costs that line and nothing else [0.36ms]
(pass) durability > a fold is order-independent for the transitions: read-then-delivered still ends both-set [0.29ms]
(pass) durability > malformed records are SKIPPED, never fatal [0.09ms]
(pass) the summary a status view renders > it counts total / unread / undelivered per member, and names what is oldest-unread [0.72ms]
(pass) the summary a status view renders > an empty mailbox summarises to nothing at all [0.09ms]
(pass) the summary a status view renders > inboxOf keeps insertion order [0.28ms]
(pass) the legacy read path > a workspace with no mailbox yet reads as empty rather than throwing [0.10ms]
(pass) the legacy read path > a file of only blank lines folds to empty [0.16ms]

packages/mpd-team-core-plugin/test/team-record.test.ts:
(pass) approval builds an mpd-owned team record > the record carries OUR ids, the review fields, and the resolved dependency edges [4.15ms]
(pass) approval builds an mpd-owned team record > the executor's handles are KEPT BESIDE our ids, never adopted as them [1.95ms]
(pass) approval builds an mpd-owned team record > NO BOARD IS MIRRORED: the mpd record IS the board, so a task keeps our id and only our id [1.57ms]
(pass) approval builds an mpd-owned team record > the member's ROUTE reaches the executor as an ordinary argument [1.68ms]
(pass) approval builds an mpd-owned team record > a spawn that fails STOPS the approval but still leaves the team on record [2.05ms]
(pass) approval builds an mpd-owned team record > an approval with a dry run records NOTHING [1.17ms]
(pass) approval builds an mpd-owned team record > a plan written in its own POSITIONS resolves to real board ids — the measured one-column defect [1.61ms]
(pass) approval builds an mpd-owned team record > create_task ANSWERS with what its references will resolve to, at the moment they are written [1.76ms]
(pass) approval builds an mpd-owned team record > a reference that names NOTHING is reported at approval, on the task AND in the plan [1.32ms]
(pass) the published service is the read surface > mpdTeams answers from the record, and reads nothing from the official plane [2.50ms]
(pass) the published service is the read surface > status reports the RECORD as the team, with the official readout beside it [1.79ms]
(pass) the published service is the read surface > the record survives a lost index: the Lead session still finds its team [1.48ms]
(pass) the watchdog hold stops a dispatch pass > a team the watchdog holds is NOT dispatched, and the refusal names the team [3.24ms]
(pass) the watchdog hold stops a dispatch pass > with the watchdog's hold LIFTED the same pass dispatches [2.89ms]
(pass) the watchdog hold stops a dispatch pass > with NO watchdog service at all the pass dispatches — the read fails OPEN [2.08ms]
(pass) the watchdog hold stops a dispatch pass > a hold that CANNOT be read is REPORTED as not-readable, never as a hold [2.02ms]
(pass) the watchdog hold stops a dispatch pass > the gate asks about the RECORD's team id in THIS workspace — the ARGUMENTS are pinned [2.09ms]
(pass) a claim that lands while a dispatch pass is in flight is never reverted > a concurrent claim on another task SURVIVES the pass's own write [2.24ms]
(pass) a claim that lands while a dispatch pass is in flight is never reverted > the falsifier: with NO concurrent claim the pass still records its own pairing [2.20ms]
(pass) a release that lands while a dispatch pass is in flight is never reverted > a concurrent release on ANOTHER task SURVIVES the pass's own final write [3.10ms]

packages/mpd-team-core-plugin/test/tool-surface.test.ts:
(pass) the consolidated surface > FIVE tools and one command — not fourteen [0.12ms]
(pass) the consolidated surface > every tool is ACTION-based, so a caller picks an action instead of a tool [0.13ms]
(pass) the consolidated surface > the context budget holds: the whole surface stays under 5,000 characters [0.14ms]
(pass) the consolidated surface > EVERY action of the retired hand-written surface is still reachable [0.55ms]
(pass) the consolidated surface > the retired TOOL NAMES are gone — a re-added one would redden here [0.10ms]
(pass) the consolidated surface > no description is a paragraph: each stays under 700 characters [0.04ms]

packages/mpd-team-core-plugin/test/team-store.test.ts:
(pass) the team record > creating a team writes one record and binds it ACTIVE for its Lead session [0.55ms]
(pass) the team record > a record survives a reload byte-for-byte in meaning [0.64ms]
(pass) the team record > ids are minted locally, monotonically, and never reused after a removal [0.47ms]
(pass) the team record > a blocker written as a SUBJECT resolves to the task id, which is how a plan writes it [0.42ms]
(pass) the team record > updating a task bumps its revision and nothing else's [0.45ms]
(pass) the team record > an empty owner string CLEARS the owner instead of storing a blank one [0.37ms]
(pass) the team record > a member is addressable by NAME as well as by id, because a tool caller has the name [0.40ms]
(pass) the derived state > phase follows the record: staged until approved, active only while something is in flight [0.47ms]
(pass) the derived state > `blocked` is DERIVED, and OPT-1 releases a task whose blocker FAILED — counted apart [0.60ms]
(pass) the derived state > the graph maths: rank is the longest blocker path, and a cycle is REPORTED not hung on [0.58ms]
(pass) the derived state > the summary separates ready from blocked, and counts only REAL edges [0.54ms]
(pass) the derived state > dispatch reads the record: only unblocked pending tasks and unowned running members [0.56ms]
(pass) the derived state > member progress names the current task and counts what is done [0.41ms]
(pass) the index and the files > an unknown index version reads as EMPTY rather than throwing [0.26ms]
(pass) the index and the files > a record whose version is unknown is not a record [0.45ms]
(pass) the index and the files > an id can never escape .mpd/team, however it was written [0.17ms]
(pass) the index and the files > listing is newest first, and a team can be dropped [0.61ms]
(pass) the index and the files > unbinding one session leaves every other binding alone [0.39ms]
(pass) the index and the files > a sessionless surface is keyed `workspace`, never the empty string [0.26ms]
(pass) the compare-and-set claim (T2) > the patch lands on the FRESH record, so a concurrent write to ANOTHER task survives [0.61ms]
(pass) the compare-and-set claim (T2) > a task that MOVED is refused by name, and the reason carries both revisions [0.49ms]
(pass) the compare-and-set claim (T2) > a task that is GONE, or no longer pending, is refused with its own sentence [0.35ms]

packages/mpd-team-core-plugin/test/team-fixture-board.test.ts:
(pass) docker/ui/team-fixture — the boards the UI proof is graded on > the normal board is a connected chain with a fan-in and a failed prerequisite [3.84ms]
(pass) docker/ui/team-fixture — the boards the UI proof is graded on > the normal board carries a member with no task at all, so 0/0 is rendered rather than assumed [0.32ms]
(pass) docker/ui/team-fixture — the boards the UI proof is graded on > the malformed board REALLY carries a blocker that names no task on the board [0.60ms]
(pass) docker/ui/team-fixture — the boards the UI proof is graded on > the malformed board REALLY carries a cycle, and its depths make one edge run backwards [0.57ms]
(pass) docker/ui/team-fixture — the boards the UI proof is graded on > both boards are bound to the session and the workspace the sidebar reads [0.34ms]

packages/mpd-team-core-plugin/test/plan-store.test.ts:
(pass) the staged plan > a fresh stage writes a plan under .mpd/team/staging and nothing else [0.47ms]
(pass) the staged plan > members and tasks append, and a duplicate member name refuses [0.45ms]
(pass) the staged plan > a plan survives a reload: what is on disk is what a later call reads [0.37ms]
(pass) the staged plan > staging again REPLACES an unapproved plan and archives it — the old plan is still readable [0.56ms]
(pass) the staged plan > an APPROVED plan is not replaced by a plain stage — approval is the boundary [0.48ms]
(pass) the staged plan > sessions do not share a staging slot [0.28ms]
(pass) the staged plan > a corrupt staging file reads as absent instead of throwing [0.19ms]
(pass) task contracts and attempts > the first claim is attempt 1 and freezes what the task said [0.26ms]
(pass) task contracts and attempts > the attempt counter is monotonic ACROSS claims, and a board revision cannot stand in for it [0.34ms]
(pass) task contracts and attempts > contracts list newest claim first, and an unclaimed task has none [0.42ms]
(pass) task contracts and attempts > a corrupt contract reads as absent, never as a half-written claim [0.24ms]
(pass) the halt > a halt records who and why, and resuming reports whether one was there [0.40ms]
(pass) plan identity > a plan id is stable, sortable and derived from the clock [0.10ms]
(pass) a traversal-shaped id cannot escape .mpd/team > readPlan REFUSES the id instead of returning a plan planted outside .mpd/team [0.19ms]
(pass) a traversal-shaped id cannot escape .mpd/team > writePlan REFUSES the id and creates no file outside .mpd/team [0.16ms]
(pass) a traversal-shaped id cannot escape .mpd/team > readContract and claimContract refuse a traversal-shaped taskId [0.23ms]
(pass) a traversal-shaped id cannot escape .mpd/team > a FILE-CONTROLLED planId cannot send the archive write outside .mpd/team [0.40ms]
(pass) a traversal-shaped id cannot escape .mpd/team > the falsifier: an ORDINARY session id still stages, reads and archives [0.32ms]

packages/mpd-team-core-plugin/test/tool-output-schema.test.ts:
(pass) an EMPTY plan cannot be approved (D4a) > approve REFUSES a plan with 0 members and 0 tasks, and mints NO team record [3.58ms]
(pass) an EMPTY plan cannot be approved (D4a) > a plan with EITHER a member or a task still approves — the guard refuses nothing else [2.46ms]
(pass) every action's value satisfies its declared output contract > status answers null plan/hold, the record and a LOSSLESS summary — and the harness accepts it [1.97ms]
(pass) every action's value satisfies its declared output contract > EVERY plan action answers a value its own schema accepts [4.08ms]
(pass) create_task carries owner and blocked_by from BOTH spellings > owner nested under `task` and the member IDLE: the owner reaches the plan AND the board [1.50ms]
(pass) create_task carries owner and blocked_by from BOTH spellings > owner given while the member is already BUSY: the owner still lands, and is not reassigned [2.60ms]
(pass) create_task carries owner and blocked_by from BOTH spellings > no owner given: the task is created WITHOUT an owner key (never a null owner) [1.30ms]
(pass) create_task carries owner and blocked_by from BOTH spellings > the MEASURED spelling — owner and blocked_by BESIDE `task` — reaches the plan and the board [2.15ms]

packages/mpd-dsh-adapter-plugin/test/no-terminal-writes.test.ts:
# no-terminal-writes

band: 32 package root(s), 142 TypeScript file(s) read; 20 non-TypeScript file(s) NOT COVERED

DECLARED EXEMPT — 10 file(s), out of band by declaration, never silently:
  - packages/mpd-mcp-shared/log-sink.ts (0 hit(s)) — THE sink: this is the one file allowed to touch process.stderr.write and console — it is what converts them into a log file [requires "process.stderr.write"]
  - packages/mpd-mcp-astgrep/src/launch.ts (0 hit(s)) — silenced MCP launcher: installTerminalSilence runs before the adopted server's dynamic import, so its diagnostics are captured [requires "installTerminalSilence(\"mpd-mcp-astgrep\")"]
  - packages/mpd-mcp-codegraph/src/launch.ts (7 hit(s)) — silenced MCP launcher (also carries the MCP protocol's own stdout writer for the unavailable-server fallback, which legitimately owns fd 1) [requires "installTerminalSilence(\"mpd-mcp-codegraph\")"]
  - packages/mpd-mcp-gitbash/src/launch.ts (0 hit(s)) — silenced MCP launcher: installTerminalSilence runs before the adopted server's dynamic import, so its diagnostics are captured [requires "installTerminalSilence(\"mpd-mcp-gitbash\")"]
  - packages/mpd-mcp-lsp/src/launch.ts (0 hit(s)) — silenced MCP launcher: installTerminalSilence runs before the adopted server's dynamic import, so its diagnostics are captured [requires "installTerminalSilence(\"mpd-mcp-lsp\")"]
  - packages/mpd-bundle-plugin/src/web-client.ts (16 hit(s)) — browser client factory bundled by scripts/build-mpd-client.ts into the WEB client, where `console` is the browser console (no terminal, no TUI)
  - packages/mpd-bundle-plugin/src/settings-card.ts (10 hit(s)) — browser client factory bundled by scripts/build-mpd-client.ts into the WEB client, where `console` is the browser console (no terminal, no TUI)
  - packages/mpd-bundle-plugin/src/team-page.ts (2 hit(s)) — browser client factory bundled by scripts/build-mpd-client.ts into the WEB client, where `console` is the browser console (no terminal, no TUI)
  - packages/mpd-bundle-plugin/src/team-view.ts (0 hit(s)) — browser client factory bundled by scripts/build-mpd-client.ts into the WEB client, where `console` is the browser console (no terminal, no TUI)
  - packages/mpd-qa-roles-probe/src/index.ts (20 hit(s)) — QA-ONLY probe row (never mounted in a shipped session): its stdout IS its machine-readable contract, and the QA lanes read those lines back [requires "console.log"]

SWEEP INVENTORY — 0 file(s) with frozen debt (may only shrink; phase 2 removes them):
  (empty: no MPD runtime path carries terminal writes any more)

VERDICT: PASS — every terminal write in the band is exempt, inventoried, or absent.
# no-terminal-writes

band: 32 package root(s), 142 TypeScript file(s) read; 20 non-TypeScript file(s) NOT COVERED

DECLARED EXEMPT — 10 file(s), out of band by declaration, never silently:
  - packages/mpd-mcp-shared/log-sink.ts (0 hit(s)) — THE sink: this is the one file allowed to touch process.stderr.write and console — it is what converts them into a log file [requires "process.stderr.write"]
  - packages/mpd-mcp-astgrep/src/launch.ts (0 hit(s)) — silenced MCP launcher: installTerminalSilence runs before the adopted server's dynamic import, so its diagnostics are captured [requires "installTerminalSilence(\"mpd-mcp-astgrep\")"]
  - packages/mpd-mcp-codegraph/src/launch.ts (7 hit(s)) — silenced MCP launcher (also carries the MCP protocol's own stdout writer for the unavailable-server fallback, which legitimately owns fd 1) [requires "installTerminalSilence(\"mpd-mcp-codegraph\")"]
  - packages/mpd-mcp-gitbash/src/launch.ts (0 hit(s)) — silenced MCP launcher: installTerminalSilence runs before the adopted server's dynamic import, so its diagnostics are captured [requires "installTerminalSilence(\"mpd-mcp-gitbash\")"]
  - packages/mpd-mcp-lsp/src/launch.ts (0 hit(s)) — silenced MCP launcher: installTerminalSilence runs before the adopted server's dynamic import, so its diagnostics are captured [requires "installTerminalSilence(\"mpd-mcp-lsp\")"]
  - packages/mpd-bundle-plugin/src/web-client.ts (16 hit(s)) — browser client factory bundled by scripts/build-mpd-client.ts into the WEB client, where `console` is the browser console (no terminal, no TUI)
  - packages/mpd-bundle-plugin/src/settings-card.ts (10 hit(s)) — browser client factory bundled by scripts/build-mpd-client.ts into the WEB client, where `console` is the browser console (no terminal, no TUI)
  - packages/mpd-bundle-plugin/src/team-page.ts (2 hit(s)) — browser client factory bundled by scripts/build-mpd-client.ts into the WEB client, where `console` is the browser console (no terminal, no TUI)
  - packages/mpd-bundle-plugin/src/team-view.ts (0 hit(s)) — browser client factory bundled by scripts/build-mpd-client.ts into the WEB client, where `console` is the browser console (no terminal, no TUI)
  - packages/mpd-qa-roles-probe/src/index.ts (20 hit(s)) — QA-ONLY probe row (never mounted in a shipped session): its stdout IS its machine-readable contract, and the QA lanes read those lines back [requires "console.log"]

SWEEP INVENTORY — 0 file(s) with frozen debt (may only shrink; phase 2 removes them):
  (empty: no MPD runtime path carries terminal writes any more)

VERDICT: PASS — every terminal write in the band is exempt, inventoried, or absent.
(pass) no new terminal writes in an MPD runtime path (R5) [144.24ms]
# no-terminal-writes --self-test

[ok] comment-stripped scan finds exactly the four real writes, at their ORIGINAL lines
[ok] the ORIGINAL line text is reported, not the stripped one
[ok] a non-`.ts` file is counted as NOT COVERED and never fails the run
[ok] the package-ROOT launcher band is walked too
[ok] a test file is out of band even though it calls console.log
[ok] the declared exempt file WITH its anchor is classified exempt, not unfrozen
[ok] the declared exempt file WITHOUT its anchor is STALE and its hits are NOT exempt
[ok] with an EMPTY inventory a previously-frozen path is UNFROZEN again, and nothing is stale
[ok] the ceiling rule still bites on a SEEDED table (the negative control for the shrink-only rule)
[ok] the seeded fixture is RED (the gate would fail on it)

VERDICT: PASS (10/10 checks)
(pass) the gate reddens on a seeded violation (negative control) [2.43ms]

packages/mpd-dsh-adapter-plugin/test/settings-bridge-scope.test.ts:
(pass) the settings bridge resolves the SCOPED service > a settings service that exists only below the root is still reachable [3.14ms]
(pass) the settings bridge resolves the SCOPED service > NO scoped service, no root service -> the honest failure sentence is unchanged [0.13ms]
(pass) the settings bridge resolves the SCOPED service > a PRESENT service without register() says so instead of claiming it is unavailable [0.12ms]
(pass) the settings bridge resolves the SCOPED service > a ROOT service still works when no inject ever fires (the non-deferred path) [0.10ms]

packages/mpd-dsh-adapter-plugin/test/no-direct-team-access.test.ts:
NO-DIRECT-TEAM-ACCESS — D6 static gate (docs/plan-0.1.7-adaptation.md §4)
band: packages/mpd-*/src/**/*.ts, minus packages/mpd-dsh-adapter-plugin (the ONE sanctioned route)
scanned: 28 package(s), 136 .ts file(s)
RESULT: PASS (0 findings)
NO-DIRECT-TEAM-ACCESS — D6 static gate (docs/plan-0.1.7-adaptation.md §4)
band: packages/mpd-*/src/**/*.ts, minus packages/mpd-dsh-adapter-plugin (the ONE sanctioned route)
scanned: 28 package(s), 136 .ts file(s)
RESULT: PASS (0 findings)
(pass) no direct Agent Teams access outside the adapter (D6) [1229.67ms]
SELF-TEST — no-direct-team-access (negative control over a seeded fixture tree)
  ok   seeded violation at packages/mpd-fixture/src/index.ts:3
  ok   seeded violation in a NESTED file (recursion)
  ok   a RAW ctx.on("agent/pre-step") subscription is a finding
  ok   a cordis FRAMEWORK event (internal/service) is NOT a finding
  ok   the STRING spelling ctx.get("agentTeams") reddens too
  ok   a COMMENT mentioning both identifiers is NOT a finding
  ok   the adapter package is excluded
  ok   a non-mpd package is outside the band
  ok   exactly the five seeded findings are reported, one per violation
  ok   a finding turns into a NONZERO exit code, a clean scan into zero
  ok   an out-of-band .js hit is REPORTED as NOT COVERED, never as a failure
  ok   the fixture walker actually read the seeded band
SELF-TEST: PASS (12/12 checks)
(pass) the gate reddens on a seeded violation (negative control) [4.47ms]

packages/mpd-dsh-adapter-plugin/test/adapter-agent-plane.test.ts:
(pass) agentPromptSection: ONE agent's own prompt registry > forwards the section VERBATIM, receiver-bound, and passes the disposer back [0.39ms]
(pass) agentPromptSection: ONE agent's own prompt registry > a non-callable registry answer degrades to a no-op disposer [0.12ms]
(pass) agentPromptSection: ONE agent's own prompt registry > THROWS an actionable error when the agent scope exposes no section seam [0.29ms]
(pass) agentPromptSection: ONE agent's own prompt registry > the capability flag is a LIVE probe of the agent scope [0.53ms]
(pass) onAgentPreStep: the adapter owns next() > registers on the agent/pre-step waterfall and returns the downstream decision VERBATIM [0.31ms]
(pass) onAgentPreStep: the adapter owns next() > a listener's decision REPLACES the downstream one (that is how a notice is injected) [0.21ms]
(pass) onAgentPreStep: the adapter owns next() > a THROWING listener is contained: the downstream decision stands [0.21ms]
(pass) onAgentPreStep: the adapter owns next() > a listener that returns a rejected decision is forwarded (the gate may not veto) [0.14ms]
(pass) onAgentPreStep: the adapter owns next() > a missing `next` and a missing event bus both degrade instead of throwing [0.30ms]
(pass) registerAgentPreStep: the registration site that DELIVERY reaches > registers on the AGENT scope, never on the row's event bus [0.28ms]
(pass) registerAgentPreStep: the registration site that DELIVERY reaches > owns next() exactly like the host-plane sibling: amend, pass through, contain a throw [0.29ms]
(pass) registerAgentPreStep: the registration site that DELIVERY reaches > THROWS when the agent scope exposes no on(), and the capability flag is a live probe [0.28ms]

packages/mpd-dsh-adapter-plugin/test/adapter-team-surface.test.ts:
(pass) team surface: the frozen names, arity and capability flags > every method exists under its frozen name with its declared arity [0.39ms]
(pass) team surface: the frozen names, arity and capability flags > the four new capability flags are truthful on a full harness and false on an absent one [0.26ms]
(pass) team surface: the frozen names, arity and capability flags > team needs identity AND roster; a half-present service reads false [0.29ms]
(pass) team surface: the frozen names, arity and capability flags > teamTasks needs ALL FOUR task seams, teamMessages BOTH message seams [0.34ms]
(pass) team surface: the frozen names, arity and capability flags > subagentsProviderRegister tracks registerProvider alone (the READ half keeps its own flag) [0.25ms]
(pass) teamService / teamMembership: the contained identity reads > teamService hands back the SAME service object, receiver untouched [0.10ms]
(pass) teamService / teamMembership: the contained identity reads > teamMembership forwards the Agent by identity and projects the three declared keys [0.24ms]
(pass) teamService / teamMembership: the contained identity reads > a non-member answers undefined, and an unknown role is a MISS rather than a fabricated one [0.11ms]
(pass) teamService / teamMembership: the contained identity reads > teamMembership NEVER throws — a hostile service is a miss, not a failure [0.26ms]
(pass) the roster and board reads: caller forwarded, rows projected > teamListMembers forwards the Agent by identity and normalizes every row [0.25ms]
(pass) the roster and board reads: caller forwarded, rows projected > a malformed row cannot leak an undeclared value [0.14ms]
(pass) the roster and board reads: caller forwarded, rows projected > teamListTasks forwards the Agent by identity and projects the task row [0.18ms]
(pass) the roster and board reads: caller forwarded, rows projected > an unknown task status degrades to the safe non-terminal value; a non-array answer is [] [0.18ms]
(pass) the mutation calls: caller AND request forwarded by identity > teamCreateTask forwards both objects unchanged and projects the created row [0.39ms]
(pass) the mutation calls: caller AND request forwarded by identity > teamGetTask forwards caller and id verbatim, and its reply is projected [0.15ms]
(pass) the mutation calls: caller AND request forwarded by identity > teamGetTask propagates the host's OWN rejection (it never invents a view) [0.14ms]
(pass) the mutation calls: caller AND request forwarded by identity > teamUpdateTask forwards the request by identity and returns the committed revision [0.30ms]
(pass) the mutation calls: caller AND request forwarded by identity > teamSendMessage forwards the request by identity and normalizes the durable answer [0.34ms]
(pass) the mutation calls: caller AND request forwarded by identity > a rejected message promise stays a rejection for the caller [0.15ms]
(pass) the mutation calls: caller AND request forwarded by identity > teamSpawnTeammate forwards the request by identity and projects the member row [0.38ms]
(pass) the mutation calls: caller AND request forwarded by identity > teamInterrupt forwards the caller and the target name, answering the sampled status [0.14ms]
(pass) the mutation calls: caller AND request forwarded by identity > teamWaitForChange forwards caller, timeout AND signal verbatim [0.32ms]
(pass) registerSubagentProvider: the disposal-returning registration seam > forwards the provider VERBATIM and passes the registry's disposer back [0.14ms]
(pass) registerSubagentProvider: the disposal-returning registration seam > a non-callable registry answer degrades to a no-op disposer, never a leak [0.10ms]
(pass) teamLiveTeams: the contained fold over the live registry > reports one entry per live LEAD agent, with its roster and board [0.24ms]
(pass) teamLiveTeams: the contained fold over the live registry > non-Lead agents are skipped and a membership read that throws is contained [0.30ms]
(pass) teamLiveTeams: the contained fold over the live registry > a failing roster read yields [] for THAT entry instead of taking the fold down [0.18ms]
(pass) teamLiveTeams: the contained fold over the live registry > [] when the service OR the agent registry is absent [0.07ms]
(pass) the degrade table: an absent team service NEVER crashes and always says why > nothing on this surface throws at construct or probe time [0.53ms]
(pass) the degrade table: an absent team service NEVER crashes and always says why > each method degrades exactly as declared, naming what could not happen [1.28ms]
(pass) the degrade table: an absent team service NEVER crashes and always says why > a service that is present but lacks ONE method names that method, not the service [0.54ms]

packages/mpd-dsh-adapter-plugin/test/cross-package-coupling-inventory.test.ts:
CROSS-PACKAGE COUPLING INVENTORY — independence gate (docs/independence.md, acceptance A1.3)
band: packages/mpd-*/src/**/*.ts
scanned: 29 package(s), 138 .ts file(s)
frozen inventory: 30 entr(y|ies); couplings in the band: 30, sanctioned adapter imports: 63
SANCTIONED (an adapter IS the contact surface — exempt from the inventory, allowed to grow) — 63:
  packages/mpd-better-sidebar-host/src/index.ts -> mpd-dsh-adapter-plugin
  packages/mpd-bootstrap-plugin/src/index.ts -> mpd-dsh-adapter-plugin
  packages/mpd-bootstrap-plugin/src/index.ts -> mpd-dsh-adapter-plugin
  packages/mpd-boulder-plugin/src/index.ts -> mpd-dsh-adapter-plugin
  packages/mpd-bundle-plugin/src/index.ts -> mpd-dsh-adapter-plugin
  packages/mpd-bundle-plugin/src/watchdog-web.ts -> mpd-dsh-adapter-plugin
  packages/mpd-codegraph-plugin/src/index.ts -> mpd-dsh-adapter-plugin
  packages/mpd-comment-checker-plugin/src/index.ts -> mpd-dsh-adapter-plugin
  packages/mpd-config-plugin/src/index.ts -> mpd-dsh-adapter-plugin
  packages/mpd-ext-plugin/src/flows.ts -> mpd-dsh-adapter-plugin
  packages/mpd-ext-plugin/src/index.ts -> mpd-dsh-adapter-plugin
  packages/mpd-ext-plugin/src/index.ts -> mpd-dsh-adapter-plugin
  packages/mpd-ext-plugin/src/manifest.ts -> mpd-dsh-adapter-plugin
  packages/mpd-ext-plugin/src/mcp.ts -> mpd-dsh-adapter-plugin
  packages/mpd-ext-plugin/src/mcp.ts -> mpd-dsh-adapter-plugin
  packages/mpd-ext-plugin/src/registry.ts -> mpd-dsh-adapter-plugin
  packages/mpd-ext-plugin/src/skills.ts -> mpd-dsh-adapter-plugin
  packages/mpd-goal-plugin/src/index.ts -> mpd-dsh-adapter-plugin
  packages/mpd-hashline-plugin/src/index.ts -> mpd-dsh-adapter-plugin
  packages/mpd-memory-plugin/src/index.ts -> mpd-dsh-adapter-plugin
  packages/mpd-modelchain-plugin/src/index.ts -> mpd-dsh-adapter-plugin
  packages/mpd-qa-roles-probe/src/index.ts -> mpd-dsh-adapter-plugin
  packages/mpd-roles-plugin/src/index.ts -> mpd-dsh-adapter-plugin
  packages/mpd-roles-plugin/src/index.ts -> mpd-dsh-adapter-plugin
  packages/mpd-roles-plugin/src/roster-section.ts -> mpd-dsh-adapter-plugin
  packages/mpd-roles-plugin/src/session-gate.ts -> mpd-dsh-adapter-plugin
  packages/mpd-roles-plugin/src/session-gate.ts -> mpd-dsh-adapter-plugin
  packages/mpd-roles-plugin/src/team-guard.ts -> mpd-dsh-adapter-plugin
  packages/mpd-roles-plugin/src/verify-guard.ts -> mpd-dsh-adapter-plugin
  packages/mpd-roster-provider-plugin/src/index.ts -> mpd-dsh-adapter-plugin
  packages/mpd-team-compact-plugin/src/index.ts -> mpd-dsh-adapter-plugin
  packages/mpd-team-core-plugin/src/index.ts -> mpd-dsh-adapter-plugin
  packages/mpd-team-watchdog-plugin/src/actions.ts -> mpd-dsh-adapter-plugin
  packages/mpd-team-watchdog-plugin/src/engine.ts -> mpd-dsh-adapter-plugin
  packages/mpd-team-watchdog-plugin/src/index.ts -> mpd-dsh-adapter-plugin
  packages/mpd-team-watchdog-plugin/src/store.ts -> mpd-dsh-adapter-plugin
  packages/mpd-team-watchdog-plugin/src/team.ts -> mpd-dsh-adapter-plugin
  packages/mpd-tools-plugin/src/index.ts -> mpd-dsh-adapter-plugin
  packages/mpd-tui-plugin/src/dashboard-key.ts -> mpd-dsh-adapter-plugin
  packages/mpd-tui-plugin/src/dashboard-key.ts -> mpd-tui-adapter-plugin
  packages/mpd-tui-plugin/src/dashboard-key.ts -> mpd-tui-adapter-plugin
  packages/mpd-tui-plugin/src/index.ts -> mpd-dsh-adapter-plugin
  packages/mpd-tui-plugin/src/index.ts -> mpd-tui-adapter-plugin
  packages/mpd-tui-plugin/src/index.ts -> mpd-dsh-adapter-plugin
  packages/mpd-tui-plugin/src/scenes.ts -> mpd-dsh-adapter-plugin
  packages/mpd-tui-plugin/src/settings.ts -> mpd-dsh-adapter-plugin
  packages/mpd-tui-plugin/src/settings.ts -> mpd-dsh-adapter-plugin
  packages/mpd-tui-plugin/src/settings.ts -> mpd-tui-adapter-plugin
  packages/mpd-tui-plugin/src/state.ts -> mpd-dsh-adapter-plugin
  packages/mpd-tui-plugin/src/state.ts -> mpd-dsh-adapter-plugin
  packages/mpd-tui-plugin/src/status.ts -> mpd-dsh-adapter-plugin
  packages/mpd-tui-plugin/src/team-state.ts -> mpd-dsh-adapter-plugin
  packages/mpd-tui-plugin/src/team-state.ts -> mpd-dsh-adapter-plugin
  packages/mpd-tui-plugin/src/types.ts -> mpd-tui-adapter-plugin
  packages/mpd-tui-plugin/src/types.ts -> mpd-tui-adapter-plugin
  packages/mpd-tui-plugin/src/watchdog.ts -> mpd-tui-adapter-plugin
  packages/mpd-ulw-plugin/src/index.ts -> mpd-dsh-adapter-plugin
  packages/mpd-verify-plugin/src/index.ts -> mpd-dsh-adapter-plugin
  packages/mpd-verify-plugin/src/index.ts -> mpd-dsh-adapter-plugin
  packages/mpd-verify-plugin/src/observe.ts -> mpd-dsh-adapter-plugin
  packages/mpd-verify-plugin/src/tools.ts -> mpd-dsh-adapter-plugin
  packages/mpd-verify-plugin/src/tools.ts -> mpd-dsh-adapter-plugin
  packages/mpd-workmate-plugin/src/index.ts -> mpd-dsh-adapter-plugin
MPD-OWNED services a row provides (allowed by design): mpdConfig, mpdExtensions, mpdGoal, mpdRoles, mpdWorkmate
NOT STATICALLY READABLE (declared blind spot, never a failure) — 3 .provide() call(s):
  packages/mpd-dsh-adapter-plugin/src/index.ts:4234: [harness-service-provide] -> SERVICE_NAME — ctx.provide(SERVICE_NAME, adapter)
  packages/mpd-team-core-plugin/src/index.ts:434: [harness-service-provide] -> TEAMS_SERVICE — ;(ctx as { provide: (id: string, value: unknown) => unknown }).provide(TEAMS_SERVICE, {
  packages/mpd-verify-plugin/src/index.ts:104: [harness-service-provide] -> VERIFY_SERVICE — ctx.provide(VERIFY_SERVICE, runtime)
RESULT: PASS (the frozen inventory describes the band exactly)
CROSS-PACKAGE COUPLING INVENTORY — independence gate (docs/independence.md, acceptance A1.3)
band: packages/mpd-*/src/**/*.ts
scanned: 29 package(s), 138 .ts file(s)
frozen inventory: 30 entr(y|ies); couplings in the band: 30, sanctioned adapter imports: 63
SANCTIONED (an adapter IS the contact surface — exempt from the inventory, allowed to grow) — 63:
  packages/mpd-better-sidebar-host/src/index.ts -> mpd-dsh-adapter-plugin
  packages/mpd-bootstrap-plugin/src/index.ts -> mpd-dsh-adapter-plugin
  packages/mpd-bootstrap-plugin/src/index.ts -> mpd-dsh-adapter-plugin
  packages/mpd-boulder-plugin/src/index.ts -> mpd-dsh-adapter-plugin
  packages/mpd-bundle-plugin/src/index.ts -> mpd-dsh-adapter-plugin
  packages/mpd-bundle-plugin/src/watchdog-web.ts -> mpd-dsh-adapter-plugin
  packages/mpd-codegraph-plugin/src/index.ts -> mpd-dsh-adapter-plugin
  packages/mpd-comment-checker-plugin/src/index.ts -> mpd-dsh-adapter-plugin
  packages/mpd-config-plugin/src/index.ts -> mpd-dsh-adapter-plugin
  packages/mpd-ext-plugin/src/flows.ts -> mpd-dsh-adapter-plugin
  packages/mpd-ext-plugin/src/index.ts -> mpd-dsh-adapter-plugin
  packages/mpd-ext-plugin/src/index.ts -> mpd-dsh-adapter-plugin
  packages/mpd-ext-plugin/src/manifest.ts -> mpd-dsh-adapter-plugin
  packages/mpd-ext-plugin/src/mcp.ts -> mpd-dsh-adapter-plugin
  packages/mpd-ext-plugin/src/mcp.ts -> mpd-dsh-adapter-plugin
  packages/mpd-ext-plugin/src/registry.ts -> mpd-dsh-adapter-plugin
  packages/mpd-ext-plugin/src/skills.ts -> mpd-dsh-adapter-plugin
  packages/mpd-goal-plugin/src/index.ts -> mpd-dsh-adapter-plugin
  packages/mpd-hashline-plugin/src/index.ts -> mpd-dsh-adapter-plugin
  packages/mpd-memory-plugin/src/index.ts -> mpd-dsh-adapter-plugin
  packages/mpd-modelchain-plugin/src/index.ts -> mpd-dsh-adapter-plugin
  packages/mpd-qa-roles-probe/src/index.ts -> mpd-dsh-adapter-plugin
  packages/mpd-roles-plugin/src/index.ts -> mpd-dsh-adapter-plugin
  packages/mpd-roles-plugin/src/index.ts -> mpd-dsh-adapter-plugin
  packages/mpd-roles-plugin/src/roster-section.ts -> mpd-dsh-adapter-plugin
  packages/mpd-roles-plugin/src/session-gate.ts -> mpd-dsh-adapter-plugin
  packages/mpd-roles-plugin/src/session-gate.ts -> mpd-dsh-adapter-plugin
  packages/mpd-roles-plugin/src/team-guard.ts -> mpd-dsh-adapter-plugin
  packages/mpd-roles-plugin/src/verify-guard.ts -> mpd-dsh-adapter-plugin
  packages/mpd-roster-provider-plugin/src/index.ts -> mpd-dsh-adapter-plugin
  packages/mpd-team-compact-plugin/src/index.ts -> mpd-dsh-adapter-plugin
  packages/mpd-team-core-plugin/src/index.ts -> mpd-dsh-adapter-plugin
  packages/mpd-team-watchdog-plugin/src/actions.ts -> mpd-dsh-adapter-plugin
  packages/mpd-team-watchdog-plugin/src/engine.ts -> mpd-dsh-adapter-plugin
  packages/mpd-team-watchdog-plugin/src/index.ts -> mpd-dsh-adapter-plugin
  packages/mpd-team-watchdog-plugin/src/store.ts -> mpd-dsh-adapter-plugin
  packages/mpd-team-watchdog-plugin/src/team.ts -> mpd-dsh-adapter-plugin
  packages/mpd-tools-plugin/src/index.ts -> mpd-dsh-adapter-plugin
  packages/mpd-tui-plugin/src/dashboard-key.ts -> mpd-dsh-adapter-plugin
  packages/mpd-tui-plugin/src/dashboard-key.ts -> mpd-tui-adapter-plugin
  packages/mpd-tui-plugin/src/dashboard-key.ts -> mpd-tui-adapter-plugin
  packages/mpd-tui-plugin/src/index.ts -> mpd-dsh-adapter-plugin
  packages/mpd-tui-plugin/src/index.ts -> mpd-tui-adapter-plugin
  packages/mpd-tui-plugin/src/index.ts -> mpd-dsh-adapter-plugin
  packages/mpd-tui-plugin/src/scenes.ts -> mpd-dsh-adapter-plugin
  packages/mpd-tui-plugin/src/settings.ts -> mpd-dsh-adapter-plugin
  packages/mpd-tui-plugin/src/settings.ts -> mpd-dsh-adapter-plugin
  packages/mpd-tui-plugin/src/settings.ts -> mpd-tui-adapter-plugin
  packages/mpd-tui-plugin/src/state.ts -> mpd-dsh-adapter-plugin
  packages/mpd-tui-plugin/src/state.ts -> mpd-dsh-adapter-plugin
  packages/mpd-tui-plugin/src/status.ts -> mpd-dsh-adapter-plugin
  packages/mpd-tui-plugin/src/team-state.ts -> mpd-dsh-adapter-plugin
  packages/mpd-tui-plugin/src/team-state.ts -> mpd-dsh-adapter-plugin
  packages/mpd-tui-plugin/src/types.ts -> mpd-tui-adapter-plugin
  packages/mpd-tui-plugin/src/types.ts -> mpd-tui-adapter-plugin
  packages/mpd-tui-plugin/src/watchdog.ts -> mpd-tui-adapter-plugin
  packages/mpd-ulw-plugin/src/index.ts -> mpd-dsh-adapter-plugin
  packages/mpd-verify-plugin/src/index.ts -> mpd-dsh-adapter-plugin
  packages/mpd-verify-plugin/src/index.ts -> mpd-dsh-adapter-plugin
  packages/mpd-verify-plugin/src/observe.ts -> mpd-dsh-adapter-plugin
  packages/mpd-verify-plugin/src/tools.ts -> mpd-dsh-adapter-plugin
  packages/mpd-verify-plugin/src/tools.ts -> mpd-dsh-adapter-plugin
  packages/mpd-workmate-plugin/src/index.ts -> mpd-dsh-adapter-plugin
MPD-OWNED services a row provides (allowed by design): mpdConfig, mpdExtensions, mpdGoal, mpdRoles, mpdWorkmate
NOT STATICALLY READABLE (declared blind spot, never a failure) — 3 .provide() call(s):
  packages/mpd-dsh-adapter-plugin/src/index.ts:4234: [harness-service-provide] -> SERVICE_NAME — ctx.provide(SERVICE_NAME, adapter)
  packages/mpd-team-core-plugin/src/index.ts:434: [harness-service-provide] -> TEAMS_SERVICE — ;(ctx as { provide: (id: string, value: unknown) => unknown }).provide(TEAMS_SERVICE, {
  packages/mpd-verify-plugin/src/index.ts:104: [harness-service-provide] -> VERIFY_SERVICE — ctx.provide(VERIFY_SERVICE, runtime)
RESULT: PASS (the frozen inventory describes the band exactly)
(pass) the cross-package coupling inventory is exactly the frozen set (independence gate) [152.47ms]
SELF-TEST — cross-package-coupling-inventory (negative control over a seeded fixture tree)
  ok   an INVENTORIED coupling is not reported (no false positive)
  ok   a NEW cross-package import reddens
  ok   a SANCTIONED adapter import is exempt, and is PRINTED as sanctioned
  ok   an INTRA-package import is not a coupling
  ok   a globalThis WRITE reddens in both spellings on one line
  ok   ctx.provide("tools") reddens as a harness-service provide
  ok   ctx.provide("mpdFixture") is allowed and NAMED
  ok   a NON-LITERAL provide is named as unreadable, never failed
  ok   a COMMENT naming every forbidden shape is not a finding
  ok   a non-.ts file under a scanned src/ is REPORTED out of band, never failed
  ok   a STALE inventory entry reddens (the frozen set must track reality)
  ok   exactly the four seeded couplings are frozen, three of them un-inventoried
  ok   the fixture walker actually read the seeded band
  ok   a coupling turns into a NONZERO exit code, a clean scan into zero
SELF-TEST: PASS (14/14 checks)
(pass) the gate reddens on a seeded violation (negative control) [2.09ms]

packages/mpd-dsh-adapter-plugin/test/team-executor.test.ts:
(pass) which backend is chosen > NATIVE is the default, and the reason says so [0.59ms]
(pass) which backend is chosen > OFFICIAL is chosen only when the native seams are absent [0.44ms]
(pass) which backend is chosen > with NEITHER backend every call REFUSES with a sentence, never a TypeError [0.74ms]
(pass) which backend is chosen > the env override picks a backend, and FALLS THROUGH when that one cannot serve [0.29ms]
(pass) the native backend > spawn forwards the PROVIDER and the member's agentOptions — the point of the seam [0.57ms]
(pass) the native backend > spawn DEFAULTS the provider rather than sending an empty name [0.29ms]
(pass) the native backend > a start that reports NO child id is refused, so no phantom member is recorded [0.42ms]
(pass) the native backend > send delivers through sendMessage, which cold-resumes an absent child [0.46ms]
(pass) the native backend > interrupt uses the ANCESTOR authority, which is the form this seam can honestly present [0.36ms]
(pass) the native backend > membership answers for a handle THIS adapter raised, and is a MISS for anyone else [0.51ms]
(pass) the native backend > the provider list comes from the harness, and degrades to [] rather than leaking [0.28ms]
(pass) the official backend > spawn, send and interrupt map onto the official service [1.22ms]
(pass) the official backend > membership is ASKED of the host, so a member raised elsewhere is still identified [0.25ms]
(pass) the official backend > a spawn that reports no id is refused here too [0.25ms]
(pass) the seam is total > the executor never throws on construction, whatever the composition holds [0.30ms]
(pass) the seam is total > the reason is a SENTENCE a boot line can carry, in every case [0.20ms]

packages/mpd-dsh-adapter-plugin/test/adapter.test.ts:
(pass) capabilities > reports every seam of a full harness [0.75ms]
(pass) capabilities > reports absent seams without throwing [0.13ms]
(pass) llm catalog plane > projects providers, models and reasoning from the live registry [0.53ms]
(pass) llm catalog plane > the fake full harness satisfies the seam [0.42ms]
(pass) llm catalog plane > a missing llm service degrades and warns exactly once [1.24ms]
(pass) llm catalog plane > a partial seam degrades, names the missing method, and reports capabilities false [0.60ms]
(pass) llm catalog plane > a rejecting provider is skipped and the rest of the catalog survives [0.68ms]
(pass) llm catalog plane > a model whose resolveModelInfo rejects is skipped, not fatal [0.30ms]
(pass) llm catalog plane > a throwing listProviders degrades instead of rejecting [0.24ms]
(pass) llm catalog plane > a non-array listProviders answer degrades instead of throwing [0.15ms]
(pass) llm catalog plane > the lazy facade proxies the seam to the mounted adapter [0.25ms]
(pass) tool plane > registerTool normalizes schema, render and the (args, exec) call shape [0.47ms]
(pass) tool plane > registerTool keeps a caller-supplied schema and render [0.14ms]
(pass) tool plane > services resolve through ctx.get OR a plain ctx property [0.15ms]
(pass) tool plane > registerTools registers every definition and disposes them together [0.26ms]
(pass) tool plane > registerTool without a tools service fails with an actionable error [0.16ms]
(pass) tool plane > guardTool passes the exec through and installs on the tools service [0.24ms]
(pass) tool plane > onPostToolExecute owns next() and passes the downstream decision through [0.29ms]
(pass) tool plane > onPostToolExecute lets a listener replace the decision [0.21ms]
(pass) tool plane > onPostToolExecute is a no-op when the harness has no event bus [0.05ms]
(pass) tool plane > onPreToolExecute OWNS next(): the observer sees the gate and the gate is passed through [0.25ms]
(pass) tool plane > onPreToolExecute cannot alter or veto a call: deny survives, a returned decision is ignored, a throw is contained [0.40ms]
(pass) tool plane > onPreToolExecute hands the observer a FROZEN COPY: the live execution cannot be changed [0.31ms]
(pass) tool plane > onPreToolExecute is a no-op when the harness has no event bus, and capabilities() reports the seam [0.19ms]
(pass) tool plane > hasTool + toolRuntime expose internal tool calls without raw ctx access [0.38ms]
(pass) tool plane > hasTool/toolRuntime().get resolve a PRESET-plane tool through the agent's OWN view, and keep the plane rule otherwise [0.42ms]
(pass) tool plane > executeTool normalizes success, tool error, thrown error and a missing runtime [0.40ms]
(pass) tool plane > executeTool forwards the optional calling agent VERBATIM as exec.agent, and stays absent when not given [0.27ms]
(pass) agent plane > spawnAgent normalizes prompt, flat route and the result shape [0.37ms]
(pass) agent plane > spawnAgent accepts pre-built prompt blocks and agentOptions [0.20ms]
(pass) agent plane > spawnAgent tolerates a harness that returns no result [0.22ms]
(pass) agent plane > spawnAgent without a subagent service fails with an actionable error [0.17ms]
(pass) skill + preset plane > skill provider registration, catalog read and body load [0.36ms]
(pass) skill + preset plane > skill calls without a skills service fail with actionable errors [0.23ms]
(pass) skill + preset plane > resolvePreset returns a normalized preset record [0.36ms]
(pass) skill + preset plane > resolvePreset still normalizes the OPTIONAL path/trust a host build may send [0.25ms]
(pass) command plane (AGENTS.md §6: the ONE sanctioned registration path) > registerCommand passes the definition through and hands back the host's own disposer [0.39ms]
(pass) command plane (AGENTS.md §6: the ONE sanctioned registration path) > a stub register returning a NON-function still yields a safe no-op disposer [0.14ms]
(pass) command plane (AGENTS.md §6: the ONE sanctioned registration path) > an absent seam is a no-op disposer plus two false capability flags, never a throw [0.20ms]
(pass) command plane (AGENTS.md §6: the ONE sanctioned registration path) > apply() never throws when the composition has no command registry [0.24ms]
(pass) command plane (AGENTS.md §6: the ONE sanctioned registration path) > capabilities() reports a present registry, and distinguishes one without register() [0.20ms]
(pass) message plane (user-role session injection) > userMessage builds the host's message contract, frozen at every level [0.23ms]
(pass) message plane (user-role session injection) > a producer tag wins over the default kind, and every call mints a fresh id [0.07ms]
(pass) message plane (user-role session injection) > the field set matches the vendored host constructor, and only the identity differs [0.39ms]
(pass) message plane (user-role session injection) > the adapter surface exposes it, and the source imports no host package by bare specifier [1.30ms]
(pass) turn plane (the submission surface a command handler needs) > a registered command handler submits through its invocation, and the host's invocation is not mutated [0.39ms]
(pass) turn plane (the submission surface a command handler needs) > submitUserTurn reaches the agent's followup, and every absent or broken surface is a safe no-op [0.17ms]
(pass) turn plane (the submission surface a command handler needs) > capabilities().turnSubmit is truthful for a present and an absent agent surface [0.23ms]
(pass) row entry > apply provides the mpdDsh service [0.10ms]
(pass) row entry > decision helpers use the harness feedback key [0.06ms]
(pass) settings plane (t34 §2.1 / §1.2, captain ruling 1) > the source of the SAME change is delivered, not the previous one's [6.30ms]
(pass) settings plane (t34 §2.1 / §1.2, captain ruling 1) > a raw-section change whose RESOLVED value did not change reports source undefined [1.32ms]
(pass) settings plane (t34 §2.1 / §1.2, captain ruling 1) > another namespace is ignored, and the disposer stops delivery [2.42ms]
(pass) settings plane (t34 §2.1 / §1.2, captain ruling 1) > a throwing listener never escapes into the host's emit [1.25ms]
(pass) settings plane (t34 §2.1 / §1.2, captain ruling 1) > settingsReader describes the namespace and degrades when it is absent [0.38ms]
(pass) settings plane (t34 §2.1 / §1.2, captain ruling 1) > settingsMutate writes through the service with the revision fence [0.66ms]
(pass) workspaceRootsAll(): the design's stated-unverified facts (§A.1, measured here) > duplicates collapse, relative cwds resolve, a cwd-less agent is skipped, no registry is [] [0.44ms]
(pass) onPreToolExecute on the real cordis waterfall (observe-only, proven by a real call) > a REAL tool call returns the same result with and without the hook, and the gate is unchanged [551.55ms]
(pass) onPreToolExecute on the real cordis waterfall (observe-only, proven by a real call) > a downstream DENY still denies: the observer cannot upgrade a blocked call [1.26ms]
(pass) onPreToolExecute on the real cordis waterfall (observe-only, proven by a real call) > NEGATIVE CONTROL: a listener that returns without delegating DOES veto the gate [1.68ms]
(pass) lazy mpdDsh resolution (T-50) > a transient miss is served temporarily, warned honestly, and is NOT cached for the session [0.48ms]
(pass) lazy mpdDsh resolution (T-50) > a strict success is cached; a miss is retried on every use [0.26ms]
(pass) lazy mpdDsh resolution (T-50) > a clean boot never warns and reports the mounted identity [0.12ms]
(pass) lazy mpdDsh resolution (T-50) > a provably absent provider keeps the row-order hint — and only that case does [0.16ms]
(pass) lazy mpdDsh resolution (T-50) > REAL vendored cordis: the sibling-apply window exists and the SAME facade crosses it [1.36ms]
(pass) S2: the compaction-engine memo follows the LIVE agent, not the id > an agent that left the registry no longer answers with its engine [0.28ms]
(pass) S2: the compaction-engine memo follows the LIVE agent, not the id > a recycled id gets the NEW incarnation's engine, never the previous one's [0.18ms]
(pass) S3: the EAGER resolver is as loud about its fallback as the lazy twin > a composition without mpdDsh warns once, naming the identity, and still falls back [0.12ms]
(pass) S3: the EAGER resolver is as loud about its fallback as the lazy twin > a registered-but-not-ACTIVE provider is diagnosed as pending, never as a missing row [0.12ms]
(pass) S3: the EAGER resolver is as loud about its fallback as the lazy twin > a mounted adapter is used as-is, with NO fallback line at all (negative control) [0.07ms]

packages/mpd-dsh-adapter-plugin/test/adapter-goal-surface.test.ts:
(pass) goalState reads the service, distinguishes null from unknown, and never throws [5.04ms]
(pass) goalControl maps each action onto the harness tools with their exact argument names [0.89ms]
(pass) goalControl resolves a missing ref by reading the goal first, and refuses without one [0.45ms]
(pass) a policy refusal from the harness is reported verbatim, never thrown [0.32ms]
(pass) the agent's OWN scoped registry answers first — that is where the goal trio lives [0.50ms]
(pass) capabilities().goalTools is TRUE through a live agent's scope and FALSE without the row [0.49ms]

packages/mpd-dsh-adapter-plugin/test/adapter-agent-teams-surface.test.ts:
(pass) agent-teams surface: the twelve frozen methods > every method exists under its frozen name with its declared arity [0.32ms]
(pass) agent-teams surface: the twelve frozen methods > every new capability flag exists, is truthful, and is false on an absent harness [0.33ms]
(pass) agent-teams surface: the twelve frozen methods > the provider flag needs BOTH catalogue halves, and each flag tracks its own seam [0.25ms]
(pass) agent-teams surface: the twelve frozen methods > the five agent-object flags are LIVE-REGISTRY probes, not constant surfaces [0.71ms]
(pass) agent-teams surface: the twelve frozen methods > each agent-object flag tracks its OWN method, never a sibling [0.31ms]
(pass) registerHostTool: VERBATIM registration (AC2) > the SAME object reference reaches tools.register — no rebuild, no spread, no wrapper [0.31ms]
(pass) registerHostTool: VERBATIM registration (AC2) > a non-callable registry answer degrades to a no-op disposer, never a leak [0.10ms]
(pass) registerHostTool: VERBATIM registration (AC2) > a missing tools service THROWS with the frozen message (parity with the injected ctx.tools) [0.16ms]
(pass) registerHostTool: VERBATIM registration (AC2) > registerTool keeps its OWN normalizing contract for its existing consumers [0.14ms]
(pass) subagent plane forwarders > subagentRuntime returns the service ITSELF (identity), undefined when absent [0.08ms]
(pass) subagent plane forwarders > subagentProvider is receiver-bound and returns the provider untouched [0.13ms]
(pass) subagent plane forwarders > subagentProvider degrades to undefined for a missing service or a half-present one [0.07ms]
(pass) subagent plane forwarders > subagentProviders returns the names in order, drops non-strings, degrades to [] [0.24ms]
(pass) subagent plane forwarders > startContinuableAgent forwards the spec VERBATIM and hands back the service's own promise [0.22ms]
(pass) subagent plane forwarders > startContinuableAgent THROWS synchronously when the service or the method is absent [0.19ms]
(pass) subagent plane forwarders > interruptAgent forwards both arguments verbatim, receiver-bound, and THROWS when absent [0.24ms]
(pass) llm plane forwarders > llmListModels forwards the provider id and returns the service's promise [0.19ms]
(pass) llm plane forwarders > llmResolveCallConfig forwards config AND signal by identity [0.26ms]
(pass) llm plane forwarders > both llm seams THROW synchronously on a missing service or method [0.27ms]
(pass) registerPromptSection > forwards the section VERBATIM and passes the registry's disposer through [0.16ms]
(pass) registerPromptSection > THROWS at the call when the seam is missing (a mandatory usage section) [0.16ms]
(pass) registerPromptSection > a non-callable registry answer degrades to a no-op disposer [0.08ms]
(pass) agentScope: identity-preserving per-agent scope > context IS agent.ctx and every member forwards to that same object [0.28ms]
(pass) agentScope: identity-preserving per-agent scope > a partial context degrades to undefined instead of a scope that throws later [0.14ms]
(pass) agentScope: identity-preserving per-agent scope > a throwing context getter is a miss, never a crash [0.12ms]
(pass) turn engine: THROWING forwarders (D9) > startAgentTurn calls agent.followup with the agent as receiver and the message by identity [0.13ms]
(pass) turn engine: THROWING forwarders (D9) > startAgentTurn preserves the agent's OWN throw — it does NOT route through submitUserTurn [0.11ms]
(pass) turn engine: THROWING forwarders (D9) > startAgentTurn THROWS when the agent exposes no followup [0.10ms]
(pass) turn engine: THROWING forwarders (D9) > cancelAgentTurn forwards cause AND options verbatim, receiver-bound [0.15ms]
(pass) turn engine: THROWING forwarders (D9) > cancelAgentTurn preserves the agent's own error and THROWS when cancel is absent [0.13ms]
(pass) turn engine: THROWING forwarders (D9) > steerAgentTurn forwards the message to agent.steer by identity, receiver-bound [0.12ms]
(pass) turn engine: THROWING forwarders (D9) > steerAgentTurn preserves the agent's own throw and THROWS when steer is absent [0.24ms]
(pass) turn engine: THROWING forwarders (D9) > injectAgentMessage forwards the message to agent.inject by identity, receiver-bound [0.10ms]
(pass) turn engine: THROWING forwarders (D9) > injectAgentMessage preserves the agent's own throw and THROWS when inject is absent [0.11ms]
(pass) turn engine: THROWING forwarders (D9) > injectAgentMessage passes exactly ONE argument — and the adapter itself exposes no cordis ctx.inject [0.08ms]
(pass) apply-time safety: nothing on this surface throws at construct or probe time > an empty, a property-less and a throwing ctx all build an adapter whose new flags read false [0.38ms]
(pass) the frozen degrade table on an absent harness > each method degrades exactly as §3 declares (THROW / undefined / []) [0.30ms]

packages/mpd-modelchain-plugin/test/modelchain.test.ts:
(pass) DEFAULT_CHAINS uses kebab-case keys and only deepseek-official providers [3.23ms]
(pass) resolveRole resolves kebab-case and legacy camelCase keys to the same chain [0.31ms]
(pass) mpd_modelchain_resolve resolves kebab keys and drops the dead skipped field [0.68ms]
(pass) modelchain.sisyphus-junior config key is resolved through the mpdConfig service [0.34ms]

packages/mpd-mcp-codegraph/test/daemon-policy.test.ts:
(pass) parseDaemonSetting: truthy, falsy, unset and invalid stay distinguishable [3.90ms]
(pass) default (no env): serve in-process, and the reason names the measured failure [0.16ms]
(pass) MPD_CODEGRAPH_DAEMON=1 keeps upstream's shared daemon (no opt-out pinned) [0.17ms]
(pass) MPD_CODEGRAPH_DAEMON=0 pins the opt-out explicitly [0.07ms]
(pass) an explicit CODEGRAPH_NO_DAEMON=1 is respected and never overridden [0.07ms]
(pass) an unrecognized value warns and falls back to the safe default [0.12ms]
(pass) the default emits exactly ONE informational line (never stdout) [0.06ms]
(pass) launch.ts applies the policy before importing the vendored serve.js [0.11ms]
(pass) the vendored bridge forwards CODEGRAPH_NO_DAEMON to the child env [0.78ms]

packages/mpd-tools-plugin/test/tools.test.ts:
(pass) write-guard allows first write to a new file [3.62ms]
(pass) write-guard allows idempotent rewrite of identical content [0.18ms]
(pass) write-guard denies silent overwrite of differing content [0.13ms]
(pass) write-guard allows idempotent rewrite of a >1MB file (full-file compare) [4.24ms]
(pass) write-guard resolves a RELATIVE file_path against the session workspace, not process.cwd() [0.36ms]
(pass) truncation output (incl. banner) never exceeds truncateMaxBytes [0.90ms]
(pass) truncation near the banner-length boundary never inflates the output [0.51ms]
(pass) truncation with a budget smaller than the banner adds no head/tail slices [0.17ms]
(pass) truncation keeps head and tail slices plus the banner [0.28ms]
(pass) truncation passes through outputs within the budget unchanged [0.22ms]

packages/mpd-hashline-plugin/test/hashline.test.ts:
(pass) hashline view shows LINE#HASH|content [3.62ms]
(pass) anchored replace on plain content [1.67ms]
(pass) mismatched anchor throws [0.44ms]
(pass) append and prepend anchored [0.24ms]
(pass) replace range with end anchor [0.37ms]
(pass) unified diff shape [0.33ms]
(pass) unified diff hunk header names line 1 when the hunk starts at the head of the file [0.12ms]

packages/mpd-hashline-plugin/test/tool-schema.test.ts:
(pass) no registered hashline schema uses a type ARRAY (parameters or output) [3.35ms]
(pass) edit.lines is a oneOf union of the string and array-of-string shapes [0.17ms]
(pass) read then edit works with lines as a single string AND as an array of strings [1.83ms]
(pass) read, format and edit report the same source-line count for a terminated file [0.97ms]
(pass) an anchored edit keeps a CRLF file's line endings and a BOM file's BOM [0.88ms]
(pass) the committed src AND dist carry no array-typed schema form, and the dist carries the oneOf fix [0.40ms]
(pass) the guard resolves a RELATIVE file_path against the session workspace, not process.cwd() [1.25ms]

packages/mpd-bootstrap-plugin/test/bootstrap.test.ts:
(pass) bundle skill corpus provider > serves every shipped skill as a bundled-rank candidate [4.76ms]
(pass) bundle skill corpus provider > get() loads the skill body and keeps the resource base [2.41ms]
(pass) bundle skill corpus provider > frontmatter subset: quoted, folded, nested metadata and invocation policy [1.90ms]
(pass) bundle skill corpus provider > registers an fs/observed invalidator scoped to the corpus [0.51ms]
(pass) legacy home-copy migration > removes only stamped bundle copies and leaves user content alone [1.19ms]
(pass) legacy home-copy migration > never touches an unstamped home (legacy installer copies survive) [0.39ms]

packages/mpd-comment-checker-plugin/test/comment-checker.test.ts:
(skip) binary resolves from toolchain
(skip) comment file triggers detection (exit 2)
(skip) clean file passes (exit 0)
(pass) autoCheck: the hook resolves a relative file_path against the session workspace [10.17ms]

3 tests skipped:
(skip) binary resolves from toolchain
(skip) comment file triggers detection (exit 2)
(skip) clean file passes (exit 0)


2 tests failed:
(fail) the descriptor rebind (POSIX) > a GRANDCHILD's inherited stderr lands in the log, and zero bytes reach the parent's file [90.59ms]
(fail) readBoulderGate: signal D's only input, repaired to an ACTIVE work > this WORKSPACE's real ledger reads inactive (the measured D repair) [0.32ms]

 1643 pass
 3 skip
 2 fail
 21902 expect() calls
Ran 1648 tests across 101 files. [27.81s]
EXIT=1
=== bun test packages/mpd-tui-plugin packages/mpd-tui-adapter-plugin ===
bun test v1.3.14 (0d9b296a)

packages/mpd-tui-adapter-plugin/test/adapter-hosts.test.ts:
(pass) host shape 1: reachable by ctx.get only (the mediated plugin host) > the probe binds the plugin host, and ONLY that seam [1.15ms]
(pass) host shape 1: reachable by ctx.get only (the mediated plugin host) > a probe that answers is NOT a binding channel when the ctx cannot inject [0.33ms]
(pass) host shape 2: reachable only inside the deferred inject callback > one inject per seam, never a batch [1.08ms]
(pass) host shape 2: reachable only inside the deferred inject callback > a registration made BEFORE the seam binds is queued and drained at the bind [0.38ms]
(pass) host shape 2: reachable only inside the deferred inject callback > every host handle goes to the injected scope's effect, and the cleanup clears the status key [0.52ms]
(pass) host shape 3: absent (a web or headless composition) > nothing binds, nothing throws, and exactly ONE aggregate warning is printed [0.47ms]
(pass) host shape 3: absent (a web or headless composition) > a composition with ONE seam reports the info line instead, never the warning [0.38ms]
(pass) resolution and diagnostics > resolveTuiAdapter prefers the mounted service and falls back to a row-private adapter [0.41ms]
(pass) resolution and diagnostics > a broken ctx.get never escapes resolveTuiAdapter [0.20ms]
(pass) resolution and diagnostics > createLazyTuiAdapter warns exactly once per row [0.39ms]
(pass) resolution and diagnostics > describeOutcome renders the vocabulary consumers already read [0.05ms]
(pass) resolution and diagnostics > the file sink appends under .mpd/logs and caps its own size [1.41ms]
(pass) host contact resolver > a host install carrying useStdin resolves, and the hook is the module's own [1.29ms]
(pass) host contact resolver > a candidate without lib/types/ui.js is skipped, and no candidate at all reports one reason [0.40ms]
(pass) host contact resolver > a version-skew host (no useStdin export) and a module that throws both degrade to undefined [1.01ms]
(pass) host contact resolver > a pinned root is exclusive, and without a pin every installed profile is probed [0.81ms]
(pass) host contact on the adapter > an injected contact is reported bound and wakes a subscriber immediately [0.34ms]
(pass) host contact on the adapter > an adapter that did not probe reports absent, and a subscriber still answers once [0.11ms]
(pass) host contact on the adapter > a probe against a staged install binds the contact and writes ONE line [1.46ms]
(pass) host contact on the adapter > a probe with no reachable host degrades to absent with ONE line and no throw [0.54ms]
(pass) host contact on the adapter > a subscriber registered while the probe is pending runs at the settle [0.71ms]
(pass) live stdin context classification > a value carrying internal_querier is the LIVE provider's and yields its bus [0.15ms]
(pass) live stdin context classification > the context DEFAULT is refused with ONE reason, never attached to [0.05ms]
(pass) live stdin context classification > a missing marker, a dead shape, a throwing read and a nullish value are all refusals [0.20ms]
(pass) the status identity rule and the remembered host kit > a status registration carries the CALLING ACTIVATION, never the consumer's ctx [0.58ms]
(pass) the status identity rule and the remembered host kit > a remembered kit is preferred over the probed module, and the capability names the source [0.42ms]
(pass) the status identity rule and the remembered host kit > a kit without a callable useStdin is refused, and the previous contact stands [0.12ms]
(pass) the status identity rule and the remembered host kit > a kit arriving AFTER the probe settled wakes a waiting subscriber exactly once [134.02ms]
(pass) rich status view registration > a bound status service registers the view and reports it as requested [0.32ms]
(pass) rich status view registration > a host refusal (undefined) and a host without registerView are both reported refused [0.21ms]
(pass) the panels seam > a registration the host accepts is CONFIRMED with the id read back from its own list() [0.54ms]
(pass) the panels seam > a REFUSED registration is refused, not 'requested' (the host returns undefined and adds no id) [0.21ms]
(pass) the panels seam > a host with no list() read-back is honestly 'requested' — never claimed as registered [0.15ms]
(pass) the panels seam > a seam-less host degrades: absent, no id, and opening reports absent rather than refused [0.17ms]
(pass) the panels seam > a bound seam WITHOUT open() answers false, so the caller can fall back instead of waiting [0.24ms]
(pass) the panels seam > an accepted open is confirmed; a refused one is refused with the rate-limit/no-consumer reason [0.25ms]
(pass) the panel-id record's provenance (a record the remedy can trust) > REFUSES a record that cannot name the installed host package [0.17ms]
(pass) the panel-id record's provenance (a record the remedy can trust) > REFUSES a record whose ids did not come from a host read-back [0.04ms]
(pass) the panel-id record's provenance (a record the remedy can trust) > REFUSES `act0` — the ONE activation the installed host cannot compose, with the measured reason [0.12ms]
(pass) the panel-id record's provenance (a record the remedy can trust) > NEGATIVE CONTROL: a read-back id from a named host is ACCEPTED, and carries all four facts [0.06ms]
(pass) the panel-id record's provenance (a record the remedy can trust) > the INSTALLED host's own version is readable — the provenance is a measurement, not a literal [0.86ms]

packages/mpd-tui-adapter-plugin/test/no-direct-tui-access.test.ts:
NO-DIRECT-TUI-ACCESS — D6 static gate for the DSH-TUI plane (.mpd/plans/mpd-seam-convergence.md A2.2)
band: packages/mpd-*/src/**/*.ts, minus packages/mpd-tui-adapter-plugin (the ONE sanctioned route)
scanned: 28 package(s), 137 .ts file(s)
declared out-of-band: every non-.ts file under a scanned src/ (currently the .gitkeep placeholders) — printed, never failed
RESULT: PASS (0 findings)
NO-DIRECT-TUI-ACCESS — D6 static gate for the DSH-TUI plane (.mpd/plans/mpd-seam-convergence.md A2.2)
band: packages/mpd-*/src/**/*.ts, minus packages/mpd-tui-adapter-plugin (the ONE sanctioned route)
scanned: 28 package(s), 137 .ts file(s)
declared out-of-band: every non-.ts file under a scanned src/ (currently the .gitkeep placeholders) — printed, never failed
RESULT: PASS (0 findings)
(pass) no direct DSH-TUI seam access outside the TUI adapter (A2.2) [1737.85ms]
SELF-TEST — no-direct-tui-access (negative control over a seeded fixture tree)
  ok   the seeded band yields exactly the five seeded violations
  ok   the comment-only mention is not a finding
  ok   the aliased receiver is caught (an alias is not a different seam)
  ok   the string forms are caught (get / inject / serviceOf)
  ok   the adapter package is excluded by identity
  ok   the non-.ts fixture file is reported out of band, never as a finding
  ok   the scan covers the adapter package's siblings
SELF-TEST: PASS (7/7 checks)
(pass) the gate reddens on a seeded violation (negative control) [1.92ms]
(pass) the forbidden list tracks the adapter's seam table [0.38ms]

packages/mpd-tui-plugin/test/graph.test.ts:
(pass) the dependency chain > is TRANSITIVE and UPSTREAM only, and cannot spin on a cycle [0.45ms]
(pass) the dependency chain > a cycle in the BOARD is named even when nothing is focused [4.58ms]
(pass) the boxed layout > draws a MERGE, which is the shape a flat list cannot express [1.99ms]
(pass) the boxed layout > NEVER exceeds the width it is given, at any width that draws at all [23.03ms]
(pass) the boxed layout > a box width below the minimum is REFUSED rather than squeezed [1.50ms]
(pass) the boxed layout > AC1: a box draws EXACTLY `<marker> <id>` — no kind, no subject, no ordinal [1.59ms]
(pass) the boxed layout > an empty board draws nothing rather than a bare frame [0.08ms]
(pass) the arrowheads > an edge ENDS in a ▼ on the dependent's centre, in the cell above its box [0.49ms]
(pass) the arrowheads > a FAN-IN of three blockers still shows exactly ONE ▼ [0.56ms]
(pass) the arrowheads > a rank that no edge reaches draws no arrowhead [0.34ms]
(pass) the arrowheads > every drawn row fits its width, keeps no trailing blank, and collapses same-tone runs [2.62ms]
(pass) the focus > lights the task, its DEPENDENCIES and the edges between them; dims the rest [1.42ms]
(pass) the focus > the edge between two chain members is BRIGHT, and an edge leaving the chain is not [1.14ms]
(pass) the focus > with NO focus nothing is dimmed and nothing is a chain [0.94ms]
(pass) the focus > the focus is marked with ▶ so it is findable without colour [1.55ms]
(pass) the rail fallback > fits any width and never loses a task [0.87ms]
(pass) the rail fallback > names the EXTRA blockers instead of drawing a second connector [0.25ms]
(pass) the rail fallback > the connector points INTO the task, and keeps naming the extra blockers [0.33ms]
(pass) the rail fallback > draws a task reached by no root, so a cycle cannot silently lose a row [0.13ms]
(pass) the list view > groups by rank and names every blocker [0.45ms]
(pass) the legend > names both directional marks, the five states and the focus marker, in two lines [0.27ms]
(pass) the legend > shortens rather than cutting a sentence, naming BOTH marks on every rung [0.48ms]
(pass) AC3 · the natural-width drawing is sized by its label > a widest rank of THREE draws at 36 cells — inside a 40-column sidebar with no panning [0.99ms]
(pass) AC3 · the natural-width drawing is sized by its label > above the floor the LABEL sizes the box, and the cap still bounds it [0.34ms]
(pass) the pointer > resolves to a task by RECTANGLE, and to nothing on blank space [1.08ms]
(pass) the pointer > uses the SAME geometry the rail drew, so the two cannot drift [0.31ms]
(pass) the tone table > every tone maps to a dsh-tui THEME KEY, never to a colour literal [0.14ms]

packages/mpd-tui-plugin/test/dag-fidelity.test.ts:
(pass) R3/R5 · WEB parity of the six-state glyph and tone tables > the WEB reference still declares all six states on both tables (else every arm below is vacuous) [0.09ms]
(pass) R3/R5 · WEB parity of the six-state glyph and tone tables > every glyph the TUI draws equals the WEB glyph for the same state [0.08ms]
(pass) R3/R5 · WEB parity of the six-state glyph and tone tables > the six recorded WEB hexes are the WEB view's own hexes (provenance is not asserted, it is read) [0.13ms]
(pass) R3/R5 · WEB parity of the six-state glyph and tone tables > R6: blocked and open really do share one glyph on BOTH surfaces, so the legend is the disambiguator [0.05ms]
(pass) R3/R5 · WEB parity of the six-state glyph and tone tables > the tone table is total over the tone vocabulary, and the vocabulary is exactly eleven tones [0.07ms]
(pass) R3/R5 · WEB parity of the six-state glyph and tone tables > the state vocabulary carries each of the six states once and leaks no drawing tone [0.26ms]
(pass) R3/R5 · WEB parity of the six-state glyph and tone tables > R3: the ported kind abbreviations are the WEB view's own words for the same five kinds [0.09ms]
(pass) R3/R5 · WEB parity of the six-state glyph and tone tables > R6: the legend's own vocabulary is unambiguous — the chrome markers are pairwise distinct [0.09ms]
(pass) R3/R5 · WEB parity of the six-state glyph and tone tables > R4: the ported entry markers are the TUI's pre-existing ones, read out of the drawing itself [0.45ms]
(pass) R17 · rank is DERIVED from the dependency graph, never trusted from the served depth > a board whose served depth lies produces MORE THAN ONE rank [1.56ms]
(pass) R17 · rank is DERIVED from the dependency graph, never trusted from the served depth > the same board with a HONEST depth draws the same ranks (the two sources agree when both are sound) [11.54ms]
(pass) R17 · rank is DERIVED from the dependency graph, never trusted from the served depth > R21: references that name no task are SURFACED, sorted and de-duplicated — never silently dropped [0.46ms]
(pass) R17 · rank is DERIVED from the dependency graph, never trusted from the served depth > FALLBACK ARM A — a genuinely flat board, served flat, still draws flat (and says it derived) [0.31ms]
(pass) R17 · rank is DERIVED from the dependency graph, never trusted from the served depth > FALLBACK ARM B — the user's broken board: nothing resolves and the depths do NOT vary, so the SERVED depth is refused and derivation runs [0.38ms]
(pass) R17 · rank is DERIVED from the dependency graph, never trusted from the served depth > FALLBACK ARM C — nothing resolves but the served depths DO vary, so the fallback fires and reports itself [1.26ms]
(pass) R17 · rank is DERIVED from the dependency graph, never trusted from the served depth > a dependency cycle terminates, is drawn, and is reported [0.49ms]
(pass) R17 · rank is DERIVED from the dependency graph, never trusted from the served depth > a self-dependency terminates and is reported as a cycle [0.18ms]
(pass) R2/R15 · adaptive vertical geometry, asserted as invariants > shrinking the width never grows any line, and no line ever exceeds the width given [3.90ms]
(pass) R2/R15 · adaptive vertical geometry, asserted as invariants > every hit rectangle CONTAINS its own node and never claims a task off the board [1.14ms]
(pass) R2/R15 · adaptive vertical geometry, asserted as invariants > a pointer resolves back to the task whose rectangle it landed in [1.10ms]
(pass) R2/R15 · adaptive vertical geometry, asserted as invariants > every drawn edge's endpoints belong to a real (blocker, dependent) pair [1.52ms]
(pass) R2/R15 · adaptive vertical geometry, asserted as invariants > R13-width: a rank reads top-to-bottom, so every blocker sits strictly above its dependent [1.14ms]
(pass) R2/R15 · adaptive vertical geometry, asserted as invariants > R19: within a rank the task order is NUMERIC, so t2 precedes t10 [0.47ms]
(pass) R2/R15 · adaptive vertical geometry, asserted as invariants > R19/R6: the legend states the READING DIRECTION and names both drawn markers [0.21ms]
(pass) R2/R15 · adversarial fixtures > a 500-task board terminates and stays inside its viewport [11.06ms]
(pass) R2/R15 · adversarial fixtures > an unknown state string, an absent kind and a missing dependency id all survive the drawing [0.39ms]
(pass) R2/R15 · adversarial fixtures > an empty board draws nothing rather than throwing [0.06ms]
(pass) R2/R15 · adversarial fixtures > a CJK fixture never shears: every line fits, and a boxed line ends on its own border column [3.34ms]
(pass) R20 · the WEB view derives rank from blockedBy, never from the served depth > references RESOLVE while every served depth is 0 — the view must still draw more than one column [260.46ms]
(pass) R20 · the WEB view derives rank from blockedBy, never from the served depth > CONTROL: the same board with honest depths draws the same columns (so the arm cannot be satisfied by ignoring depth) [109.58ms]
(pass) R20 · the WEB view derives rank from blockedBy, never from the served depth > a genuinely flat board served flat is drawn flat — the view must not invent structure [77.10ms]
(pass) W5 · every arrival tip touches the border its edge arrives at > the tip is a POINT on the arrival border, by arithmetic, for forward AND back/same-rank edges [172.95ms]
(pass) W5 · every arrival tip touches the border its edge arrives at > POSITIVE CONTROL: a tip displaced by one pixel fails the same equality, in either direction [50.77ms]
(pass) W6 · `radius = 0` reproduces the straight orthogonal path > at radius 0 every edge publishes points that ARE the orthogonal waypoints [62.49ms]
(pass) W6 · `radius = 0` reproduces the straight orthogonal path > a positive radius bends the SAME edges — the knob is the only difference [115.16ms]
W6 measurement · widest published chord = 304.5000 px of a 936.5 px canvas · 666 chords, none degenerate (EDGE_RADIUS 6, nodeHeight 42)
(pass) W6 · `radius = 0` reproduces the straight orthogonal path > the published polyline is CONTINUOUS and never degenerate at the declared radius [95.73ms]
(pass) T3 · the horizontal slice is exact, cell-aware, and never splits a wide glyph > the frozen postcondition holds for EVERY offset and width, over the REAL drawn rows [15.03ms]
(pass) T3 · the horizontal slice is exact, cell-aware, and never splits a wide glyph > a WIDE glyph straddling an edge is never half-emitted: a space on the left, a drop on the right [0.83ms]
(pass) T3 · the horizontal slice is exact, cell-aware, and never splits a wide glyph > POSITIVE CONTROL: the naive code-point slice FAILS the same postcondition on the same input [0.29ms]
(pass) T3 · the horizontal slice is exact, cell-aware, and never splits a wide glyph > `sliceSpans` is the SAME cut, preserving each span's tone [5.56ms]
(pass) T7 · the termaid glyph obligations, read out of the source rather than restated > every declared glyph is exactly ONE CELL, and none of them is in a C1-banned range [0.72ms]
(pass) T7 · the termaid glyph obligations, read out of the source rather than restated > the four NODE corners are the rounded set (T7's first sentence) [0.10ms]
(pass) T7 · the termaid glyph obligations, read out of the source rather than restated > `graph.ts` declares no sharp NODE corner: the boxed drawing reads the table (R2/T7) [0.68ms]
(pass) T7 · the termaid glyph obligations, read out of the source rather than restated > every dependency is entered by exactly ONE `▼`, whose tip touches the dependent's TOP border [1.66ms]
(pass) T7 · the termaid glyph obligations, read out of the source rather than restated > AC2: EVERY drawing reports the COMPACT three-row form, and no vertical budget buys padding rows [3.43ms]

packages/mpd-tui-plugin/test/panel-dag.test.ts:
(pass) the DAG page's identity after the merge (clause C3) > its title IS the surviving MPD panel's title — one name, one surface [0.06ms]
(pass) the DAG page's identity after the merge (clause C3) > the surviving registration carries this page's component and reaches the host read-back [0.79ms]
(pass) the legend > covers EVERY state the contract knows, with the glyph the contract declares [0.41ms]
(pass) the legend > fits the width it is given, and drops a line rather than cutting one [0.74ms]
(pass) the DAG page's layout choice > at the host's own 28-column floor the page still draws, and reads [4.49ms]
(pass) the DAG page's layout choice > a busy narrow board reaches the dense list, which had no caller before this page [1.09ms]
(pass) the DAG page's layout choice > EVERY drawn row fits the panel, wide glyphs included [12.88ms]
(pass) the DAG page's layout choice > a boxed CJK line ends on its own right border column [0.41ms]
(pass) the DAG page's layout choice > an empty board still lays out without throwing [0.34ms]
(pass) the DAG page's layout choice > boxes are drawn ONLY when the widest label fits: a label is never cut [2.60ms]
(pass) the DAG page's layout choice > A REAL BOARD STILL DRAWS BOXES: the natural width cap holds a realistic label whole [4.04ms]
(pass) the DAG page's layout choice > A MID-LENGTH LABEL IS NOT CUT, and the overflow flag agrees with the truncation [0.56ms]
(pass) the DAG page's layout choice > C3: THE PINNED DETAIL BODY CARRIES THE ORIGINAL SUBJECT AND DESCRIPTION, CHINESE INCLUDED [0.92ms]
(pass) the DAG page's layout choice > R18: an unresolved blocker is SURFACED, and the rank source is reported [8.30ms]
(pass) the running-node animation and its degradation > the host timer drives the breath, and the static frame is the orbit's head [0.18ms]
(pass) the running-node animation and its degradation > a host with NO timer draws the static frame instead of throwing [4.79ms]
(pass) the running-node animation and its degradation > a NON-FINITE timer degrades to the static frame [1.95ms]
(pass) the running-node animation and its degradation > no props, no kit, no snapshot: the page renders null instead of throwing [1.20ms]
(pass) click-to-pin and the keyboard > a click pins a task and the detail body carries all ten facts [4.70ms]
(pass) click-to-pin and the keyboard > the keymap walks the drawing and does not steal the host's own keys [2.55ms]
(pass) AC4: a click resolves through the row's own rectangle, COLUMN included > POSITIVE CONTROL: clicking the SECOND box of a two-box rank pins the SECOND task [2.61ms]
(pass) AC4: a click resolves through the row's own rectangle, COLUMN included > the row-band fallback still pins without a column, and a column-aware MISS CLEARS the pin [3.71ms]
(pass) AC4: a click resolves through the row's own rectangle, COLUMN included > dagRowClick reports WHICH rule resolved a row, and resolves nothing for a row with no box [0.45ms]
(pass) AC6: clicking the ALREADY-PINNED task opens its owner's agent page > resolves the owner through the host's subagent rows and calls the row's opener [5.79ms]
(pass) AC6: clicking the ALREADY-PINNED task opens its owner's agent page > an unmatched owner, an absent opener and a refusal each SPEAK through the host's toast [5.51ms]
(pass) AC6: clicking the ALREADY-PINNED task opens its owner's agent page > a second click on the SAME handler — before the host re-rendered — still opens the page [1.19ms]
(pass) AC6: clicking the ALREADY-PINNED task opens its owner's agent page > agentIdForOwner matches the owner NAME against the host's own descriptions [0.26ms]
(pass) R1: non-empty board vs empty workspace > a board WITH tasks paints its rows (plus the header, the mode row and the legend) [1.70ms]
(pass) R1: non-empty board vs empty workspace > a workspace with NO team prints the empty state that names the call which fills it [0.61ms]
(pass) the viewport hook > every read is clamped against the CURRENT page, from ANY render's closure [1.51ms]
(pass) the scrollbar and the self-windowed viewport > the rendered window NEVER exceeds the viewport, for a one-row and a 400-row board [98.73ms]
(pass) the scrollbar and the self-windowed viewport > the offset clamps to [0, max(0, content - viewport)] and never renders a blank page [98.63ms]
(pass) the scrollbar and the self-windowed viewport > the thumb's LENGTH and POSITION are monotone in the offset, and it never leaves the gutter [0.47ms]
(pass) the scrollbar and the self-windowed viewport > when the content FITS there is no gutter, and no column is reserved [3.43ms]
(pass) the scrollbar and the self-windowed viewport > FOCUS AUTO-SCROLL: the focused task is inside the rendered window at both ends of an overflowing board [9.52ms]
(pass) the scrollbar and the self-windowed viewport > the wheel scrolls down on a positive delta, up on a negative one, and does nothing when it fits [0.38ms]
(pass) the scrollbar and the self-windowed viewport > the WHEEL HANDLER IS BOUND ONCE, on the page's own window [3.36ms]
(pass) R6: the frame's border title is a structured value, not a string > every page's frame carries { content, position: 'top', align } — and a bare string FAILS [2.40ms]
(pass) R6: the frame's border title is a structured value, not a string > POSITIVE CONTROL: a bare string is NOT acceptable, and the check can tell [0.10ms]
(pass) FINDING 11: every emitted row fits the frame interior > no row exceeds the interior at ANY width, and the whole page respects it [9.22ms]
(pass) FINDING 11: every emitted row fits the frame interior > POSITIVE CONTROL: a deliberately over-long row FAILS the same check [0.13ms]
(pass) FINDING 11: every emitted row fits the frame interior > the frame's interior helper subtracts exactly the two border cells [0.06ms]
(pass) the badge ladder > failed outranks blocked outranks running, and an idle board clears it [0.17ms]
(pass) the badge ladder > the page publishes the badge through the host API, once per change [2.33ms]
(pass) the workmate page > carries its own descriptor, with a one-cell icon [0.12ms]
(pass) the workmate page > the EMPTY state names the call that fills the shelf [0.23ms]
(pass) the workmate page > an unreadable home renders the empty state rather than throwing [0.53ms]
(pass) the workmate page > a populated shelf shows the key, the base and the note [0.31ms]
(pass) the workmate page > the reader tolerates a missing library and never throws [0.38ms]
(pass) AC8b · the page draws its own `⤢`, and the dep the row received reaches it > a click on the control reaches the `openFullscreenScreen` dep the surviving registration forwards [1.84ms]
(pass) AC8b · the page draws its own `⤢`, and the dep the row received reaches it > a row given no opener still draws the row, but its glyph carries no click handler [1.23ms]

packages/mpd-tui-plugin/test/scene-visuals.test.ts:
(pass) every surface draws the frozen contract's colours > the drawing engine's table and the contract's table agree tone for tone [0.12ms]
(pass) every surface draws the frozen contract's colours > the board, the team, the plan and the merged scene draw only contract colours [16.57ms]
(pass) every surface draws the frozen contract's colours > no surface module spells a colour of its own [4.24ms]
(pass) every layout row fits the viewport it was laid out for > the drawing and the legend fit at 100, 60 and 40 columns [3.68ms]
(pass) every layout row fits the viewport it was laid out for > the frame carries a border TITLE the host can actually render [1.79ms]
(pass) every layout row fits the viewport it was laid out for > the DAG a scene draws never exceeds the width it was laid out for [6.04ms]
(pass) a CJK fixture does not shear the layout > every boxed node row ENDS ON ITS BORDER COLUMN, wide glyphs included [3.74ms]
(pass) a CJK fixture does not shear the layout > a wide-glyph label survives the clamps the scene applies [1.00ms]
(pass) a CJK fixture does not shear the layout > a hostile team name cannot reach a border title unclamped [0.73ms]
(pass) the running mark breathes on a timer and freezes without one > a host with NO timer draws the STATIC frame [0.80ms]
(pass) the running mark breathes on a timer and freezes without one > a host WITH a timer draws the phase its clock reports, and every frame is CELL-STABLE [2.34ms]
(pass) the running mark breathes on a timer and freezes without one > a NON-FINITE clock degrades to the static frame instead of throwing [1.47ms]
(pass) the running mark breathes on a timer and freezes without one > the mark draws the state's own glyph for every non-running tone [0.10ms]
(pass) the legend is composed, and it disambiguates the two states that share a glyph > the drawing's lines keep the drawing's key, and the contract's key follows them [2.06ms]
(pass) the legend is composed, and it disambiguates the two states that share a glyph > the legend sits UNDER its DAG and stays dimmed [1.31ms]
(pass) the body-row vocabulary is one table, and a surface never re-words a row > a label row splits byte-for-byte, and prose is left whole [0.22ms]
(pass) the body-row vocabulary is one table, and a surface never re-words a row > the label column draws in the label's own tone [0.18ms]
(pass) the body-row vocabulary is one table, and a surface never re-words a row > the tally tone ladder reports the loudest state the board carries [0.19ms]
(pass) the body-row vocabulary is one table, and a surface never re-words a row > the host's own subagent states map onto the same six tones [0.09ms]
(pass) the body-row vocabulary is one table, and a surface never re-words a row > the progress bar is drawn from the contract's own cells [0.22ms]
(pass) the body-row vocabulary is one table, and a surface never re-words a row > the chrome title joins what exists and never leaves a dangling separator [0.05ms]
(pass) the text-only surfaces stay inside their budgets > the status row publishes at most its documented cells, and never shears a wide glyph [0.81ms]
(pass) the text-only surfaces stay inside their budgets > the status mark reports the workspace's dominant state, in the contract's glyphs [0.27ms]

packages/mpd-tui-plugin/test/panel-visibility.test.ts:
(pass) R13 · the host's panel enablement rule (read from the installed host) > the default enabled CSV names BUILTINS ONLY and NOTHING of ours [132.65ms]
(pass) R13 · the host's panel enablement rule (read from the installed host) > the id GRAMMAR is not the blocker: a composed plugin id round-trips [0.08ms]
(pass) R13 · the host's panel enablement rule (read from the installed host) > the adapter DOES append a registered id to the CSV — so the mechanism exists and can be undone [0.24ms]
(pass) R13 · the host's panel enablement rule (read from the installed host) > the host REWRITES the CSV from configuration, which is how a registered panel disappears [0.50ms]
(pass) R13 · the width band in which the panel cannot be seen at all > a sidebar splits only at CHAT_MIN + PANEL_MIN + DIVIDER, and no lower [0.12ms]
(pass) R13 · the width band in which the panel cannot be seen at all > AT the split threshold the panel column is exactly the host's own floor — so a wider floor is a trap [0.15ms]
(pass) R13 · the width band in which the panel cannot be seen at all > the descriptor this bundle registers is the shape the host accepts [0.06ms]
(pass) R13b · the composed panel id (read from the installed host) > the host composes `<pluginId>:<slug>`, and `<pluginId>` comes from the caller's identity [0.37ms]
(pass) R13b · the composed panel id (read from the installed host) > a Component identity exists only for an ADMITTED Component, which a patch row never is [0.22ms]
(pass) R13c · the enable-list keeper (this bundle's bounded re-assert) > it appends ONLY its own registered ids, preserving the user's list exactly [0.91ms]
(pass) R13c · the enable-list keeper (this bundle's bounded re-assert) > it KEEPS sampling past the first clean read — the measured loss lands after it [0.44ms]
(pass) R13c · the enable-list keeper (this bundle's bounded re-assert) > it STANDS DOWN when the configuration already names ANY of ours [0.29ms]
(pass) R13c · the enable-list keeper (this bundle's bounded re-assert) > the whole set goes in at once, so a partial write can never make the next tick stand down mid-repair [0.23ms]
(pass) R13c · the enable-list keeper (this bundle's bounded re-assert) > the ladder is the WHOLE budget, and `stop()` releases every pending tick [0.15ms]
(pass) R13c · the enable-list keeper (this bundle's bounded re-assert) > NEGATIVE CONTROL: an ABSENT host store is reported as `absent`, never thrown, and writes nothing [0.17ms]
(pass) R13c · the enable-list keeper (this bundle's bounded re-assert) > NEGATIVE CONTROL: a store that throws is recorded as `refused` and takes no boot down [0.24ms]
(pass) R13c · the enable-list keeper (this bundle's bounded re-assert) > the CONTACT itself binds the installed host and refuses an absent one [0.75ms]
(pass) R13d · the enable-list keeper's CHANGE FEED (the durable repair) > the host's OWN append does NOT stand the keeper down, and the mirror's rewrite IS repaired [0.47ms]
(pass) R13d · the enable-list keeper's CHANGE FEED (the durable repair) > our OWN write cannot re-enter the decision — one rewrite, exactly one repair [0.25ms]
(pass) R13d · the enable-list keeper's CHANGE FEED (the durable repair) > a list that NAMES one of ours ends the keeper for good — and a later rewrite is left alone [0.27ms]
(pass) R13d · the enable-list keeper's CHANGE FEED (the durable repair) > `stop()` releases the host's feed with the scope — and a retired keeper never writes again [0.22ms]
(pass) R13d · the enable-list keeper's CHANGE FEED (the durable repair) > NEGATIVE CONTROL: a store with NO feed keeps the ladder, and a THROWING feed degrades to it [0.38ms]
(pass) AC8 · each MPD page carries its OWN one-cell icon, and none borrows the host's > the TWO surviving icons measure ONE cell under BOTH measures — ours and the host's own [34.02ms]
(pass) AC8 · each MPD page carries its OWN one-cell icon, and none borrows the host's > the host's built-in icons are read from the host, and neither surviving MPD page wears one [0.36ms]
(pass) AC8 · each MPD page carries its OWN one-cell icon, and none borrows the host's > BOTH surviving descriptors DECLARE their icon — neither falls back to its title's first letter [0.06ms]
(pass) AC8 · each MPD page carries its OWN one-cell icon, and none borrows the host's > NO MPD descriptor declares `capabilities` — the host drops the field, so it would be a dead promise [0.21ms]
(pass) AC8b · MPD's own `⤢` control, drawn in each page's title row > the merged page draws the control, and a click opens ITS full-screen scene [1.28ms]
(pass) AC8b · MPD's own `⤢` control, drawn in each page's title row > the workmate page draws its own control, wired to the board scene [0.37ms]
(pass) AC8b · MPD's own `⤢` control, drawn in each page's title row > the hover treatment is the host PanelBar's own: bold and accent over the pointer, dim at rest [1.26ms]
(pass) AC8b · MPD's own `⤢` control, drawn in each page's title row > the title row is drawn ABOVE the body and outside the page's own window [0.29ms]
(pass) AC8b · MPD's own `⤢` control, drawn in each page's title row > AT THE 28-COLUMN FLOOR the `⤢` hint SURVIVES — measured, with the pre-fix ordering as the negative control [0.35ms]
(pass) AC8b · the control OCCUPIES CELLS under the host's real layout engine > each SURVIVING MPD page draws `⤢` at the RIGHT EDGE of its title row — at 28 and at 40 columns [534.43ms]
(pass) AC8b · the control OCCUPIES CELLS under the host's real layout engine > NEGATIVE CONTROL: the pre-fix row shape LOSES the glyph at the same width — this is what the double could not see [169.09ms]

packages/mpd-tui-plugin/test/state.test.ts:
(pass) state projection > reads the newest team record, the task ledger, boulder, plans and workmates [1.62ms]
(pass) state projection > a missing state tree degrades to empty sections without throwing [0.44ms]
(pass) state projection > a team READOUT that throws is reported as a note, not as a crash [0.81ms]
(pass) state projection > the status line is one bounded line [0.84ms]
(pass) sanitizer > accepts scalars only and drops everything else [0.18ms]
(pass) sanitizer > strips control characters and collapses whitespace [0.05ms]
(pass) sanitizer > clamps by terminal cell, not by code-unit count [0.05ms]
(pass) sanitizer > scalarLines bounds the line count and per-line width [0.90ms]
(pass) transcript renderers > every declared type has a renderer and maps a payload to text rows [0.56ms]
(pass) transcript renderers > renderers never throw and always emit strings, whatever the payload [0.72ms]
(pass) transcript renderers > renderer output is clamped (a huge payload cannot flood the transcript) [0.22ms]
(pass) log-only event registration > registerInto reports and mutates truthfully [0.14ms]
(pass) log-only event registration > candidateAnchors is deduplicated and never empty [0.38ms]
(pass) log-only event registration > appendBoardOpened refuses to write an unregistered type [0.45ms]
(pass) log-only event registration > a throwing session.append is contained [0.11ms]
(pass) logging > never writes to stdout and falls back to stderr only for info/warn [0.14ms]

packages/mpd-tui-plugin/test/panel-legend-mount.test.ts:
(pass) C4 · the negative control — this harness CAN see an accumulating row > the pre-fix key shape accumulates, so the green arms above are falsifiable [1062.31ms]
(pass) C4 · the legend does not accumulate across the click/pin interaction (mounted instance) > the legend's row count is STABLE across N clicks — it is 4 after the mount and 4 after every click [1374.64ms]
(pass) C4 · the legend does not accumulate across the click/pin interaction (mounted instance) > the legend and the pin body key every row distinctly among their own siblings [761.26ms]
(pass) C4 · the legend does not accumulate across the click/pin interaction (mounted instance) > the workmate page keys two same-prefix problems as two rows, not one key twice [154.29ms]

packages/mpd-tui-plugin/test/dag-label-parity.test.ts:
(pass) C4 · the graph-safe label rule, implemented from the frozen text > the adversarial table: every class the decision named, including the near misses [0.25ms]
(pass) C4 · the graph-safe label rule, implemented from the frozen text > every produced label is non-empty ONLY when the rule found ASCII, and carries no banned character [0.60ms]
(pass) C4 · the graph-safe label rule, implemented from the frozen text > NEGATIVE CONTROL: the pre-rule pass-through VIOLATES the same table, so the check can fail [0.48ms]
(pass) C1/C3 · the WEB drawing is CJK-free while the pinned detail keeps the Chinese > the fixture really is the reported case: the RAW subjects carry banned characters [0.12ms]
(pass) C1/C3 · the WEB drawing is CJK-free while the pinned detail keeps the Chinese > ZERO banned characters inside the rendered drawing [70.47ms]
(pass) C1/C3 · the WEB drawing is CJK-free while the pinned detail keeps the Chinese > C3: the pinned detail body still carries the ORIGINAL Chinese subject [61.14ms]
(pass) C1/C3 · the WEB drawing is CJK-free while the pinned detail keeps the Chinese > POSITIVE CONTROL: the pre-rule drawing of the SAME board is measurably not CJK-free [0.21ms]
(pass) C4/R3 · both surfaces implement the SAME composer > the WEB factory exposes `graphSafeLabel`, and it implements the frozen rule over the whole table [43.35ms]
(pass) C4/R3 · both surfaces implement the SAME composer > the TUI exports the SAME name and the SAME answers (R3: one concept, one name) [57.95ms]
(pass) C4/R3 · both surfaces implement the SAME composer > C2: on the WEB the composer is the ONLY thing that turns a subject into drawing text [67.83ms]
(pass) C4/R3 · both surfaces implement the SAME composer > the ordinal is the 1-based BOARD index, never the rank or the drawn order [43.26ms]
(pass) C1 · the TUI drawing carries no banned character in ANY of its three modes > boxes, rail and list all draw the pure-Chinese board without one CJK glyph [1.94ms]
(pass) C1 · the TUI drawing carries no banned character in ANY of its three modes > the legend lines are part of the drawing and are CJK-free too [0.39ms]
(pass) C1 · the TUI drawing carries no banned character in ANY of its three modes > AC1: every TUI mode draws `<marker> <id>` and carries NO subject and NO ordinal fallback [1.16ms]
(pass) W3 · the DRAWN curve of every WEB edge stays out of every node box > steps 1-3: the rendered `<path>`'s `data-mpd-curve` IS the layout edge's `curve.d` [58.55ms]
(pass) W3 · the DRAWN curve of every WEB edge stays out of every node box > steps 1, 2, 4: no SEGMENT of any drawn curve enters any rendered box interior [65.91ms]
(pass) W3 · the DRAWN curve of every WEB edge stays out of every node box > step 6: the proof is NOT vacuous — a sample floor and edges that are really curved [50.97ms]
(pass) W3 · the DRAWN curve of every WEB edge stays out of every node box > step 5a: POSITIVE CONTROL — a segment displaced into a box IS caught, the same one the real curve does not enter [59.55ms]
(pass) W3 · the DRAWN curve of every WEB edge stays out of every node box > step 5b: CURVE-DOMAIN CONTROL — a box BETWEEN two samples is caught, which a point-only test misses [66.41ms]
(pass) W3 · the DRAWN curve of every WEB edge stays out of every node box > step 5c: a sample taken from the MIDDLE of a real fillet, displaced into a box, is caught [66.53ms]
(pass) W3 · the DRAWN curve of every WEB edge stays out of every node box > W5/W4 on the DOM: `data-mpd-tip` is a ZERO-WIDTH rect at the arrival point [54.34ms]

packages/mpd-tui-plugin/test/team-record-source.test.ts:
(pass) the record is the primary team source > the workflow carries the review fields the official board has no column for [0.75ms]
(pass) the record is the primary team source > the derived states agree: a blocked review, a running task, a failed repair [0.41ms]
(pass) the record is the primary team source > phase is the STORED lifecycle, not a guess from the roster [0.41ms]
(pass) the record is the primary team source > a cycle is REPORTED as a note rather than drawn as if the board were sound [0.25ms]
(pass) the source selection > readBoardState shows the RECORD even when the official readout is empty [0.21ms]
(pass) the source selection > an ENDED team does not hide the running one behind it [0.13ms]
(pass) the source selection > the record read degrades to [] with no service, and never throws [0.18ms]

packages/mpd-tui-plugin/test/watchdog-frontdoor.test.ts:
(pass) watchdog front door — notice composition > the notice is COMPOSED into the value the status publisher emits, and disappears once the team is resumed [5.73ms]
(pass) watchdog front door — notice composition > watchdogNotice states the live condition and the replay separately; composeNotices joins providers [0.28ms]
(pass) watchdog front door — notice composition > heldTeams reads the durable hold index through the service, not a cache [0.67ms]
(pass) watchdog front door — dialog and acknowledge > the dialog carries the notice text and an acknowledge option, and acknowledging advances the watermark [1.24ms]
(pass) watchdog front door — dialog and acknowledge > a second start does not surface an acknowledged incident (the replay is watermark-driven) [0.97ms]
(pass) watchdog front door — dialog and acknowledge > choosing Later keeps the incident unread: the replay is permanent re-display BY DESIGN [0.94ms]
(pass) watchdog front door — dialog and acknowledge > the attach-time replay runs once, when BOTH the service and the dialog seam are composed [0.71ms]
(pass) watchdog front door — dialog and acknowledge > no dialog service and nothing unread are both no-ops (never a hang, never a phantom dialog) [0.52ms]
(pass) watchdog front door — dialog and acknowledge > readWatchdogView is a live read through the service (and empty without one) [0.52ms]
(pass) watchdog front door — the absent-service path > with no mpdWatchdog service: no notice, no dialog, no fake acknowledge, one warning — and apply does not throw [0.94ms]

packages/mpd-tui-plugin/test/team-surface.test.ts:
(pass) team-workflow projection (read-only, from the OFFICIAL live readout) > renders the roster, the task DAG, the counts and the honest blanks [2.98ms]
(pass) team-workflow projection (read-only, from the OFFICIAL live readout) > the depth walk and the failed-dependency marking match the panel's own semantics [0.57ms]
(pass) team-workflow projection (read-only, from the OFFICIAL live readout) > a pending task behind an UNFINISHED dependency renders BLOCKED [0.36ms]
(pass) team-workflow projection (read-only, from the OFFICIAL live readout) > a corrupt / absent / cyclic record renders an empty state and never throws [0.69ms]
(pass) team-workflow projection (read-only, from the OFFICIAL live readout) > the REAL record of this session's own team projects without a hand-built object [0.15ms]
(pass) team-workflow projection (read-only, from the OFFICIAL live readout) > the board carries the derived team row and never a staged claim [0.45ms]
(pass) the two surfaces register through the existing tuiScenes seam > all three scene ids are registered with their frozen titles [0.78ms]
(pass) the two surfaces register through the existing tuiScenes seam > a scene renders null instead of crashing when the host kit is absent [0.90ms]
(pass) surface T1 — the team workflow > renders the real record's header, roster, DAG and counts [3.40ms]
(pass) surface T1 — the team workflow > a team that is NOT staged refuses the approval hop with a notice and opens nothing [1.04ms]
(pass) surface T1 — the team workflow > a bare `r` refresh re-reads the record without throwing [1.61ms]
(pass) surface T1 — the team workflow > the watchdog HOLD is rendered only when the watchdog reports it [1.80ms]
(pass) surface T2 — the plan approval > Esc mutates nothing and returns to the workflow when it was the entry point [2.58ms]
(pass) surface T2 — the plan approval > Esc from the command entry point leaves the scene instead of hopping [0.98ms]
(pass) surface T2 — the plan approval > Escape/keys never select a printable character as an action [0.51ms]
(pass) §9.4 — the ONE render boundary strips control characters (finding F1) > safeLine strips C0/C1 (ESC, BEL, OSC) and clamps cells WITHOUT collapsing indentation [0.36ms]
(pass) §9.4 — the ONE render boundary strips control characters (finding F1) > a control character in a team ID cannot reach a rendered row [0.89ms]
(pass) §3.1 item 4 — the DAG order (finding F2) > tasks come out ordered by depth, with creation order as the tiebreak [0.78ms]
(pass) package invariants > no source file in this package imports a filesystem WRITE primitive [1.25ms]
(pass) package invariants > the built dist carries the two scene ids and no TEAM-STORE writer [1.89ms]
(pass) package invariants > the retired approval tools are GONE and the surface says why [0.30ms]
(pass) package invariants > the mailbox key normalization matches the adopted reader [0.64ms]
(pass) the team scene's focus > ↑/↓ moves the focus through the drawing, and the ▶ marker moves with it [4.06ms]
(pass) the team scene's focus > a focused task lights its DEPENDENCIES and names them in the graph header [2.53ms]
(pass) the team scene's focus > `esc` UNPINS rather than closing, and closes once nothing is pinned [2.38ms]
(pass) the team scene's focus > a CLICK pins a task and hovering previews one, without the keyboard [3.61ms]
(pass) the team scene's focus > a click on BLANK space unpins rather than pinning nothing [1.84ms]
(pass) the team scene's focus > the wheel scrolls the graph [1.98ms]
(pass) the team scene's focus > a NARROW terminal draws the SAME boxes and windows them rather than clipping them [1.63ms]
(pass) the team scene's legend > the legend is drawn under the DAG, in the width the graph was laid out for [1.09ms]
(pass) the plan scene reads the SHARED projection > the phrase is the SERVED one, not a record-derived lookalike [1.03ms]
(pass) the plan scene reads the SHARED projection > a STAGED PLAN with no usable record still renders the gate [0.68ms]
(pass) the plan scene reads the SHARED projection > with NO plan face the scene never INVENTS a plan phrase [0.72ms]

packages/mpd-tui-plugin/test/subagent-scene.test.ts:
(pass) the merged panel puts the host's subagent rows ABOVE the MPD team panel > every subagent row is drawn before the first team row [2.52ms]
(pass) the merged panel puts the host's subagent rows ABOVE the MPD team panel > each row carries the host's own description, mode, status and start instant [1.03ms]
(pass) the merged panel degrades honestly > an empty subagent list still renders the team panel, above it the host's own empty tone [0.74ms]
(pass) the merged panel degrades honestly > a scene handed no channel at all still renders the team panel [0.66ms]
(pass) the merged panel degrades honestly > a missing team projection renders the team section's own unreadable line [0.46ms]
(pass) the merged panel degrades honestly > an unreadable status is drawn as unknown — never guessed into completed [0.92ms]
(pass) the merged panel never trusts the host's shapes > an absent subagentControl does not throw, and the interrupt gesture says so [1.81ms]
(pass) the merged panel never trusts the host's shapes > the interrupt reaches the host's own control for a LIVE row only [2.49ms]
(pass) the merged panel never trusts the host's shapes > a hostile description is sanitized before it reaches a row [0.72ms]
(pass) the merged panel never trusts the host's shapes > a non-scalar field is dropped rather than stringified onto the screen [0.76ms]
(pass) the merged panel never trusts the host's shapes > a channel missing every field it may carry degrades to the empty state [1.24ms]
(pass) the merged panel carries the host dashboard's summary row > the counts row tallies the host's own statuses, and an unknown one is not a completion [0.92ms]
(pass) the merged panel carries the host dashboard's summary row > a cancelled run is counted as failed, exactly as the host's own card draws it [0.66ms]
(pass) ENTER opens a detail view of the selected subagent > a `super`-modified return does NOT open the detail view (the host's own guard) [2.20ms]
(pass) ENTER opens a detail view of the selected subagent > a raw CRLF chunk opens the detail view, and a PASTED one does not [1.88ms]
(pass) ENTER opens a detail view of the selected subagent > the detail draws every fact the host reported and steps back without closing the scene [3.38ms]
(pass) ENTER opens a detail view of the selected subagent > the projection omits what the host did not report — no instant, no bucket, no duration [0.48ms]
(pass) ENTER opens a detail view of the selected subagent > the output tail pages with ↑/↓ and never invents a line [16.56ms]
(pass) ENTER opens a detail view of the selected subagent > the interrupt gesture keeps working, on the DETAIL's own row [1.67ms]
(pass) ENTER opens a detail view of the selected subagent > a selected entry that leaves the channel degrades to a notice, never a throw [1.85ms]
(pass) a click selects what the arrow keys would have selected > clicking a row's own Box sets the selection, and only a subagent row is clickable [3.15ms]
(pass) the merged panel draws the graph legend under its DAG > the legend sits directly under the DAG, in the width the graph was laid out for [1.37ms]
(pass) the merged panel draws the graph legend under its DAG > both scenes consume the frozen legend interface with their own width budget [0.35ms]
(pass) AC6 · the scene opens on the requested member's detail > a request is consumed ONCE, and a second take returns nothing (destructive) [0.14ms]
(pass) AC6 · the scene opens on the requested member's detail > the freshness bound is DECLARED and enforced: a stale request never opens a detail [0.06ms]
(pass) AC6 · the scene opens on the requested member's detail > the third parameter seeds the detail on the FIRST render, with no keypress [1.09ms]
(pass) AC6 · the scene opens on the requested member's detail > with no pending request the scene opens on its LIST, exactly as it did before [0.75ms]
(pass) AC6 · the scene opens on the requested member's detail > the DEFAULT reader is the module's own slot, which is how the page's click reaches a scene `scenes.ts` built [0.63ms]
(pass) AC6 · the scene opens on the requested member's detail > a request for a member the channel no longer carries lands on the honest notice, not a throw [0.73ms]

packages/mpd-tui-plugin/test/plan-actions-live-agent.test.ts:
(pass) plan actions speak as a LIVE registry agent (H4) > approve forwards the adapter's OWN live agent object by identity, never a clone [3.21ms]
(pass) plan actions speak as a LIVE registry agent (H4) > a live entry whose SESSION matches is the caller even when the registry keys it by another id [0.35ms]
(pass) plan actions speak as a LIVE registry agent (H4) > NO live agent for the session refuses honestly and never calls the tool [0.27ms]
(pass) plan actions speak as a LIVE registry agent (H4) > an empty live registry and no session id refuses instead of calling with no caller [0.18ms]
(pass) plan actions speak as a LIVE registry agent (H4) > the DISCARD path obeys the same rule (ONE executor serves both mutations) [0.22ms]
(pass) plan actions speak as a LIVE registry agent (H4) > with no session id the ONE live agent is the caller, and TWO are refused as ambiguous [0.29ms]
(pass) plan actions speak as a LIVE registry agent (H4) > the captain's session id is used when the scene published no session id (the scene's precedence) [0.19ms]

packages/mpd-tui-plugin/test/plugin.test.ts:
(pass) plugin contract > exports name / Config (type + schema) / apply and NO default export [0.09ms]
(pass) plugin contract > every config key has a default in the schema [1.18ms]
(pass) plugin contract > the schema rejects a wrong type instead of silently dropping it [0.41ms]
(pass) plugin contract > resolveConfig defaults every key and repairs an invalid interval [0.41ms]
(pass) T4-INERT-1: activation requires the inject form > a ctx WITHOUT inject registers nothing, even when get() would answer [5.87ms]
(pass) T4-INERT-1: activation requires the inject form > with inject supported but no service composed, nothing is registered and nothing throws [0.90ms]
(pass) T4-INERT-1: activation requires the inject form > apply survives a throwing ctx.get and a ctx without effect() [0.91ms]
(pass) full composition (every service injected) > every seam activates through ctx.inject and reports an honest outcome [12.48ms]
(pass) full composition (every service injected) > cleanup runs on the injected scope: status cleared, registrations released [1.76ms]
(pass) full composition (every service injected) > each seam can be disabled by config, and disabling keeps apply inert [0.48ms]
(pass) A4: the twelve team-model slot knobs select from the live catalog > derives provider / model / effort options from a two-provider catalog [2.91ms]
(pass) A4: the twelve team-model slot knobs select from the live catalog > the three NEW slot-4 rows register as selects with non-empty options and the declared labels/zh [2.53ms]
(pass) A4: the twelve team-model slot knobs select from the live catalog > a degraded catalog falls back to the declared option lists [2.44ms]
(pass) A4: the twelve team-model slot knobs select from the live catalog > a mounted adapter WITHOUT the seam (an older build) degrades to the declared lists [2.75ms]
(pass) A4: the twelve team-model slot knobs select from the live catalog > the REAL adapter seam (t2) feeds the same projection end to end [5.82ms]
(pass) A4: the twelve team-model slot knobs select from the live catalog > the section registers EXACTLY once per ns, even when the activation fires twice [1.60ms]
(pass) A4: the twelve team-model slot knobs select from the live catalog > a DEFERRED register through the injected scope keeps a live non-root caller (the cordis binding late registration relies on) [29.06ms]
(pass) A4: the twelve team-model slot knobs select from the live catalog > the projection is TOTAL: no catalog, a degraded catalog or a malformed one never yields an empty list [0.32ms]
(pass) the Ctrl+A takeover wiring (W2) > on a host WITH the panel seam the contact stays INERT (the version gate) [1.76ms]
(pass) the Ctrl+A takeover wiring (W2) > on a host WITHOUT the panel seam the contact arms (the legacy path) [1.26ms]
(pass) the Ctrl+A takeover wiring (W2) > with the row config off, the contact stays inert on BOTH host generations [1.04ms]
(pass) the Ctrl+A takeover wiring (W2) > with the panel surface off, no panel is registered and both entry points keep the scene path [1.77ms]
(pass) the Ctrl+A takeover wiring (W2) > every registered SCENE reports the host kit it received (the contact's arming path) [1.46ms]
(pass) honest outcomes (no disposer-type inference) > a refused shortcut registration is reported refused, never confirmed [0.56ms]
(pass) honest outcomes (no disposer-type inference) > a refused renderer registration is reported requested, never confirmed [0.41ms]
(pass) honest outcomes (no disposer-type inference) > a panel host with no list() read-back is reported requested, never confirmed [0.45ms]
(pass) honest outcomes (no disposer-type inference) > a refused panel registration is reported refused, never confirmed [0.74ms]
(pass) honest outcomes (no disposer-type inference) > a refused panel OPEN falls back to the full-screen scene and prints the reason [1.18ms]
(pass) honest outcomes (no disposer-type inference) > C5: `/mpd dag` reaches the RICH scene — the one that draws the pin — not the bare one [1.32ms]
(pass) honest outcomes (no disposer-type inference) > an accepted panel OPEN prints the panel status line with the discovered id [1.28ms]
(pass) honest outcomes (no disposer-type inference) > a missing decision grant with a no-op disposer is refused, and the disposer is not called as a probe [0.57ms]
(pass) honest outcomes (no disposer-type inference) > a granted decision subscription is confirmed [0.45ms]
(pass) honest outcomes (no disposer-type inference) > without tuiPluginHost the seam is absent and no refusal is claimed [0.58ms]
(pass) honest outcomes (no disposer-type inference) > admin: the four intercept points are the only decision attempts [0.09ms]
(pass) /mpd command grammar (bare = picker, value = direct, status = print) > bare /mpd uses the picker, then applies the chosen action [1.54ms]
(pass) /mpd command grammar (bare = picker, value = direct, status = print) > bare /mpd falls back to the board when no dialog seam is composed [1.13ms]
(pass) /mpd command grammar (bare = picker, value = direct, status = print) > direct actions and the unknown-action error [1.52ms]
(pass) settings section disclosure (t21) > every row names its mpd.jsonc key, and the SURFACE states the disclosure once [0.23ms]
(pass) settings section disclosure (t21) > every slot hint LEADS with the knob's human sentence, then its key [0.90ms]
(pass) settings section disclosure (t21) > R4: the localized pairs are the host's OWN shape — an `en` base, never a redundant `en` twin [0.52ms]
(pass) settings section disclosure (t21) > the registered section's 22 rows mirror the declaration: labels, zh, and human-first hints [6.41ms]
(pass) settings section disclosure (t21) > the marker itself says the save does not rewrite the config file [0.11ms]
(pass) the §D.2 runtime notice (a save with no live session workspace) > the notice constant is the design's exact sentence and matches the exported one [0.35ms]
(pass) the §D.2 runtime notice (a save with no live session workspace) > the status line publishes the notice only while the last write-back was skipped for no-live-session [3.45ms]

packages/mpd-tui-plugin/test/panel.test.ts:
(pass) the panel registration (frozen descriptor, discovered id) > registers ONE panel with the frozen descriptor and the host's own read-back id [1.18ms]
(pass) the panel registration (frozen descriptor, discovered id) > the final id is READ BACK, not composed from the slug [0.27ms]
(pass) the panel registration (frozen descriptor, discovered id) > a host with no panel seam degrades to absent and still reports an honest outcome [0.16ms]
(pass) the panel registration (frozen descriptor, discovered id) > the surface can be switched off entirely by its own config [0.13ms]
(pass) the `/mpd panel` status sentence is bilingual > every panel sentence exists in en AND zh, and carries its placeholders [0.47ms]
(pass) the routed open on a REFUSING host (S7) > a bound seam that refused the descriptor reports `refused`, and the line says refused [0.35ms]
(pass) the routed open on a REFUSING host (S7) > NEGATIVE CONTROL: a genuinely absent seam still reads `unavailable` [0.16ms]
(pass) the merged-view routing (panel vs full-screen scene) > with the seam bound and an id discovered, the PANEL opens and the scene does not [0.17ms]
(pass) the merged-view routing (panel vs full-screen scene) > with NO seam bound, the full-screen scene opens and no panel is asked [0.12ms]
(pass) the merged-view routing (panel vs full-screen scene) > an `opened() === false` refusal FALLS BACK to the scene — never a silent no-op [0.22ms]
(pass) the merged-view routing (panel vs full-screen scene) > a bare host without the seam reports the scene path honestly, and a refusing scene is not a success [0.14ms]
(pass) the panel component (both sections, props kit only) > renders the host's subagent rows FIRST and the MPD dependency DAG below them [3.57ms]
(pass) the panel component (both sections, props kit only) > renders the host's empty state instead of inventing rows, and says when there is no team [0.36ms]
(pass) the panel component (both sections, props kit only) > survives a hostile host: no React, no kit, no snapshot — and never throws [1.04ms]
(pass) the panel component (both sections, props kit only) > uses ONLY the props' own React and ui kit (the single-React rule) [0.88ms]
(pass) the legacy Ctrl+A arming rule (frozen R4/R5) > the SEAM WINS: a bound panel seam forbids interception whatever the config layers say [0.07ms]
(pass) the legacy Ctrl+A arming rule (frozen R4/R5) > without the seam the SAVED knob outranks the row config's floor [0.02ms]
(pass) the legacy Ctrl+A arming rule (frozen R4/R5) > without the seam and without a saved value the row config decides [0.03ms]
(pass) the DAG row's non-colour emphasis (AC5) > every tone keeps its own theme colour, while focus/chain are BOLD and dim carries dimColor [0.28ms]
(pass) the two draggable rails (AC7) > a VERTICAL drag commits an ABSOLUTE row offset through the same band a click maps through [0.46ms]
(pass) the two draggable rails (AC7) > a rail WITH a page callback hands the drag the SAME row it hands a click [0.17ms]
(pass) the two draggable rails (AC7) > a HORIZONTAL drag scrubs the column offset to the expected absolute column [0.42ms]
(pass) the two draggable rails (AC7) > a drawing that fits reserves NO rail, and a rail whose Box ignores drag props still draws [0.23ms]

packages/mpd-tui-plugin/test/dashboard-key.test.ts:
(pass) the Ctrl+A decision > a team with tasks: the event is consumed and the merged panel is asked to open [0.45ms]
(pass) the Ctrl+A decision > every pass-through case leaves the event untouched and opens nothing [0.24ms]
(pass) the Ctrl+A decision > an event without the host's stop method is NOT consumed and opens nothing [0.04ms]
(pass) the zero-row status view > a live host context value attaches a PREPENDED listener, removed on unmount [0.93ms]
(pass) the zero-row status view > the context DEFAULT (no internal_querier) attaches nothing and reports ONE line [0.11ms]
(pass) the zero-row status view > a contact that arrives AFTER the mount arms the view on the next render [0.60ms]
(pass) the zero-row status view > an adapter without the host contact attaches nothing and never throws [0.12ms]
(pass) the zero-row status view > the view renders an empty Box: zero visible rows while staying mounted [0.07ms]
(pass) the zero-row status view > a throwing handler does not escape the host's dispatch, and logs one line [0.21ms]
(pass) registration > the hook asks for a one-row view under its own key and reports the adapter's outcome [0.17ms]
(pass) the team reader > the mpd record wins over the official readout, and an unreadable read is no team [0.57ms]

packages/mpd-tui-plugin/test/model-menu.test.ts:
(pass) R4: the TUI language resolution follows the HOST's own chain > step 1: DSH_TUI_LANG wins over the file and the locale [0.10ms]
(pass) R4: the TUI language resolution follows the HOST's own chain > step 1: an INVALID DSH_TUI_LANG falls through to the file, not to the locale [0.08ms]
(pass) R4: the TUI language resolution follows the HOST's own chain > step 2: the persisted ~/.dsh-tui/lang.json choice is read, and outranks the locale [0.05ms]
(pass) R4: the TUI language resolution follows the HOST's own chain > step 2: an absent, unreadable or malformed preference file falls through [0.27ms]
(pass) R4: the TUI language resolution follows the HOST's own chain > step 3: the locale guess — zh prefix is zh, ANY other stated locale is en, empty falls through [0.10ms]
(pass) R4: the TUI language resolution follows the HOST's own chain > step 4: NO locale stated at all keeps the host's zh default [0.06ms]
(pass) R4: the TUI language resolution follows the HOST's own chain > the dictionary resolves AT USE: the same pair renders in the language the caller resolves [0.09ms]
(pass) R4: the TUI language resolution follows the HOST's own chain > placeholders are filled after the language is chosen [0.07ms]
(pass) R3: the /mpd-model pick-list chain > panel 1 labels each slot with its member group, in the resolved language [0.36ms]
(pass) R3: the /mpd-model pick-list chain > the four panels open in order slot → provider → model → effort, and settle their ids [2.05ms]
(pass) R3: the /mpd-model pick-list chain > panel 3 narrows to the picked provider's models; panel 4 to the picked model's efforts [0.16ms]
(pass) R3: the /mpd-model pick-list chain > panel 3 is NEVER empty: a keyed provider with no models falls back to the union [0.15ms]
(pass) R3: the /mpd-model pick-list chain > an ABSENT catalog opens the panels over the declared fallback and says so [0.52ms]
(pass) R3: the /mpd-model pick-list chain > a DEGRADED catalog is treated as no read, and the outcome names the degradation [0.59ms]
(pass) R3: the /mpd-model pick-list chain > a THROWING catalog read degrades instead of failing the command [0.59ms]
(pass) R3: the /mpd-model pick-list chain > CANCEL at any panel ends the chain and writes NOTHING [0.68ms]
(pass) R3: the /mpd-model pick-list chain > an UNBOUND dialogs seam ends the chain before any panel and writes nothing [0.21ms]
(pass) R3: the /mpd-model pick-list chain > a REFUSED write is reported with the host's own error, and never as success [0.29ms]
(pass) R3: the /mpd-model pick-list chain > an adapter with no settings write seam is reported, not thrown [0.28ms]
(pass) R3: the /mpd-model pick-list chain > an unknown slot id writes nothing and says which value was unknown [0.24ms]
(pass) R3: the /mpd-model pick-list chain > the success sentence carries the SAME disclosure the section carries [0.28ms]
(pass) R3: the /mpd-model pick-list chain > the revision fence comes from the namespace the write targets [0.23ms]
(pass) R3: the /mpd-model pick-list chain > the DEFAULT contract's stored values are readable from either settings shape [0.11ms]
(pass) R3: the /mpd-model pick-list chain > readStoredSlots reads every slot from whichever namespace serves them [0.14ms]
(pass) R3: the /mpd-model pick-list chain > the command is registered with BOTH languages and a fallback description [0.05ms]

packages/mpd-tui-plugin/test/two-plugin-ownership.test.ts:
(pass) exactly ONE successful registration per composition (design §10.1) > mpd-config present: it registers, the TUI skips its fallback and says so [7.49ms]
(pass) exactly ONE successful registration per composition (design §10.1) > mpd-config present but its registration still pending: the fallback still yields (deterministic owner check) [1.07ms]
(pass) exactly ONE successful registration per composition (design §10.1) > mpd-config absent: the TUI's fallback registers the namespace (the composition still works) [0.94ms]
(pass) exactly ONE successful registration per composition (design §10.1) > both plugins in ONE composition: still exactly one registration, whoever runs first [1.21ms]

packages/mpd-tui-plugin/test/graph-rank.test.ts:
(pass) the derived rank (R17) > a flat all-zero served depth does NOT collapse the board to one rank [1.77ms]
(pass) the derived rank (R17) > the SERVED depth is ignored while the graph resolves — the drawing is the same either way [3.16ms]
(pass) the derived rank (R17) > the SERVED depth draws ONLY when the graph resolves nothing at all and the depth varies [0.29ms]
(pass) the unresolved references (R18) > the record's own plan ordinals are REPORTED, not silently dropped [1.20ms]
(pass) the unresolved references (R18) > a reference that DOES resolve draws its edge, and is not listed as unresolved [0.31ms]
(pass) the unresolved references (R18) > an empty board reports nothing, rather than a phantom reference [0.10ms]
(pass) the CJK cell discipline > a wide subject cannot shear the drawing: every line stays inside `cols`, and a box CLOSES [1.27ms]
(pass) the CJK cell discipline > the ASCII control is byte-for-byte the same shape, so the fix is not a special case [0.43ms]
(pass) the invariants the geometry keeps, on a board that exercises every path > halving the width never WIDENS the drawing, and a node sits in its own hit rectangle [2.42ms]
(pass) the invariants the geometry keeps, on a board that exercises every path > an edge leaves the BLOCKER's border and arrives above the BLOCKED task, one arrowhead per task [1.76ms]
(pass) the invariants the geometry keeps, on a board that exercises every path > a cycle terminates, is REPORTED, and still draws every task [0.49ms]
(pass) the rail keeps every task at any depth > a 40-deep chain still NAMES its tasks, at a narrow and a wide rail [4.77ms]

 469 pass
 0 fail
 12772 expect() calls
Ran 469 tests across 21 files. [11.00s]
EXIT=0
=== bun run verify:docs ===
$ node scripts/verify-docs-parity.ts
ok   README.md
ok   docs/design.md
ok   docs/development.md
ok   docs/extension-adaptation-report.md
ok   docs/extension-authoring-guide.md
ok   docs/extensions.md
ok   docs/feature-audit.md
ok   docs/independence.md
ok   docs/index.md
ok   docs/preset-default.md
ok   docs/tui-parity.md
ok   docs/tui.md
ok   docs/upstream-parity-ledger.md
ok   docs/user-guide.md
ok   extensions/README.md
ok   templates/mpd-extension/README.md
ok   packages/mpd-better-sidebar-host/README.md
ok   packages/mpd-bootstrap-plugin/README.md
ok   packages/mpd-boulder-plugin/README.md
ok   packages/mpd-bundle/README.md
ok   packages/mpd-bundle-plugin/README.md
ok   packages/mpd-codegraph-plugin/README.md
ok   packages/mpd-comment-checker-plugin/README.md
ok   packages/mpd-config-plugin/README.md
ok   packages/mpd-dsh-adapter-plugin/README.md
ok   packages/mpd-ext-plugin/README.md
ok   packages/mpd-goal-plugin/README.md
ok   packages/mpd-hashline-plugin/README.md
ok   packages/mpd-mcp-astgrep/README.md
ok   packages/mpd-mcp-codegraph/README.md
ok   packages/mpd-mcp-gitbash/README.md
ok   packages/mpd-mcp-lsp/README.md
ok   packages/mpd-memory-plugin/README.md
ok   packages/mpd-modelchain-plugin/README.md
ok   packages/mpd-qa-roles-probe/README.md
ok   packages/mpd-roles-plugin/README.md
ok   packages/mpd-roster-provider-plugin/README.md
ok   packages/mpd-schemastery/README.md
ok   packages/mpd-team-compact-plugin/README.md
ok   packages/mpd-team-core-plugin/README.md
ok   packages/mpd-team-watchdog-plugin/README.md
ok   packages/mpd-tools-plugin/README.md
ok   packages/mpd-tui-adapter-plugin/README.md
ok   packages/mpd-tui-plugin/README.md
ok   packages/mpd-ulw-plugin/README.md
ok   packages/mpd-verify-plugin/README.md
ok   packages/mpd-workmate-plugin/README.md
skip docs/bline-report.md — EXEMPT: prior-phase report (AGENTS.md §3)
skip docs/decisions.md — EXEMPT: process record (AGENTS.md §3)
skip docs/omo-parity-gap.md — EXEMPT: prior-phase report (AGENTS.md §3)
skip docs/plan-0.1.7-adaptation.md — EXEMPT: process record (AGENTS.md §3: plan-*.md)
skip docs/plan-c.md — EXEMPT: process record (AGENTS.md §3: plan-*.md)
skip docs/plan-d.md — EXEMPT: process record (AGENTS.md §3: plan-*.md)
skip docs/plan-e.md — EXEMPT: process record (AGENTS.md §3: plan-*.md)
skip docs/plan-f.md — EXEMPT: process record (AGENTS.md §3: plan-*.md)
skip docs/plan-team-plane-split.md — EXEMPT: process record (AGENTS.md §3: plan-*.md)
skip docs/plan-team-watchdog-report.md — EXEMPT: process record (AGENTS.md §3: plan-*.md)
skip docs/plan-team-watchdog.md — EXEMPT: process record (AGENTS.md §3: plan-*.md)
skip docs/plan-tui-edition.md — EXEMPT: process record (AGENTS.md §3: plan-*.md)
skip docs/plan-tui-team-surface.md — EXEMPT: process record (AGENTS.md §3: plan-*.md)
skip docs/plan-ui-team-gui.md — EXEMPT: process record (AGENTS.md §3: plan-*.md)
skip docs/plan-webui-tui-i18n.md — EXEMPT: process record (AGENTS.md §3: plan-*.md)
skip docs/review-p0-p3.md — EXEMPT: prior-phase report (AGENTS.md §3)
skip docs/track-a-report.md — EXEMPT: prior-phase report (AGENTS.md §3)
skip docs/tui-edition-report.md — EXEMPT: prior-phase report (the TUI edition delivery report) — named in the AGENTS.md Language-policy enumeration of exempt prior-phase reports (captain ruling on T60-F1)
skip docs/ulw-deepseek-optimization.md — EXEMPT: prior-phase report (AGENTS.md §3)
skip packages/mpd-mcp-shared — EXEMPT: ships source and tests only; its README pair is a recorded follow-up
skip docs/adder4.md — EXEMPT: internal QA/golden reference — ANTICIPATORY by design: the file does not exist in this tree yet; t39 removed the stale citation from both ends and this list is the single source [ANTICIPATORY — not a live path]
skip docs/cnt8.md — EXEMPT: internal QA/golden reference — ANTICIPATORY by design: the file does not exist in this tree yet; t39 removed the stale citation from both ends and this list is the single source [ANTICIPATORY — not a live path]
note AGENTS.md — DERIVED: delta-range claims NOT adjudicated (agent-references/agent-teams-deltas.md is absent — the artifact the pointer NAMES cannot be read) — this root does not ship the artifact the pointer names, so the claim is neither confirmed nor contradicted here
note agent-references/index.md — DERIVED: delta-range claims NOT adjudicated (agent-references/agent-teams-deltas.md is absent — the artifact the pointer NAMES cannot be read) — this root does not ship the artifact the pointer names, so the claim is neither confirmed nor contradicted here
note agent-references/agent-teams-deltas.md — DERIVED: region-count claim skipped AND its registry (packages/mpd-agent-teams-plugin/lib/mpd-deltas.ts) is equally absent — both were deleted with the adopted agent-teams body (de-vendor wave), so the derived-value rule is VACUOUS in this root: it is exercised only by this script's --self-test fixtures, never by the live tree
[verify-docs-parity] links=424 checked=396 resolved=396 dead=0 exemptProvenance=0 absentSite=0 ignoredExternal=24 ignoredAnchorOnly=4 files=113

[verify-docs-parity] root=/root/dshProj/My-Power-Dsh pairs=47 failed=0 violations=0 exempt=22 derived=3 links=424 dead=0 — PASS
EXIT=0
=== bun run verify:rows ===
$ node scripts/verify-rows-parity.ts
[verify-rows-parity] ok: 34 row ids match the 2-file bundle patch layer (mcp-astgrep, mcp-codegraph, mcp-context7, mcp-gitbash, mcp-grepapp, mcp-lsp, mpd-agent-team, mpd-better-sidebar, mpd-bootstrap, mpd-boulder, mpd-codegraph, mpd-comment-checker, mpd-config, mpd-dsh-adapter, mpd-ext, mpd-goal, mpd-hashline, mpd-memory, mpd-modelchain, mpd-roles, mpd-roster-provider, mpd-team-compact, mpd-team-core, mpd-team-watchdog, mpd-tool-agent-team, mpd-tools, mpd-tui, mpd-tui-adapter, mpd-ui-agent-team, mpd-ulw, mpd-verify, mpd-web-compat, mpd-workmate, preset-mpd)
EXIT=0
=== bun run verify:comments ===
$ node scripts/verify-comment-coverage.ts
# verify-comment-coverage

scanned 360 TypeScript file(s) of 360 in the source set; inspected 31738 declaration(s); skipped 14189 inline callback(s) as out of family

VERDICT: PASS — every declaration in the family carries a precise comment and a full signature.
EXIT=0
=== bun run verify:manifest ===
$ node scripts/verify-plugin-manifest.ts --pack
# verify-plugin-manifest — repository manifest

ok    cordis-dependency: 5 declared dependency name(s) across dependencies/peerDependencies/optionalDependencies, none of them cordis
ok    cordis-devDependency-note: devDependencies declare no cordis package
ok    lifecycle-script: 19 script name(s), none carrying preinstall/install/postinstall/prepare
ok    version:dsh-plugin.json: version = 0.12.0
ok    version:dsh-distribution.json: distribution.version = 0.12.0
ok    bundle-patch-files: 2 patch file(s) declared, 0 missing
ok    row-module-paths: 27 module path(s) named by the patch files, 0 missing, 0 patch file(s) unreadable
ok    files-allowlist: 27 pattern(s); 0 required path(s) not admitted
ok    evidence-excluded: the frozen evidence/ tree stays out of the published package
ok    packed-content: npm pack --dry-run lists 885 file(s); 0 required path(s) absent

VERDICT: PASS — the install-time rules and the packaging contract hold.
EXIT=0
=== node scripts/verify-no-host-override.ts ===
[verify-no-host-override] subject: 2 declared patch layer(s)
[verify-no-host-override]   patch: /root/dshProj/My-Power-Dsh/cordis.patch.yml
[verify-no-host-override]   patch: /root/dshProj/My-Power-Dsh/presets/mpd.patch.yml
[verify-no-host-override] bundle id-targets (overrides): 0 (none: this bundle is purely additive)
[verify-no-host-override] bundle inserted rows (additive): 34
[verify-no-host-override] unclassified top-level entries: 0
[verify-no-host-override] host layers found on disk: 4
[verify-no-host-override]   host: dsh-base -> /root/.nvm/versions/node/v24.16.0/lib/node_modules/@deepseek-ai/dsh/node_modules/@deepseek-ai/dsh-base [1 patch file(s)]
[verify-no-host-override]   host: dsh-web-app -> /root/.nvm/versions/node/v24.16.0/lib/node_modules/@deepseek-ai/dsh/node_modules/@deepseek-ai/dsh-web-app [5 patch file(s)]
[verify-no-host-override]   host: dsh-headless -> /root/.nvm/versions/node/v24.16.0/lib/node_modules/@deepseek-ai/dsh/node_modules/@deepseek-ai/dsh-headless [1 patch file(s)]
[verify-no-host-override]   host: dsh-tui (profile dsh-tui) -> /root/.dsh/profiles/dsh-tui/node_modules/@deepseek-harness-tui/dsh-tui [1 patch file(s)]
[verify-no-host-override] host-declared row ids: 205
[verify-no-host-override] declared exemptions (0): none
[verify-no-host-override] PASS: every id-target is bundle-owned (0 of 0 collide with the 205 host-declared row ids)
EXIT=0
=== node scripts/verify-manual-paths.ts ===
[verify-manual-paths] manual /root/dshProj/My-Power-Dsh/AGENTS.md
[verify-manual-paths] root /root/dshProj/My-Power-Dsh
[verify-manual-paths] manual-sha256 d564d29fca90f56ece7344cac03cea809c96704f67dfa1f198e2dec0db51f71b bytes=64870 mtime=2026-10-08T06:11:08.983Z
[verify-manual-paths] rule candidate=path-shaped token | position=code span or ./|../-prefixed prose | shape=no glob/tilde/url/whitespace/placeholder/trailing-punctuation | anchor=./|-literal else first segment must be a repo-root entry | existence=stat <root>/<token>
[verify-manual-paths] subjects audited=150 (resolved=150 unresolved=0); tokens that are not path-shaped are out of scope by the rule above and are counted nowhere
[verify-manual-paths] census bucket=resolved direction=audited count=150 reason="audited: the path exists at the repo root"
[verify-manual-paths] resolved AGENTS.md:9 -> README.md
[verify-manual-paths] resolved AGENTS.md:16 -> scripts/verify-docs-parity.ts
[verify-manual-paths] resolved AGENTS.md:19 -> docs
[verify-manual-paths] resolved AGENTS.md:22 -> docs/index.md
[verify-manual-paths] resolved AGENTS.md:28 -> AGENTS.md
[verify-manual-paths] resolved AGENTS.md:33 -> docs
[verify-manual-paths] resolved AGENTS.md:41 -> docs/decisions.md
[verify-manual-paths] resolved AGENTS.md:41 -> docs/bline-report.md
[verify-manual-paths] resolved AGENTS.md:42 -> docs/omo-parity-gap.md
[verify-manual-paths] resolved AGENTS.md:42 -> docs/review-p0-p3.md
[verify-manual-paths] resolved AGENTS.md:42 -> docs/track-a-report.md
[verify-manual-paths] resolved AGENTS.md:43 -> docs/ulw-deepseek-optimization.md
[verify-manual-paths] resolved AGENTS.md:43 -> docs/tui-edition-report.md
[verify-manual-paths] resolved AGENTS.md:45 -> LICENSE-NOTICES.md
[verify-manual-paths] resolved AGENTS.md:49 -> agent-references
[verify-manual-paths] resolved AGENTS.md:51 -> AGENTS.md
[verify-manual-paths] resolved AGENTS.md:53 -> agent-references/index.md
[verify-manual-paths] resolved AGENTS.md:57 -> agent-references/troubleshooting.md
[verify-manual-paths] resolved AGENTS.md:58 -> agent-references/verification-flow.md
[verify-manual-paths] resolved AGENTS.md:59 -> agent-references/seam-adapters.md
[verify-manual-paths] resolved AGENTS.md:60 -> agent-references/overview-and-provenance.md
[verify-manual-paths] resolved AGENTS.md:61 -> agent-references/plugin-authoring.md
[verify-manual-paths] resolved AGENTS.md:62 -> agent-references/qa-discipline.md
[verify-manual-paths] resolved AGENTS.md:63 -> agent-references/installer-and-profiles.md
[verify-manual-paths] resolved AGENTS.md:64 -> agent-references/glossary.md
[verify-manual-paths] resolved AGENTS.md:72 -> VENDOR_LOCK.json
[verify-manual-paths] resolved AGENTS.md:77 -> docs/feature-audit.md
[verify-manual-paths] resolved AGENTS.md:78 -> LICENSE.md
[verify-manual-paths] resolved AGENTS.md:79 -> README.md
[verify-manual-paths] resolved AGENTS.md:79 -> LICENSE-NOTICES.md
[verify-manual-paths] resolved AGENTS.md:80 -> agent-references/overview-and-provenance.md
[verify-manual-paths] resolved AGENTS.md:83 -> .mpd
[verify-manual-paths] resolved AGENTS.md:99 -> docs/plan-team-plane-split.md
[verify-manual-paths] resolved AGENTS.md:107 -> LICENSE-NOTICES.md
[verify-manual-paths] resolved AGENTS.md:117 -> agent-references/overview-and-provenance.md
[verify-manual-paths] resolved AGENTS.md:131 -> agent-references/overview-and-provenance.md
[verify-manual-paths] resolved AGENTS.md:134 -> AGENTS.md
[verify-manual-paths] resolved AGENTS.md:144 -> cordis.patch.yml
[verify-manual-paths] resolved AGENTS.md:226 -> agent-references
[verify-manual-paths] resolved AGENTS.md:237 -> scripts/verify-vendor.ts
[verify-manual-paths] resolved AGENTS.md:237 -> scripts/repin-vendor.ts
[verify-manual-paths] resolved AGENTS.md:237 -> VENDOR_LOCK.json
[verify-manual-paths] resolved AGENTS.md:238 -> tests
[verify-manual-paths] resolved AGENTS.md:238 -> docs
[verify-manual-paths] resolved AGENTS.md:238 -> vendor
[verify-manual-paths] resolved AGENTS.md:238 -> dist
[verify-manual-paths] resolved AGENTS.md:238 -> skills/dsh-qa/scripts/verify-law.ts
[verify-manual-paths] resolved AGENTS.md:239 -> scripts/verify-dist-fresh.ts
[verify-manual-paths] resolved AGENTS.md:239 -> dist
[verify-manual-paths] resolved AGENTS.md:240 -> skills/dsh-qa/scripts/preset-conformance.ts
[verify-manual-paths] resolved AGENTS.md:241 -> scripts/verify-pack-closure.ts
[verify-manual-paths] resolved AGENTS.md:245 -> scripts/install-profile.ts
[verify-manual-paths] resolved AGENTS.md:246 -> scripts/verify-docs-parity.ts
[verify-manual-paths] resolved AGENTS.md:246 -> docs
[verify-manual-paths] resolved AGENTS.md:247 -> scripts/verify-plugin-manifest.ts
[verify-manual-paths] resolved AGENTS.md:247 -> dsh-plugin.json
[verify-manual-paths] resolved AGENTS.md:247 -> dsh-distribution.json
[verify-manual-paths] resolved AGENTS.md:247 -> package.json
[verify-manual-paths] resolved AGENTS.md:247 -> evidence
[verify-manual-paths] resolved AGENTS.md:248 -> scripts/verify-comment-coverage.ts
[verify-manual-paths] resolved AGENTS.md:249 -> scripts/verify-no-host-override.ts
[verify-manual-paths] resolved AGENTS.md:250 -> scripts/verify-manual-paths.ts
[verify-manual-paths] resolved AGENTS.md:251 -> scripts/mpd-ext.ts
[verify-manual-paths] resolved AGENTS.md:251 -> extensions/mpd-ext-example
[verify-manual-paths] resolved AGENTS.md:252 -> skills/dsh-qa/scripts/bundle-lifecycle.ts
[verify-manual-paths] resolved AGENTS.md:252 -> skills/dsh-qa/scripts/preset-conformance.ts
[verify-manual-paths] resolved AGENTS.md:253 -> scripts/dump-config.ts
[verify-manual-paths] resolved AGENTS.md:254 -> scripts/docker-e2e.ts
[verify-manual-paths] resolved AGENTS.md:257 -> agent-references/verification-flow.md
[verify-manual-paths] resolved AGENTS.md:259 -> scripts/verify-pack-closure.ts
[verify-manual-paths] resolved AGENTS.md:266 -> evidence/workmate/rename-delete-core/20260910T132303Z-mount
[verify-manual-paths] resolved AGENTS.md:268 -> scripts/dump-config.ts
[verify-manual-paths] resolved AGENTS.md:295 -> .git/HEAD
[verify-manual-paths] resolved AGENTS.md:311 -> evidence
[verify-manual-paths] resolved AGENTS.md:368 -> README.md
[verify-manual-paths] resolved AGENTS.md:368 -> package.json
[verify-manual-paths] resolved AGENTS.md:370 -> agent-references/plugin-authoring.md
[verify-manual-paths] resolved AGENTS.md:374 -> packages/mpd-dsh-adapter-plugin
[verify-manual-paths] resolved AGENTS.md:380 -> packages/mpd-tui-adapter-plugin
[verify-manual-paths] resolved AGENTS.md:385 -> agent-references/seam-adapters.md
[verify-manual-paths] resolved AGENTS.md:392 -> scripts/verify-no-host-override.ts
[verify-manual-paths] resolved AGENTS.md:393 -> docs/preset-default.md
[verify-manual-paths] resolved AGENTS.md:394 -> scripts/set-default-preset.ts
[verify-manual-paths] resolved AGENTS.md:401 -> agent-references/plugin-authoring.md
[verify-manual-paths] resolved AGENTS.md:403 -> .mpd
[verify-manual-paths] resolved AGENTS.md:412 -> evidence/session-workspace-root/b1-resolution
[verify-manual-paths] resolved AGENTS.md:416 -> .codegraph
[verify-manual-paths] resolved AGENTS.md:423 -> node_modules
[verify-manual-paths] resolved AGENTS.md:424 -> agent-references/troubleshooting.md
[verify-manual-paths] resolved AGENTS.md:425 -> tsconfig.json
[verify-manual-paths] resolved AGENTS.md:433 -> packages/mpd-ext-plugin/src/sdk.ts
[verify-manual-paths] resolved AGENTS.md:434 -> packages/mpd-ext-plugin/dist/sdk.js
[verify-manual-paths] resolved AGENTS.md:436 -> scripts/verify-dist-fresh.ts
[verify-manual-paths] resolved AGENTS.md:438 -> package.json
[verify-manual-paths] resolved AGENTS.md:439 -> .toolchain/node_modules/.bin/bun
[verify-manual-paths] resolved AGENTS.md:442 -> scripts/verify-dist-fresh.ts
[verify-manual-paths] resolved AGENTS.md:450 -> agent-references/seam-adapters.md
[verify-manual-paths] resolved AGENTS.md:453 -> skills/dsh-qa/scripts/preset-register.ts
[verify-manual-paths] resolved AGENTS.md:461 -> agent-references/qa-discipline.md
[verify-manual-paths] resolved AGENTS.md:463 -> skills/dsh-qa
[verify-manual-paths] resolved AGENTS.md:471 -> skills/dsh-qa/scripts/lib/workspace-isolation.ts
[verify-manual-paths] resolved AGENTS.md:474 -> .mpd
[verify-manual-paths] resolved AGENTS.md:484 -> skills/dsh-qa/scripts/lib/session-evidence.ts
[verify-manual-paths] resolved AGENTS.md:487 -> evidence/dsh-qa/codegraph
[verify-manual-paths] resolved AGENTS.md:495 -> VENDOR_LOCK.json
[verify-manual-paths] resolved AGENTS.md:519 -> agent-references/installer-and-profiles.md
[verify-manual-paths] resolved AGENTS.md:523 -> cordis.patch.yml
[verify-manual-paths] resolved AGENTS.md:525 -> cordis.patch.yml
[verify-manual-paths] resolved AGENTS.md:525 -> presets/mpd.patch.yml
[verify-manual-paths] resolved AGENTS.md:530 -> cordis.patch.yml
[verify-manual-paths] resolved AGENTS.md:530 -> skills
[verify-manual-paths] resolved AGENTS.md:541 -> cordis.patch.yml
[verify-manual-paths] resolved AGENTS.md:549 -> package.json
[verify-manual-paths] resolved AGENTS.md:550 -> cordis.patch.yml
[verify-manual-paths] resolved AGENTS.md:550 -> presets/mpd.patch.yml
[verify-manual-paths] resolved AGENTS.md:562 -> scripts/pack-mpd.ts
[verify-manual-paths] resolved AGENTS.md:563 -> dist/mpd-package
[verify-manual-paths] resolved AGENTS.md:565 -> dist
[verify-manual-paths] resolved AGENTS.md:567 -> package.json
[verify-manual-paths] resolved AGENTS.md:569 -> scripts/install-profile.ts
[verify-manual-paths] resolved AGENTS.md:571 -> scripts/install-profile.ts
[verify-manual-paths] resolved AGENTS.md:573 -> cordis.patch.yml
[verify-manual-paths] resolved AGENTS.md:581 -> VENDOR_LOCK.json
[verify-manual-paths] resolved AGENTS.md:586 -> dist
[verify-manual-paths] resolved AGENTS.md:591 -> VENDOR_LOCK.json
[verify-manual-paths] resolved AGENTS.md:610 -> package.json
[verify-manual-paths] resolved AGENTS.md:610 -> dsh-plugin.json
[verify-manual-paths] resolved AGENTS.md:610 -> dsh-distribution.json
[verify-manual-paths] resolved AGENTS.md:612 -> scripts/repin-vendor.ts
[verify-manual-paths] resolved AGENTS.md:615 -> skills/dsh-qa/scripts/preset-conformance.ts
[verify-manual-paths] resolved AGENTS.md:616 -> scripts/verify-dist-fresh.ts
[verify-manual-paths] resolved AGENTS.md:616 -> scripts/verify-pack-closure.ts
[verify-manual-paths] resolved AGENTS.md:620 -> scripts/docker-e2e.ts
[verify-manual-paths] resolved AGENTS.md:622 -> VENDOR_LOCK.json
[verify-manual-paths] resolved AGENTS.md:633 -> agent-references/troubleshooting.md
[verify-manual-paths] resolved AGENTS.md:635 -> evidence/gates/agents-budget
[verify-manual-paths] resolved AGENTS.md:643 -> agent-references/troubleshooting.md
[verify-manual-paths] resolved AGENTS.md:645 -> scripts/mpd-bg.ts
[verify-manual-paths] resolved AGENTS.md:647 -> scripts/mpd-bg.ts
[verify-manual-paths] resolved AGENTS.md:649 -> scripts/mpd-bg.ts
[verify-manual-paths] resolved AGENTS.md:650 -> scripts/mpd-bg.ts
[verify-manual-paths] resolved AGENTS.md:656 -> scripts/mpd-bg.ts
[verify-manual-paths] resolved AGENTS.md:657 -> evidence/platform/harness-close
[verify-manual-paths] resolved AGENTS.md:664 -> agent-references/glossary.md
[verify-manual-paths] resolved AGENTS.md:678 -> agent-references/glossary.md
[verify-manual-paths] resolved AGENTS.md:688 -> agent-references/glossary.md
[verify-manual-paths] resolved AGENTS.md:690 -> packages/mpd-roles-plugin/src/verify-guard.ts
[verify-manual-paths] resolved AGENTS.md:691 -> packages/mpd-verify-plugin/src/law.ts
[verify-manual-paths] resolved AGENTS.md:697 -> agent-references/glossary.md
[verify-manual-paths] resolved AGENTS.md:706 -> agent-references/glossary.md
[verify-manual-paths] census bucket=unresolved direction=audited count=0 reason="audited: the path does NOT exist at the repo root"
[verify-manual-paths] census bucket=anticipatory direction=declared count=2 reason="DECLARED anticipatory class: the manual names it, the repository keeps it by design and deliberately does NOT create it (AGENTS.md §3) — printed with its count so an exemption for a file that does not exist can never rot silently"
[verify-manual-paths] anticipatory AGENTS.md:38 -> docs/adder4.md [ANTICIPATORY — not a live path: kept by design (AGENTS.md §3), printed by `scripts/verify-docs-parity.ts` as its own class, and deliberately not created yet]
[verify-manual-paths] anticipatory AGENTS.md:38 -> docs/cnt8.md [ANTICIPATORY — not a live path: kept by design (AGENTS.md §3), printed by `scripts/verify-docs-parity.ts` as its own class, and deliberately not created yet]
[verify-manual-paths] census bucket=declared-unreferenced direction=declared count=0 reason="ROT GUARD: a declared anticipatory path this manual no longer names — reported here rather than dropped silently"
[verify-manual-paths] census bucket=over-report:url direction=over-report count=0 reason="contains `://` — a URL, not a repo path"
[verify-manual-paths] census bucket=over-report:fragment direction=over-report count=46 reason="contains whitespace — a sentence or command fragment, not one path"
[verify-manual-paths] over-report:fragment AGENTS.md:115 -> /ulw <objective> [the whole code span, whitespace included]
[verify-manual-paths] over-report:fragment AGENTS.md:115 -> /ultrawork <objective> [the whole code span, whitespace included]
[verify-manual-paths] over-report:fragment AGENTS.md:237 -> node scripts/verify-vendor.ts [the whole code span, whitespace included]
[verify-manual-paths] over-report:fragment AGENTS.md:237 -> node scripts/repin-vendor.ts [the whole code span, whitespace included]
[verify-manual-paths] over-report:fragment AGENTS.md:238 -> node skills/dsh-qa/scripts/verify-law.ts [the whole code span, whitespace included]
[verify-manual-paths] over-report:fragment AGENTS.md:239 -> node scripts/verify-dist-fresh.ts [the whole code span, whitespace included]
[verify-manual-paths] over-report:fragment AGENTS.md:240 -> node skills/dsh-qa/scripts/preset-conformance.ts --self-test [the whole code span, whitespace included]
[verify-manual-paths] over-report:fragment AGENTS.md:241 -> node scripts/verify-pack-closure.ts [the whole code span, whitespace included]
[verify-manual-paths] over-report:fragment AGENTS.md:244 -> node skills/dsh-qa/scripts/<case>.ts [the whole code span, whitespace included]
[verify-manual-paths] over-report:fragment AGENTS.md:245 -> node scripts/install-profile.ts --dry-run [the whole code span, whitespace included]
[verify-manual-paths] over-report:fragment AGENTS.md:247 -> node scripts/verify-plugin-manifest.ts --pack [the whole code span, whitespace included]
[verify-manual-paths] over-report:fragment AGENTS.md:248 -> node scripts/verify-comment-coverage.ts [the whole code span, whitespace included]
[verify-manual-paths] over-report:fragment AGENTS.md:249 -> node scripts/verify-no-host-override.ts [the whole code span, whitespace included]
[verify-manual-paths] over-report:fragment AGENTS.md:250 -> node scripts/verify-manual-paths.ts [the whole code span, whitespace included]
[verify-manual-paths] over-report:fragment AGENTS.md:251 -> bun scripts/mpd-ext.ts --self-test [the whole code span, whitespace included]
[verify-manual-paths] over-report:fragment AGENTS.md:251 -> bun scripts/mpd-ext.ts validate extensions/mpd-ext-example [the whole code span, whitespace included]
[verify-manual-paths] over-report:fragment AGENTS.md:252 -> bun skills/dsh-qa/scripts/bundle-lifecycle.ts [the whole code span, whitespace included]
[verify-manual-paths] over-report:fragment AGENTS.md:252 -> node skills/dsh-qa/scripts/preset-conformance.ts [the whole code span, whitespace included]
[verify-manual-paths] over-report:fragment AGENTS.md:253 -> node scripts/dump-config.ts --profile <p> [the whole code span, whitespace included]
[verify-manual-paths] over-report:fragment AGENTS.md:254 -> node scripts/docker-e2e.ts [the whole code span, whitespace included]
[verify-manual-paths] over-report:fragment AGENTS.md:259 -> node scripts/verify-pack-closure.ts [the whole code span, whitespace included]
[verify-manual-paths] over-report:fragment AGENTS.md:268 -> node scripts/dump-config.ts [the whole code span, whitespace included]
[verify-manual-paths] over-report:fragment AGENTS.md:390 -> /mpd panel [the whole code span, whitespace included]
[verify-manual-paths] over-report:fragment AGENTS.md:392 -> node scripts/verify-no-host-override.ts [the whole code span, whitespace included]
[verify-manual-paths] over-report:fragment AGENTS.md:394 -> node scripts/set-default-preset.ts [the whole code span, whitespace included]
[verify-manual-paths] over-report:fragment AGENTS.md:418 -> node <file>.ts [the whole code span, whitespace included]
[verify-manual-paths] over-report:fragment AGENTS.md:436 -> node scripts/verify-dist-fresh.ts [the whole code span, whitespace included]
[verify-manual-paths] over-report:fragment AGENTS.md:442 -> node scripts/verify-dist-fresh.ts [the whole code span, whitespace included]
[verify-manual-paths] over-report:fragment AGENTS.md:467 -> agentsHome = $DSH_AGENTS_HOME ?? ~/.agents [the whole code span, whitespace included]
[verify-manual-paths] over-report:fragment AGENTS.md:489 -> evidence/<domain>/<slug>/<timestamp>/{result.json, output.log} [the whole code span, whitespace included]
[verify-manual-paths] over-report:fragment AGENTS.md:538 -> dsh plugin --profile web add github:HaroldZ32/My-Power-Dsh [the whole code span, whitespace included]
[verify-manual-paths] over-report:fragment AGENTS.md:538 -> … add @mpd-dsh/mpd [the whole code span, whitespace included]
[verify-manual-paths] over-report:fragment AGENTS.md:552 -> dsh plugin remove @mpd-dsh/mpd [the whole code span, whitespace included]
[verify-manual-paths] over-report:fragment AGENTS.md:562 -> node scripts/pack-mpd.ts [the whole code span, whitespace included]
[verify-manual-paths] over-report:fragment AGENTS.md:571 -> node scripts/install-profile.ts --yes [--profile mpd|mpd-headless] [--dsh-home X] [--skip-toolchain] [the whole code span, whitespace included]
[verify-manual-paths] over-report:fragment AGENTS.md:610 -> git checkout -b release/vX.Y.Z [the whole code span, whitespace included]
[verify-manual-paths] over-report:fragment AGENTS.md:612 -> node scripts/repin-vendor.ts --write --i-know-this-is-the-captains-step [the whole code span, whitespace included]
[verify-manual-paths] over-report:fragment AGENTS.md:615 -> node skills/dsh-qa/scripts/preset-conformance.ts --self-test [the whole code span, whitespace included]
[verify-manual-paths] over-report:fragment AGENTS.md:616 -> node scripts/verify-dist-fresh.ts [the whole code span, whitespace included]
[verify-manual-paths] over-report:fragment AGENTS.md:616 -> node scripts/verify-pack-closure.ts [the whole code span, whitespace included]
[verify-manual-paths] over-report:fragment AGENTS.md:620 -> node scripts/docker-e2e.ts --mode source --require-docker [the whole code span, whitespace included]
[verify-manual-paths] over-report:fragment AGENTS.md:645 -> node scripts/mpd-bg.ts reload-check <module-path> [the whole code span, whitespace included]
[verify-manual-paths] over-report:fragment AGENTS.md:647 -> node scripts/mpd-bg.ts run --log <file> -- <cmd> [the whole code span, whitespace included]
[verify-manual-paths] over-report:fragment AGENTS.md:649 -> node scripts/mpd-bg.ts probe <pidfile> [the whole code span, whitespace included]
[verify-manual-paths] over-report:fragment AGENTS.md:650 -> node scripts/mpd-bg.ts check-write <path> [the whole code span, whitespace included]
[verify-manual-paths] over-report:fragment AGENTS.md:656 -> node scripts/mpd-bg.ts --self-test [the whole code span, whitespace included]
[verify-manual-paths] census bucket=over-report:trailing direction=over-report count=1 reason="ends with punctuation — a bound-token fragment, not a path target"
[verify-manual-paths] over-report:trailing AGENTS.md:485 -> request/header.data.header.tools[] [the token ends with "]"]
[verify-manual-paths] census bucket=over-report:npm direction=over-report count=7 reason="starts with `@` — an npm package name, not a repo path"
[verify-manual-paths] over-report:npm AGENTS.md:84 -> @deepseek-ai/dsh-llm-deepseek
[verify-manual-paths] over-report:npm AGENTS.md:524 -> @mpd-dsh/mpd
[verify-manual-paths] over-report:npm AGENTS.md:538 -> @mpd-dsh/mpd
[verify-manual-paths] over-report:npm AGENTS.md:549 -> @mpd-dsh/mpd
[verify-manual-paths] over-report:npm AGENTS.md:552 -> @mpd-dsh/mpd
[verify-manual-paths] over-report:npm AGENTS.md:556 -> @ast-grep/cli
[verify-manual-paths] over-report:npm AGENTS.md:557 -> @code-yeongyu/comment-checker
[verify-manual-paths] census bucket=over-report:notRoot direction=over-report count=9 reason="first segment is not an entry at the repo root — a slug, route, branch, tool name or package-relative spelling, not a repo path"
[verify-manual-paths] over-report:notRoot AGENTS.md:72 -> code-yeongyu/oh-my-openagent [first segment "code-yeongyu"]
[verify-manual-paths] over-report:notRoot AGENTS.md:237 -> .mpd-dsh/upstream [first segment ".mpd-dsh"]
[verify-manual-paths] over-report:notRoot AGENTS.md:289 -> release/vX.Y.Z [first segment "release"]
[verify-manual-paths] over-report:notRoot AGENTS.md:367 -> src/index.ts [first segment "src"]
[verify-manual-paths] over-report:notRoot AGENTS.md:378 -> src/index.ts [first segment "src"]
[verify-manual-paths] over-report:notRoot AGENTS.md:484 -> tool/call.data.name [first segment "tool"]
[verify-manual-paths] over-report:notRoot AGENTS.md:484 -> tool/result [first segment "tool"]
[verify-manual-paths] over-report:notRoot AGENTS.md:538 -> github:HaroldZ32/My-Power-Dsh [first segment "github:HaroldZ32"]
[verify-manual-paths] over-report:notRoot AGENTS.md:610 -> release/vX.Y.Z [first segment "release"]
[verify-manual-paths] census bucket=over-report:bare direction=over-report count=15 reason="a bare file name with no directory component and not a root file this repo is expected to carry"
[verify-manual-paths] over-report:bare AGENTS.md:51 -> AGENT.md
[verify-manual-paths] over-report:bare AGENTS.md:51 -> CLAUDE.md
[verify-manual-paths] over-report:bare AGENTS.md:63 -> install-profile.ts
[verify-manual-paths] over-report:bare AGENTS.md:125 -> mpd.jsonc
[verify-manual-paths] over-report:bare AGENTS.md:133 -> AGENT.md
[verify-manual-paths] over-report:bare AGENTS.md:134 -> CLAUDE.md
[verify-manual-paths] over-report:bare AGENTS.md:252 -> full-profile-boot.sh
[verify-manual-paths] over-report:bare AGENTS.md:252 -> mount-proof.sh
[verify-manual-paths] over-report:bare AGENTS.md:303 -> verify-guard.ts
[verify-manual-paths] over-report:bare AGENTS.md:418 -> .ts
[verify-manual-paths] over-report:bare AGENTS.md:420 -> .ts
[verify-manual-paths] over-report:bare AGENTS.md:422 -> .cts
[verify-manual-paths] over-report:bare AGENTS.md:475 -> settings.yaml
[verify-manual-paths] over-report:bare AGENTS.md:673 -> roles.test.ts
[verify-manual-paths] over-report:bare AGENTS.md:680 -> mpd.jsonc
[verify-manual-paths] census bucket=under-report:glob direction=under-report count=43 reason="a glob pattern — there is no single file to stat"
[verify-manual-paths] under-report:glob AGENTS.md:9 -> docs/*.md
[verify-manual-paths] under-report:glob AGENTS.md:10 -> packages/*/README.md
[verify-manual-paths] under-report:glob AGENTS.md:10 -> *.zh-CN.md
[verify-manual-paths] under-report:glob AGENTS.md:18 -> *.md
[verify-manual-paths] under-report:glob AGENTS.md:19 -> extensions/**/README.md
[verify-manual-paths] under-report:glob AGENTS.md:19 -> templates/**/README.md
[verify-manual-paths] under-report:glob AGENTS.md:20 -> packages/*/README.md
[verify-manual-paths] under-report:glob AGENTS.md:25 -> *.md
[verify-manual-paths] under-report:glob AGENTS.md:30 -> agent-references/**
[verify-manual-paths] under-report:glob AGENTS.md:31 -> *.zh-CN.md
[verify-manual-paths] under-report:glob AGENTS.md:33 -> *.md
[verify-manual-paths] under-report:glob AGENTS.md:37 -> docs/plan-*.md
[verify-manual-paths] under-report:glob AGENTS.md:106 -> packages/mpd-schemastery/**
[verify-manual-paths] under-report:glob AGENTS.md:238 -> docs/**
[verify-manual-paths] under-report:glob AGENTS.md:239 -> packages/*/src
[verify-manual-paths] under-report:glob AGENTS.md:246 -> extensions/**/README.md
[verify-manual-paths] under-report:glob AGENTS.md:246 -> templates/**/README.md
[verify-manual-paths] under-report:glob AGENTS.md:246 -> README*.md
[verify-manual-paths] under-report:glob AGENTS.md:246 -> docs/**
[verify-manual-paths] under-report:glob AGENTS.md:246 -> packages/*/README*.md
[verify-manual-paths] under-report:glob AGENTS.md:246 -> extensions/**
[verify-manual-paths] under-report:glob AGENTS.md:246 -> templates/**
[verify-manual-paths] under-report:glob AGENTS.md:254 -> docker/**
[verify-manual-paths] under-report:glob AGENTS.md:276 -> skills/**
[verify-manual-paths] under-report:glob AGENTS.md:398 -> packages/mpd-schemastery/**
[verify-manual-paths] under-report:glob AGENTS.md:421 -> packages/*/src
[verify-manual-paths] under-report:glob AGENTS.md:421 -> dist/*.js
[verify-manual-paths] under-report:glob AGENTS.md:474 -> <repo>/.mpd/team/*
[verify-manual-paths] under-report:glob AGENTS.md:494 -> packages/*/dist/**
[verify-manual-paths] under-report:glob AGENTS.md:494 -> dist/mpd-package/**
[verify-manual-paths] under-report:glob AGENTS.md:495 -> .mpd/plans/**
[verify-manual-paths] under-report:glob AGENTS.md:496 -> dist/**
[verify-manual-paths] under-report:glob AGENTS.md:551 -> ./packages/*
[verify-manual-paths] under-report:glob AGENTS.md:551 -> ./skills/*
[verify-manual-paths] under-report:glob AGENTS.md:551 -> ./presets/*
[verify-manual-paths] under-report:glob AGENTS.md:585 -> vendor/mcp-src/**
[verify-manual-paths] under-report:glob AGENTS.md:590 -> skills/**
[verify-manual-paths] under-report:glob AGENTS.md:594 -> skills/**
[verify-manual-paths] under-report:glob AGENTS.md:613 -> skills/**
[verify-manual-paths] under-report:glob AGENTS.md:623 -> skills/**
[verify-manual-paths] under-report:glob AGENTS.md:625 -> skills/**
[verify-manual-paths] under-report:glob AGENTS.md:636 -> skills/**
[verify-manual-paths] under-report:glob AGENTS.md:695 -> .mpd/verify/**
[verify-manual-paths] census bucket=under-report:home direction=under-report count=7 reason="home-relative (`~`) — it resolves in the user's HOME, not in the repo"
[verify-manual-paths] under-report:home AGENTS.md:148 -> ~/.dsh
[verify-manual-paths] under-report:home AGENTS.md:404 -> ~/.dsh
[verify-manual-paths] under-report:home AGENTS.md:415 -> ~/.mpd/workmate
[verify-manual-paths] under-report:home AGENTS.md:465 -> ~/.dsh
[verify-manual-paths] under-report:home AGENTS.md:467 -> ~/.agents
[verify-manual-paths] under-report:home AGENTS.md:532 -> ~/.mpd/workmate
[verify-manual-paths] under-report:home AGENTS.md:698 -> ~/.mpd/workmate/
[verify-manual-paths] census bucket=under-report:absolute direction=under-report count=7 reason="absolute (`/`) — it is outside the repo root"
[verify-manual-paths] under-report:absolute AGENTS.md:21 -> /docs/index.md
[verify-manual-paths] under-report:absolute AGENTS.md:96 -> /plugins/mpd-team/state
[verify-manual-paths] under-report:absolute AGENTS.md:115 -> /ulw
[verify-manual-paths] under-report:absolute AGENTS.md:115 -> /ultrawork
[verify-manual-paths] under-report:absolute AGENTS.md:390 -> /mpd
[verify-manual-paths] under-report:absolute AGENTS.md:636 -> /tmp
[verify-manual-paths] under-report:absolute AGENTS.md:646 -> /tmp
[verify-manual-paths] census bucket=under-report:outside direction=under-report count=0 reason="escapes the repo root (`../`) — it is outside the repo root"
[verify-manual-paths] census bucket=under-report:placeholder direction=under-report count=27 reason="carries a placeholder (`<name>`, `$VAR`, `{a,b}`) — not a literal path"
[verify-manual-paths] under-report:placeholder AGENTS.md:12 -> [English](./<name>.md)
[verify-manual-paths] under-report:placeholder AGENTS.md:95 -> .mpd/team/teams/<id>.json
[verify-manual-paths] under-report:placeholder AGENTS.md:103 -> <workspace>/.mpd/team
[verify-manual-paths] under-report:placeholder AGENTS.md:128 -> <workspace>/.mpd/boulder.json
[verify-manual-paths] under-report:placeholder AGENTS.md:219 -> packages/<pkg>/README.md
[verify-manual-paths] under-report:placeholder AGENTS.md:244 -> skills/dsh-qa/scripts/<case>.ts
[verify-manual-paths] under-report:placeholder AGENTS.md:287 -> feature/<slug>
[verify-manual-paths] under-report:placeholder AGENTS.md:288 -> fix/<slug>
[verify-manual-paths] under-report:placeholder AGENTS.md:301 -> backup/<branch>-<sha>
[verify-manual-paths] under-report:placeholder AGENTS.md:306 -> feature/<slug>
[verify-manual-paths] under-report:placeholder AGENTS.md:306 -> fix/<slug>
[verify-manual-paths] under-report:placeholder AGENTS.md:367 -> packages/<pkg>/dist/index.js
[verify-manual-paths] under-report:placeholder AGENTS.md:368 -> @mpd-dsh/<name>
[verify-manual-paths] under-report:placeholder AGENTS.md:387 -> <root>/lib/types/ui.js
[verify-manual-paths] under-report:placeholder AGENTS.md:413 -> <bundle>/skills
[verify-manual-paths] under-report:placeholder AGENTS.md:414 -> <bundle>/presets
[verify-manual-paths] under-report:placeholder AGENTS.md:418 -> <file>.ts
[verify-manual-paths] under-report:placeholder AGENTS.md:448 -> packages/{mpd-dsh,mpd-tui}-adapter-plugin/src
[verify-manual-paths] under-report:placeholder AGENTS.md:467 -> <DSH_HOME>/skills
[verify-manual-paths] under-report:placeholder AGENTS.md:467 -> <agentsHome>/skills
[verify-manual-paths] under-report:placeholder AGENTS.md:473 -> <DSH_HOME>/sessions/<projectKey(realCwd)>
[verify-manual-paths] under-report:placeholder AGENTS.md:489 -> evidence/<domain>/<slug>/<timestamp>/{result.json,
[verify-manual-paths] under-report:placeholder AGENTS.md:528 -> <profile>/node_modules
[verify-manual-paths] under-report:placeholder AGENTS.md:544 -> github:<owner>/<repo>
[verify-manual-paths] under-report:placeholder AGENTS.md:547 -> github:<owner>/<repo>#dev
[verify-manual-paths] under-report:placeholder AGENTS.md:561 -> <bundle>/skills
[verify-manual-paths] under-report:placeholder AGENTS.md:574 -> $DSH_HOME/.agent-presets/
[verify-manual-paths] census bucket=under-report:elided direction=under-report count=1 reason="contains an elision mark — the path is not written out, so no literal target exists"
[verify-manual-paths] under-report:elided AGENTS.md:12 -> [中文](./<name>.zh-CN.md) [non-ASCII/elision characters]
[verify-manual-paths] census bucket=under-report:prose direction=under-report count=0 reason="a directory spelled in words rather than as a token — nothing to stat"
[verify-manual-paths] census family=over-report direction=over-report total=78 buckets=6 (counted apart from under-report and from unresolved)
[verify-manual-paths] census family=under-report direction=under-report total=85 buckets=7 (counted apart from over-report and from unresolved)
[verify-manual-paths] census family=declared direction=declared total=2 buckets=2 (the DECLARED anticipatory class and its rot guard — counted apart from the audited subjects and from unresolved)
[verify-manual-paths] PASS resolved=150 over-report=78 under-report=85 declared=2 (every audited path exists; the DECLARED anticipatory class is named with its reason and counted apart; the two matcher-error directions above are reported, not merged)
EXIT=0
=== node scripts/verify-vendor.ts ===
[verify-vendor] upstream identity: NOT CHECKED - no upstream subject exists (the pinned oh-my-openagent checkout is retired; see VENDOR_LOCK.json `_note`)
[verify-vendor] asset OK: skills 331 files
[verify-vendor] asset OK: vendor/mcp-src 459 files
[verify-vendor] asset OK: packages/mpd-mcp-astgrep/dist/cli.js 1 files
[verify-vendor] asset OK: packages/mpd-mcp-gitbash/dist/cli.js 1 files
[verify-vendor] asset OK: packages/mpd-mcp-lsp/dist/cli.js 1 files
[verify-vendor] asset OK: packages/mpd-mcp-codegraph/dist/serve.js 1 files
[verify-vendor] PASS - 6 shipped asset(s) fingerprinted, upstream identity not checked
EXIT=0
=== node scripts/verify-dist-fresh.ts ===
  FRESH   packages/mpd-better-sidebar-host/dist/index.js  sha 251ae4c4d210… 28ms  <- packages/mpd-better-sidebar-host/src/index.ts
  FRESH   packages/mpd-bootstrap-plugin/dist/index.js  sha df52fc4dfb8b… 32ms  <- packages/mpd-bootstrap-plugin/src/index.ts
  FRESH   packages/mpd-boulder-plugin/dist/index.js  sha 65f7ffc12dd4… 32ms  <- packages/mpd-boulder-plugin/src/index.ts
  FRESH   packages/mpd-bundle-plugin/dist/index.js  sha f8d222874b75… 30ms  <- packages/mpd-bundle-plugin/src/index.ts
  FRESH   packages/mpd-codegraph-plugin/dist/index.js  sha 456594271401… 28ms  <- packages/mpd-codegraph-plugin/src/index.ts
  FRESH   packages/mpd-comment-checker-plugin/dist/index.js  sha ab353f7cb6d8… 33ms  <- packages/mpd-comment-checker-plugin/src/index.ts
  FRESH   packages/mpd-config-plugin/dist/index.js  sha ef1e1d06b960… 37ms  <- packages/mpd-config-plugin/src/index.ts
  FRESH   packages/mpd-dsh-adapter-plugin/dist/index.js  sha f8778fb4544b… 32ms  <- packages/mpd-dsh-adapter-plugin/src/index.ts
  FRESH   packages/mpd-ext-plugin/dist/index.js  sha 52890183af7d… 39ms  <- packages/mpd-ext-plugin/src/index.ts
  FRESH   packages/mpd-ext-plugin/dist/sdk.js  sha 7c68358d2560… 23ms  <- packages/mpd-ext-plugin/src/sdk.ts
  FRESH   packages/mpd-goal-plugin/dist/index.js  sha 6c9b0dbdf9e3… 36ms  <- packages/mpd-goal-plugin/src/index.ts
  FRESH   packages/mpd-hashline-plugin/dist/index.js  sha 88fcd2d2463b… 31ms  <- packages/mpd-hashline-plugin/src/index.ts
  FRESH   packages/mpd-mcp-astgrep/dist/launch.js  sha 8ebf954663eb… 20ms  <- packages/mpd-mcp-astgrep/src/launch.ts
  FRESH   packages/mpd-mcp-codegraph/dist/launch.js  sha f2da0d34b049… 23ms  <- packages/mpd-mcp-codegraph/src/launch.ts
  FRESH   packages/mpd-mcp-gitbash/dist/launch.js  sha 09edda944246… 21ms  <- packages/mpd-mcp-gitbash/src/launch.ts
  FRESH   packages/mpd-mcp-lsp/dist/launch.js  sha 2654ed63e841… 20ms  <- packages/mpd-mcp-lsp/src/launch.ts
  FRESH   packages/mpd-memory-plugin/dist/index.js  sha 620e622eda56… 30ms  <- packages/mpd-memory-plugin/src/index.ts
  FRESH   packages/mpd-modelchain-plugin/dist/index.js  sha 5c1952cf85ec… 33ms  <- packages/mpd-modelchain-plugin/src/index.ts
  FRESH   packages/mpd-qa-roles-probe/dist/index.js  sha d213a106bc5d… 37ms  <- packages/mpd-qa-roles-probe/src/index.ts
  FRESH   packages/mpd-roles-plugin/dist/index.js  sha 29459f4e6c4e… 33ms  <- packages/mpd-roles-plugin/src/index.ts
  FRESH   packages/mpd-roster-provider-plugin/dist/index.js  sha bc90875cb896… 36ms  <- packages/mpd-roster-provider-plugin/src/index.ts
  FRESH   packages/mpd-team-compact-plugin/dist/index.js  sha 631bde7d805b… 32ms  <- packages/mpd-team-compact-plugin/src/index.ts
  FRESH   packages/mpd-team-core-plugin/dist/index.js  sha 70eed8dcb234… 37ms  <- packages/mpd-team-core-plugin/src/index.ts
  FRESH   packages/mpd-team-watchdog-plugin/dist/index.js  sha d74198b51a1b… 37ms  <- packages/mpd-team-watchdog-plugin/src/index.ts
  FRESH   packages/mpd-tools-plugin/dist/index.js  sha a2949cdeeeaf… 31ms  <- packages/mpd-tools-plugin/src/index.ts
  FRESH   packages/mpd-tui-adapter-plugin/dist/index.js  sha c5bb01ab355d… 27ms  <- packages/mpd-tui-adapter-plugin/src/index.ts
  FRESH   packages/mpd-tui-plugin/dist/index.js  sha 32fe62b44592… 56ms  <- packages/mpd-tui-plugin/src/index.ts
  FRESH   packages/mpd-ulw-plugin/dist/index.js  sha eeee5bbbd60a… 36ms  <- packages/mpd-ulw-plugin/src/index.ts
  FRESH   packages/mpd-verify-plugin/dist/index.js  sha ea267323d751… 32ms  <- packages/mpd-verify-plugin/src/index.ts
  FRESH   packages/mpd-workmate-plugin/dist/index.js  sha 40157c0678ec… 35ms  <- packages/mpd-workmate-plugin/src/index.ts
[verify-dist-fresh] root: /root/dshProj/My-Power-Dsh  (build: bun build <src> --target node --format esm --outfile <tmp>/<entry>.js)
[verify-dist-fresh] build toolchain: bun 1.4.0 from the repository toolchain (/root/dshProj/My-Power-Dsh/.toolchain/node_modules/.bin/bun) · recorded buildToolchain bun@1.4.0
[verify-dist-fresh] NOT COVERED (7) — committed dist files no target maps to, listed so nothing is silently skipped:
  packages/mpd-mcp-astgrep/dist/BUILD.lock — build metadata, not a bun build artifact
  packages/mpd-mcp-astgrep/dist/cli.js — built offline by scripts/build-mcp.ts from the upstream checkout — no local src/
  packages/mpd-mcp-codegraph/dist/serve.js — sha-pinned prebuilt vendored at pack time (packages/mpd-mcp-codegraph/README.md) — no local src/
  packages/mpd-mcp-gitbash/dist/BUILD.lock — build metadata, not a bun build artifact
  packages/mpd-mcp-gitbash/dist/cli.js — built offline by scripts/build-mcp.ts from the upstream checkout — no local src/
  packages/mpd-mcp-lsp/dist/BUILD.lock — build metadata, not a bun build artifact
  packages/mpd-mcp-lsp/dist/cli.js — built offline by scripts/build-mcp.ts from the upstream checkout — no local src/
[verify-dist-fresh] ok: 30/30 targets fresh (each rebuilt twice, byte-identical) — 7 NOT COVERED files listed — 1024ms
EXIT=0
=== node scripts/verify-pack-closure.ts ===
[verify-pack-closure] ok: 23 dist/index.js row(s) + 0 adopted lib/index.ts row(s) + 4 mcp row(s) of the bundle patch all resolve; 24 PLUGIN_PKGS + 4 MCP_PKGS entries all exist; root assets skills/presets/extensions/templates/docs/agent-references declared and present; CLI validator surface 9 exports in step; packed tree: /root/dshProj/My-Power-Dsh/dist/mpd-package (420 asset files); agent references 2/2; root files 1/1; declared packages 28/28 present in the artifact; content bytes: 553 file(s) compared, 551 identical, 0 drift, 2 expected-after-pack; completeness: 457 declared source file(s) compared, 456 present, 1 declared exemption(s), 0 absent; pack stamp 2026-10-08T04:21:44.935Z (inferred: the newest mtime among the artifact's own files (cpSync gives every copied file the pack's write time)); exemption exercised: packages/mpd-qa-roles-probe/dist/index.js
[verify-pack-closure] CONTENT-DRIFT-EXPECTED (expected, provenance-named, NOT a closure violation) - agent-references/troubleshooting.md: source mtime 2026-10-08T05:51:03.661Z is AFTER the artifact stamp 2026-10-08T04:21:44.935Z (anchor: inferred: the newest mtime among the artifact's own files (cpSync gives every copied file the pack's write time)) - a writer landed after the pack, so this is an EXPECTED reading, not a closure violation
[verify-pack-closure] CONTENT-DRIFT-EXPECTED (expected, provenance-named, NOT a closure violation) - packages/mpd-roles-plugin/dist/index.js: source mtime 2026-10-08T06:05:36.738Z is AFTER the artifact stamp 2026-10-08T04:21:44.935Z (anchor: inferred: the newest mtime among the artifact's own files (cpSync gives every copied file the pack's write time)) - a writer landed after the pack, so this is an EXPECTED reading, not a closure violation
EXIT=0
=== node skills/dsh-qa/scripts/verify-law.ts --self-test ===
[verify-law self-test] ok: the registered copy is byte-identical (e6dc5db58db3)
[verify-law self-test] ok: patch row + dist symbols + refusal vocabulary + decision/row arms
EXIT=0
=== bun run verify:gates ===
$ node ./scripts/verify-gates.ts
[verify-gates] running 8 member gate(s) (declared table)
[verify-gates] member vendor :: node ./scripts/verify-vendor.ts
[verify-gates] vendor out| [verify-vendor] upstream identity: NOT CHECKED - no upstream subject exists (the pinned oh-my-openagent checkout is retired; see VENDOR_LOCK.json `_note`)
[verify-gates] vendor out| [verify-vendor] asset OK: skills 331 files
[verify-gates] vendor out| [verify-vendor] asset OK: vendor/mcp-src 459 files
[verify-gates] vendor out| [verify-vendor] asset OK: packages/mpd-mcp-astgrep/dist/cli.js 1 files
[verify-gates] vendor out| [verify-vendor] asset OK: packages/mpd-mcp-gitbash/dist/cli.js 1 files
[verify-gates] vendor out| [verify-vendor] asset OK: packages/mpd-mcp-lsp/dist/cli.js 1 files
[verify-gates] vendor out| [verify-vendor] asset OK: packages/mpd-mcp-codegraph/dist/serve.js 1 files
[verify-gates] vendor out| [verify-vendor] PASS - 6 shipped asset(s) fingerprinted, upstream identity not checked
[verify-gates] member vendor: exit=0 PASS - 188ms
[verify-gates] member dist-fresh :: node ./scripts/verify-dist-fresh.ts
[verify-gates] dist-fresh out|   FRESH   packages/mpd-better-sidebar-host/dist/index.js  sha 251ae4c4d210… 28ms  <- packages/mpd-better-sidebar-host/src/index.ts
[verify-gates] dist-fresh out|   FRESH   packages/mpd-bootstrap-plugin/dist/index.js  sha df52fc4dfb8b… 31ms  <- packages/mpd-bootstrap-plugin/src/index.ts
[verify-gates] dist-fresh out|   FRESH   packages/mpd-boulder-plugin/dist/index.js  sha 65f7ffc12dd4… 30ms  <- packages/mpd-boulder-plugin/src/index.ts
[verify-gates] dist-fresh out|   FRESH   packages/mpd-bundle-plugin/dist/index.js  sha f8d222874b75… 29ms  <- packages/mpd-bundle-plugin/src/index.ts
[verify-gates] dist-fresh out|   FRESH   packages/mpd-codegraph-plugin/dist/index.js  sha 456594271401… 30ms  <- packages/mpd-codegraph-plugin/src/index.ts
[verify-gates] dist-fresh out|   FRESH   packages/mpd-comment-checker-plugin/dist/index.js  sha ab353f7cb6d8… 34ms  <- packages/mpd-comment-checker-plugin/src/index.ts
[verify-gates] dist-fresh out|   FRESH   packages/mpd-config-plugin/dist/index.js  sha ef1e1d06b960… 36ms  <- packages/mpd-config-plugin/src/index.ts
[verify-gates] dist-fresh out|   FRESH   packages/mpd-dsh-adapter-plugin/dist/index.js  sha f8778fb4544b… 32ms  <- packages/mpd-dsh-adapter-plugin/src/index.ts
[verify-gates] dist-fresh out|   FRESH   packages/mpd-ext-plugin/dist/index.js  sha 52890183af7d… 44ms  <- packages/mpd-ext-plugin/src/index.ts
[verify-gates] dist-fresh out|   FRESH   packages/mpd-ext-plugin/dist/sdk.js  sha 7c68358d2560… 19ms  <- packages/mpd-ext-plugin/src/sdk.ts
[verify-gates] dist-fresh out|   FRESH   packages/mpd-goal-plugin/dist/index.js  sha 6c9b0dbdf9e3… 32ms  <- packages/mpd-goal-plugin/src/index.ts
[verify-gates] dist-fresh out|   FRESH   packages/mpd-hashline-plugin/dist/index.js  sha 88fcd2d2463b… 33ms  <- packages/mpd-hashline-plugin/src/index.ts
[verify-gates] dist-fresh out|   FRESH   packages/mpd-mcp-astgrep/dist/launch.js  sha 8ebf954663eb… 23ms  <- packages/mpd-mcp-astgrep/src/launch.ts
[verify-gates] dist-fresh out|   FRESH   packages/mpd-mcp-codegraph/dist/launch.js  sha f2da0d34b049… 22ms  <- packages/mpd-mcp-codegraph/src/launch.ts
[verify-gates] dist-fresh out|   FRESH   packages/mpd-mcp-gitbash/dist/launch.js  sha 09edda944246… 20ms  <- packages/mpd-mcp-gitbash/src/launch.ts
[verify-gates] dist-fresh out|   FRESH   packages/mpd-mcp-lsp/dist/launch.js  sha 2654ed63e841… 21ms  <- packages/mpd-mcp-lsp/src/launch.ts
[verify-gates] dist-fresh out|   FRESH   packages/mpd-memory-plugin/dist/index.js  sha 620e622eda56… 32ms  <- packages/mpd-memory-plugin/src/index.ts
[verify-gates] dist-fresh out|   FRESH   packages/mpd-modelchain-plugin/dist/index.js  sha 5c1952cf85ec… 32ms  <- packages/mpd-modelchain-plugin/src/index.ts
[verify-gates] dist-fresh out|   FRESH   packages/mpd-qa-roles-probe/dist/index.js  sha d213a106bc5d… 32ms  <- packages/mpd-qa-roles-probe/src/index.ts
[verify-gates] dist-fresh out|   FRESH   packages/mpd-roles-plugin/dist/index.js  sha 29459f4e6c4e… 33ms  <- packages/mpd-roles-plugin/src/index.ts
[verify-gates] dist-fresh out|   FRESH   packages/mpd-roster-provider-plugin/dist/index.js  sha bc90875cb896… 38ms  <- packages/mpd-roster-provider-plugin/src/index.ts
[verify-gates] dist-fresh out|   FRESH   packages/mpd-team-compact-plugin/dist/index.js  sha 631bde7d805b… 37ms  <- packages/mpd-team-compact-plugin/src/index.ts
[verify-gates] dist-fresh out|   FRESH   packages/mpd-team-core-plugin/dist/index.js  sha 70eed8dcb234… 42ms  <- packages/mpd-team-core-plugin/src/index.ts
[verify-gates] dist-fresh out|   FRESH   packages/mpd-team-watchdog-plugin/dist/index.js  sha d74198b51a1b… 38ms  <- packages/mpd-team-watchdog-plugin/src/index.ts
[verify-gates] dist-fresh out|   FRESH   packages/mpd-tools-plugin/dist/index.js  sha a2949cdeeeaf… 34ms  <- packages/mpd-tools-plugin/src/index.ts
[verify-gates] dist-fresh out|   FRESH   packages/mpd-tui-adapter-plugin/dist/index.js  sha c5bb01ab355d… 25ms  <- packages/mpd-tui-adapter-plugin/src/index.ts
[verify-gates] dist-fresh out|   FRESH   packages/mpd-tui-plugin/dist/index.js  sha 32fe62b44592… 56ms  <- packages/mpd-tui-plugin/src/index.ts
[verify-gates] dist-fresh out|   FRESH   packages/mpd-ulw-plugin/dist/index.js  sha eeee5bbbd60a… 34ms  <- packages/mpd-ulw-plugin/src/index.ts
[verify-gates] dist-fresh out|   FRESH   packages/mpd-verify-plugin/dist/index.js  sha ea267323d751… 33ms  <- packages/mpd-verify-plugin/src/index.ts
[verify-gates] dist-fresh out|   FRESH   packages/mpd-workmate-plugin/dist/index.js  sha 40157c0678ec… 37ms  <- packages/mpd-workmate-plugin/src/index.ts
[verify-gates] dist-fresh out| [verify-dist-fresh] root: /root/dshProj/My-Power-Dsh  (build: bun build <src> --target node --format esm --outfile <tmp>/<entry>.js)
[verify-gates] dist-fresh out| [verify-dist-fresh] build toolchain: bun 1.4.0 from the repository toolchain (/root/dshProj/My-Power-Dsh/.toolchain/node_modules/.bin/bun) · recorded buildToolchain bun@1.4.0
[verify-gates] dist-fresh out| [verify-dist-fresh] NOT COVERED (7) — committed dist files no target maps to, listed so nothing is silently skipped:
[verify-gates] dist-fresh out|   packages/mpd-mcp-astgrep/dist/BUILD.lock — build metadata, not a bun build artifact
[verify-gates] dist-fresh out|   packages/mpd-mcp-astgrep/dist/cli.js — built offline by scripts/build-mcp.ts from the upstream checkout — no local src/
[verify-gates] dist-fresh out|   packages/mpd-mcp-codegraph/dist/serve.js — sha-pinned prebuilt vendored at pack time (packages/mpd-mcp-codegraph/README.md) — no local src/
[verify-gates] dist-fresh out|   packages/mpd-mcp-gitbash/dist/BUILD.lock — build metadata, not a bun build artifact
[verify-gates] dist-fresh out|   packages/mpd-mcp-gitbash/dist/cli.js — built offline by scripts/build-mcp.ts from the upstream checkout — no local src/
[verify-gates] dist-fresh out|   packages/mpd-mcp-lsp/dist/BUILD.lock — build metadata, not a bun build artifact
[verify-gates] dist-fresh out|   packages/mpd-mcp-lsp/dist/cli.js — built offline by scripts/build-mcp.ts from the upstream checkout — no local src/
[verify-gates] dist-fresh out| [verify-dist-fresh] ok: 30/30 targets fresh (each rebuilt twice, byte-identical) — 7 NOT COVERED files listed — 1030ms
[verify-gates] member dist-fresh: exit=0 PASS - 1148ms
[verify-gates] member rows-parity :: node ./scripts/verify-rows-parity.ts
[verify-gates] rows-parity out| [verify-rows-parity] ok: 34 row ids match the 2-file bundle patch layer (mcp-astgrep, mcp-codegraph, mcp-context7, mcp-gitbash, mcp-grepapp, mcp-lsp, mpd-agent-team, mpd-better-sidebar, mpd-bootstrap, mpd-boulder, mpd-codegraph, mpd-comment-checker, mpd-config, mpd-dsh-adapter, mpd-ext, mpd-goal, mpd-hashline, mpd-memory, mpd-modelchain, mpd-roles, mpd-roster-provider, mpd-team-compact, mpd-team-core, mpd-team-watchdog, mpd-tool-agent-team, mpd-tools, mpd-tui, mpd-tui-adapter, mpd-ui-agent-team, mpd-ulw, mpd-verify, mpd-web-compat, mpd-workmate, preset-mpd)
[verify-gates] member rows-parity: exit=0 PASS - 241ms
[verify-gates] member docs-parity :: node ./scripts/verify-docs-parity.ts
[verify-gates] docs-parity out| ok   README.md
[verify-gates] docs-parity out| ok   docs/design.md
[verify-gates] docs-parity out| ok   docs/development.md
[verify-gates] docs-parity out| ok   docs/extension-adaptation-report.md
[verify-gates] docs-parity out| ok   docs/extension-authoring-guide.md
[verify-gates] docs-parity out| ok   docs/extensions.md
[verify-gates] docs-parity out| ok   docs/feature-audit.md
[verify-gates] docs-parity out| ok   docs/independence.md
[verify-gates] docs-parity out| ok   docs/index.md
[verify-gates] docs-parity out| ok   docs/preset-default.md
[verify-gates] docs-parity out| ok   docs/tui-parity.md
[verify-gates] docs-parity out| ok   docs/tui.md
[verify-gates] docs-parity out| ok   docs/upstream-parity-ledger.md
[verify-gates] docs-parity out| ok   docs/user-guide.md
[verify-gates] docs-parity out| ok   extensions/README.md
[verify-gates] docs-parity out| ok   templates/mpd-extension/README.md
[verify-gates] docs-parity out| ok   packages/mpd-better-sidebar-host/README.md
[verify-gates] docs-parity out| ok   packages/mpd-bootstrap-plugin/README.md
[verify-gates] docs-parity out| ok   packages/mpd-boulder-plugin/README.md
[verify-gates] docs-parity out| ok   packages/mpd-bundle/README.md
[verify-gates] docs-parity out| ok   packages/mpd-bundle-plugin/README.md
[verify-gates] docs-parity out| ok   packages/mpd-codegraph-plugin/README.md
[verify-gates] docs-parity out| ok   packages/mpd-comment-checker-plugin/README.md
[verify-gates] docs-parity out| ok   packages/mpd-config-plugin/README.md
[verify-gates] docs-parity out| ok   packages/mpd-dsh-adapter-plugin/README.md
[verify-gates] docs-parity out| ok   packages/mpd-ext-plugin/README.md
[verify-gates] docs-parity out| ok   packages/mpd-goal-plugin/README.md
[verify-gates] docs-parity out| ok   packages/mpd-hashline-plugin/README.md
[verify-gates] docs-parity out| ok   packages/mpd-mcp-astgrep/README.md
[verify-gates] docs-parity out| ok   packages/mpd-mcp-codegraph/README.md
[verify-gates] docs-parity out| ok   packages/mpd-mcp-gitbash/README.md
[verify-gates] docs-parity out| ok   packages/mpd-mcp-lsp/README.md
[verify-gates] docs-parity out| ok   packages/mpd-memory-plugin/README.md
[verify-gates] docs-parity out| ok   packages/mpd-modelchain-plugin/README.md
[verify-gates] docs-parity out| ok   packages/mpd-qa-roles-probe/README.md
[verify-gates] docs-parity out| ok   packages/mpd-roles-plugin/README.md
[verify-gates] docs-parity out| ok   packages/mpd-roster-provider-plugin/README.md
[verify-gates] docs-parity out| ok   packages/mpd-schemastery/README.md
[verify-gates] docs-parity out| ok   packages/mpd-team-compact-plugin/README.md
[verify-gates] docs-parity out| ok   packages/mpd-team-core-plugin/README.md
[verify-gates] docs-parity out| ok   packages/mpd-team-watchdog-plugin/README.md
[verify-gates] docs-parity out| ok   packages/mpd-tools-plugin/README.md
[verify-gates] docs-parity out| ok   packages/mpd-tui-adapter-plugin/README.md
[verify-gates] docs-parity out| ok   packages/mpd-tui-plugin/README.md
[verify-gates] docs-parity out| ok   packages/mpd-ulw-plugin/README.md
[verify-gates] docs-parity out| ok   packages/mpd-verify-plugin/README.md
[verify-gates] docs-parity out| ok   packages/mpd-workmate-plugin/README.md
[verify-gates] docs-parity out| skip docs/bline-report.md — EXEMPT: prior-phase report (AGENTS.md §3)
[verify-gates] docs-parity out| skip docs/decisions.md — EXEMPT: process record (AGENTS.md §3)
[verify-gates] docs-parity out| skip docs/omo-parity-gap.md — EXEMPT: prior-phase report (AGENTS.md §3)
[verify-gates] docs-parity out| skip docs/plan-0.1.7-adaptation.md — EXEMPT: process record (AGENTS.md §3: plan-*.md)
[verify-gates] docs-parity out| skip docs/plan-c.md — EXEMPT: process record (AGENTS.md §3: plan-*.md)
[verify-gates] docs-parity out| skip docs/plan-d.md — EXEMPT: process record (AGENTS.md §3: plan-*.md)
[verify-gates] docs-parity out| skip docs/plan-e.md — EXEMPT: process record (AGENTS.md §3: plan-*.md)
[verify-gates] docs-parity out| skip docs/plan-f.md — EXEMPT: process record (AGENTS.md §3: plan-*.md)
[verify-gates] docs-parity out| skip docs/plan-team-plane-split.md — EXEMPT: process record (AGENTS.md §3: plan-*.md)
[verify-gates] docs-parity out| skip docs/plan-team-watchdog-report.md — EXEMPT: process record (AGENTS.md §3: plan-*.md)
[verify-gates] docs-parity out| skip docs/plan-team-watchdog.md — EXEMPT: process record (AGENTS.md §3: plan-*.md)
[verify-gates] docs-parity out| skip docs/plan-tui-edition.md — EXEMPT: process record (AGENTS.md §3: plan-*.md)
[verify-gates] docs-parity out| skip docs/plan-tui-team-surface.md — EXEMPT: process record (AGENTS.md §3: plan-*.md)
[verify-gates] docs-parity out| skip docs/plan-ui-team-gui.md — EXEMPT: process record (AGENTS.md §3: plan-*.md)
[verify-gates] docs-parity out| skip docs/plan-webui-tui-i18n.md — EXEMPT: process record (AGENTS.md §3: plan-*.md)
[verify-gates] docs-parity out| skip docs/review-p0-p3.md — EXEMPT: prior-phase report (AGENTS.md §3)
[verify-gates] docs-parity out| skip docs/track-a-report.md — EXEMPT: prior-phase report (AGENTS.md §3)
[verify-gates] docs-parity out| skip docs/tui-edition-report.md — EXEMPT: prior-phase report (the TUI edition delivery report) — named in the AGENTS.md Language-policy enumeration of exempt prior-phase reports (captain ruling on T60-F1)
[verify-gates] docs-parity out| skip docs/ulw-deepseek-optimization.md — EXEMPT: prior-phase report (AGENTS.md §3)
[verify-gates] docs-parity out| skip packages/mpd-mcp-shared — EXEMPT: ships source and tests only; its README pair is a recorded follow-up
[verify-gates] docs-parity out| skip docs/adder4.md — EXEMPT: internal QA/golden reference — ANTICIPATORY by design: the file does not exist in this tree yet; t39 removed the stale citation from both ends and this list is the single source [ANTICIPATORY — not a live path]
[verify-gates] docs-parity out| skip docs/cnt8.md — EXEMPT: internal QA/golden reference — ANTICIPATORY by design: the file does not exist in this tree yet; t39 removed the stale citation from both ends and this list is the single source [ANTICIPATORY — not a live path]
[verify-gates] docs-parity out| note AGENTS.md — DERIVED: delta-range claims NOT adjudicated (agent-references/agent-teams-deltas.md is absent — the artifact the pointer NAMES cannot be read) — this root does not ship the artifact the pointer names, so the claim is neither confirmed nor contradicted here
[verify-gates] docs-parity out| note agent-references/index.md — DERIVED: delta-range claims NOT adjudicated (agent-references/agent-teams-deltas.md is absent — the artifact the pointer NAMES cannot be read) — this root does not ship the artifact the pointer names, so the claim is neither confirmed nor contradicted here
[verify-gates] docs-parity out| note agent-references/agent-teams-deltas.md — DERIVED: region-count claim skipped AND its registry (packages/mpd-agent-teams-plugin/lib/mpd-deltas.ts) is equally absent — both were deleted with the adopted agent-teams body (de-vendor wave), so the derived-value rule is VACUOUS in this root: it is exercised only by this script's --self-test fixtures, never by the live tree
[verify-gates] docs-parity out| [verify-docs-parity] links=424 checked=396 resolved=396 dead=0 exemptProvenance=0 absentSite=0 ignoredExternal=24 ignoredAnchorOnly=4 files=113
[verify-gates] docs-parity out| 
[verify-gates] docs-parity out| [verify-docs-parity] root=/root/dshProj/My-Power-Dsh pairs=47 failed=0 violations=0 exempt=22 derived=3 links=424 dead=0 — PASS
[verify-gates] member docs-parity: exit=0 PASS - 178ms
[verify-gates] member preset-conformance :: node ./skills/dsh-qa/scripts/preset-conformance.ts --self-test
[verify-gates] preset-conformance out| [preset-conformance self-test] PASS - (i) retired `text:` persona form -> problems name the persona row :: /tmp/mpd-preset-conformance-5wBYj2/persona-text.patch.yml :: persona (@deepseek-ai/dsh-persona): $.prefix missing required value | /tmp/mpd-preset-conformance-5wBYj2/persona-text.patch.yml :: the persona row has no `pref
[verify-gates] preset-conformance out| [preset-conformance self-test] PASS - (ii) renamed required row -> the unmutated copy is clean and the mutated one names tool-fs AND tool-fs-renamed :: control problems=0; mutated: the mpd preset does not mount active row(s) the installed standard preset mounts: tool-fs | the mpd preset declares row(s) the installed standard preset does not declare at all: tool-fs-renam
[verify-gates] preset-conformance out| [preset-conformance self-test] PASS - (iii) the renamed copy really changed the document it audits :: bytes differ
[verify-gates] preset-conformance out| [preset-conformance self-test] PASS - (iv) hermetic: temp fixtures only; the live preset patch bytes + mtime are unchanged :: fixture root /tmp/mpd-preset-conformance-5wBYj2 (temp); live mtime 1791422123871.243 -> 1791422123871.243
[verify-gates] preset-conformance out| [preset-conformance self-test] ok: 32 harness rows conform against the installed schemas (6 row(s) declare no schema), persona prefix=true, mpd preset 28 child rows, row parity 26/25 (negative controls: 4/4 reddened)
[verify-gates] member preset-conformance: exit=0 PASS - 538ms
[verify-gates] member plugin-manifest :: node ./scripts/verify-plugin-manifest.ts --pack
[verify-gates] plugin-manifest out| # verify-plugin-manifest — repository manifest
[verify-gates] plugin-manifest out| 
[verify-gates] plugin-manifest out| ok    cordis-dependency: 5 declared dependency name(s) across dependencies/peerDependencies/optionalDependencies, none of them cordis
[verify-gates] plugin-manifest out| ok    cordis-devDependency-note: devDependencies declare no cordis package
[verify-gates] plugin-manifest out| ok    lifecycle-script: 19 script name(s), none carrying preinstall/install/postinstall/prepare
[verify-gates] plugin-manifest out| ok    version:dsh-plugin.json: version = 0.12.0
[verify-gates] plugin-manifest out| ok    version:dsh-distribution.json: distribution.version = 0.12.0
[verify-gates] plugin-manifest out| ok    bundle-patch-files: 2 patch file(s) declared, 0 missing
[verify-gates] plugin-manifest out| ok    row-module-paths: 27 module path(s) named by the patch files, 0 missing, 0 patch file(s) unreadable
[verify-gates] plugin-manifest out| ok    files-allowlist: 27 pattern(s); 0 required path(s) not admitted
[verify-gates] plugin-manifest out| ok    evidence-excluded: the frozen evidence/ tree stays out of the published package
[verify-gates] plugin-manifest out| ok    packed-content: npm pack --dry-run lists 885 file(s); 0 required path(s) absent
[verify-gates] plugin-manifest out| 
[verify-gates] plugin-manifest out| VERDICT: PASS — the install-time rules and the packaging contract hold.
[verify-gates] member plugin-manifest: exit=0 PASS - 3498ms
[verify-gates] member comment-coverage :: node ./scripts/verify-comment-coverage.ts
[verify-gates] comment-coverage out| # verify-comment-coverage
[verify-gates] comment-coverage out| 
[verify-gates] comment-coverage out| scanned 360 TypeScript file(s) of 360 in the source set; inspected 31738 declaration(s); skipped 14189 inline callback(s) as out of family
[verify-gates] comment-coverage out| 
[verify-gates] comment-coverage out| VERDICT: PASS — every declaration in the family carries a precise comment and a full signature.
[verify-gates] member comment-coverage: exit=0 PASS - 3781ms
[verify-gates] member workflows :: node ./scripts/verify-workflows.ts
[verify-gates] workflows out| [verify-workflows] audited 1 workflow file(s) under /root/dshProj/My-Power-Dsh/.github/workflows
[verify-gates] workflows out| [verify-workflows] PASS - every workflow is loadable YAML with a sane job/step shape
[verify-gates] member workflows: exit=0 PASS - 118ms
[verify-gates] PASS - 8/8 member gate(s) green
EXIT=0
