# r7 evidence log — generated 2026-09-16T04:00:44.829788+00:00

====================================================================================================
== FAILING-FIRST (pre-fix source, raw/red.log) — the staged case RED: 12 incidents where 0 are expected
====================================================================================================
bun test v1.3.14 (0d9b296a)

packages/mpd-team-watchdog-plugin/test/dispatch-precondition.test.ts:
[mpd-team-watchdog-test] NEVER-STARTED mpd-default task=t1 member=Planner attempt=(none) — the owner never stamped this task: a dispatch problem, not a wedge; recorded for replay, NO hold, NO escalation record=/tmp/watchdog-test-IXQibp/.mpd/team/watchdog/incidents.jsonl
[mpd-team-watchdog-test] NEVER-STARTED mpd-default task=t2 member=Planner attempt=(none) — the owner never stamped this task: a dispatch problem, not a wedge; recorded for replay, NO hold, NO escalation record=/tmp/watchdog-test-IXQibp/.mpd/team/watchdog/incidents.jsonl
[mpd-team-watchdog-test] NEVER-STARTED mpd-default task=t3 member=Planner attempt=(none) — the owner never stamped this task: a dispatch problem, not a wedge; recorded for replay, NO hold, NO escalation record=/tmp/watchdog-test-IXQibp/.mpd/team/watchdog/incidents.jsonl
[mpd-team-watchdog-test] NEVER-STARTED mpd-default task=t4 member=Planner attempt=(none) — the owner never stamped this task: a dispatch problem, not a wedge; recorded for replay, NO hold, NO escalation record=/tmp/watchdog-test-IXQibp/.mpd/team/watchdog/incidents.jsonl
[mpd-team-watchdog-test] NEVER-STARTED mpd-default task=t5 member=Planner attempt=(none) — the owner never stamped this task: a dispatch problem, not a wedge; recorded for replay, NO hold, NO escalation record=/tmp/watchdog-test-IXQibp/.mpd/team/watchdog/incidents.jsonl
[mpd-team-watchdog-test] NEVER-STARTED mpd-default task=t6 member=Planner attempt=(none) — the owner never stamped this task: a dispatch problem, not a wedge; recorded for replay, NO hold, NO escalation record=/tmp/watchdog-test-IXQibp/.mpd/team/watchdog/incidents.jsonl
[mpd-team-watchdog-test] NEVER-STARTED mpd-default task=t7 member=Planner attempt=(none) — the owner never stamped this task: a dispatch problem, not a wedge; recorded for replay, NO hold, NO escalation record=/tmp/watchdog-test-IXQibp/.mpd/team/watchdog/incidents.jsonl
[mpd-team-watchdog-test] NEVER-STARTED mpd-default task=t8 member=Planner attempt=(none) — the owner never stamped this task: a dispatch problem, not a wedge; recorded for replay, NO hold, NO escalation record=/tmp/watchdog-test-IXQibp/.mpd/team/watchdog/incidents.jsonl
[mpd-team-watchdog-test] NEVER-STARTED mpd-default task=t9 member=Planner attempt=(none) — the owner never stamped this task: a dispatch problem, not a wedge; recorded for replay, NO hold, NO escalation record=/tmp/watchdog-test-IXQibp/.mpd/team/watchdog/incidents.jsonl
[mpd-team-watchdog-test] NEVER-STARTED mpd-default task=t10 member=Planner attempt=(none) — the owner never stamped this task: a dispatch problem, not a wedge; recorded for replay, NO hold, NO escalation record=/tmp/watchdog-test-IXQibp/.mpd/team/watchdog/incidents.jsonl
[mpd-team-watchdog-test] NEVER-STARTED mpd-default task=t11 member=Planner attempt=(none) — the owner never stamped this task: a dispatch problem, not a wedge; recorded for replay, NO hold, NO escalation record=/tmp/watchdog-test-IXQibp/.mpd/team/watchdog/incidents.jsonl
[mpd-team-watchdog-test] NEVER-STARTED mpd-default task=t12 member=Planner attempt=(none) — the owner never stamped this task: a dispatch problem, not a wedge; recorded for replay, NO hold, NO escalation record=/tmp/watchdog-test-IXQibp/.mpd/team/watchdog/incidents.jsonl
72 | describe("a staged plan is never a dispatch problem", () => {
73 |   test("12 pending assigned tasks, no attempt and no stamp: NO record, NO console line, NO hold", async () => {
74 |     const box = sandbox()
75 |     try {
76 |       const observed = await tick(box, planFixture(false), 1_789_530_153_225)
77 |       expect(observed.incidents).toEqual([])
                                      ^
error: expect(received).toEqual(expected)

- []
+ [
+   {
+     "acknowledgedBy": [],
+     "at": 1789530153225,
+     "attemptId": "",
+     "cause": {
+       "kind": "never-started",
+       "ms": 0,
+     },
+     "hold": "not-requested",
+     "id": "t1@#never-started#1789530153225",
+     "kind": "never-started",
+     "scene": null,
+     "taskId": "t1",
+     "teamId": "mpd-default",
+   },
+   {
+     "acknowledgedBy": [],
+     "at": 1789530153225,
+     "attemptId": "",
+     "cause": {
+       "kind": "never-started",
+       "ms": 0,
+     },
+     "hold": "not-requested",
+     "id": "t2@#never-started#1789530153225",
+     "kind": "never-started",
+     "scene": null,
+     "taskId": "t2",
+     "teamId": "mpd-default",
+   },
+   {
+     "acknowledgedBy": [],
+     "at": 1789530153225,
+     "attemptId": "",
+     "cause": {
+       "kind": "never-started",
+       "ms": 0,
+     },
+     "hold": "not-requested",
+     "id": "t3@#never-started#1789530153225",
+     "kind": "never-started",
+     "scene": null,
+     "taskId": "t3",
+     "teamId": "mpd-default",
+   },
+   {
+     "acknowledgedBy": [],
+     "at": 1789530153225,
+     "attemptId": "",
+     "cause": {
+       "kind": "never-started",
+       "ms": 0,
+     },
+     "hold": "not-requested",
+     "id": "t4@#never-started#1789530153225",
+     "kind": "never-started",
+     "scene": null,
+     "taskId": "t4",
+     "teamId": "mpd-default",
+   },
+   {
+     "acknowledgedBy": [],
+     "at": 1789530153225,
+     "attemptId": "",
+     "cause": {
+       "kind": "never-started",
+       "ms": 0,
+     },
+     "hold": "not-requested",
+     "id": "t5@#never-started#1789530153225",
+     "kind": "never-started",
+     "scene": null,
+     "taskId": "t5",
+     "teamId": "mpd-default",
+   },
+   {
+     "acknowledgedBy": [],
+     "at": 1789530153225,
+     "attemptId": "",
+     "cause": {
+       "kind": "never-started",
+       "ms": 0,
+     },
+     "hold": "not-requested",
+     "id": "t6@#never-started#1789530153225",
+     "kind": "never-started",
+     "scene": null,
+     "taskId": "t6",
+     "teamId": "mpd-default",
+   },
+   {
+     "acknowledgedBy": [],
+     "at": 1789530153225,
+     "attemptId": "",
+     "cause": {
+       "kind": "never-started",
+       "ms": 0,
+     },
+     "hold": "not-requested",
+     "id": "t7@#never-started#1789530153225",
+     "kind": "never-started",
+     "scene": null,
+     "taskId": "t7",
+     "teamId": "mpd-default",
+   },
+   {
+     "acknowledgedBy": [],
+     "at": 1789530153225,
+     "attemptId": "",
+     "cause": {
+       "kind": "never-started",
+       "ms": 0,
+     },
+     "hold": "not-requested",
+     "id": "t8@#never-started#1789530153225",
+     "kind": "never-started",
+     "scene": null,
+     "taskId": "t8",
+     "teamId": "mpd-default",
+   },
+   {
+     "acknowledgedBy": [],
+     "at": 1789530153225,
+     "attemptId": "",
+     "cause": {
+       "kind": "never-started",
+       "ms": 0,
+     },
+     "hold": "not-requested",
+     "id": "t9@#never-started#1789530153225",
+     "kind": "never-started",
+     "scene": null,
+     "taskId": "t9",
+     "teamId": "mpd-default",
+   },
+   {
+     "acknowledgedBy": [],
+     "at": 1789530153225,
+     "attemptId": "",
+     "cause": {
+       "kind": "never-started",
+       "ms": 0,
+     },
+     "hold": "not-requested",
+     "id": "t10@#never-started#1789530153225",
+     "kind": "never-started",
+     "scene": null,
+     "taskId": "t10",
+     "teamId": "mpd-default",
+   },
+   {
+     "acknowledgedBy": [],
+     "at": 1789530153225,
+     "attemptId": "",
+     "cause": {
+       "kind": "never-started",
+       "ms": 0,
+     },
+     "hold": "not-requested",
+     "id": "t11@#never-started#1789530153225",
+     "kind": "never-started",
+     "scene": null,
+     "taskId": "t11",
+     "teamId": "mpd-default",
+   },
+   {
+     "acknowledgedBy": [],
+     "at": 1789530153225,
+     "attemptId": "",
+     "cause": {
+       "kind": "never-started",
+       "ms": 0,
+     },
+     "hold": "not-requested",
+     "id": "t12@#never-started#1789530153225",
+     "kind": "never-started",
+     "scene": null,
+     "taskId": "t12",
+     "teamId": "mpd-default",
+   },
+ ]

- Expected  - 1
+ Received  + 182

      at <anonymous> (/root/dshProj/my-power-dsh/packages/mpd-team-watchdog-plugin/test/dispatch-precondition.test.ts:77:34)
(fail) a staged plan is never a dispatch problem > 12 pending assigned tasks, no attempt and no stamp: NO record, NO console line, NO hold [7.31ms]
[mpd-team-watchdog-test] NEVER-STARTED mpd-default task=t1 member=Planner attempt=att-t1 — the owner never stamped this task: a dispatch problem, not a wedge; recorded for replay, NO hold, NO escalation record=/tmp/watchdog-test-Y3xPYA/.mpd/team/watchdog/incidents.jsonl
[mpd-team-watchdog-test] NEVER-STARTED mpd-default task=t2 member=Planner attempt=att-t2 — the owner never stamped this task: a dispatch problem, not a wedge; recorded for replay, NO hold, NO escalation record=/tmp/watchdog-test-Y3xPYA/.mpd/team/watchdog/incidents.jsonl
[mpd-team-watchdog-test] NEVER-STARTED mpd-default task=t3 member=Planner attempt=att-t3 — the owner never stamped this task: a dispatch problem, not a wedge; recorded for replay, NO hold, NO escalation record=/tmp/watchdog-test-Y3xPYA/.mpd/team/watchdog/incidents.jsonl
[mpd-team-watchdog-test] NEVER-STARTED mpd-default task=t4 member=Planner attempt=att-t4 — the owner never stamped this task: a dispatch problem, not a wedge; recorded for replay, NO hold, NO escalation record=/tmp/watchdog-test-Y3xPYA/.mpd/team/watchdog/incidents.jsonl
[mpd-team-watchdog-test] NEVER-STARTED mpd-default task=t5 member=Planner attempt=att-t5 — the owner never stamped this task: a dispatch problem, not a wedge; recorded for replay, NO hold, NO escalation record=/tmp/watchdog-test-Y3xPYA/.mpd/team/watchdog/incidents.jsonl
[mpd-team-watchdog-test] NEVER-STARTED mpd-default task=t6 member=Planner attempt=att-t6 — the owner never stamped this task: a dispatch problem, not a wedge; recorded for replay, NO hold, NO escalation record=/tmp/watchdog-test-Y3xPYA/.mpd/team/watchdog/incidents.jsonl
[mpd-team-watchdog-test] NEVER-STARTED mpd-default task=t7 member=Planner attempt=att-t7 — the owner never stamped this task: a dispatch problem, not a wedge; recorded for replay, NO hold, NO escalation record=/tmp/watchdog-test-Y3xPYA/.mpd/team/watchdog/incidents.jsonl
[mpd-team-watchdog-test] NEVER-STARTED mpd-default task=t8 member=Planner attempt=att-t8 — the owner never stamped this task: a dispatch problem, not a wedge; recorded for replay, NO hold, NO escalation record=/tmp/watchdog-test-Y3xPYA/.mpd/team/watchdog/incidents.jsonl
[mpd-team-watchdog-test] NEVER-STARTED mpd-default task=t9 member=Planner attempt=att-t9 — the owner never stamped this task: a dispatch problem, not a wedge; recorded for replay, NO hold, NO escalation record=/tmp/watchdog-test-Y3xPYA/.mpd/team/watchdog/incidents.jsonl
[mpd-team-watchdog-test] NEVER-STARTED mpd-default task=t10 member=Planner attempt=att-t10 — the owner never stamped this task: a dispatch problem, not a wedge; recorded for replay, NO hold, NO escalation record=/tmp/watchdog-test-Y3xPYA/.mpd/team/watchdog/incidents.jsonl
[mpd-team-watchdog-test] NEVER-STARTED mpd-default task=t11 member=Planner attempt=att-t11 — the owner never stamped this task: a dispatch problem, not a wedge; recorded for replay, NO hold, NO escalation record=/tmp/watchdog-test-Y3xPYA/.mpd/team/watchdog/incidents.jsonl
[mpd-team-watchdog-test] NEVER-STARTED mpd-default task=t12 member=Planner attempt=att-t12 — the owner never stamped this task: a dispatch problem, not a wedge; recorded for replay, NO hold, NO escalation record=/tmp/watchdog-test-Y3xPYA/.mpd/team/watchdog/incidents.jsonl
(pass) a staged plan is never a dispatch problem > CONTROL: the same record WITH dispatch attempts still reports every never-started task [1.74ms]
109 |     { id: "t2", status: "pending", assignee: "Planner", attemptId: "att-t2" },
110 |   ]
111 | 
112 |   test("an un-dispatched task is not a candidate; a dispatched one is", () => {
113 |     const candidates = candidateFor({ id: "mpd-default", tasks }, () => [], (assignee) => assignee)
114 |     expect(candidates.map((candidate) => candidate.taskId)).toEqual(["t2"])
                                                                  ^
error: expect(received).toEqual(expected)

  [
+   "t1",
    "t2",
  ]

- Expected  - 0
+ Received  + 1

      at <anonymous> (/root/dshProj/my-power-dsh/packages/mpd-team-watchdog-plugin/test/dispatch-precondition.test.ts:114:61)
(fail) candidateFor applies the precondition > an un-dispatched task is not a candidate; a dispatched one is [0.23ms]
(pass) candidateFor applies the precondition > a stamp for the task keeps it observable even without a live attempt [0.23ms]

packages/mpd-team-watchdog-plugin/test/dispatch-precondition.test.ts:

 2 pass
 2 fail
 11 expect() calls
Ran 4 tests across 2 files. [138.00ms]

====================================================================================================
== BEFORE (raw/dist-before 810e0fb3…, real staged record + dispatched control + revoked generation)
====================================================================================================
[mpd-team-watchdog] registration degraded: mpd-dsh-adapter: harness service "tools" is unavailable — cannot register tool "session-watchdog-hold"
[mpd-team-watchdog] applied: enabled=true warnSilenceMs=90000 tickIntervalMs=15000 warnStreakToEscalate=3 actionOnEscalate=pause stateDir=.mpd/team disposers=0 holdService=mpdWatchdog hydratedHolds=0 deadTeamGraceMs=86400000 toolInFlightMaxMs=900000
[mpd-team-watchdog] NEVER-STARTED mpd-default task=t1 member=Planner attempt=(none) — the owner never stamped this task: a dispatch problem, not a wedge; recorded for replay, NO hold, NO escalation record=/tmp/watchdog-r7-mAN2Ph/.mpd/team/watchdog/incidents.jsonl
[mpd-team-watchdog] NEVER-STARTED mpd-default task=t2 member=Explorer attempt=(none) — the owner never stamped this task: a dispatch problem, not a wedge; recorded for replay, NO hold, NO escalation record=/tmp/watchdog-r7-mAN2Ph/.mpd/team/watchdog/incidents.jsonl
[mpd-team-watchdog] NEVER-STARTED mpd-default task=t3 member=Researcher attempt=(none) — the owner never stamped this task: a dispatch problem, not a wedge; recorded for replay, NO hold, NO escalation record=/tmp/watchdog-r7-mAN2Ph/.mpd/team/watchdog/incidents.jsonl
[mpd-team-watchdog] NEVER-STARTED mpd-default task=t4 member=Researcher attempt=(none) — the owner never stamped this task: a dispatch problem, not a wedge; recorded for replay, NO hold, NO escalation record=/tmp/watchdog-r7-mAN2Ph/.mpd/team/watchdog/incidents.jsonl
[mpd-team-watchdog] NEVER-STARTED mpd-default task=t5 member=Explorer attempt=(none) — the owner never stamped this task: a dispatch problem, not a wedge; recorded for replay, NO hold, NO escalation record=/tmp/watchdog-r7-mAN2Ph/.mpd/team/watchdog/incidents.jsonl
[mpd-team-watchdog] NEVER-STARTED mpd-default task=t6 member=Architect attempt=(none) — the owner never stamped this task: a dispatch problem, not a wedge; recorded for replay, NO hold, NO escalation record=/tmp/watchdog-r7-mAN2Ph/.mpd/team/watchdog/incidents.jsonl
[mpd-team-watchdog] NEVER-STARTED mpd-default task=t7 member=Deep Worker attempt=(none) — the owner never stamped this task: a dispatch problem, not a wedge; recorded for replay, NO hold, NO escalation record=/tmp/watchdog-r7-mAN2Ph/.mpd/team/watchdog/incidents.jsonl
[mpd-team-watchdog] NEVER-STARTED mpd-default task=t8 member=Senior Engineer attempt=(none) — the owner never stamped this task: a dispatch problem, not a wedge; recorded for replay, NO hold, NO escalation record=/tmp/watchdog-r7-mAN2Ph/.mpd/team/watchdog/incidents.jsonl
[mpd-team-watchdog] NEVER-STARTED mpd-default task=t9 member=Senior Engineer attempt=(none) — the owner never stamped this task: a dispatch problem, not a wedge; recorded for replay, NO hold, NO escalation record=/tmp/watchdog-r7-mAN2Ph/.mpd/team/watchdog/incidents.jsonl
[mpd-team-watchdog] NEVER-STARTED mpd-default task=t10 member=Reviewer attempt=(none) — the owner never stamped this task: a dispatch problem, not a wedge; recorded for replay, NO hold, NO escalation record=/tmp/watchdog-r7-mAN2Ph/.mpd/team/watchdog/incidents.jsonl
[mpd-team-watchdog] NEVER-STARTED mpd-default task=t11 member=Reviewer attempt=(none) — the owner never stamped this task: a dispatch problem, not a wedge; recorded for replay, NO hold, NO escalation record=/tmp/watchdog-r7-mAN2Ph/.mpd/team/watchdog/incidents.jsonl
[mpd-team-watchdog] NEVER-STARTED mpd-default task=t12 member=Lead attempt=(none) — the owner never stamped this task: a dispatch problem, not a wedge; recorded for replay, NO hold, NO escalation record=/tmp/watchdog-r7-mAN2Ph/.mpd/team/watchdog/incidents.jsonl
[mpd-team-watchdog] registration degraded: mpd-dsh-adapter: harness service "tools" is unavailable — cannot register tool "session-watchdog-hold"
[mpd-team-watchdog] applied: enabled=true warnSilenceMs=90000 tickIntervalMs=15000 warnStreakToEscalate=3 actionOnEscalate=pause stateDir=.mpd/team disposers=0 holdService=mpdWatchdog hydratedHolds=0 deadTeamGraceMs=86400000 toolInFlightMaxMs=900000
[mpd-team-watchdog] NEVER-STARTED mpd-default task=t1 member=Planner attempt=att-t1-1 — the owner never stamped this task: a dispatch problem, not a wedge; recorded for replay, NO hold, NO escalation record=/tmp/watchdog-r7-cF2LO5/.mpd/team/watchdog/incidents.jsonl
[mpd-team-watchdog] NEVER-STARTED mpd-default task=t2 member=Explorer attempt=att-t2-2 — the owner never stamped this task: a dispatch problem, not a wedge; recorded for replay, NO hold, NO escalation record=/tmp/watchdog-r7-cF2LO5/.mpd/team/watchdog/incidents.jsonl
[mpd-team-watchdog] NEVER-STARTED mpd-default task=t3 member=Researcher attempt=att-t3-3 — the owner never stamped this task: a dispatch problem, not a wedge; recorded for replay, NO hold, NO escalation record=/tmp/watchdog-r7-cF2LO5/.mpd/team/watchdog/incidents.jsonl
[mpd-team-watchdog] NEVER-STARTED mpd-default task=t4 member=Researcher attempt=att-t4-4 — the owner never stamped this task: a dispatch problem, not a wedge; recorded for replay, NO hold, NO escalation record=/tmp/watchdog-r7-cF2LO5/.mpd/team/watchdog/incidents.jsonl
[mpd-team-watchdog] NEVER-STARTED mpd-default task=t5 member=Explorer attempt=att-t5-5 — the owner never stamped this task: a dispatch problem, not a wedge; recorded for replay, NO hold, NO escalation record=/tmp/watchdog-r7-cF2LO5/.mpd/team/watchdog/incidents.jsonl
[mpd-team-watchdog] NEVER-STARTED mpd-default task=t6 member=Architect attempt=att-t6-6 — the owner never stamped this task: a dispatch problem, not a wedge; recorded for replay, NO hold, NO escalation record=/tmp/watchdog-r7-cF2LO5/.mpd/team/watchdog/incidents.jsonl
[mpd-team-watchdog] NEVER-STARTED mpd-default task=t7 member=Deep Worker attempt=att-t7-7 — the owner never stamped this task: a dispatch problem, not a wedge; recorded for replay, NO hold, NO escalation record=/tmp/watchdog-r7-cF2LO5/.mpd/team/watchdog/incidents.jsonl
[mpd-team-watchdog] NEVER-STARTED mpd-default task=t8 member=Senior Engineer attempt=att-t8-8 — the owner never stamped this task: a dispatch problem, not a wedge; recorded for replay, NO hold, NO escalation record=/tmp/watchdog-r7-cF2LO5/.mpd/team/watchdog/incidents.jsonl
[mpd-team-watchdog] NEVER-STARTED mpd-default task=t9 member=Senior Engineer attempt=att-t9-9 — the owner never stamped this task: a dispatch problem, not a wedge; recorded for replay, NO hold, NO escalation record=/tmp/watchdog-r7-cF2LO5/.mpd/team/watchdog/incidents.jsonl
[mpd-team-watchdog] NEVER-STARTED mpd-default task=t10 member=Reviewer attempt=att-t10-10 — the owner never stamped this task: a dispatch problem, not a wedge; recorded for replay, NO hold, NO escalation record=/tmp/watchdog-r7-cF2LO5/.mpd/team/watchdog/incidents.jsonl
[mpd-team-watchdog] NEVER-STARTED mpd-default task=t11 member=Reviewer attempt=att-t11-11 — the owner never stamped this task: a dispatch problem, not a wedge; recorded for replay, NO hold, NO escalation record=/tmp/watchdog-r7-cF2LO5/.mpd/team/watchdog/incidents.jsonl
[mpd-team-watchdog] NEVER-STARTED mpd-default task=t12 member=Lead attempt=att-t12-12 — the owner never stamped this task: a dispatch problem, not a wedge; recorded for replay, NO hold, NO escalation record=/tmp/watchdog-r7-cF2LO5/.mpd/team/watchdog/incidents.jsonl
[mpd-team-watchdog] registration degraded: mpd-dsh-adapter: harness service "tools" is unavailable — cannot register tool "session-watchdog-hold"
[mpd-team-watchdog] applied: enabled=true warnSilenceMs=90000 tickIntervalMs=15000 warnStreakToEscalate=3 actionOnEscalate=pause stateDir=.mpd/team disposers=0 holdService=mpdWatchdog hydratedHolds=0 deadTeamGraceMs=86400000 toolInFlightMaxMs=900000
[mpd-team-watchdog] NEVER-STARTED mpd-default task=t1 member=Planner attempt=(none) — the owner never stamped this task: a dispatch problem, not a wedge; recorded for replay, NO hold, NO escalation record=/tmp/watchdog-r7-V6ZHj7/.mpd/team/watchdog/incidents.jsonl
[mpd-team-watchdog] NEVER-STARTED mpd-default task=t2 member=Explorer attempt=(none) — the owner never stamped this task: a dispatch problem, not a wedge; recorded for replay, NO hold, NO escalation record=/tmp/watchdog-r7-V6ZHj7/.mpd/team/watchdog/incidents.jsonl
[mpd-team-watchdog] NEVER-STARTED mpd-default task=t3 member=Researcher attempt=(none) — the owner never stamped this task: a dispatch problem, not a wedge; recorded for replay, NO hold, NO escalation record=/tmp/watchdog-r7-V6ZHj7/.mpd/team/watchdog/incidents.jsonl
[mpd-team-watchdog] NEVER-STARTED mpd-default task=t4 member=Researcher attempt=(none) — the owner never stamped this task: a dispatch problem, not a wedge; recorded for replay, NO hold, NO escalation record=/tmp/watchdog-r7-V6ZHj7/.mpd/team/watchdog/incidents.jsonl
[mpd-team-watchdog] NEVER-STARTED mpd-default task=t5 member=Explorer attempt=(none) — the owner never stamped this task: a dispatch problem, not a wedge; recorded for replay, NO hold, NO escalation record=/tmp/watchdog-r7-V6ZHj7/.mpd/team/watchdog/incidents.jsonl
[mpd-team-watchdog] NEVER-STARTED mpd-default task=t6 member=Architect attempt=(none) — the owner never stamped this task: a dispatch problem, not a wedge; recorded for replay, NO hold, NO escalation record=/tmp/watchdog-r7-V6ZHj7/.mpd/team/watchdog/incidents.jsonl
[mpd-team-watchdog] NEVER-STARTED mpd-default task=t7 member=Deep Worker attempt=(none) — the owner never stamped this task: a dispatch problem, not a wedge; recorded for replay, NO hold, NO escalation record=/tmp/watchdog-r7-V6ZHj7/.mpd/team/watchdog/incidents.jsonl
[mpd-team-watchdog] NEVER-STARTED mpd-default task=t8 member=Senior Engineer attempt=(none) — the owner never stamped this task: a dispatch problem, not a wedge; recorded for replay, NO hold, NO escalation record=/tmp/watchdog-r7-V6ZHj7/.mpd/team/watchdog/incidents.jsonl
[mpd-team-watchdog] NEVER-STARTED mpd-default task=t9 member=Senior Engineer attempt=(none) — the owner never stamped this task: a dispatch problem, not a wedge; recorded for replay, NO hold, NO escalation record=/tmp/watchdog-r7-V6ZHj7/.mpd/team/watchdog/incidents.jsonl
[mpd-team-watchdog] NEVER-STARTED mpd-default task=t10 member=Reviewer attempt=(none) — the owner never stamped this task: a dispatch problem, not a wedge; recorded for replay, NO hold, NO escalation record=/tmp/watchdog-r7-V6ZHj7/.mpd/team/watchdog/incidents.jsonl
[mpd-team-watchdog] NEVER-STARTED mpd-default task=t11 member=Reviewer attempt=(none) — the owner never stamped this task: a dispatch problem, not a wedge; recorded for replay, NO hold, NO escalation record=/tmp/watchdog-r7-V6ZHj7/.mpd/team/watchdog/incidents.jsonl
[mpd-team-watchdog] NEVER-STARTED mpd-default task=t12 member=Lead attempt=(none) — the owner never stamped this task: a dispatch problem, not a wedge; recorded for replay, NO hold, NO escalation record=/tmp/watchdog-r7-V6ZHj7/.mpd/team/watchdog/incidents.jsonl
[before] shape=staged tasks=12 dispatched=0 never-started=12 incidents=12 tickDecisions=0 holds=0
    [mpd-team-watchdog] NEVER-STARTED mpd-default task=t1 member=Planner attempt=(none) — the owner never stamped this task: a dispatch problem, not a wedge; recorded for replay, NO hold, NO escalation record=<sandbox>/.mpd/team/watchdog/incidents.jsonl
    [mpd-team-watchdog] NEVER-STARTED mpd-default task=t2 member=Explorer attempt=(none) — the owner never stamped this task: a dispatch problem, not a wedge; recorded for replay, NO hold, NO escalation record=<sandbox>/.mpd/team/watchdog/incidents.jsonl
    [mpd-team-watchdog] NEVER-STARTED mpd-default task=t3 member=Researcher attempt=(none) — the owner never stamped this task: a dispatch problem, not a wedge; recorded for replay, NO hold, NO escalation record=<sandbox>/.mpd/team/watchdog/incidents.jsonl
    [mpd-team-watchdog] NEVER-STARTED mpd-default task=t4 member=Researcher attempt=(none) — the owner never stamped this task: a dispatch problem, not a wedge; recorded for replay, NO hold, NO escalation record=<sandbox>/.mpd/team/watchdog/incidents.jsonl
    [mpd-team-watchdog] NEVER-STARTED mpd-default task=t5 member=Explorer attempt=(none) — the owner never stamped this task: a dispatch problem, not a wedge; recorded for replay, NO hold, NO escalation record=<sandbox>/.mpd/team/watchdog/incidents.jsonl
    [mpd-team-watchdog] NEVER-STARTED mpd-default task=t6 member=Architect attempt=(none) — the owner never stamped this task: a dispatch problem, not a wedge; recorded for replay, NO hold, NO escalation record=<sandbox>/.mpd/team/watchdog/incidents.jsonl
    [mpd-team-watchdog] NEVER-STARTED mpd-default task=t7 member=Deep Worker attempt=(none) — the owner never stamped this task: a dispatch problem, not a wedge; recorded for replay, NO hold, NO escalation record=<sandbox>/.mpd/team/watchdog/incidents.jsonl
    [mpd-team-watchdog] NEVER-STARTED mpd-default task=t8 member=Senior Engineer attempt=(none) — the owner never stamped this task: a dispatch problem, not a wedge; recorded for replay, NO hold, NO escalation record=<sandbox>/.mpd/team/watchdog/incidents.jsonl
    [mpd-team-watchdog] NEVER-STARTED mpd-default task=t9 member=Senior Engineer attempt=(none) — the owner never stamped this task: a dispatch problem, not a wedge; recorded for replay, NO hold, NO escalation record=<sandbox>/.mpd/team/watchdog/incidents.jsonl
    [mpd-team-watchdog] NEVER-STARTED mpd-default task=t10 member=Reviewer attempt=(none) — the owner never stamped this task: a dispatch problem, not a wedge; recorded for replay, NO hold, NO escalation record=<sandbox>/.mpd/team/watchdog/incidents.jsonl
    [mpd-team-watchdog] NEVER-STARTED mpd-default task=t11 member=Reviewer attempt=(none) — the owner never stamped this task: a dispatch problem, not a wedge; recorded for replay, NO hold, NO escalation record=<sandbox>/.mpd/team/watchdog/incidents.jsonl
    [mpd-team-watchdog] NEVER-STARTED mpd-default task=t12 member=Lead attempt=(none) — the owner never stamped this task: a dispatch problem, not a wedge; recorded for replay, NO hold, NO escalation record=<sandbox>/.mpd/team/watchdog/incidents.jsonl
[before] shape=dispatched tasks=12 dispatched=12 never-started=12 incidents=12 tickDecisions=0 holds=0
    [mpd-team-watchdog] NEVER-STARTED mpd-default task=t1 member=Planner attempt=att-t1-1 — the owner never stamped this task: a dispatch problem, not a wedge; recorded for replay, NO hold, NO escalation record=<sandbox>/.mpd/team/watchdog/incidents.jsonl
    [mpd-team-watchdog] NEVER-STARTED mpd-default task=t2 member=Explorer attempt=att-t2-2 — the owner never stamped this task: a dispatch problem, not a wedge; recorded for replay, NO hold, NO escalation record=<sandbox>/.mpd/team/watchdog/incidents.jsonl
    [mpd-team-watchdog] NEVER-STARTED mpd-default task=t3 member=Researcher attempt=att-t3-3 — the owner never stamped this task: a dispatch problem, not a wedge; recorded for replay, NO hold, NO escalation record=<sandbox>/.mpd/team/watchdog/incidents.jsonl
    [mpd-team-watchdog] NEVER-STARTED mpd-default task=t4 member=Researcher attempt=att-t4-4 — the owner never stamped this task: a dispatch problem, not a wedge; recorded for replay, NO hold, NO escalation record=<sandbox>/.mpd/team/watchdog/incidents.jsonl
    [mpd-team-watchdog] NEVER-STARTED mpd-default task=t5 member=Explorer attempt=att-t5-5 — the owner never stamped this task: a dispatch problem, not a wedge; recorded for replay, NO hold, NO escalation record=<sandbox>/.mpd/team/watchdog/incidents.jsonl
    [mpd-team-watchdog] NEVER-STARTED mpd-default task=t6 member=Architect attempt=att-t6-6 — the owner never stamped this task: a dispatch problem, not a wedge; recorded for replay, NO hold, NO escalation record=<sandbox>/.mpd/team/watchdog/incidents.jsonl
    [mpd-team-watchdog] NEVER-STARTED mpd-default task=t7 member=Deep Worker attempt=att-t7-7 — the owner never stamped this task: a dispatch problem, not a wedge; recorded for replay, NO hold, NO escalation record=<sandbox>/.mpd/team/watchdog/incidents.jsonl
    [mpd-team-watchdog] NEVER-STARTED mpd-default task=t8 member=Senior Engineer attempt=att-t8-8 — the owner never stamped this task: a dispatch problem, not a wedge; recorded for replay, NO hold, NO escalation record=<sandbox>/.mpd/team/watchdog/incidents.jsonl
    [mpd-team-watchdog] NEVER-STARTED mpd-default task=t9 member=Senior Engineer attempt=att-t9-9 — the owner never stamped this task: a dispatch problem, not a wedge; recorded for replay, NO hold, NO escalation record=<sandbox>/.mpd/team/watchdog/incidents.jsonl
    [mpd-team-watchdog] NEVER-STARTED mpd-default task=t10 member=Reviewer attempt=att-t10-10 — the owner never stamped this task: a dispatch problem, not a wedge; recorded for replay, NO hold, NO escalation record=<sandbox>/.mpd/team/watchdog/incidents.jsonl
    [mpd-team-watchdog] NEVER-STARTED mpd-default task=t11 member=Reviewer attempt=att-t11-11 — the owner never stamped this task: a dispatch problem, not a wedge; recorded for replay, NO hold, NO escalation record=<sandbox>/.mpd/team/watchdog/incidents.jsonl
    [mpd-team-watchdog] NEVER-STARTED mpd-default task=t12 member=Lead attempt=att-t12-12 — the owner never stamped this task: a dispatch problem, not a wedge; recorded for replay, NO hold, NO escalation record=<sandbox>/.mpd/team/watchdog/incidents.jsonl
[before] shape=revoked tasks=12 dispatched=0 never-started=12 incidents=12 tickDecisions=0 holds=0
    [mpd-team-watchdog] NEVER-STARTED mpd-default task=t1 member=Planner attempt=(none) — the owner never stamped this task: a dispatch problem, not a wedge; recorded for replay, NO hold, NO escalation record=<sandbox>/.mpd/team/watchdog/incidents.jsonl
    [mpd-team-watchdog] NEVER-STARTED mpd-default task=t2 member=Explorer attempt=(none) — the owner never stamped this task: a dispatch problem, not a wedge; recorded for replay, NO hold, NO escalation record=<sandbox>/.mpd/team/watchdog/incidents.jsonl
    [mpd-team-watchdog] NEVER-STARTED mpd-default task=t3 member=Researcher attempt=(none) — the owner never stamped this task: a dispatch problem, not a wedge; recorded for replay, NO hold, NO escalation record=<sandbox>/.mpd/team/watchdog/incidents.jsonl
    [mpd-team-watchdog] NEVER-STARTED mpd-default task=t4 member=Researcher attempt=(none) — the owner never stamped this task: a dispatch problem, not a wedge; recorded for replay, NO hold, NO escalation record=<sandbox>/.mpd/team/watchdog/incidents.jsonl
    [mpd-team-watchdog] NEVER-STARTED mpd-default task=t5 member=Explorer attempt=(none) — the owner never stamped this task: a dispatch problem, not a wedge; recorded for replay, NO hold, NO escalation record=<sandbox>/.mpd/team/watchdog/incidents.jsonl
    [mpd-team-watchdog] NEVER-STARTED mpd-default task=t6 member=Architect attempt=(none) — the owner never stamped this task: a dispatch problem, not a wedge; recorded for replay, NO hold, NO escalation record=<sandbox>/.mpd/team/watchdog/incidents.jsonl
    [mpd-team-watchdog] NEVER-STARTED mpd-default task=t7 member=Deep Worker attempt=(none) — the owner never stamped this task: a dispatch problem, not a wedge; recorded for replay, NO hold, NO escalation record=<sandbox>/.mpd/team/watchdog/incidents.jsonl
    [mpd-team-watchdog] NEVER-STARTED mpd-default task=t8 member=Senior Engineer attempt=(none) — the owner never stamped this task: a dispatch problem, not a wedge; recorded for replay, NO hold, NO escalation record=<sandbox>/.mpd/team/watchdog/incidents.jsonl
    [mpd-team-watchdog] NEVER-STARTED mpd-default task=t9 member=Senior Engineer attempt=(none) — the owner never stamped this task: a dispatch problem, not a wedge; recorded for replay, NO hold, NO escalation record=<sandbox>/.mpd/team/watchdog/incidents.jsonl
    [mpd-team-watchdog] NEVER-STARTED mpd-default task=t10 member=Reviewer attempt=(none) — the owner never stamped this task: a dispatch problem, not a wedge; recorded for replay, NO hold, NO escalation record=<sandbox>/.mpd/team/watchdog/incidents.jsonl
    [mpd-team-watchdog] NEVER-STARTED mpd-default task=t11 member=Reviewer attempt=(none) — the owner never stamped this task: a dispatch problem, not a wedge; recorded for replay, NO hold, NO escalation record=<sandbox>/.mpd/team/watchdog/incidents.jsonl
    [mpd-team-watchdog] NEVER-STARTED mpd-default task=t12 member=Lead attempt=(none) — the owner never stamped this task: a dispatch problem, not a wedge; recorded for replay, NO hold, NO escalation record=<sandbox>/.mpd/team/watchdog/incidents.jsonl
[before] dist sha256=810e0fb315e968ac897d44e297d073cb30063df8a5b8b0569d7effce2cb8d269 bytes=125754

====================================================================================================
== AFTER (rebuilt dist 09ee6712…, same three records)
====================================================================================================
[mpd-team-watchdog] registration degraded: mpd-dsh-adapter: harness service "tools" is unavailable — cannot register tool "session-watchdog-hold"
[mpd-team-watchdog] applied: enabled=true warnSilenceMs=90000 tickIntervalMs=15000 warnStreakToEscalate=3 actionOnEscalate=pause stateDir=.mpd/team disposers=0 holdService=mpdWatchdog hydratedHolds=0 deadTeamGraceMs=86400000 toolInFlightMaxMs=900000
[mpd-team-watchdog] registration degraded: mpd-dsh-adapter: harness service "tools" is unavailable — cannot register tool "session-watchdog-hold"
[mpd-team-watchdog] applied: enabled=true warnSilenceMs=90000 tickIntervalMs=15000 warnStreakToEscalate=3 actionOnEscalate=pause stateDir=.mpd/team disposers=0 holdService=mpdWatchdog hydratedHolds=0 deadTeamGraceMs=86400000 toolInFlightMaxMs=900000
[mpd-team-watchdog] NEVER-STARTED mpd-default task=t1 member=Planner attempt=att-t1-1 — the owner never stamped this task: a dispatch problem, not a wedge; recorded for replay, NO hold, NO escalation record=/tmp/watchdog-r7-eHuEfa/.mpd/team/watchdog/incidents.jsonl
[mpd-team-watchdog] NEVER-STARTED mpd-default task=t2 member=Explorer attempt=att-t2-2 — the owner never stamped this task: a dispatch problem, not a wedge; recorded for replay, NO hold, NO escalation record=/tmp/watchdog-r7-eHuEfa/.mpd/team/watchdog/incidents.jsonl
[mpd-team-watchdog] NEVER-STARTED mpd-default task=t3 member=Researcher attempt=att-t3-3 — the owner never stamped this task: a dispatch problem, not a wedge; recorded for replay, NO hold, NO escalation record=/tmp/watchdog-r7-eHuEfa/.mpd/team/watchdog/incidents.jsonl
[mpd-team-watchdog] NEVER-STARTED mpd-default task=t4 member=Researcher attempt=att-t4-4 — the owner never stamped this task: a dispatch problem, not a wedge; recorded for replay, NO hold, NO escalation record=/tmp/watchdog-r7-eHuEfa/.mpd/team/watchdog/incidents.jsonl
[mpd-team-watchdog] NEVER-STARTED mpd-default task=t5 member=Explorer attempt=att-t5-5 — the owner never stamped this task: a dispatch problem, not a wedge; recorded for replay, NO hold, NO escalation record=/tmp/watchdog-r7-eHuEfa/.mpd/team/watchdog/incidents.jsonl
[mpd-team-watchdog] NEVER-STARTED mpd-default task=t6 member=Architect attempt=att-t6-6 — the owner never stamped this task: a dispatch problem, not a wedge; recorded for replay, NO hold, NO escalation record=/tmp/watchdog-r7-eHuEfa/.mpd/team/watchdog/incidents.jsonl
[mpd-team-watchdog] NEVER-STARTED mpd-default task=t7 member=Deep Worker attempt=att-t7-7 — the owner never stamped this task: a dispatch problem, not a wedge; recorded for replay, NO hold, NO escalation record=/tmp/watchdog-r7-eHuEfa/.mpd/team/watchdog/incidents.jsonl
[mpd-team-watchdog] NEVER-STARTED mpd-default task=t8 member=Senior Engineer attempt=att-t8-8 — the owner never stamped this task: a dispatch problem, not a wedge; recorded for replay, NO hold, NO escalation record=/tmp/watchdog-r7-eHuEfa/.mpd/team/watchdog/incidents.jsonl
[mpd-team-watchdog] NEVER-STARTED mpd-default task=t9 member=Senior Engineer attempt=att-t9-9 — the owner never stamped this task: a dispatch problem, not a wedge; recorded for replay, NO hold, NO escalation record=/tmp/watchdog-r7-eHuEfa/.mpd/team/watchdog/incidents.jsonl
[mpd-team-watchdog] NEVER-STARTED mpd-default task=t10 member=Reviewer attempt=att-t10-10 — the owner never stamped this task: a dispatch problem, not a wedge; recorded for replay, NO hold, NO escalation record=/tmp/watchdog-r7-eHuEfa/.mpd/team/watchdog/incidents.jsonl
[mpd-team-watchdog] NEVER-STARTED mpd-default task=t11 member=Reviewer attempt=att-t11-11 — the owner never stamped this task: a dispatch problem, not a wedge; recorded for replay, NO hold, NO escalation record=/tmp/watchdog-r7-eHuEfa/.mpd/team/watchdog/incidents.jsonl
[mpd-team-watchdog] NEVER-STARTED mpd-default task=t12 member=Lead attempt=att-t12-12 — the owner never stamped this task: a dispatch problem, not a wedge; recorded for replay, NO hold, NO escalation record=/tmp/watchdog-r7-eHuEfa/.mpd/team/watchdog/incidents.jsonl
[mpd-team-watchdog] registration degraded: mpd-dsh-adapter: harness service "tools" is unavailable — cannot register tool "session-watchdog-hold"
[mpd-team-watchdog] applied: enabled=true warnSilenceMs=90000 tickIntervalMs=15000 warnStreakToEscalate=3 actionOnEscalate=pause stateDir=.mpd/team disposers=0 holdService=mpdWatchdog hydratedHolds=0 deadTeamGraceMs=86400000 toolInFlightMaxMs=900000
[mpd-team-watchdog] NEVER-STARTED mpd-default task=t1 member=Planner attempt=(none) — the owner never stamped this task: a dispatch problem, not a wedge; recorded for replay, NO hold, NO escalation record=/tmp/watchdog-r7-SlRpH3/.mpd/team/watchdog/incidents.jsonl
[after] shape=staged tasks=12 dispatched=0 never-started=0 incidents=0 tickDecisions=0 holds=0
[after] shape=dispatched tasks=12 dispatched=12 never-started=12 incidents=12 tickDecisions=0 holds=0
    [mpd-team-watchdog] NEVER-STARTED mpd-default task=t1 member=Planner attempt=att-t1-1 — the owner never stamped this task: a dispatch problem, not a wedge; recorded for replay, NO hold, NO escalation record=<sandbox>/.mpd/team/watchdog/incidents.jsonl
    [mpd-team-watchdog] NEVER-STARTED mpd-default task=t2 member=Explorer attempt=att-t2-2 — the owner never stamped this task: a dispatch problem, not a wedge; recorded for replay, NO hold, NO escalation record=<sandbox>/.mpd/team/watchdog/incidents.jsonl
    [mpd-team-watchdog] NEVER-STARTED mpd-default task=t3 member=Researcher attempt=att-t3-3 — the owner never stamped this task: a dispatch problem, not a wedge; recorded for replay, NO hold, NO escalation record=<sandbox>/.mpd/team/watchdog/incidents.jsonl
    [mpd-team-watchdog] NEVER-STARTED mpd-default task=t4 member=Researcher attempt=att-t4-4 — the owner never stamped this task: a dispatch problem, not a wedge; recorded for replay, NO hold, NO escalation record=<sandbox>/.mpd/team/watchdog/incidents.jsonl
    [mpd-team-watchdog] NEVER-STARTED mpd-default task=t5 member=Explorer attempt=att-t5-5 — the owner never stamped this task: a dispatch problem, not a wedge; recorded for replay, NO hold, NO escalation record=<sandbox>/.mpd/team/watchdog/incidents.jsonl
    [mpd-team-watchdog] NEVER-STARTED mpd-default task=t6 member=Architect attempt=att-t6-6 — the owner never stamped this task: a dispatch problem, not a wedge; recorded for replay, NO hold, NO escalation record=<sandbox>/.mpd/team/watchdog/incidents.jsonl
    [mpd-team-watchdog] NEVER-STARTED mpd-default task=t7 member=Deep Worker attempt=att-t7-7 — the owner never stamped this task: a dispatch problem, not a wedge; recorded for replay, NO hold, NO escalation record=<sandbox>/.mpd/team/watchdog/incidents.jsonl
    [mpd-team-watchdog] NEVER-STARTED mpd-default task=t8 member=Senior Engineer attempt=att-t8-8 — the owner never stamped this task: a dispatch problem, not a wedge; recorded for replay, NO hold, NO escalation record=<sandbox>/.mpd/team/watchdog/incidents.jsonl
    [mpd-team-watchdog] NEVER-STARTED mpd-default task=t9 member=Senior Engineer attempt=att-t9-9 — the owner never stamped this task: a dispatch problem, not a wedge; recorded for replay, NO hold, NO escalation record=<sandbox>/.mpd/team/watchdog/incidents.jsonl
    [mpd-team-watchdog] NEVER-STARTED mpd-default task=t10 member=Reviewer attempt=att-t10-10 — the owner never stamped this task: a dispatch problem, not a wedge; recorded for replay, NO hold, NO escalation record=<sandbox>/.mpd/team/watchdog/incidents.jsonl
    [mpd-team-watchdog] NEVER-STARTED mpd-default task=t11 member=Reviewer attempt=att-t11-11 — the owner never stamped this task: a dispatch problem, not a wedge; recorded for replay, NO hold, NO escalation record=<sandbox>/.mpd/team/watchdog/incidents.jsonl
    [mpd-team-watchdog] NEVER-STARTED mpd-default task=t12 member=Lead attempt=att-t12-12 — the owner never stamped this task: a dispatch problem, not a wedge; recorded for replay, NO hold, NO escalation record=<sandbox>/.mpd/team/watchdog/incidents.jsonl
[after] shape=revoked tasks=12 dispatched=0 never-started=1 incidents=1 tickDecisions=0 holds=0
    [mpd-team-watchdog] NEVER-STARTED mpd-default task=t1 member=Planner attempt=(none) — the owner never stamped this task: a dispatch problem, not a wedge; recorded for replay, NO hold, NO escalation record=<sandbox>/.mpd/team/watchdog/incidents.jsonl
[after] dist sha256=09ee67120f80eb2ca4663e7fa70320d06b6b9eab28ec8a115505bf23517dd0a4 bytes=125566

====================================================================================================
== RECORD CLEANUP (raw/prune-defect-records.out)
====================================================================================================
{
  "workspace": "/root/dshProj/my-power-dsh",
  "stamp": "20260916T034935Z",
  "incidents": {
    "before": 42,
    "removedDefectRecords": 26,
    "after": 16,
    "newestKept": 1789525136074,
    "backup": "/root/dshProj/my-power-dsh/.mpd/team/watchdog/incidents.jsonl.bak-20260916T034935Z"
  },
  "removedByKind": {
    "t83": 1,
    "t85": 1,
    "t1": 2,
    "t2": 2,
    "t3": 2,
    "t4": 2,
    "t5": 2,
    "t6": 2,
    "t7": 2,
    "t10": 2,
    "t11": 2,
    "t12": 2,
    "t8": 2,
    "t9": 2
  },
  "keptByKind": {
    "never-started": 4,
    "warn": 8,
    "escalate": 4
  },
  "watermark": {
    "reader": "web-panel",
    "before": 0,
    "after": 1789525136074,
    "path": "/root/dshProj/my-power-dsh/.mpd/team/watchdog/read-watermark.json"
  }
}

====================================================================================================
== PANEL PAYLOAD (raw/panel-state.out)
====================================================================================================
reader=web-panel
BEFORE {"stuck":true,"replay":true,"unread":42,"banner":{"kind":"warned"},"holds":0}
AFTER  {"stuck":false,"replay":false,"unread":0,"banner":null,"holds":0}

====================================================================================================
== GATE package tests (gates/package-tests.out)
====================================================================================================
bun test v1.3.14 (0d9b296a)

packages/mpd-team-watchdog-plugin/test/dispatch-precondition.test.ts:
(pass) a staged plan is never a dispatch problem > 12 pending assigned tasks, no attempt and no stamp: NO record, NO console line, NO hold [4.98ms]
[mpd-team-watchdog-test] NEVER-STARTED mpd-default task=t1 member=Planner attempt=att-t1 — the owner never stamped this task: a dispatch problem, not a wedge; recorded for replay, NO hold, NO escalation record=/tmp/watchdog-test-I0oIJi/.mpd/team/watchdog/incidents.jsonl
[mpd-team-watchdog-test] NEVER-STARTED mpd-default task=t2 member=Planner attempt=att-t2 — the owner never stamped this task: a dispatch problem, not a wedge; recorded for replay, NO hold, NO escalation record=/tmp/watchdog-test-I0oIJi/.mpd/team/watchdog/incidents.jsonl
[mpd-team-watchdog-test] NEVER-STARTED mpd-default task=t3 member=Planner attempt=att-t3 — the owner never stamped this task: a dispatch problem, not a wedge; recorded for replay, NO hold, NO escalation record=/tmp/watchdog-test-I0oIJi/.mpd/team/watchdog/incidents.jsonl
[mpd-team-watchdog-test] NEVER-STARTED mpd-default task=t4 member=Planner attempt=att-t4 — the owner never stamped this task: a dispatch problem, not a wedge; recorded for replay, NO hold, NO escalation record=/tmp/watchdog-test-I0oIJi/.mpd/team/watchdog/incidents.jsonl
[mpd-team-watchdog-test] NEVER-STARTED mpd-default task=t5 member=Planner attempt=att-t5 — the owner never stamped this task: a dispatch problem, not a wedge; recorded for replay, NO hold, NO escalation record=/tmp/watchdog-test-I0oIJi/.mpd/team/watchdog/incidents.jsonl
[mpd-team-watchdog-test] NEVER-STARTED mpd-default task=t6 member=Planner attempt=att-t6 — the owner never stamped this task: a dispatch problem, not a wedge; recorded for replay, NO hold, NO escalation record=/tmp/watchdog-test-I0oIJi/.mpd/team/watchdog/incidents.jsonl
[mpd-team-watchdog-test] NEVER-STARTED mpd-default task=t7 member=Planner attempt=att-t7 — the owner never stamped this task: a dispatch problem, not a wedge; recorded for replay, NO hold, NO escalation record=/tmp/watchdog-test-I0oIJi/.mpd/team/watchdog/incidents.jsonl
[mpd-team-watchdog-test] NEVER-STARTED mpd-default task=t8 member=Planner attempt=att-t8 — the owner never stamped this task: a dispatch problem, not a wedge; recorded for replay, NO hold, NO escalation record=/tmp/watchdog-test-I0oIJi/.mpd/team/watchdog/incidents.jsonl
[mpd-team-watchdog-test] NEVER-STARTED mpd-default task=t9 member=Planner attempt=att-t9 — the owner never stamped this task: a dispatch problem, not a wedge; recorded for replay, NO hold, NO escalation record=/tmp/watchdog-test-I0oIJi/.mpd/team/watchdog/incidents.jsonl
[mpd-team-watchdog-test] NEVER-STARTED mpd-default task=t10 member=Planner attempt=att-t10 — the owner never stamped this task: a dispatch problem, not a wedge; recorded for replay, NO hold, NO escalation record=/tmp/watchdog-test-I0oIJi/.mpd/team/watchdog/incidents.jsonl
[mpd-team-watchdog-test] NEVER-STARTED mpd-default task=t11 member=Planner attempt=att-t11 — the owner never stamped this task: a dispatch problem, not a wedge; recorded for replay, NO hold, NO escalation record=/tmp/watchdog-test-I0oIJi/.mpd/team/watchdog/incidents.jsonl
[mpd-team-watchdog-test] NEVER-STARTED mpd-default task=t12 member=Planner attempt=att-t12 — the owner never stamped this task: a dispatch problem, not a wedge; recorded for replay, NO hold, NO escalation record=/tmp/watchdog-test-I0oIJi/.mpd/team/watchdog/incidents.jsonl
(pass) a staged plan is never a dispatch problem > CONTROL: the same record WITH dispatch attempts still reports every never-started task [2.02ms]
[mpd-team-watchdog-test] NEVER-STARTED mpd-default task=t1 member=Planner attempt=(none) — the owner never stamped this task: a dispatch problem, not a wedge; recorded for replay, NO hold, NO escalation record=/tmp/watchdog-test-8QoK9I/.mpd/team/watchdog/incidents.jsonl
(pass) a staged plan is never a dispatch problem > a REVOKED generation (attempt cleared, one old stamp) stays observable — and only that task does [1.47ms]
(pass) candidateFor applies the precondition > an un-dispatched task is not a candidate; a dispatched one is [0.11ms]
(pass) candidateFor applies the precondition > a stamp for the task keeps it observable even without a live attempt [0.15ms]
(pass) candidateFor applies the precondition > an EARLIER generation's stamp still proves the task was worked on; another TEAM's does not [0.17ms]

packages/mpd-team-watchdog-plugin/test/pre-step-waterfall.test.ts:
(pass) agent/pre-step is a waterfall (the decision must survive a heartbeat) > the pre-step listener DELEGATES: the decision reaches the harness unchanged [6.20ms]
(pass) agent/pre-step is a waterfall (the decision must survive a heartbeat) > the listener delegates DOWNSTREAM: a later listener still runs and its decision wins [1.85ms]
(pass) agent/pre-step is a waterfall (the decision must survive a heartbeat) > NEGATIVE CONTROL: the retired shape really does clobber the decision [0.83ms]
(pass) agent/pre-step is a waterfall (the decision must survive a heartbeat) > no listener we install returns a value on a non-waterfall dispatch (emit/serial) [1.39ms]
(pass) agent/pre-step is a waterfall (the decision must survive a heartbeat) > a THROWING stamp still delegates: a heartbeat failure never vetoes the step [1.38ms]

packages/mpd-team-watchdog-plugin/test/heartbeat.test.ts:
(pass) heartbeat store > a model step stamps the member AND the task the member owns [2.12ms]
(pass) heartbeat store > the captain is stamped under its own key by the same code path [0.47ms]
(pass) heartbeat store > an agent outside every team still stamps, under a per-session key [0.58ms]
(pass) heartbeat store > the tool pair: the PRE hook opens the call (tool-start), the POST hook closes it (tool) [0.90ms]
(pass) heartbeat store > turn boundaries are stamped and an old generation is rotated away [2.04ms]
(pass) heartbeat store > timestamps advance across a turn (>= 3 distinct lastSeen values) [14.71ms]
(pass) heartbeat store > r2: rotation is PER TEAM, so one team's turnover cannot evict the other team's evidence [0.71ms]
(pass) heartbeat store > a torn last line does not hide the stamps before it [0.39ms]

packages/mpd-team-watchdog-plugin/test/holds.test.ts:
(pass) the mpdWatchdog reader (A2-1 option (b)) > an unknown team is not held, and a recorded hold makes it held [0.89ms]
(pass) the mpdWatchdog reader (A2-1 option (b)) > the file fallback answers for a hold ANOTHER process wrote (the cross-process caveat) [0.64ms]
[mpd-team-watchdog] applied: enabled=true warnSilenceMs=7200000 tickIntervalMs=3600000 warnStreakToEscalate=3 actionOnEscalate=pause stateDir=.mpd/team disposers=6 holdService=mpdWatchdog hydratedHolds=1 deadTeamGraceMs=86400000 toolInFlightMaxMs=900000
(pass) the mpdWatchdog reader (A2-1 option (b)) > hydrate at apply loads the holds that already exist on disk [1.74ms]
[mpd-team-watchdog] applied: enabled=true warnSilenceMs=7200000 tickIntervalMs=3600000 warnStreakToEscalate=3 actionOnEscalate=pause stateDir=.mpd/team disposers=6 holdService=mpdWatchdog hydratedHolds=0 deadTeamGraceMs=86400000 toolInFlightMaxMs=900000
(pass) the mpdWatchdog reader (A2-1 option (b)) > the documented gate call shape returns exactly what a decline gate branches on [1.31ms]
[mpd-team-watchdog] ctx.provide is unavailable — the hold reader is not published and the w7 gates stay fail-open
[mpd-team-watchdog] applied: enabled=true warnSilenceMs=7200000 tickIntervalMs=3600000 warnStreakToEscalate=3 actionOnEscalate=pause stateDir=.mpd/team disposers=6 holdService=none hydratedHolds=0 deadTeamGraceMs=86400000 toolInFlightMaxMs=900000
(pass) the mpdWatchdog reader (A2-1 option (b)) > FAIL-OPEN: a context without ctx.provide publishes no service, and the gate expression is simply false [0.29ms]
(pass) the mpdWatchdog reader (A2-1 option (b)) > never throws on a hostile path: the gates call it on every dispatch [0.26ms]
[mpd-team-watchdog] applied: enabled=true warnSilenceMs=7200000 tickIntervalMs=3600000 warnStreakToEscalate=3 actionOnEscalate=pause stateDir=.mpd/team disposers=6 holdService=mpdWatchdog hydratedHolds=0 deadTeamGraceMs=86400000 toolInFlightMaxMs=900000
(pass) the mpdWatchdog reader (A2-1 option (b)) > a mutation through the plugin's own actions keeps the reader in step, both ways [0.89ms]
(pass) the mpdWatchdog reader (A2-1 option (b)) > a direct applyResume with no registry argument still works (the registry is optional) [0.29ms]
[mpd-team-watchdog] knob watchdog.tickIntervalMs: must be < watchdog.warnSilenceMs (90000); clamped — using 30000
[mpd-team-watchdog] applied: enabled=true warnSilenceMs=90000 tickIntervalMs=30000 warnStreakToEscalate=3 actionOnEscalate=pause stateDir=.mpd/team disposers=6 holdService=mpdWatchdog hydratedHolds=0 deadTeamGraceMs=86400000 toolInFlightMaxMs=900000
[mpd-team-watchdog] WARN team-a task=t1 member=Architect silence=90001ms streak=1 hold=not-requested scene=/tmp/watchdog-test-zZkAkO/.mpd/team/watchdog/scene/team-a/20260916T040051Z-warn.json
[mpd-team-watchdog] WARN team-a task=t1 member=Architect silence=90002ms streak=2 hold=not-requested scene=/tmp/watchdog-test-zZkAkO/.mpd/team/watchdog/scene/team-a/20260916T040051Z-warn-2.json
[mpd-team-watchdog] ESCALATE team-a task=t1 member=Architect silence=90003ms streak=3 hold=applied scene=/tmp/watchdog-test-zZkAkO/.mpd/team/watchdog/scene/team-a/20260916T040051Z-escalate.json
(pass) the engine keeps the reader in step with its own hold > an ESCALATE hold lands in the registry through the plugin's own tool action [5.00ms]
[mpd-team-watchdog] applied: enabled=true warnSilenceMs=7200000 tickIntervalMs=3600000 warnStreakToEscalate=3 actionOnEscalate=pause stateDir=.mpd/team disposers=6 holdService=mpdWatchdog hydratedHolds=0 deadTeamGraceMs=86400000 toolInFlightMaxMs=900000
[mpd-team-watchdog] WARN team-a task=t1 member=Architect silence=30001ms streak=1 hold=not-requested scene=/tmp/watchdog-test-MATj9S/.mpd/team/watchdog/scene/team-a/20260916T035951Z-warn.json
(pass) the engine keeps the reader in step with its own hold > a namespace that registers AFTER apply still tunes the tick (per-tick knob re-read) [1.46ms]
(pass) the mpdWatchdog service's front-door reads (w6b) > heldTeams lists the live hold index from disk, sorted, and answers [] with no store [0.58ms]
(pass) the mpdWatchdog service's front-door reads (w6b) > view / unread / acknowledge drive the durable watermark (byte-level) and never throw [1.48ms]
[mpd-team-watchdog] applied: enabled=true warnSilenceMs=7200000 tickIntervalMs=3600000 warnStreakToEscalate=3 actionOnEscalate=pause stateDir=.mpd/team disposers=6 holdService=mpdWatchdog hydratedHolds=0 deadTeamGraceMs=86400000 toolInFlightMaxMs=900000
(pass) the mpdWatchdog service's front-door reads (w6b) > the published service carries every front-door member, and holdService is still mpdWatchdog [0.51ms]

packages/mpd-team-watchdog-plugin/test/failsafe.test.ts:
(pass) AC-15 fail-safe > a throwing tick body is caught and counted, and the tick still returns [2.61ms]
[mpd-team-watchdog] applied: enabled=true warnSilenceMs=120000 tickIntervalMs=60000 warnStreakToEscalate=3 actionOnEscalate=pause stateDir=.mpd/team disposers=6 holdService=mpdWatchdog hydratedHolds=0 deadTeamGraceMs=86400000 toolInFlightMaxMs=900000
(pass) AC-15 fail-safe > exactly ONE interval owns the cadence, and a live cadence change replaces it [0.44ms]
(pass) AC-15 fail-safe > a tick with no state change writes nothing (no write loop) [1.65ms]
(pass) AC-15 fail-safe > an unwritable heartbeat location degrades to a counted failure [0.68ms]
[mpd-team-watchdog-test] WARN team-a task=t1 member=Architect silence=90001ms streak=1 hold=not-requested scene=/tmp/watchdog-test-wZ2pPF/.mpd/team/watchdog/scene/team-a/20260916T040051Z-warn.json
(pass) AC-15 fail-safe > a tick that starts while the previous one runs is skipped, never queued [1.16ms]
(pass) AC-15 fail-safe > the env kill switch makes the tick observe nothing at all [0.82ms]
[mpd-team-watchdog] disabled by configuration — no heartbeat tick will run
[mpd-team-watchdog] applied: enabled=false warnSilenceMs=7200000 tickIntervalMs=3600000 warnStreakToEscalate=3 actionOnEscalate=pause stateDir=.mpd/team disposers=6 holdService=mpdWatchdog hydratedHolds=0 deadTeamGraceMs=86400000 toolInFlightMaxMs=900000
(pass) AC-15 fail-safe > a row config kill switch also disables the engine [0.37ms]

packages/mpd-team-watchdog-plugin/test/sidecars.test.ts:
(pass) the hold sidecar > lives beside team.json and never changes a byte of it [0.59ms]
(pass) the hold sidecar > is idempotent by id: a second identical write changes no bytes [0.24ms]
(pass) the hold sidecar > re-applying a hold keeps the original id and since (the hold is not restarted) [0.31ms]
(pass) the hold sidecar > a resume of a non-held team is a no-op, and a second resume is a no-op [0.36ms]
(pass) the hold sidecar > a hold without a team_id is refused with a reason, never thrown [0.30ms]
(pass) incidents and the read watermark > a record per incident plus a watermark per reader [0.66ms]
[mpd-team-watchdog] applied: enabled=true warnSilenceMs=7200000 tickIntervalMs=3600000 warnStreakToEscalate=3 actionOnEscalate=pause stateDir=.mpd/team disposers=6 holdService=mpdWatchdog hydratedHolds=0 deadTeamGraceMs=86400000 toolInFlightMaxMs=900000
(pass) the plugin's own actions > apply() registers exactly the three actions on the adapter [0.30ms]
[mpd-team-watchdog] applied: enabled=true warnSilenceMs=7200000 tickIntervalMs=3600000 warnStreakToEscalate=3 actionOnEscalate=pause stateDir=.mpd/team disposers=6 holdService=mpdWatchdog hydratedHolds=0 deadTeamGraceMs=86400000 toolInFlightMaxMs=900000
(pass) the plugin's own actions > the hold and resume actions are reachable through the adapter's internal tool seam [0.87ms]

packages/mpd-team-watchdog-plugin/test/machine.test.ts:
(pass) knobs > an absent namespace resolves to the frozen defaults [0.12ms]
(pass) knobs > the watchdog section is read from the mpd namespace by its exact paths [0.07ms]
(pass) knobs > a cadence at or beyond the silence threshold is clamped loudly, not thrown [0.07ms]
(pass) knobs > a bad knob type falls back with a recorded issue [0.09ms]
(pass) knobs > the env kill switch forces the watchdog off [0.04ms]
(pass) the machine > exactly one WARN per silent tick, and the third WARN escalates once [0.25ms]
(pass) the machine > a new attemptId starts a clean streak [0.10ms]
(pass) the machine > any recent stamp resets the streak [0.07ms]
(pass) the machine > a claimed task whose owner never stamped is never-started, and never escalates [0.09ms]
(pass) the machine > a COMPLETED turn is not a wedge: a turn-end newest stamp never warns or escalates [0.11ms]
(pass) the machine > a stale streak is RESET by the boundary (the completed turn cannot spend it later) [0.17ms]
(pass) the machine > W11-1 REGRESSION (the Reviewer's exact probe shape): two teams, both tasks t1, BOTH with an empty attemptId, each observed once per tick [0.40ms]
(pass) the machine > W11-2: a stamp from ANOTHER attempt does not satisfy the precondition (it is never-started, not silent) [0.07ms]
(pass) the machine > a disabled watchdog observes nothing [0.04ms]
[mpd-team-watchdog-test] WARN team-a task=t1 member=Architect silence=90001ms streak=1 hold=not-requested scene=/tmp/watchdog-test-vrwpIE/.mpd/team/watchdog/scene/team-a/20260916T040051Z-warn.json
[mpd-team-watchdog-test] WARN team-a task=t1 member=Architect silence=90002ms streak=2 hold=not-requested scene=/tmp/watchdog-test-vrwpIE/.mpd/team/watchdog/scene/team-a/20260916T040051Z-warn-2.json
[mpd-team-watchdog-test] the hold action was unreachable through the tool seam (unknown tool session-watchdog-hold) — falling back to a direct write
[mpd-team-watchdog-test] ESCALATE team-a task=t1 member=Architect silence=90003ms streak=3 hold=applied scene=/tmp/watchdog-test-vrwpIE/.mpd/team/watchdog/scene/team-a/20260916T040051Z-escalate.json
(pass) the machine over a real team record > WARN then ESCALATE land on disk with the hold applied through the tool seam [2.95ms]
[mpd-team-watchdog-test] knobs re-read (enabled=true, warnSilenceMs=20000, tickIntervalMs=15000, warnStreakToEscalate=3, actionOnEscalate=pause)
[mpd-team-watchdog-test] WARN team-a task=t1 member=Architect silence=30001ms streak=1 hold=not-requested scene=/tmp/watchdog-test-CYLaCe/.mpd/team/watchdog/scene/team-a/20260916T035951Z-warn.json
(pass) the machine over a real team record > a live knob change is picked up without a restart [1.51ms]

packages/mpd-team-watchdog-plugin/test/tool-inflight.test.ts:
(pass) r6 — the in-flight derivation (pure) > a start with no completion is in flight; its completion closes it [0.26ms]
(pass) r6 — the in-flight derivation (pure) > callId pairing: a completed sibling cannot clear a still-running call [0.07ms]
(pass) r6 — the in-flight derivation (pure) > a harness build without callIds falls back to the newest-stamp rule [0.07ms]
(pass) r6 — the predicate: explained activity, the bound, and the falsifier > 3x the threshold inside ONE call produces NO warn, NO escalate and NO hold [0.24ms]
(pass) r6 — the predicate: explained activity, the bound, and the falsifier > FALSIFIER: toolInFlightMaxMs 0 restores the pre-r6 escalation for the SAME input [0.13ms]
(pass) r6 — the predicate: explained activity, the bound, and the falsifier > past the bound the entry STOPS suppressing: one tool-expired report, never an escalate [0.14ms]
(pass) r6 — the predicate: explained activity, the bound, and the falsifier > the WEDGE case is untouched: no in-flight entry still warns then escalates once [0.10ms]
(pass) r6 — the predicate: explained activity, the bound, and the falsifier > a finished tool call is NOT in flight: the call that COMPLETED does not suppress [0.07ms]
[mpd-team-watchdog-test] WARN team-a task=t1 member=Architect silence=301ms streak=1 hold=not-requested scene=/tmp/watchdog-test-hNdpKM/.mpd/team/watchdog/scene/team-a/20260916T035923Z-warn.json
(pass) r6 — the real engine, a real long command, and the durable store > a member 4x the threshold inside ONE real command gets NO warn, NO escalate and NO hold — and is watched again when it completes [1629.43ms]
[mpd-team-watchdog-test] WARN team-a task=t1 member=Architect silence=301ms streak=1 hold=not-requested scene=/tmp/watchdog-test-J3FScG/.mpd/team/watchdog/scene/team-a/20260916T035924Z-warn.json
(pass) r6 — the real engine, a real long command, and the durable store > a tool that THROWS is closed by its POST (the harness routes tool failures through post-execute) [354.75ms]
[mpd-team-watchdog-test] TOOL-EXPIRED team-a task=t1 member=Architect tool=bash inFlight=700ms (since 1789531163751, bound=600ms) — the call outlived the in-flight bound; reported ONCE, NO hold, NO escalation, the team is left alone record=/tmp/watchdog-test-J4pagB/.mpd/team/watchdog/incidents.jsonl
(pass) r6 — the real engine, a real long command, and the durable store > a PRE with NO POST (a killed call) is bounded: one tool-expired record, no scene, no hold, no repeat [3.83ms]
[mpd-team-watchdog-test] WARN team-a task=t1 member=Architect silence=301ms streak=1 hold=not-requested scene=/tmp/watchdog-test-qwFD9r/.mpd/team/watchdog/scene/team-a/20260916T035924Z-warn.json
[mpd-team-watchdog-test] WARN team-a task=t1 member=Architect silence=302ms streak=2 hold=not-requested scene=/tmp/watchdog-test-qwFD9r/.mpd/team/watchdog/scene/team-a/20260916T035924Z-warn-2.json
[mpd-team-watchdog-test] ESCALATE team-a task=t1 member=Architect silence=303ms streak=3 hold=applied scene=/tmp/watchdog-test-qwFD9r/.mpd/team/watchdog/scene/team-a/20260916T035924Z-escalate.json
(pass) r6 — the real engine, a real long command, and the durable store > a DENIED call is never marked in flight (nothing to explain, nothing leaked) [4.61ms]
[mpd-team-watchdog-test] the adapter exposes no pre-tool hook — a long tool call stays indistinguishable from silence (r6 unavailable)
[mpd-team-watchdog-test] WARN team-a task=t1 member=Architect silence=301ms streak=1 hold=not-requested scene=/tmp/watchdog-test-QH2gTe/.mpd/team/watchdog/scene/team-a/20260916T035924Z-warn.json
[mpd-team-watchdog-test] WARN team-a task=t1 member=Architect silence=302ms streak=2 hold=not-requested scene=/tmp/watchdog-test-QH2gTe/.mpd/team/watchdog/scene/team-a/20260916T035924Z-warn-2.json
[mpd-team-watchdog-test] the hold action was unreachable through the tool seam (unknown tool session-watchdog-hold) — falling back to a direct write
[mpd-team-watchdog-test] ESCALATE team-a task=t1 member=Architect silence=303ms streak=3 hold=applied scene=/tmp/watchdog-test-QH2gTe/.mpd/team/watchdog/scene/team-a/20260916T035924Z-escalate.json
(pass) r6 — the real engine, a real long command, and the durable store > the SEAM is soft-probed: an adapter without the pre hook warns and keeps the pre-r6 behaviour [2.78ms]

packages/mpd-team-watchdog-plugin/test/scene.test.ts:
(pass) the scene document > carries exactly the AC-5 field set [0.66ms]
(pass) the scene document > a halted team's adopted flags are carried verbatim beside the watchdog's own hold [0.33ms]
(pass) the scene document > write -> read round-trips byte-identically and a second identical write changes no bytes [0.64ms]
(pass) the scene document > a scene file name is unique per incident even inside one millisecond [0.42ms]
(pass) the scene document > isoBasic is a file-safe timestamp [0.06ms]
(pass) the scene document > mailboxUnread mirrors the adopted predicate (tombstones and read records are not unread) [0.34ms]
[mpd-team-watchdog-test] WARN team-a task=t1 member=Architect silence=90001ms streak=1 hold=not-requested scene=none
[mpd-team-watchdog-test] WARN team-a task=t1 member=Architect silence=90002ms streak=2 hold=not-requested scene=none
[mpd-team-watchdog-test] ESCALATE team-a task=t1 member=Architect silence=90003ms streak=3 hold=applied scene=none
(pass) an unwritable scene location > degrades LOUDLY, still attempts the hold and still records the incident [2.56ms]
(pass) an unwritable scene location > writeScene returns ok:false instead of throwing [0.31ms]

packages/mpd-team-watchdog-plugin/test/dispatch-precondition.test.ts:

packages/mpd-team-watchdog-plugin/test/pre-step-waterfall.test.ts:

packages/mpd-team-watchdog-plugin/test/heartbeat.test.ts:

packages/mpd-team-watchdog-plugin/test/holds.test.ts:

packages/mpd-team-watchdog-plugin/test/failsafe.test.ts:

packages/mpd-team-watchdog-plugin/test/sidecars.test.ts:

packages/mpd-team-watchdog-plugin/test/machine.test.ts:

packages/mpd-team-watchdog-plugin/test/tool-inflight.test.ts:

packages/mpd-team-watchdog-plugin/test/scene.test.ts:

 84 pass
 0 fail
 386 expect() calls
Ran 84 tests across 18 files. [2.24s]

====================================================================================================
== GATE typecheck (gates/typecheck.out)
====================================================================================================
$ tsgo --noEmit

====================================================================================================
== GATE doc pairs (gates/docs-pairs.out)
====================================================================================================
$ node scripts/verify-docs-parity.mjs
ok   README.md
ok   docs/architecture.md
ok   docs/development.md
ok   docs/extensions.md
ok   docs/feature-audit.md
ok   docs/index.md
ok   docs/tui.md
ok   docs/upstream-parity-ledger.md
ok   docs/user-guide.md
ok   extensions/README.md
ok   packages/mpd-bootstrap-plugin/README.md
ok   packages/mpd-boulder-plugin/README.md
ok   packages/mpd-bundle/README.md
ok   packages/mpd-bundle-plugin/README.md
ok   packages/mpd-codegraph-plugin/README.md
ok   packages/mpd-comment-checker-plugin/README.md
ok   packages/mpd-config-plugin/README.md
ok   packages/mpd-dsh-adapter-plugin/README.md
ok   packages/mpd-ext-plugin/README.md
ok   packages/mpd-hashline-plugin/README.md
ok   packages/mpd-mcp-astgrep/README.md
ok   packages/mpd-mcp-codegraph/README.md
ok   packages/mpd-mcp-gitbash/README.md
ok   packages/mpd-mcp-lsp/README.md
ok   packages/mpd-memory-plugin/README.md
ok   packages/mpd-modelchain-plugin/README.md
ok   packages/mpd-qa-roles-probe/README.md
ok   packages/mpd-roles-plugin/README.md
ok   packages/mpd-team-compact-plugin/README.md
ok   packages/mpd-team-watchdog-plugin/README.md
ok   packages/mpd-tools-plugin/README.md
ok   packages/mpd-tui-plugin/README.md
ok   packages/mpd-ulw-plugin/README.md
ok   packages/mpd-workmate-plugin/README.md
skip docs/bline-report.md — EXEMPT: prior-phase report (AGENTS.md §3)
skip docs/decisions.md — EXEMPT: process record (AGENTS.md §3)
skip docs/omo-parity-gap.md — EXEMPT: prior-phase report (AGENTS.md §3)
skip docs/plan-c.md — EXEMPT: process record (AGENTS.md §3: plan-*.md)
skip docs/plan-d.md — EXEMPT: process record (AGENTS.md §3: plan-*.md)
skip docs/plan-e.md — EXEMPT: process record (AGENTS.md §3: plan-*.md)
skip docs/plan-f.md — EXEMPT: process record (AGENTS.md §3: plan-*.md)
skip docs/plan-team-watchdog-report.md — EXEMPT: process record (AGENTS.md §3: plan-*.md)
skip docs/plan-team-watchdog.md — EXEMPT: process record (AGENTS.md §3: plan-*.md)
skip docs/plan-tui-edition.md — EXEMPT: process record (AGENTS.md §3: plan-*.md)
skip docs/review-p0-p3.md — EXEMPT: prior-phase report (AGENTS.md §3)
skip docs/track-a-report.md — EXEMPT: prior-phase report (AGENTS.md §3)
skip docs/tui-edition-report.md — EXEMPT: prior-phase report (the TUI edition delivery report) — named in the AGENTS.md Language-policy enumeration of exempt prior-phase reports (captain ruling on T60-F1)
skip docs/ulw-deepseek-optimization.md — EXEMPT: prior-phase report (AGENTS.md §3)
skip packages/mpd-agent-teams-plugin/README.md — EXEMPT: adopted upstream main code, kept verbatim as provenance
skip packages/mpd-mcp-shared — EXEMPT: ships source and tests only; its README pair is a recorded follow-up

[verify-docs-parity] root=/root/dshProj/my-power-dsh pairs=34 failed=0 violations=0 exempt=16 — PASS

====================================================================================================
== GATE vendor (gates/vendor.out)
====================================================================================================
$ node scripts/verify-vendor.mjs
[verify-vendor] commit OK: 8c57e463e62ddc8d2c7b4a6770dcd2927e91ef29
[verify-vendor] version OK: 5.0.0-beta.20
[verify-vendor] stats OK: 9131 files / 1470231 loc
[verify-vendor] asset OK: skills 317 files
[verify-vendor] asset OK: packages/mpd-agent-teams-plugin/_deps 635 files
[verify-vendor] asset OK: packages/mpd-mcp-astgrep/dist/cli.js 1 files
[verify-vendor] asset OK: packages/mpd-mcp-gitbash/dist/cli.js 1 files
[verify-vendor] asset OK: packages/mpd-mcp-lsp/dist/cli.js 1 files
[verify-vendor] asset OK: packages/mpd-mcp-codegraph/dist/serve.js 1 files
[verify-vendor] PASS

====================================================================================================
== GATE QA self-tests (gates/qa-self-tests.out)
====================================================================================================
$ for f in skills/dsh-qa/scripts/*.mjs; do echo "[test:qa] $f"; bun "$f" --self-test || { echo "[test:qa] FAILED: $f"; exit 1; }; done; bun scripts/mpd-ext.mjs --self-test || { echo "[test:qa] FAILED: scripts/mpd-ext.mjs --self-test"; exit 1; }; bun scripts/mpd-ext.mjs validate extensions/mpd-ext-example || { echo "[test:qa] FAILED: scripts/mpd-ext.mjs validate extensions/mpd-ext-example"; exit 1; }; echo "[test:qa] all self-tests passed"
[test:qa] skills/dsh-qa/scripts/agent-teams-adopt.mjs
[agent-teams-adopt self-test] ok: notice + adopted LICENSE + 0.1.16-rc.3-mpd + _deps + AGENTS.md + installer self-test verified
[test:qa] skills/dsh-qa/scripts/agent-teams-dispatch.mjs
  ok   installed host exposes no subagent followup member
  ok   installed host owns the public subagent prompt seam
  ok   installed host face declares the prompt request/receipt contract
  ok   member delivery uses the audited boundary
  ok   no call site uses ctx.subagents.followup
  ok   modern delivery prefers the public prompt seam
  ok   modern member setup receives the live Agent instead of reading childCtx.agent
  ok   legacy followup/queue remain only as older-generation fallbacks
  ok   task mutations kick the whole team
  ok   member idle edges kick that member
  ok   delivery failure rolls the claim back instead of stranding it
  ok   capabilities deny all captain-only tools for members
  ok   members receive member instructions, not the captain protocol
  ok   real run asserts the wake on the dependent task's assignee only
[agent-teams-dispatch self-test] ok: 14 checks
[test:qa] skills/dsh-qa/scripts/agent-teams-messaging.mjs
[agent-teams-messaging self-test] ok: R1 exports + SHIPPED send/clear/interject wiring + this case drives the tool surface + scheduler exclusion on both reads + RED-arm transform applies + VENDOR_LOCK skills pin current (317 files/9e643d07192f) + SKILL.md row + test:qa glob
[test:qa] skills/dsh-qa/scripts/agent-teams-sidebar.mjs
[agent-teams-sidebar self-test] ok: 17 checks (mpd-agent-teams,mpd-workmate; @nanmicoder/dsh-agent-teams,@mpd-dsh/team-page,@mpd-dsh/settings-card,@mpd-dsh/mpd)
[test:qa] skills/dsh-qa/scripts/bundle-lifecycle.mjs
[bundle-lifecycle self-test] ok: repo root IS the bundle + bundle-served preset row + provider wiring + probe + pnpm
[test:qa] skills/dsh-qa/scripts/codegraph-smoke.mjs
[codegraph-smoke self-test] ok: project-path precondition + composed codegraph server name (mcp__codegraph__codegraph_explore) verified on fixtures
[test:qa] skills/dsh-qa/scripts/dual-track-smoke.mjs
[llm-dual-track self-test] ok: track fixture assertions + devPatch boot operand verified
[test:qa] skills/dsh-qa/scripts/explicit-team-trigger.mjs
[explicit-team-trigger self-test] ok: resolver + both entry points + disabled-surface warning present
[test:qa] skills/dsh-qa/scripts/extension-isolation.mjs
[extension-isolation self-test] ok: stub protocol (tool call, advance, child marker, no-tools text) + descriptor contract + shipped example + boot recipe verified
[test:qa] skills/dsh-qa/scripts/extension-lifecycle.mjs
[extension-lifecycle self-test] ok: composed row + validator rejections (incl. NaN rank via the code plane) + CLI oracle + seam regression (inject declared, failure LOUD, no false success) + fixtures verified
[test:qa] skills/dsh-qa/scripts/extension-mcp-bridge.mjs
[extension-mcp-bridge self-test] ok: lsp server + row + public-name collision premise + fixture scenarios + example server verified
[test:qa] skills/dsh-qa/scripts/mcp-call.mjs
[mcp-call self-test] ok: tool-name detection + composed ast_grep server name + fixture content verified on fixtures
[test:qa] skills/dsh-qa/scripts/memory-smoke.mjs
[memory-smoke self-test] ok: bundle row + dist symbols + unit suite verified
[test:qa] skills/dsh-qa/scripts/mount-assert.mjs
[mount-assert self-test] ok: presence/absence detection verified on fixture
[test:qa] skills/dsh-qa/scripts/plan-c-smoke.mjs
[plan-c-smoke self-test] ok: rows + unit suites verified
[test:qa] skills/dsh-qa/scripts/preset-conformance.mjs
[preset-conformance self-test] ok: 31 harness rows conform against the installed schemas (6 row(s) declare no schema), persona prefix=true, row parity 31/31
[test:qa] skills/dsh-qa/scripts/preset-register.mjs
[preset-register self-test] ok: preset + roster fixtures + web-compat/preset-root/MCP-operand normalization verified
[test:qa] skills/dsh-qa/scripts/readonly-deny.mjs
[readonly-deny self-test] ok: 23 checks
[test:qa] skills/dsh-qa/scripts/relocate-smoke.mjs
[relocate-smoke self-test] ok: staged patch is path-clean
[test:qa] skills/dsh-qa/scripts/session-start-team.mjs
[session-start-team self-test] ok: gate module + bundle patch + installer + persona + BOTH prompt directions verified
[test:qa] skills/dsh-qa/scripts/skill-catalog-probe.mjs
[skill-catalog-probe self-test] ok: staged skill corpus present + provider wiring verified
[test:qa] skills/dsh-qa/scripts/software-smoke.mjs
[software-smoke self-test] ok: fixture semantics + deterministic self-play (winner P1, 11 plies) + 4 oracle probes green, mutation control RED (9 violation(s))
[test:qa] skills/dsh-qa/scripts/team-route-rewire.mjs
[team-route-rewire self-test] ok: 13 checks; staged pack usable
[test:qa] skills/dsh-qa/scripts/team-watchdog-boot.mjs
[self-test] ok   C1: a completed turn passes as `completed`
[self-test] ok   C2: a MODEL-level error passes as `model-error` (the turn reached the model call)
[self-test] ok   C3: the veto signature FAILS as `veto` (veto)
[self-test] ok   C4: an empty session log FAILS as `no-turn`
[self-test] ok   C5: a boot without the row's apply line FAILS
[self-test] ok   C6: a session not created on `mpd` FAILS
[self-test] ok   C10: the GUI-activation checks pass on a clean boot (served 200, both tab ids, bridge, mirrored composition)
[self-test] ok   C11: a boot log carrying `did not activate` REDDENS B8 (["B8"])
[self-test] ok   C12: a `pending (waiting for service` line REDDENS B8
[self-test] ok   C13: a `failed to apply loader entry` line REDDENS B8
[self-test] ok   C14: a client route that 404s REDDENS B9
[self-test] ok   C15: served bytes missing the workmate tab id REDDEN B10
[self-test] ok   C16: served bytes without the export bridge REDDEN B11
[self-test] ok   C17: a boot outside the user's composition REDDENS B12
[self-test] ok   C7: the vendored cordis REALLY vetoes on the retired shape: the listener's return value became the decision ({"kind":"step","at":1})
[self-test] ok   C8: the fixed shape (`return next()`) composes the fallback decision unchanged ({"kind":"enter","messages":["claimed-user-message"]})
[self-test] ok   C9: the cordis control ran against the REAL vendored implementation at packages/mpd-agent-teams-plugin/_deps/cordis/lib/index.js
[self-test] PASS — team-watchdog-boot (17 checks, 0 failed)
[test:qa] skills/dsh-qa/scripts/team-watchdog-config.mjs
[self-test] ok   healthy-observation: 10 checks passed on the healthy observation
[self-test] ok   negative:missing-knob: the mutated observation FAILED its own check(s) ["C4"] — a knob missing from one front door
[self-test] ok   negative:two-declarations: the mutated observation FAILED its own check(s) ["C2"] — a second declaration (the doors would drift)
[self-test] ok   negative:row-ignored: the mutated observation FAILED its own check(s) ["C6"] — a row config that is not the effective default
[self-test] ok   negative:namespace-loses: the mutated observation FAILED its own check(s) ["C7"] — a namespace that does not outrank the row config
[self-test] ok   negative:restart-needed: the mutated observation FAILED its own check(s) ["C8"] — a re-read that only a restart could deliver
[self-test] ok   negative:no-clamp: the mutated observation FAILED its own check(s) ["C9"] — an unclamped cadence beyond the silence threshold
[self-test] ok   negative:halt-action: the mutated observation FAILED its own check(s) ["C10"] — an escalation wired to the halt path
[self-test] PASS — team-watchdog-config (8 checks, 0 failed)
[test:qa] skills/dsh-qa/scripts/team-watchdog-fault.mjs
[self-test] ok   healthy-observation: 11 checks passed on the healthy observation
[self-test] ok   negative:case-failed: the mutated observation FAILED its own check(s) ["F2"] — a fixture case that failed
[self-test] ok   negative:warn-boundary: the mutated observation FAILED its own check(s) ["F3"] — a WARN below the 90 s threshold
[self-test] ok   negative:no-hold: the mutated observation FAILED its own check(s) ["F4"] — an escalation that applied no hold
[self-test] ok   negative:not-preserving: the mutated observation FAILED its own check(s) ["F6"] — a pause that mutated the team record
[self-test] ok   negative:deliveries: the mutated observation FAILED its own check(s) ["F6"] — a dispatch that reached a held team
[self-test] ok   negative:no-contrast: the mutated observation FAILED its own check(s) ["F8"] — a halt control that no longer shows AC-17 going red
[self-test] ok   negative:captain-missed: the mutated observation FAILED its own check(s) ["F5"] — a captain wedge that was not attributed
[self-test] ok   negative:scene-hold-mismatch: the mutated observation FAILED its own check(s) ["F9"] — a scene pointer whose hold disagrees with the sidecar
[self-test] ok   negative:not-claimed-dropped: the mutated observation FAILED its own check(s) ["F10"] — a lane that silently dropped a NOT_CLAIMED entry
[self-test] PASS — team-watchdog-fault (10 checks, 0 failed)
[test:qa] skills/dsh-qa/scripts/team-watchdog-heartbeat.mjs
[self-test] ok   healthy-observation: 13 checks passed on the healthy observation
[self-test] ok   negative:install: the mutated observation FAILED its own check(s) ["H1"] — a row that installed no writers
[self-test] ok   negative:event: the mutated observation FAILED its own check(s) ["H2:tools/post-execute"] — a missing tool hook
[self-test] ok   negative:tool-stamp: the mutated observation FAILED its own check(s) ["H4"] — a tool stamp that is not post-completion-success
[self-test] ok   negative:captain: the mutated observation FAILED its own check(s) ["H8"] — no captain stamp (AC-2 needs both)
[self-test] ok   negative:fresh-read: the mutated observation FAILED its own check(s) ["H9"] — a read that did not come from a fresh process
[self-test] ok   negative:pre-hook-absent: the mutated observation FAILED its own check(s) ["H5"] — the built bytes lost the pre-dispatch hook
[self-test] ok   negative:pre-hook-not-subscribed: the mutated observation FAILED its own check(s) ["H5"] — the row never subscribed tools/pre-execute
[self-test] ok   negative:observe-only-veto: the mutated observation FAILED its own check(s) ["H5"] — a hook that REPLACES the gate decision (veto)
[self-test] ok   negative:observe-only-mutates: the mutated observation FAILED its own check(s) ["H5"] — a live execution object handed to the listener (it could mutate the call)
[self-test] ok   negative:observe-only-write-lands: the mutated observation FAILED its own check(s) ["H5"] — a listener write that was not rejected by the frozen copy
[self-test] ok   negative:observe-only-throws: the mutated observation FAILED its own check(s) ["H5"] — a throwing listener that breaks the call it observes
[self-test] ok   negative:observe-only-after-body: the mutated observation FAILED its own check(s) ["H5"] — a pre stamp that arrived after the tool body started
[self-test] PASS — team-watchdog-heartbeat (13 checks, 0 failed)
[test:qa] skills/dsh-qa/scripts/team-watchdog-notify.mjs
[self-test] ok   healthy-observation: 18 checks passed on the healthy observation
[self-test] ok   negative:web-record-missing: the mutated observation FAILED its own check(s) ["W2"] — a payload with no activity record
[self-test] ok   negative:web-not-top: the mutated observation FAILED its own check(s) ["W4"] — a banner that is not the panel's first child
[self-test] ok   negative:web-no-first-poll: the mutated observation FAILED its own check(s) ["W3"] — a replay that needed a user action
[self-test] ok   negative:web-ack-other-reader: the mutated observation FAILED its own check(s) ["W6"] — an acknowledge that clobbered the OTHER reader's key
[self-test] ok   negative:web-replay-continues: the mutated observation FAILED its own check(s) ["W7"] — a replay that survived the acknowledge
[self-test] ok   negative:tui-reader: the mutated observation FAILED its own check(s) ["T1","T5"] — a TUI front door using the web reader key
[self-test] ok   negative:tui-dialog: the mutated observation FAILED its own check(s) ["T4"] — a dialog with no acknowledge action
[self-test] ok   negative:tui-compose: the mutated observation FAILED its own check(s) ["T3"] — a notice that never reaches the status line
[self-test] ok   negative:tui-ack: the mutated observation FAILED its own check(s) ["T5"] — a TUI acknowledge that did not advance its watermark
[self-test] ok   negative:tui-ack-other: the mutated observation FAILED its own check(s) ["T5"] — a TUI acknowledge that clobbered the web reader's key
[self-test] ok   negative:tui-replay-continues: the mutated observation FAILED its own check(s) ["T6"] — a TUI replay that survived the acknowledge
[self-test] ok   negative:bytes: the mutated observation FAILED its own check(s) ["T7"] — built TUI bytes with no notice/dialog wiring
[self-test] ok   negative:bytes-unchanged: the mutated observation FAILED its own check(s) ["N1"] — a watermark file whose bytes never changed
[self-test] ok   negative:fallback-hidden: the mutated observation FAILED its own check(s) ["N2"] — a lane that hides the permanent-redisplay fallback
[self-test] PASS — team-watchdog-notify (15 checks, 0 failed)
[test:qa] skills/dsh-qa/scripts/team-watchdog-scene.mjs
[self-test] ok   healthy-observation: 10 checks passed on the healthy observation
[self-test] ok   negative:field-set: the mutated observation FAILED its own check(s) ["S2","S5"] — a snapshot missing a contracted field
[self-test] ok   negative:member-fields: the mutated observation FAILED its own check(s) ["S6"] — a member row without its liveness field
[self-test] ok   negative:hold-mismatch: the mutated observation FAILED its own check(s) ["S4"] — a snapshot hold that disagrees with the sidecar
[self-test] ok   negative:log-shorter: the mutated observation FAILED its own check(s) ["S7"] — an incident log with fewer records than the snapshot claims
[self-test] ok   negative:pointer: the mutated observation FAILED its own check(s) ["S9"] — a latest.json pointer that is not the newest scene
[self-test] ok   negative:fresh-process: the mutated observation FAILED its own check(s) ["S1"] — a read that was not made from a fresh process
[self-test] PASS — team-watchdog-scene (7 checks, 0 failed)
[test:qa] skills/dsh-qa/scripts/tool-output-validation.mjs
[tool-output-validation self-test] ok: bundle rows + dist symbols + unit suites verified
[test:qa] skills/dsh-qa/scripts/tui-admission.mjs
[tui-admission self-test] ok: structural rules, pane classification and spec-root resolution are two-sided
[test:qa] skills/dsh-qa/scripts/tui-distribution.mjs
[tui-distribution self-test] ok: descriptor rules + CLI plan are two-sided
[test:qa] skills/dsh-qa/scripts/tui-mount.mjs
[tui-mount self-test] ok: layering, crash-scan, boot-face and isolation predicates are two-sided
[test:qa] skills/dsh-qa/scripts/tui-panels.mjs
[tui-panels self-test] ok: 7 surfaces asserted, negative controls fail as required
[test:qa] skills/dsh-qa/scripts/tui-settings-bridge.mjs
[tui-settings-bridge self-test] ok: 18 web-arm + 7 TUI-arm injected faults each flip their own check; both synthetic green artifacts pass
[test:qa] skills/dsh-qa/scripts/tui-spec-conformance.mjs
[tui-spec-conformance self-test] ok: matrix mapping two-sided, identity table reproduces on 8 files
[test:qa] skills/dsh-qa/scripts/ultrawork-smoke.mjs
[ultrawork-smoke self-test] ok: engine symbols + bundle row verified
[test:qa] skills/dsh-qa/scripts/vision-smoke.mjs
[vision-e2e self-test] ok: fixture generator verified (155 bytes)
[test:qa] skills/dsh-qa/scripts/web-client-adapt.mjs
[web-client-adapt self-test] ok: 14 checks
[test:qa] skills/dsh-qa/scripts/web-settings-bridge.mjs
[web-settings-bridge self-test] ok: 18 web-arm + 7 TUI-arm injected faults each flip their own check; both synthetic green artifacts pass
[test:qa] skills/dsh-qa/scripts/workmate-library.mjs
[workmate-library self-test] ok: 18 checks
[test:qa] skills/dsh-qa/scripts/workmate-team-member.mjs
[workmate-team-member self-test] ok: 6 checks
  ok scaffold exits 0 (got 0): 
  ok scaffold wrote mpd-ext.json
  ok scaffold wrote skills/demo-ext-skill/SKILL.md
  ok scaffold wrote flows/demo-ext-flow.json
  ok scaffold wrote personas/demo-ext-reviewer.md
  ok scaffold wrote server.mjs
  ok validate accepts the scaffold (got 0): 
  ok validate exits 1 on a broken extension (got 1)
  ok the broken run reports "typoKey"
  ok the broken run reports "serverName"
  ok the broken run reports "contributes.skills[0].root"
  ok the broken run reports "escapes are rejected"
  ok the broken run reports "surprise"
  ok the broken run reports "persona file does not exist"
  ok validate accepts extensions/mpd-ext-example (got 0): 
  ok list exits 0 (got 0)
  ok list names the bundle plane
  ok list sees the shipped example
  ok no command prints usage or fails
[mpd-ext] --self-test passed (19 checks)
[mpd-ext] validate /root/dshProj/my-power-dsh/extensions/mpd-ext-example (plane=user)
  extension "mpd-ext-example": loadable
  contributes: 1 skill(s), 1 flow(s), 1 role(s), 1 mcp server(s)
  pending contributes.mcp[0]: pending: server "lint-mcp" is declared and not connected yet (connectTimeoutMs=10000, toolCallTimeoutMs=60000) — the runtime bridge replaces this line with the server's live state
[mpd-ext] ok
[test:qa] all self-tests passed

====================================================================================================
== LANE fault (gates/lane-fault.out)
====================================================================================================
[team-watchdog-fault] fixture: /root/dshProj/my-power-dsh/packages/mpd-team-watchdog-plugin/test/fixtures/inject.mjs
[team-watchdog-fault] cases: dead-team-suppressed, live-team-never-started, second-team-dispatch, disabled-control, never-started-recorded, completed-turn-idle, mid-turn-stall, member-stops-stepping, captain-wedge, warn-90s, escalate-3x, pause-preserves, pause-preserves-halt-control, scene-restore, long-tool-no-hold, long-tool-bound-disabled-control, completed-tool-not-in-flight, tool-inflight-expired
[team-watchdog-fault] FROZEN: {"warnSilenceMs":90000,"tickIntervalMs":15000,"warnStreakToEscalate":3,"actionOnEscalate":"pause"}
[mpd-team-watchdog] applied: enabled=true warnSilenceMs=90000 tickIntervalMs=15000 warnStreakToEscalate=3 actionOnEscalate=pause stateDir=.mpd/team disposers=6 holdService=mpdWatchdog hydratedHolds=0 deadTeamGraceMs=86400000 toolInFlightMaxMs=900000
[mpd-team-watchdog] applied: enabled=true warnSilenceMs=90000 tickIntervalMs=15000 warnStreakToEscalate=3 actionOnEscalate=pause stateDir=.mpd/team disposers=6 holdService=mpdWatchdog hydratedHolds=0 deadTeamGraceMs=off toolInFlightMaxMs=900000
[watchdog-fixture] WARN fault-probe task=t1 member=Architect silence=864000000ms streak=1 hold=not-requested scene=/root/dshProj/my-power-dsh/evidence/team-watchdog/lanes/20260916T035930Z-fault/raw/ws/fault-nr2lk9/.mpd/team/watchdog/scene/fault-probe/20231114T221320Z-warn.json
[mpd-team-watchdog] applied: enabled=true warnSilenceMs=90000 tickIntervalMs=15000 warnStreakToEscalate=3 actionOnEscalate=pause stateDir=.mpd/team disposers=6 holdService=mpdWatchdog hydratedHolds=0 deadTeamGraceMs=86400000 toolInFlightMaxMs=900000
[watchdog-fixture] NEVER-STARTED fault-probe task=t1 member=Architect attempt=att-1 — the owner never stamped this task: a dispatch problem, not a wedge; recorded for replay, NO hold, NO escalation record=/root/dshProj/my-power-dsh/evidence/team-watchdog/lanes/20260916T035930Z-fault/raw/ws/fault-23nx1l/.mpd/team/watchdog/incidents.jsonl
[mpd-team-watchdog] applied: enabled=true warnSilenceMs=90000 tickIntervalMs=15000 warnStreakToEscalate=3 actionOnEscalate=pause stateDir=.mpd/team disposers=6 holdService=mpdWatchdog hydratedHolds=0 deadTeamGraceMs=86400000 toolInFlightMaxMs=900000
[watchdog-fixture] disabled by configuration — no heartbeat tick will run
[mpd-team-watchdog] applied: enabled=false warnSilenceMs=90000 tickIntervalMs=15000 warnStreakToEscalate=3 actionOnEscalate=pause stateDir=.mpd/team disposers=6 holdService=mpdWatchdog hydratedHolds=0 deadTeamGraceMs=86400000 toolInFlightMaxMs=900000
[mpd-team-watchdog] applied: enabled=true warnSilenceMs=90000 tickIntervalMs=15000 warnStreakToEscalate=3 actionOnEscalate=pause stateDir=.mpd/team disposers=6 holdService=mpdWatchdog hydratedHolds=0 deadTeamGraceMs=86400000 toolInFlightMaxMs=900000
[watchdog-fixture] NEVER-STARTED fault-probe task=t1 member=Architect attempt=att-1 — the owner never stamped this task: a dispatch problem, not a wedge; recorded for replay, NO hold, NO escalation record=/root/dshProj/my-power-dsh/evidence/team-watchdog/lanes/20260916T035930Z-fault/raw/ws/fault-34ae23/.mpd/team/watchdog/incidents.jsonl
[mpd-team-watchdog] applied: enabled=true warnSilenceMs=90000 tickIntervalMs=15000 warnStreakToEscalate=3 actionOnEscalate=pause stateDir=.mpd/team disposers=6 holdService=mpdWatchdog hydratedHolds=0 deadTeamGraceMs=86400000 toolInFlightMaxMs=900000
[mpd-team-watchdog] applied: enabled=true warnSilenceMs=90000 tickIntervalMs=15000 warnStreakToEscalate=3 actionOnEscalate=pause stateDir=.mpd/team disposers=6 holdService=mpdWatchdog hydratedHolds=0 deadTeamGraceMs=86400000 toolInFlightMaxMs=900000
[watchdog-fixture] WARN fault-probe task=t1 member=Architect silence=90001ms streak=1 hold=not-requested scene=/root/dshProj/my-power-dsh/evidence/team-watchdog/lanes/20260916T035930Z-fault/raw/ws/fault-njh8uc/.mpd/team/watchdog/scene/fault-probe/20231114T221452Z-warn.json
[watchdog-fixture] WARN fault-probe task=t1 member=Architect silence=180001ms streak=2 hold=not-requested scene=/root/dshProj/my-power-dsh/evidence/team-watchdog/lanes/20260916T035930Z-fault/raw/ws/fault-njh8uc/.mpd/team/watchdog/scene/fault-probe/20231114T221622Z-warn.json
[watchdog-fixture] ESCALATE fault-probe task=t1 member=Architect silence=270001ms streak=3 hold=applied scene=/root/dshProj/my-power-dsh/evidence/team-watchdog/lanes/20260916T035930Z-fault/raw/ws/fault-njh8uc/.mpd/team/watchdog/scene/fault-probe/20231114T221752Z-escalate.json
[mpd-team-watchdog] applied: enabled=true warnSilenceMs=90000 tickIntervalMs=15000 warnStreakToEscalate=3 actionOnEscalate=pause stateDir=.mpd/team disposers=6 holdService=mpdWatchdog hydratedHolds=0 deadTeamGraceMs=86400000 toolInFlightMaxMs=900000
[watchdog-fixture] WARN fault-probe task=t1 member=Architect silence=90001ms streak=1 hold=not-requested scene=/root/dshProj/my-power-dsh/evidence/team-watchdog/lanes/20260916T035930Z-fault/raw/ws/fault-598bud/.mpd/team/watchdog/scene/fault-probe/20231114T221452Z-warn.json
[mpd-team-watchdog] applied: enabled=true warnSilenceMs=90000 tickIntervalMs=15000 warnStreakToEscalate=3 actionOnEscalate=pause stateDir=.mpd/team disposers=6 holdService=mpdWatchdog hydratedHolds=0 deadTeamGraceMs=86400000 toolInFlightMaxMs=900000
[watchdog-fixture] WARN fault-probe task=t9 member=captain silence=90001ms streak=1 hold=not-requested scene=/root/dshProj/my-power-dsh/evidence/team-watchdog/lanes/20260916T035930Z-fault/raw/ws/fault-rfqpus/.mpd/team/watchdog/scene/fault-probe/20231114T221450Z-warn.json
[mpd-team-watchdog] applied: enabled=true warnSilenceMs=90000 tickIntervalMs=15000 warnStreakToEscalate=3 actionOnEscalate=pause stateDir=.mpd/team disposers=6 holdService=mpdWatchdog hydratedHolds=0 deadTeamGraceMs=86400000 toolInFlightMaxMs=900000
[watchdog-fixture] WARN fault-probe task=t1 member=Architect silence=90001ms streak=1 hold=not-requested scene=/root/dshProj/my-power-dsh/evidence/team-watchdog/lanes/20260916T035930Z-fault/raw/ws/fault-k95nit/.mpd/team/watchdog/scene/fault-probe/20231114T221450Z-warn.json
[mpd-team-watchdog] applied: enabled=true warnSilenceMs=90000 tickIntervalMs=15000 warnStreakToEscalate=3 actionOnEscalate=pause stateDir=.mpd/team disposers=6 holdService=mpdWatchdog hydratedHolds=0 deadTeamGraceMs=86400000 toolInFlightMaxMs=900000
[watchdog-fixture] WARN fault-probe task=t1 member=Architect silence=90001ms streak=1 hold=not-requested scene=/root/dshProj/my-power-dsh/evidence/team-watchdog/lanes/20260916T035930Z-fault/raw/ws/fault-ofpeu7/.mpd/team/watchdog/scene/fault-probe/20231114T221450Z-warn.json
[watchdog-fixture] WARN fault-probe task=t1 member=Architect silence=105001ms streak=2 hold=not-requested scene=/root/dshProj/my-power-dsh/evidence/team-watchdog/lanes/20260916T035930Z-fault/raw/ws/fault-ofpeu7/.mpd/team/watchdog/scene/fault-probe/20231114T221505Z-warn.json
[watchdog-fixture] ESCALATE fault-probe task=t1 member=Architect silence=120001ms streak=3 hold=applied scene=/root/dshProj/my-power-dsh/evidence/team-watchdog/lanes/20260916T035930Z-fault/raw/ws/fault-ofpeu7/.mpd/team/watchdog/scene/fault-probe/20231114T221520Z-escalate.json
[watchdog-fixture] WARN fault-probe task=t1 member=Architect silence=90001ms streak=1 hold=applied scene=none
[mpd-team-watchdog] applied: enabled=true warnSilenceMs=90000 tickIntervalMs=15000 warnStreakToEscalate=3 actionOnEscalate=pause stateDir=.mpd/team disposers=6 holdService=mpdWatchdog hydratedHolds=0 deadTeamGraceMs=86400000 toolInFlightMaxMs=900000
[mpd-team-watchdog] applied: enabled=true warnSilenceMs=90000 tickIntervalMs=15000 warnStreakToEscalate=3 actionOnEscalate=pause stateDir=.mpd/team disposers=6 holdService=mpdWatchdog hydratedHolds=0 deadTeamGraceMs=86400000 toolInFlightMaxMs=900000
[mpd-team-watchdog] applied: enabled=true warnSilenceMs=90000 tickIntervalMs=15000 warnStreakToEscalate=3 actionOnEscalate=pause stateDir=.mpd/team disposers=6 holdService=mpdWatchdog hydratedHolds=0 deadTeamGraceMs=86400000 toolInFlightMaxMs=900000
[watchdog-fixture] WARN fault-probe task=t1 member=Architect silence=90001ms streak=1 hold=not-requested scene=/root/dshProj/my-power-dsh/evidence/team-watchdog/lanes/20260916T035930Z-fault/raw/ws/fault-jmi2b7/.mpd/team/watchdog/scene/fault-probe/20231114T221450Z-warn.json
[watchdog-fixture] WARN fault-probe task=t1 member=Architect silence=105001ms streak=2 hold=not-requested scene=/root/dshProj/my-power-dsh/evidence/team-watchdog/lanes/20260916T035930Z-fault/raw/ws/fault-jmi2b7/.mpd/team/watchdog/scene/fault-probe/20231114T221505Z-warn.json
[watchdog-fixture] ESCALATE fault-probe task=t1 member=Architect silence=120001ms streak=3 hold=applied scene=/root/dshProj/my-power-dsh/evidence/team-watchdog/lanes/20260916T035930Z-fault/raw/ws/fault-jmi2b7/.mpd/team/watchdog/scene/fault-probe/20231114T221520Z-escalate.json
[mpd-team-watchdog] applied: enabled=true warnSilenceMs=300 tickIntervalMs=100 warnStreakToEscalate=3 actionOnEscalate=pause stateDir=.mpd/team disposers=6 holdService=mpdWatchdog hydratedHolds=0 deadTeamGraceMs=86400000 toolInFlightMaxMs=5000
[mpd-team-watchdog] applied: enabled=true warnSilenceMs=300 tickIntervalMs=100 warnStreakToEscalate=3 actionOnEscalate=pause stateDir=.mpd/team disposers=6 holdService=mpdWatchdog hydratedHolds=0 deadTeamGraceMs=86400000 toolInFlightMaxMs=off
[watchdog-fixture] WARN fault-probe task=t1 member=Architect silence=401ms streak=1 hold=not-requested scene=/root/dshProj/my-power-dsh/evidence/team-watchdog/lanes/20260916T035930Z-fault/raw/ws/fault-kfth6i/.mpd/team/watchdog/scene/fault-probe/20260916T035932Z-warn.json
[watchdog-fixture] WARN fault-probe task=t1 member=Architect silence=806ms streak=2 hold=not-requested scene=/root/dshProj/my-power-dsh/evidence/team-watchdog/lanes/20260916T035930Z-fault/raw/ws/fault-kfth6i/.mpd/team/watchdog/scene/fault-probe/20260916T035932Z-warn-2.json
[watchdog-fixture] ESCALATE fault-probe task=t1 member=Architect silence=1209ms streak=3 hold=applied scene=/root/dshProj/my-power-dsh/evidence/team-watchdog/lanes/20260916T035930Z-fault/raw/ws/fault-kfth6i/.mpd/team/watchdog/scene/fault-probe/20260916T035933Z-escalate.json
[mpd-team-watchdog] applied: enabled=true warnSilenceMs=90000 tickIntervalMs=15000 warnStreakToEscalate=3 actionOnEscalate=pause stateDir=.mpd/team disposers=6 holdService=mpdWatchdog hydratedHolds=0 deadTeamGraceMs=86400000 toolInFlightMaxMs=900000
[watchdog-fixture] WARN fault-probe task=t1 member=Architect silence=90001ms streak=1 hold=not-requested scene=/root/dshProj/my-power-dsh/evidence/team-watchdog/lanes/20260916T035930Z-fault/raw/ws/fault-cbfflv/.mpd/team/watchdog/scene/fault-probe/20231114T221511Z-warn.json
[watchdog-fixture] WARN fault-probe task=t1 member=Architect silence=180001ms streak=2 hold=not-requested scene=/root/dshProj/my-power-dsh/evidence/team-watchdog/lanes/20260916T035930Z-fault/raw/ws/fault-cbfflv/.mpd/team/watchdog/scene/fault-probe/20231114T221641Z-warn.json
[watchdog-fixture] ESCALATE fault-probe task=t1 member=Architect silence=270001ms streak=3 hold=applied scene=/root/dshProj/my-power-dsh/evidence/team-watchdog/lanes/20260916T035930Z-fault/raw/ws/fault-cbfflv/.mpd/team/watchdog/scene/fault-probe/20231114T221811Z-escalate.json
[mpd-team-watchdog] applied: enabled=true warnSilenceMs=90000 tickIntervalMs=15000 warnStreakToEscalate=3 actionOnEscalate=pause stateDir=.mpd/team disposers=6 holdService=mpdWatchdog hydratedHolds=0 deadTeamGraceMs=86400000 toolInFlightMaxMs=600
[watchdog-fixture] TOOL-EXPIRED fault-probe task=t1 member=Architect tool=bash inFlight=700ms (since 1700000000000, bound=600ms) — the call outlived the in-flight bound; reported ONCE, NO hold, NO escalation, the team is left alone record=/root/dshProj/my-power-dsh/evidence/team-watchdog/lanes/20260916T035930Z-fault/raw/ws/fault-u5cpfe/.mpd/team/watchdog/incidents.jsonl
[team-watchdog-fault] case dead-team-suppressed: ok {"injected":"a record ten days stale (with a ten-day-old stamp), no live agent for it","boundDisabledWouldWarn":["warn"],"boundDisabledSkippedTeams":0,"recordActivityAgeMs":864000000,"decisions":[],"decisionsRecorded":[],"scenesWritten":0,"holdsApplied":0,"neverStartedCounted":0,"skippedTeams":1,"consoleLinesEmitted":[],"debugLines":["[mpd-team-watchdog] skipping team fault-probe (phase running, 1 task(s)) has no live agent and its newest activity is 864000000ms old (> 86400000ms grace): a dead record, not a dispatch problem"]}
[team-watchdog-fault] case live-team-never-started: ok {"injected":"a stale record whose member IS live, with a claimed task that never stamped","recordActivityAgeMs":864000000,"skippedTeams":0,"neverStartedCounted":1,"warnDecisions":[],"incidents":[{"kind":"never-started","taskId":"t1","scene":null,"hold":"not-requested"}],"notices":1,"debugLines":[]}
[team-watchdog-fault] case second-team-dispatch: ok {"injected":"silence","holdApplied":true,"holdsOnDisk":["fault-probe.json"],"deliveriesToHeldTeam":0,"deliveriesToNeighbourTeam":1,"heldTeamDeclined":true,"declineLines":["agent-teams: dispatch declined for fault-probe/*: the team is held by the team watchdog (hold 87865ff5-8cc8-476f-92ee-23200d193f51 since 2026-09-16T03:59:30.338Z: silence)"],"neighbourRecordByteIdentical":false,"neighbourTaskStatus":"claimed","neighbourHalted":false}
[team-watchdog-fault] case disabled-control: ok {"injected":"silence, watchdog DISABLED (row config enabled:false)","knobsEnabled":false,"ticks":[{"silenceMs":90001,"skipped":"disabled","decisions":[],"scenes":0,"holds":0},{"silenceMs":180001,"skipped":"disabled","decisions":[],"scenes":0,"holds":0},{"silenceMs":270001,"skipped":"disabled","decisions":[],"scenes":0,"holds":0},{"silenceMs":360001,"skipped":"disabled","decisions":[],"scenes":0,"holds":0}],"everyTickSkippedDisabled":true,"stats":{"ticks":4,"scenes":0,"incidents":0,"holdsApplied":0,"neverStarted":0},"sceneDirExists":false,"holdDirContents":[],"incidentsFileExists":false,"heartbeatStillWritten":1,"recordByteIdentical":true}
[team-watchdog-fault] case never-started-recorded: ok {"injected":"no heartbeat ever written for the claimed task","decisions":[],"decisionsOnSecondTick":[],"incidents":[{"kind":"never-started","taskId":"t1","attemptId":"att-1","scene":null,"hold":"not-requested"}],"recordedKind":"never-started","recordedSceneIsNull":true,"noticeLines":["[watchdog-fixture] NEVER-STARTED fault-probe task=t1 member=Architect attempt=att-1 — the owner never stamped this task: a dispatch problem, not a wedge; recorded for replay, NO hold, NO escalation record=/root/dshProj/my-power-dsh/evidence/team-watchdog/lanes/20260916T035930Z-fault/raw/ws/fault-34ae23/.mpd/team/watchdog/incidents.jsonl"],"noticeIsNotOnlyALogLine":true,"scenesWritten":0,"holdsApplied":0,"neverStartedCounted":1,"recordByteIdentical":true}
[team-watchdog-fault] case completed-turn-idle: ok {"injected":"silence","newestStampKind":"turn-end","ticks":[{"silenceMs":90001,"decisions":[],"scenes":0,"holds":0},{"silenceMs":180001,"decisions":[],"scenes":0,"holds":0},{"silenceMs":270001,"decisions":[],"scenes":0,"holds":0}],"beyondTwiceTheThreshold":true,"decisions":[],"scenesWritten":0,"incidents":0,"holdsApplied":0,"recordByteIdentical":true}
[team-watchdog-fault] case mid-turn-stall: ok {"injected":"silence","newestStampKind":"step","ticks":[{"silenceMs":90001,"decisions":["warn"],"scenes":1,"holds":0},{"silenceMs":180001,"decisions":["warn"],"scenes":1,"holds":0},{"silenceMs":270001,"decisions":["escalate"],"scenes":1,"holds":1}],"decisions":["warn","warn","escalate"],"scenesWritten":3,"incidents":3,"holdsApplied":1,"hold":{"id":"56e4679f-c75f-41cb-81ee-9f51ef1767b4","taskId":"t1","attemptId":"att-1"}}
[team-watchdog-fault] case member-stops-stepping: ok {"injected":"silence","stamps":[1700000000000,1700000001000,1700000002000],"distinctStampTimes":3,"lastStampAt":1700000002000,"tickBelowThreshold":{"silenceMs":89000,"decisions":[]},"tickAboveThreshold":{"silenceMs":90001,"decisions":["warn"]},"measuredFromLastStamp":true}
[team-watchdog-fault] case captain-wedge: ok {"injected":"silence","agentTurnsDriven":0,"decisions":[{"type":"warn","assignee":"captain","memberKey":"captain","taskId":"t9","silenceMs":90001}],"captainFlagged":true,"memberFlagged":false,"scenesWritten":1,"incidents":1,"holdServicePublished":true}
[team-watchdog-fault] case warn-90s: ok {"injected":"silence","rootsTicked":["/root/dshProj/my-power-dsh/evidence/team-watchdog/lanes/20260916T035930Z-fault/raw/ws/fault-k95nit"],"heartbeatFiles":["architect.jsonl"],"frozenKnobsUsed":{"warnSilenceMs":90000,"warnStreakToEscalate":3},"knobsAreTheFrozenDefaults":true,"belowThreshold":{"at":1700000089999,"decisions":0},"aboveThreshold":{"at":1700000090001,"warnCount":1,"silenceMs":90001},"warnLatencyWithinThresholdPlus5s":true,"snapshot":"/root/dshProj/my-power-dsh/evidence/team-watchdog/lanes/20260916T035930Z-fault/raw/ws/fault-k95nit/.mpd/team/watchdog/scene/fault-probe/20231114T221450Z-warn.json","snapshotFields":{"schemaVersion":1,"reason":"warn","cause":{"kind":"silence","ms":90001},"tasks":1,"members":1},"scenesWritten":1}
[team-watchdog-fault] case escalate-3x: ok {"injected":"silence","ticks":[{"at":1700000090001,"decisions":[{"type":"warn","streak":1,"silenceMs":90001}],"scenes":1,"holds":0},{"at":1700000105001,"decisions":[{"type":"warn","streak":2,"silenceMs":105001}],"scenes":1,"holds":0},{"at":1700000120001,"decisions":[{"type":"escalate","streak":3,"silenceMs":120001}],"scenes":1,"holds":1},{"at":1700000135001,"decisions":[],"scenes":0,"holds":0}],"kinds":["warn","warn","escalate",""],"exactlyOneEscalatePerTaskAttempt":true,"noFourthWarn":true,"warnPredecessorsRecordedWithSnapshots":true,"incidents":[{"kind":"warn","scene":"/root/dshProj/my-power-dsh/evidence/team-watchdog/lanes/20260916T035930Z-fault/raw/ws/fault-ofpeu7/.mpd/team/watchdog/scene/fault-probe/20231114T221450Z-warn.json","hold":"not-requested"},{"kind":"warn","scene":"/root/dshProj/my-power-dsh/evidence/team-watchdog/lanes/20260916T035930Z-fault/raw/ws/fault-ofpeu7/.mpd/team/watchdog/scene/fault-probe/20231114T221505Z-warn.json","hold":"not-requested"},{"kind":"escalate","scene":"/root/dshProj/my-power-dsh/evidence/team-watchdog/lanes/20260916T035930Z-fault/raw/ws/fault-ofpeu7/.mpd/team/watchdog/scene/fault-probe/20231114T221520Z-escalate.json","hold":"applied"}],"hold":{"id":"64103c46-5f1a-430b-9e6e-084bcfae2a6b","taskId":"t1","attemptId":"att-1"},"holdAppliedOnce":true,"stats":{"scenes":3,"incidents":3,"holdsApplied":1},"retryWithNewAttemptId":{"stamps":1,"decisions":[{"type":"warn","streak":1}]}}
[team-watchdog-fault] case pause-preserves: ok {"injected":"silence","holdApplied":true,"sha256UnchangedAcrossHeldKicks":true,"sha256AfterResume":"changed (the re-arm minted the next attempt)","deliveriesWhileHeld":0,"declineLines":["agent-teams: dispatch declined for fault-probe/*: the team is held by the team watchdog (hold d0ac876c-2600-47b0-8222-b5050c12159a since 2026-09-16T03:59:30.383Z: silence)","agent-teams: dispatch declined for fault-probe/Architect: the team is held by the team watchdog (hold d0ac876c-2600-47b0-8222-b5050c12159a since 2026-09-16T03:59:30.383Z: silence)"],"before":{"status":"in_progress","attemptId":"att-live","attempt":3,"output":"partial result","handoffId":"handoff-1"},"after":{"status":"in_progress","attemptId":"att-live","attempt":3,"output":"partial result","handoffId":"handoff-1"},"cancelled":false,"resumed":true,"deliveriesAfterResume":1,"preserved":true}
[team-watchdog-fault] case pause-preserves-halt-control: ok {"injected":"silence","mechanism":"haltTeamWork (the adopted mass-cancel path), imported from packages/mpd-agent-teams-plugin/lib/tools.js and CALLED — never stubbed","cancelledTasks":1,"alreadyHalted":false,"halted":true,"sha256Changed":true,"before":{"status":"in_progress","attemptId":"att-live","output":"partial result","handoffId":"handoff-1"},"after":{"status":"cancelled","attemptId":null,"output":"Stopped from the captain chat.","handoffId":null},"cancelled":true,"wouldReddenAC17":true}
[team-watchdog-fault] case scene-restore: ok {"injected":"silence","readWith":"plain fs + JSON.parse (no plugin reader) — the fresh-process shape","sceneFiles":["20231114T221450Z-warn.json","20231114T221505Z-warn.json","20231114T221520Z-escalate.json","latest.json"],"latest":{"schemaVersion":1,"at":1700000120001,"reason":"escalate","cause":{"kind":"silence","ms":120001},"team":{"id":"fault-probe","name":"Fault probe","phase":"running","halted":null,"haltedAt":null,"hold":{"id":"0cdb563f-8770-4404-897b-bd107ae7c1dd","since":1789531170398,"cause":"silence","taskId":"t1","attemptId":"att-1"}},"taskCount":1,"memberCount":1,"parkedAttempts":{"child-architect-fault":"att-1"}},"hold":{"id":"0cdb563f-8770-4404-897b-bd107ae7c1dd","since":1789531170398,"cause":"silence","taskId":"t1","attemptId":"att-1"},"incidents":[{"kind":"warn","taskId":"t1","attemptId":"att-1","scene":"/root/dshProj/my-power-dsh/evidence/team-watchdog/lanes/20260916T035930Z-fault/raw/ws/fault-jmi2b7/.mpd/team/watchdog/scene/fault-probe/20231114T221450Z-warn.json","hold":"not-requested"},{"kind":"warn","taskId":"t1","attemptId":"att-1","scene":"/root/dshProj/my-power-dsh/evidence/team-watchdog/lanes/20260916T035930Z-fault/raw/ws/fault-jmi2b7/.mpd/team/watchdog/scene/fault-probe/20231114T221505Z-warn.json","hold":"not-requested"},{"kind":"escalate","taskId":"t1","attemptId":"att-1","scene":"/root/dshProj/my-power-dsh/evidence/team-watchdog/lanes/20260916T035930Z-fault/raw/ws/fault-jmi2b7/.mpd/team/watchdog/scene/fault-probe/20231114T221520Z-escalate.json","hold":"applied"}]}
[team-watchdog-fault] case long-tool-no-hold: ok {"injected":"a REAL 1.6 s command inside ONE tool call, with the member's last stamp 2 windows old","hammeredWith":"the frozen arithmetic, at 300 ms per window","reproduced":"the r6 defect: before the fix this SAME shape escalated and PAUSED our own team","gatePassedThrough":{"kind":"allow"},"realCommand":{"elapsedMs":1630,"exitStatus":0},"ticks":[{"silenceFromLastStamp":406,"decisions":[],"scenes":0,"holds":0},{"silenceFromLastStamp":808,"decisions":[],"scenes":0,"holds":0},{"silenceFromLastStamp":1209,"decisions":[],"scenes":0,"holds":0}],"kinds":["","",""],"silenceMsAtLastTick":1209,"beyondThreeWindows":true,"stampWrittenByThePreHook":["step","tool-start"],"stampStreamAfterCompletion":["step","tool-start","tool"],"inFlightSuppressed":3,"stats":{"holdsApplied":0,"scenes":0,"incidents":0,"toolStarts":1},"hold":null}
[team-watchdog-fault] case long-tool-bound-disabled-control: ok {"injected":"the SAME real 1.6 s tool call, with the r6 in-flight bound DISABLED (toolInFlightMaxMs: 0)","gatePassedThrough":{"kind":"allow"},"realCommand":{"elapsedMs":1619,"exitStatus":0},"ticks":[{"silenceFromLastStamp":401,"decisions":["warn"],"scenes":1,"holds":0},{"silenceFromLastStamp":806,"decisions":["warn"],"scenes":1,"holds":0},{"silenceFromLastStamp":1209,"decisions":["escalate"],"scenes":1,"holds":1}],"kinds":["warn","warn","escalate"],"stampWrittenByThePreHook":["step","tool-start"],"inFlightSuppressed":0,"stats":{"holdsApplied":1,"scenes":3},"hold":{"id":"b5b6d67f-b9d7-4108-a629-fe84172bc1e9","taskId":"t1","attemptId":"att-1"}}
[team-watchdog-fault] case completed-tool-not-in-flight: ok {"injected":"a tool-start PAIRED with its tool completion (the call is closed), then silence","kinds":["warn","warn","escalate"],"inFlightSuppressed":0,"stats":{"holdsApplied":1,"scenes":3},"hold":{"id":"03a56d29-eaf8-4c09-8bd4-6653111ea6d6","taskId":"t1"}}
[team-watchdog-fault] case tool-inflight-expired: ok {"injected":"a `tool-start` with NO completion at all, bound toolInFlightMaxMs=600","insideBound":{"decisions":[],"holds":0},"pastBound":{"decisions":[],"scenes":0,"holds":0},"incidentCount":1,"incidents":[{"kind":"tool-expired","taskId":"t1","attemptId":"att-1","scene":null,"hold":"not-requested","cause":{"kind":"tool-expired","ms":700,"tool":"bash"}}],"noRepeatOnALaterTick":true,"toolExpiredReports":1,"stats":{"holdsApplied":0,"scenes":0,"toolStarts":0},"machine":{"toolExpired":["fault-probe\u0000t1\u0000att-1"],"inFlightSuppressed":1},"hold":null}
[team-watchdog-fault] REPEATING the fixture's NOT_CLAIMED verbatim:
[team-watchdog-fault] NOT CLAIMED: W-3: a GENUINE provider wedge is not reproducible here. Every case injects SILENCE (the absence of new heartbeats); no case may claim that a real wedge was caught.
[team-watchdog-fault] NOT CLAIMED: The harness is stubbed (ctx services, agents, subagents, logger). The scheduler, the watchdog engine/machine/store and the halt path are the REAL modules; the surrounding host is not.
[team-watchdog-fault] NOT CLAIMED: No live dsh host, no model credential, no network: the fixture never boots a session.
[team-watchdog-fault] NOT CLAIMED: `haltTeamWork` cancels; the fixture does not claim that the halt path is ever the RIGHT mechanism — it exists to show that AC-17 goes RED when the pause is built on it.
[team-watchdog-fault] PASS — 11 checks, 0 failed (evidence: /root/dshProj/my-power-dsh/evidence/team-watchdog/lanes/20260916T035930Z-fault/result.json)
[team-watchdog-fault] NOT CLAIMED: W-3: a GENUINE provider wedge is not reproducible here. Every case injects SILENCE (the absence of new heartbeats); no case may claim that a real wedge was caught.
[team-watchdog-fault] NOT CLAIMED: The harness is stubbed (ctx services, agents, subagents, logger). The scheduler, the watchdog engine/machine/store and the halt path are the REAL modules; the surrounding host is not.
[team-watchdog-fault] NOT CLAIMED: No live dsh host, no model credential, no network: the fixture never boots a session.
[team-watchdog-fault] NOT CLAIMED: `haltTeamWork` cancels; the fixture does not claim that the halt path is ever the RIGHT mechanism — it exists to show that AC-17 goes RED when the pause is built on it.

====================================================================================================
== LANE heartbeat (gates/lane-heartbeat.out)
====================================================================================================
[mpd-team-watchdog] applied: enabled=true warnSilenceMs=60000 tickIntervalMs=5000 warnStreakToEscalate=2 actionOnEscalate=pause stateDir=.mpd/team disposers=6 holdService=mpdWatchdog hydratedHolds=0 deadTeamGraceMs=86400000 toolInFlightMaxMs=900000
[team-watchdog-heartbeat] mounted: applied=true disposers=6 events=agent/pre-step,agent/session-start,agent/turn-stopping,tools/post-execute,tools/pre-execute,settings/updated,settings/document-updated
[team-watchdog-heartbeat] tools registered: session-watchdog-hold,session-watchdog-resume,session-watchdog-status
[team-watchdog-heartbeat] observe-only probe: {"gateVerbatim":true,"resultVerbatim":true,"postDecisionVerbatim":true,"commandRanForReal":true,"hookRan":true,"hookSawTheGateDecision":true,"frozenCopy":true,"mutationRejected":true,"observedBeforeTheBody":true,"noHookNoObservation":true,"throwingListenerContained":true,"execUntouched":true}
[team-watchdog-heartbeat] PASS — 13 checks, 0 failed (evidence: /root/dshProj/my-power-dsh/evidence/team-watchdog/lanes/20260916T035933Z-heartbeat/result.json)
[team-watchdog-heartbeat] NOT CLAIMED: No LIVE member turn was driven: this sandbox has no dsh host, no model credential and no network (the fixture's own NOT_CLAIMED #3). The witness is the mounted boot plus the events the host would fire, read back by a fresh process.
[team-watchdog-heartbeat] NOT CLAIMED: The observe-only property is witnessed on the vendored cordis waterfall with the REAL adapter dist and a REAL child-process tool body, but NOT inside a live dsh session: the harness's own dispatch was not driven here.

====================================================================================================
== LANE boot (gates/lane-boot.out)
====================================================================================================
[team-watchdog-boot] boot=dsh web: http://127.0.0.1:45747/?token=<redacted> session=session-0647d05c-8ef1-49ba-8748-b106a775758b preset=mpd
[team-watchdog-boot] gui: index=200 clientUrls=63 ours=3 served=/plugins/??@mpd-dsh/mpd/client.js&rev=ad1959cdd30d4099-46 status=200 bytes=293940
[team-watchdog-boot] outcome=model-error verdict=PASS — the turn reached the MODEL call and failed there (not at pre-step): llm-deepseek: no API key for provider route \
[team-watchdog-boot]   ok   B1: the watchdog row APPLIED in the real boot ({"enabled":"true","disposers":6,"holdService":"mpdWatchdog"})
[team-watchdog-boot]   ok   B2: the session was created on agentPreset mpd ("mpd")
[team-watchdog-boot]   ok   B3: session/create and session/prompt were both accepted ({"create":true,"prompt":true})
[team-watchdog-boot]   ok   B4: the sandbox home received BOTH `.credentials.yaml` and `settings.yaml` when present ([".credentials.yaml",".anonymous-user-id","settings.yaml"])
[team-watchdog-boot]   ok   B5: the harness's own session log recorded at least one turn/end (1 turn/end line(s))
[team-watchdog-boot]   ok   B6: NO turn/end carries the pre-step veto signature (map/findLastIndex/length)
[team-watchdog-boot]   ok   B7: outcome=model-error — PASSED FOR THIS INVARIANT (the pre-step veto is gone; the turn reached the model call) and explicitly NOT a completed turn: the turn reached the MODEL call and failed there (not 
[team-watchdog-boot]   ok   B8: no client-entry activation failure signature in the real boot log (did not activate / pending (waiting for service / failed to apply loader entry / a client-modules error naming @mpd-dsh/mpd)
[team-watchdog-boot]   ok   B9: the host SERVED our client for the @mpd-dsh/mpd entry (HTTP 200 on /plugins/??@mpd-dsh/mpd/client.js&rev=ad1959cdd30d4099-46, 293940 bytes)
[team-watchdog-boot]   ok   B10: the served bytes carry BOTH tab ids we register (mpd-agent-teams: true, mpd-workmate: true)
[team-watchdog-boot]   ok   B11: the served bytes carry the adopted export bridge AND the sidebar page module
[team-watchdog-boot]   ok   B12: the boot ran in the USER'S composition, mirrored as far as the sandbox allows (declared: ["@deepseek-ai/dsh-base","@deepseek-ai/dsh-web-app","@linxin666/dsh-web-all","dshmarket","dsh-cost-meter","nowl
[team-watchdog-boot] evidence: /root/dshProj/my-power-dsh/evidence/team-watchdog/boot/20260916T035934Z
